Copyright 1986-2022 Xilinx, Inc. All Rights Reserved. Copyright 2022-2024 Advanced Micro Devices, Inc. All Rights Reserved.
---------------------------------------------------------------------------------------------------------------------------------------------------------------------------------------------------------
| Tool Version : Vivado v.2024.2 (win64) Build 5239630 Fri Nov 08 22:35:27 MST 2024
| Date         : Sat Jan 31 22:49:01 2026
| Host         : C27-5CG3121FS7 running 64-bit major release  (build 9200)
| Command      : report_timing_summary -max_paths 10 -report_unconstrained -file lab1_timing_summary_routed.rpt -pb lab1_timing_summary_routed.pb -rpx lab1_timing_summary_routed.rpx -warn_on_violation
| Design       : lab1
| Device       : 7a200t-sbg484
| Speed File   : -1  PRODUCTION 1.23 2018-06-13
| Design State : Routed
---------------------------------------------------------------------------------------------------------------------------------------------------------------------------------------------------------

Timing Summary Report

------------------------------------------------------------------------------------------------
| Timer Settings
| --------------
------------------------------------------------------------------------------------------------

  Enable Multi Corner Analysis               :  Yes
  Enable Pessimism Removal                   :  Yes
  Pessimism Removal Resolution               :  Nearest Common Node
  Enable Input Delay Default Clock           :  No
  Enable Preset / Clear Arcs                 :  No
  Disable Flight Delays                      :  No
  Ignore I/O Paths                           :  No
  Timing Early Launch at Borrowing Latches   :  No
  Borrow Time for Max Delay Exceptions       :  Yes
  Merge Timing Exceptions                    :  Yes
  Inter-SLR Compensation                     :  Conservative

  Corner  Analyze    Analyze    
  Name    Max Paths  Min Paths  
  ------  ---------  ---------  
  Slow    Yes        Yes        
  Fast    Yes        Yes        


------------------------------------------------------------------------------------------------
| Report Methodology
| ------------------
------------------------------------------------------------------------------------------------

Rule       Severity          Description                                        Violations  
---------  ----------------  -------------------------------------------------  ----------  
TIMING-17  Critical Warning  Non-clocked sequential cell                        115         
TIMING-27  Critical Warning  Invalid primary clock on hierarchical pin          1           
XDCC-2     Warning           Scoped Non-Timing constraint/property overwritten  1           

Note: This report is based on the most recent report_methodology run and may not be up-to-date. Run report_methodology on the current design for the latest report.



check_timing report

Table of Contents
-----------------
1. checking no_clock (115)
2. checking constant_clock (0)
3. checking pulse_width_clock (0)
4. checking unconstrained_internal_endpoints (236)
5. checking no_input_delay (7)
6. checking no_output_delay (4)
7. checking multiple_clock (0)
8. checking generated_clocks (0)
9. checking loops (0)
10. checking partial_input_delay (0)
11. checking partial_output_delay (0)
12. checking latch_loops (0)

1. checking no_clock (115)
--------------------------
 There are 115 register/latch pins with no clock driven by root clock pin: clk (HIGH)


2. checking constant_clock (0)
------------------------------
 There are 0 register/latch pins with constant_clock.


3. checking pulse_width_clock (0)
---------------------------------
 There are 0 register/latch pins which need pulse_width check


4. checking unconstrained_internal_endpoints (236)
--------------------------------------------------
 There are 236 pins that are not constrained for maximum delay. (HIGH)

 There are 0 pins that are not constrained for maximum delay due to constant clock.


5. checking no_input_delay (7)
------------------------------
 There are 7 input ports with no input delay specified. (HIGH)

 There are 0 input ports with no input delay but user has a false path constraint.


6. checking no_output_delay (4)
-------------------------------
 There are 4 ports with no output delay specified. (HIGH)

 There are 0 ports with no output delay but user has a false path constraint

 There are 0 ports with no output delay but with a timing clock defined on it or propagating through it


7. checking multiple_clock (0)
------------------------------
 There are 0 register/latch pins with multiple clocks.


8. checking generated_clocks (0)
--------------------------------
 There are 0 generated clocks that are not connected to a clock source.


9. checking loops (0)
---------------------
 There are 0 combinational loops in the design.


10. checking partial_input_delay (0)
------------------------------------
 There are 0 input ports with partial input delay specified.


11. checking partial_output_delay (0)
-------------------------------------
 There are 0 ports with partial output delay specified.


12. checking latch_loops (0)
----------------------------
 There are 0 combinational latch loops in the design through latch input



------------------------------------------------------------------------------------------------
| Design Timing Summary
| ---------------------
------------------------------------------------------------------------------------------------

    WNS(ns)      TNS(ns)  TNS Failing Endpoints  TNS Total Endpoints      WHS(ns)      THS(ns)  THS Failing Endpoints  THS Total Endpoints     WPWS(ns)     TPWS(ns)  TPWS Failing Endpoints  TPWS Total Endpoints  
    -------      -------  ---------------------  -------------------      -------      -------  ---------------------  -------------------     --------     --------  ----------------------  --------------------  
      2.765        0.000                      0                  160        0.128        0.000                      0                  160        3.000        0.000                       0                   116  


All user specified timing constraints are met.


------------------------------------------------------------------------------------------------
| Clock Summary
| -------------
------------------------------------------------------------------------------------------------

Clock                                             Waveform(ns)         Period(ns)      Frequency(MHz)
-----                                             ------------         ----------      --------------
video1/mmcm_adv_inst_display_clocks/inst/clk_in1  {0.000 5.000}        10.000          100.000         
  clk_out1_clk_wiz_0                              {0.000 20.000}       40.000          25.000          
  clk_out2_clk_wiz_0                              {0.000 4.000}        8.000           125.000         
  clkfbout_clk_wiz_0                              {0.000 5.000}        10.000          100.000         


------------------------------------------------------------------------------------------------
| Intra Clock Table
| -----------------
------------------------------------------------------------------------------------------------

Clock                                                 WNS(ns)      TNS(ns)  TNS Failing Endpoints  TNS Total Endpoints      WHS(ns)      THS(ns)  THS Failing Endpoints  THS Total Endpoints     WPWS(ns)     TPWS(ns)  TPWS Failing Endpoints  TPWS Total Endpoints  
-----                                                 -------      -------  ---------------------  -------------------      -------      -------  ---------------------  -------------------     --------     --------  ----------------------  --------------------  
video1/mmcm_adv_inst_display_clocks/inst/clk_in1                                                                                                                                                    3.000        0.000                       0                     1  
  clk_out1_clk_wiz_0                                   18.911        0.000                      0                  101        0.128        0.000                      0                  101       19.500        0.000                       0                    66  
  clk_out2_clk_wiz_0                                    2.765        0.000                      0                   53        0.132        0.000                      0                   53        3.500        0.000                       0                    46  
  clkfbout_clk_wiz_0                                                                                                                                                                                7.845        0.000                       0                     3  


------------------------------------------------------------------------------------------------
| Inter Clock Table
| -----------------
------------------------------------------------------------------------------------------------

From Clock          To Clock                WNS(ns)      TNS(ns)  TNS Failing Endpoints  TNS Total Endpoints      WHS(ns)      THS(ns)  THS Failing Endpoints  THS Total Endpoints  
----------          --------                -------      -------  ---------------------  -------------------      -------      -------  ---------------------  -------------------  
clk_out1_clk_wiz_0  clk_out2_clk_wiz_0        4.123        0.000                      0                   30        0.142        0.000                      0                   30  


------------------------------------------------------------------------------------------------
| Other Path Groups Table
| -----------------------
------------------------------------------------------------------------------------------------

Path Group    From Clock    To Clock          WNS(ns)      TNS(ns)  TNS Failing Endpoints  TNS Total Endpoints      WHS(ns)      THS(ns)  THS Failing Endpoints  THS Total Endpoints  
----------    ----------    --------          -------      -------  ---------------------  -------------------      -------      -------  ---------------------  -------------------  


------------------------------------------------------------------------------------------------
| User Ignored Path Table
| -----------------------
------------------------------------------------------------------------------------------------

Path Group    From Clock    To Clock    
----------    ----------    --------    


------------------------------------------------------------------------------------------------
| Unconstrained Path Table
| ------------------------
------------------------------------------------------------------------------------------------

Path Group          From Clock          To Clock          
----------          ----------          --------          
(none)                                                      
(none)              clk_out2_clk_wiz_0                      
(none)              clkfbout_clk_wiz_0                      
(none)                                  clk_out1_clk_wiz_0  


------------------------------------------------------------------------------------------------
| Timing Details
| --------------
------------------------------------------------------------------------------------------------


---------------------------------------------------------------------------------------------------
From Clock:  video1/mmcm_adv_inst_display_clocks/inst/clk_in1
  To Clock:  video1/mmcm_adv_inst_display_clocks/inst/clk_in1

Setup :           NA  Failing Endpoints,  Worst Slack           NA  ,  Total Violation           NA
Hold  :           NA  Failing Endpoints,  Worst Slack           NA  ,  Total Violation           NA
PW    :            0  Failing Endpoints,  Worst Slack        3.000ns,  Total Violation        0.000ns
---------------------------------------------------------------------------------------------------


Pulse Width Checks
--------------------------------------------------------------------------------------
Clock Name:         video1/mmcm_adv_inst_display_clocks/inst/clk_in1
Waveform(ns):       { 0.000 5.000 }
Period(ns):         10.000
Sources:            { video1/mmcm_adv_inst_display_clocks/inst/clk_in1 }

Check Type        Corner  Lib Pin            Reference Pin  Required(ns)  Actual(ns)  Slack(ns)  Location         Pin
Min Period        n/a     MMCME2_ADV/CLKIN1  n/a            1.249         10.000      8.751      MMCME2_ADV_X1Y0  video1/mmcm_adv_inst_display_clocks/inst/mmcm_adv_inst/CLKIN1
Max Period        n/a     MMCME2_ADV/CLKIN1  n/a            100.000       10.000      90.000     MMCME2_ADV_X1Y0  video1/mmcm_adv_inst_display_clocks/inst/mmcm_adv_inst/CLKIN1
Low Pulse Width   Slow    MMCME2_ADV/CLKIN1  n/a            2.000         5.000       3.000      MMCME2_ADV_X1Y0  video1/mmcm_adv_inst_display_clocks/inst/mmcm_adv_inst/CLKIN1
Low Pulse Width   Fast    MMCME2_ADV/CLKIN1  n/a            2.000         5.000       3.000      MMCME2_ADV_X1Y0  video1/mmcm_adv_inst_display_clocks/inst/mmcm_adv_inst/CLKIN1
High Pulse Width  Slow    MMCME2_ADV/CLKIN1  n/a            2.000         5.000       3.000      MMCME2_ADV_X1Y0  video1/mmcm_adv_inst_display_clocks/inst/mmcm_adv_inst/CLKIN1
High Pulse Width  Fast    MMCME2_ADV/CLKIN1  n/a            2.000         5.000       3.000      MMCME2_ADV_X1Y0  video1/mmcm_adv_inst_display_clocks/inst/mmcm_adv_inst/CLKIN1



---------------------------------------------------------------------------------------------------
From Clock:  clk_out1_clk_wiz_0
  To Clock:  clk_out1_clk_wiz_0

Setup :            0  Failing Endpoints,  Worst Slack       18.911ns,  Total Violation        0.000ns
Hold  :            0  Failing Endpoints,  Worst Slack        0.128ns,  Total Violation        0.000ns
PW    :            0  Failing Endpoints,  Worst Slack       19.500ns,  Total Violation        0.000ns
---------------------------------------------------------------------------------------------------


Max Delay Paths
--------------------------------------------------------------------------------------
Slack (MET) :             18.911ns  (required time - arrival time)
  Source:                 video1/Inst_vga/vga_signal_generator1/vertical_counter/processQ_reg[4]/C
                            (rising edge-triggered cell FDRE clocked by clk_out1_clk_wiz_0  {rise@0.000ns fall@20.000ns period=40.000ns})
  Destination:            video1/inst_dvid/TDMS_encoder_green/encoded_reg[1]/D
                            (rising edge-triggered cell FDRE clocked by clk_out1_clk_wiz_0  {rise@0.000ns fall@20.000ns period=40.000ns})
  Path Group:             clk_out1_clk_wiz_0
  Path Type:              Setup (Max at Slow Process Corner)
  Requirement:            40.000ns  (clk_out1_clk_wiz_0 rise@40.000ns - clk_out1_clk_wiz_0 rise@0.000ns)
  Data Path Delay:        20.903ns  (logic 7.004ns (33.508%)  route 13.899ns (66.492%))
  Logic Levels:           25  (CARRY4=12 LUT3=2 LUT4=1 LUT5=5 LUT6=5)
  Clock Path Skew:        -0.045ns (DCD - SCD + CPR)
    Destination Clock Delay (DCD):    1.705ns = ( 41.705 - 40.000 ) 
    Source Clock Delay      (SCD):    1.825ns
    Clock Pessimism Removal (CPR):    0.075ns
  Clock Uncertainty:      0.095ns  ((TSJ^2 + DJ^2)^1/2) / 2 + PE
    Total System Jitter     (TSJ):    0.071ns
    Discrete Jitter          (DJ):    0.175ns
    Phase Error              (PE):    0.000ns

    Location             Delay type                Incr(ns)  Path(ns)    Netlist Resource(s)
  -------------------------------------------------------------------    -------------------
                         (clock clk_out1_clk_wiz_0 rise edge)
                                                      0.000     0.000 r  
    BUFGCTRL_X0Y1        BUFG                         0.000     0.000 r  clk_IBUF_BUFG_inst/O
                         net (fo=116, routed)         2.106     2.106    video1/mmcm_adv_inst_display_clocks/inst/clk_in1
    MMCME2_ADV_X1Y0      MMCME2_ADV (Prop_mmcme2_adv_CLKIN1_CLKOUT0)
                                                     -4.900    -2.793 r  video1/mmcm_adv_inst_display_clocks/inst/mmcm_adv_inst/CLKOUT0
                         net (fo=1, routed)           2.697    -0.096    video1/mmcm_adv_inst_display_clocks/inst/clk_out1_clk_wiz_0
    BUFGCTRL_X0Y2        BUFG (Prop_bufg_I_O)         0.096    -0.000 r  video1/mmcm_adv_inst_display_clocks/inst/clkout1_buf/O
                         net (fo=64, routed)          1.825     1.825    video1/Inst_vga/vga_signal_generator1/vertical_counter/clk_out1
    SLICE_X156Y114       FDRE                                         r  video1/Inst_vga/vga_signal_generator1/vertical_counter/processQ_reg[4]/C
  -------------------------------------------------------------------    -------------------
    SLICE_X156Y114       FDRE (Prop_fdre_C_Q)         0.456     2.281 r  video1/Inst_vga/vga_signal_generator1/vertical_counter/processQ_reg[4]/Q
                         net (fo=47, routed)          1.703     3.984    video1/Inst_vga/vga_signal_generator1/vertical_counter/Q[2]
    SLICE_X154Y118       LUT3 (Prop_lut3_I0_O)        0.152     4.136 r  video1/Inst_vga/vga_signal_generator1/vertical_counter/dc_bias[3]_i_26/O
                         net (fo=52, routed)          1.457     5.593    video1/Inst_vga/color_mapper1/dc_bias_reg[3]_i_287_0
    SLICE_X153Y124       LUT6 (Prop_lut6_I2_O)        0.348     5.941 f  video1/Inst_vga/color_mapper1/dc_bias[3]_i_418/O
                         net (fo=20, routed)          2.271     8.212    video1/Inst_vga/vga_signal_generator1/vertical_counter/is_trigger_time3[6]
    SLICE_X145Y115       LUT5 (Prop_lut5_I0_O)        0.124     8.336 r  video1/Inst_vga/vga_signal_generator1/vertical_counter/dc_bias[3]_i_501/O
                         net (fo=4, routed)           0.773     9.109    video1/Inst_vga/color_mapper1/dc_bias[3]_i_487[1]
    SLICE_X150Y114       LUT5 (Prop_lut5_I0_O)        0.124     9.233 r  video1/Inst_vga/color_mapper1/dc_bias[3]_i_789/O
                         net (fo=1, routed)           0.000     9.233    video1/Inst_vga/color_mapper1/dc_bias[3]_i_789_n_0
    SLICE_X150Y114       CARRY4 (Prop_carry4_S[2]_CO[3])
                                                      0.380     9.613 r  video1/Inst_vga/color_mapper1/dc_bias_reg[3]_i_725/CO[3]
                         net (fo=1, routed)           0.000     9.613    video1/Inst_vga/color_mapper1/dc_bias_reg[3]_i_725_n_0
    SLICE_X150Y115       CARRY4 (Prop_carry4_CI_CO[3])
                                                      0.117     9.730 r  video1/Inst_vga/color_mapper1/dc_bias_reg[3]_i_600/CO[3]
                         net (fo=1, routed)           0.000     9.730    video1/Inst_vga/color_mapper1/dc_bias_reg[3]_i_600_n_0
    SLICE_X150Y116       CARRY4 (Prop_carry4_CI_CO[3])
                                                      0.117     9.847 r  video1/Inst_vga/color_mapper1/dc_bias_reg[3]_i_486/CO[3]
                         net (fo=1, routed)           0.000     9.847    video1/Inst_vga/color_mapper1/dc_bias_reg[3]_i_486_n_0
    SLICE_X150Y117       CARRY4 (Prop_carry4_CI_CO[3])
                                                      0.117     9.964 r  video1/Inst_vga/color_mapper1/dc_bias_reg[3]_i_333/CO[3]
                         net (fo=1, routed)           0.000     9.964    video1/Inst_vga/color_mapper1/dc_bias_reg[3]_i_333_n_0
    SLICE_X150Y118       CARRY4 (Prop_carry4_CI_O[2])
                                                      0.239    10.203 r  video1/Inst_vga/color_mapper1/dc_bias_reg[3]_i_524/O[2]
                         net (fo=3, routed)           0.959    11.162    video1/Inst_vga/vga_signal_generator1/vertical_counter/dc_bias[3]_i_407[0]
    SLICE_X149Y121       LUT5 (Prop_lut5_I4_O)        0.329    11.491 r  video1/Inst_vga/vga_signal_generator1/vertical_counter/dc_bias[3]_i_345/O
                         net (fo=2, routed)           0.583    12.074    video1/Inst_vga/color_mapper1/dc_bias_reg[3]_i_225_0[0]
    SLICE_X148Y121       CARRY4 (Prop_carry4_DI[3]_CO[3])
                                                      0.598    12.672 r  video1/Inst_vga/color_mapper1/dc_bias_reg[3]_i_225/CO[3]
                         net (fo=1, routed)           0.000    12.672    video1/Inst_vga/color_mapper1/dc_bias_reg[3]_i_225_n_0
    SLICE_X148Y122       CARRY4 (Prop_carry4_CI_O[0])
                                                      0.219    12.891 r  video1/Inst_vga/color_mapper1/dc_bias_reg[3]_i_237/O[0]
                         net (fo=4, routed)           1.116    14.007    video1/Inst_vga/color_mapper1/dc_bias_reg[3]_i_237_n_7
    SLICE_X145Y119       LUT3 (Prop_lut3_I2_O)        0.323    14.330 r  video1/Inst_vga/color_mapper1/dc_bias[3]_i_229/O
                         net (fo=1, routed)           0.433    14.764    video1/Inst_vga/color_mapper1/dc_bias[3]_i_229_n_0
    SLICE_X145Y119       LUT5 (Prop_lut5_I4_O)        0.326    15.090 r  video1/Inst_vga/color_mapper1/dc_bias[3]_i_162/O
                         net (fo=2, routed)           0.403    15.493    video1/Inst_vga/color_mapper1/dc_bias[3]_i_162_n_0
    SLICE_X147Y119       LUT6 (Prop_lut6_I0_O)        0.124    15.617 r  video1/Inst_vga/color_mapper1/dc_bias[3]_i_166/O
                         net (fo=1, routed)           0.000    15.617    video1/Inst_vga/color_mapper1/dc_bias[3]_i_166_n_0
    SLICE_X147Y119       CARRY4 (Prop_carry4_S[3]_CO[3])
                                                      0.401    16.018 r  video1/Inst_vga/color_mapper1/dc_bias_reg[3]_i_81/CO[3]
                         net (fo=1, routed)           0.000    16.018    video1/Inst_vga/color_mapper1/dc_bias_reg[3]_i_81_n_0
    SLICE_X147Y120       CARRY4 (Prop_carry4_CI_O[0])
                                                      0.222    16.240 r  video1/Inst_vga/color_mapper1/dc_bias_reg[3]_i_158/O[0]
                         net (fo=2, routed)           0.474    16.714    video1/Inst_vga/color_mapper1/dc_bias_reg[3]_i_158_n_7
    SLICE_X145Y120       CARRY4 (Prop_carry4_S[0]_O[1])
                                                      0.723    17.437 r  video1/Inst_vga/color_mapper1/dc_bias_reg[3]_i_80/O[1]
                         net (fo=1, routed)           0.771    18.208    video1/Inst_vga/vga_signal_generator1/vertical_counter/dc_bias_reg[3]_i_12[1]
    SLICE_X154Y119       LUT5 (Prop_lut5_I4_O)        0.303    18.511 r  video1/Inst_vga/vga_signal_generator1/vertical_counter/dc_bias[3]_i_42/O
                         net (fo=1, routed)           0.000    18.511    video1/Inst_vga/color_mapper1/dc_bias[3]_i_10_1[3]
    SLICE_X154Y119       CARRY4 (Prop_carry4_S[3]_CO[3])
                                                      0.376    18.887 r  video1/Inst_vga/color_mapper1/dc_bias_reg[3]_i_12/CO[3]
                         net (fo=1, routed)           0.000    18.887    video1/Inst_vga/color_mapper1/dc_bias_reg[3]_i_12_n_0
    SLICE_X154Y120       CARRY4 (Prop_carry4_CI_O[0])
                                                      0.219    19.106 f  video1/Inst_vga/color_mapper1/dc_bias_reg[3]_i_13/O[0]
                         net (fo=2, routed)           0.670    19.775    video1/Inst_vga/color_mapper1/dc_bias_reg[3]_i_13_n_7
    SLICE_X156Y119       LUT4 (Prop_lut4_I0_O)        0.295    20.070 f  video1/Inst_vga/color_mapper1/dc_bias[3]_i_9/O
                         net (fo=1, routed)           0.280    20.350    video1/Inst_vga/color_mapper1/dc_bias[3]_i_9_n_0
    SLICE_X156Y119       LUT6 (Prop_lut6_I0_O)        0.124    20.474 f  video1/Inst_vga/color_mapper1/dc_bias[3]_i_3__0/O
                         net (fo=4, routed)           0.626    21.100    video1/Inst_vga/vga_signal_generator1/vertical_counter/encoded_reg[0]_3
    SLICE_X158Y123       LUT6 (Prop_lut6_I4_O)        0.124    21.224 r  video1/Inst_vga/vga_signal_generator1/vertical_counter/dc_bias[3]_i_2/O
                         net (fo=6, routed)           0.995    22.219    video1/inst_dvid/TDMS_encoder_green/pixel[color][0]
    SLICE_X160Y132       LUT6 (Prop_lut6_I4_O)        0.124    22.343 r  video1/inst_dvid/TDMS_encoder_green/encoded[1]_i_1/O
                         net (fo=2, routed)           0.385    22.728    video1/inst_dvid/TDMS_encoder_green/encoded[1]_i_1_n_0
    SLICE_X160Y132       FDRE                                         r  video1/inst_dvid/TDMS_encoder_green/encoded_reg[1]/D
  -------------------------------------------------------------------    -------------------

                         (clock clk_out1_clk_wiz_0 rise edge)
                                                     40.000    40.000 r  
    BUFGCTRL_X0Y1        BUFG                         0.000    40.000 r  clk_IBUF_BUFG_inst/O
                         net (fo=116, routed)         1.972    41.972    video1/mmcm_adv_inst_display_clocks/inst/clk_in1
    MMCME2_ADV_X1Y0      MMCME2_ADV (Prop_mmcme2_adv_CLKIN1_CLKOUT0)
                                                     -4.637    37.335 r  video1/mmcm_adv_inst_display_clocks/inst/mmcm_adv_inst/CLKOUT0
                         net (fo=1, routed)           2.574    39.909    video1/mmcm_adv_inst_display_clocks/inst/clk_out1_clk_wiz_0
    BUFGCTRL_X0Y2        BUFG (Prop_bufg_I_O)         0.091    40.000 r  video1/mmcm_adv_inst_display_clocks/inst/clkout1_buf/O
                         net (fo=64, routed)          1.705    41.705    video1/inst_dvid/TDMS_encoder_green/clk_out1
    SLICE_X160Y132       FDRE                                         r  video1/inst_dvid/TDMS_encoder_green/encoded_reg[1]/C
                         clock pessimism              0.075    41.780    
                         clock uncertainty           -0.095    41.686    
    SLICE_X160Y132       FDRE (Setup_fdre_C_D)       -0.047    41.639    video1/inst_dvid/TDMS_encoder_green/encoded_reg[1]
  -------------------------------------------------------------------
                         required time                         41.639    
                         arrival time                         -22.728    
  -------------------------------------------------------------------
                         slack                                 18.911    

Slack (MET) :             19.298ns  (required time - arrival time)
  Source:                 video1/Inst_vga/vga_signal_generator1/vertical_counter/processQ_reg[4]/C
                            (rising edge-triggered cell FDRE clocked by clk_out1_clk_wiz_0  {rise@0.000ns fall@20.000ns period=40.000ns})
  Destination:            video1/inst_dvid/TDMS_encoder_red/dc_bias_reg[2]/D
                            (rising edge-triggered cell FDRE clocked by clk_out1_clk_wiz_0  {rise@0.000ns fall@20.000ns period=40.000ns})
  Path Group:             clk_out1_clk_wiz_0
  Path Type:              Setup (Max at Slow Process Corner)
  Requirement:            40.000ns  (clk_out1_clk_wiz_0 rise@40.000ns - clk_out1_clk_wiz_0 rise@0.000ns)
  Data Path Delay:        20.590ns  (logic 7.004ns (34.017%)  route 13.586ns (65.983%))
  Logic Levels:           25  (CARRY4=12 LUT3=2 LUT4=1 LUT5=6 LUT6=4)
  Clock Path Skew:        -0.049ns (DCD - SCD + CPR)
    Destination Clock Delay (DCD):    1.701ns = ( 41.701 - 40.000 ) 
    Source Clock Delay      (SCD):    1.825ns
    Clock Pessimism Removal (CPR):    0.075ns
  Clock Uncertainty:      0.095ns  ((TSJ^2 + DJ^2)^1/2) / 2 + PE
    Total System Jitter     (TSJ):    0.071ns
    Discrete Jitter          (DJ):    0.175ns
    Phase Error              (PE):    0.000ns

    Location             Delay type                Incr(ns)  Path(ns)    Netlist Resource(s)
  -------------------------------------------------------------------    -------------------
                         (clock clk_out1_clk_wiz_0 rise edge)
                                                      0.000     0.000 r  
    BUFGCTRL_X0Y1        BUFG                         0.000     0.000 r  clk_IBUF_BUFG_inst/O
                         net (fo=116, routed)         2.106     2.106    video1/mmcm_adv_inst_display_clocks/inst/clk_in1
    MMCME2_ADV_X1Y0      MMCME2_ADV (Prop_mmcme2_adv_CLKIN1_CLKOUT0)
                                                     -4.900    -2.793 r  video1/mmcm_adv_inst_display_clocks/inst/mmcm_adv_inst/CLKOUT0
                         net (fo=1, routed)           2.697    -0.096    video1/mmcm_adv_inst_display_clocks/inst/clk_out1_clk_wiz_0
    BUFGCTRL_X0Y2        BUFG (Prop_bufg_I_O)         0.096    -0.000 r  video1/mmcm_adv_inst_display_clocks/inst/clkout1_buf/O
                         net (fo=64, routed)          1.825     1.825    video1/Inst_vga/vga_signal_generator1/vertical_counter/clk_out1
    SLICE_X156Y114       FDRE                                         r  video1/Inst_vga/vga_signal_generator1/vertical_counter/processQ_reg[4]/C
  -------------------------------------------------------------------    -------------------
    SLICE_X156Y114       FDRE (Prop_fdre_C_Q)         0.456     2.281 r  video1/Inst_vga/vga_signal_generator1/vertical_counter/processQ_reg[4]/Q
                         net (fo=47, routed)          1.703     3.984    video1/Inst_vga/vga_signal_generator1/vertical_counter/Q[2]
    SLICE_X154Y118       LUT3 (Prop_lut3_I0_O)        0.152     4.136 r  video1/Inst_vga/vga_signal_generator1/vertical_counter/dc_bias[3]_i_26/O
                         net (fo=52, routed)          1.457     5.593    video1/Inst_vga/color_mapper1/dc_bias_reg[3]_i_287_0
    SLICE_X153Y124       LUT6 (Prop_lut6_I2_O)        0.348     5.941 f  video1/Inst_vga/color_mapper1/dc_bias[3]_i_418/O
                         net (fo=20, routed)          2.271     8.212    video1/Inst_vga/vga_signal_generator1/vertical_counter/is_trigger_time3[6]
    SLICE_X145Y115       LUT5 (Prop_lut5_I0_O)        0.124     8.336 r  video1/Inst_vga/vga_signal_generator1/vertical_counter/dc_bias[3]_i_501/O
                         net (fo=4, routed)           0.773     9.109    video1/Inst_vga/color_mapper1/dc_bias[3]_i_487[1]
    SLICE_X150Y114       LUT5 (Prop_lut5_I0_O)        0.124     9.233 r  video1/Inst_vga/color_mapper1/dc_bias[3]_i_789/O
                         net (fo=1, routed)           0.000     9.233    video1/Inst_vga/color_mapper1/dc_bias[3]_i_789_n_0
    SLICE_X150Y114       CARRY4 (Prop_carry4_S[2]_CO[3])
                                                      0.380     9.613 r  video1/Inst_vga/color_mapper1/dc_bias_reg[3]_i_725/CO[3]
                         net (fo=1, routed)           0.000     9.613    video1/Inst_vga/color_mapper1/dc_bias_reg[3]_i_725_n_0
    SLICE_X150Y115       CARRY4 (Prop_carry4_CI_CO[3])
                                                      0.117     9.730 r  video1/Inst_vga/color_mapper1/dc_bias_reg[3]_i_600/CO[3]
                         net (fo=1, routed)           0.000     9.730    video1/Inst_vga/color_mapper1/dc_bias_reg[3]_i_600_n_0
    SLICE_X150Y116       CARRY4 (Prop_carry4_CI_CO[3])
                                                      0.117     9.847 r  video1/Inst_vga/color_mapper1/dc_bias_reg[3]_i_486/CO[3]
                         net (fo=1, routed)           0.000     9.847    video1/Inst_vga/color_mapper1/dc_bias_reg[3]_i_486_n_0
    SLICE_X150Y117       CARRY4 (Prop_carry4_CI_CO[3])
                                                      0.117     9.964 r  video1/Inst_vga/color_mapper1/dc_bias_reg[3]_i_333/CO[3]
                         net (fo=1, routed)           0.000     9.964    video1/Inst_vga/color_mapper1/dc_bias_reg[3]_i_333_n_0
    SLICE_X150Y118       CARRY4 (Prop_carry4_CI_O[2])
                                                      0.239    10.203 r  video1/Inst_vga/color_mapper1/dc_bias_reg[3]_i_524/O[2]
                         net (fo=3, routed)           0.959    11.162    video1/Inst_vga/vga_signal_generator1/vertical_counter/dc_bias[3]_i_407[0]
    SLICE_X149Y121       LUT5 (Prop_lut5_I4_O)        0.329    11.491 r  video1/Inst_vga/vga_signal_generator1/vertical_counter/dc_bias[3]_i_345/O
                         net (fo=2, routed)           0.583    12.074    video1/Inst_vga/color_mapper1/dc_bias_reg[3]_i_225_0[0]
    SLICE_X148Y121       CARRY4 (Prop_carry4_DI[3]_CO[3])
                                                      0.598    12.672 r  video1/Inst_vga/color_mapper1/dc_bias_reg[3]_i_225/CO[3]
                         net (fo=1, routed)           0.000    12.672    video1/Inst_vga/color_mapper1/dc_bias_reg[3]_i_225_n_0
    SLICE_X148Y122       CARRY4 (Prop_carry4_CI_O[0])
                                                      0.219    12.891 r  video1/Inst_vga/color_mapper1/dc_bias_reg[3]_i_237/O[0]
                         net (fo=4, routed)           1.116    14.007    video1/Inst_vga/color_mapper1/dc_bias_reg[3]_i_237_n_7
    SLICE_X145Y119       LUT3 (Prop_lut3_I2_O)        0.323    14.330 r  video1/Inst_vga/color_mapper1/dc_bias[3]_i_229/O
                         net (fo=1, routed)           0.433    14.764    video1/Inst_vga/color_mapper1/dc_bias[3]_i_229_n_0
    SLICE_X145Y119       LUT5 (Prop_lut5_I4_O)        0.326    15.090 r  video1/Inst_vga/color_mapper1/dc_bias[3]_i_162/O
                         net (fo=2, routed)           0.403    15.493    video1/Inst_vga/color_mapper1/dc_bias[3]_i_162_n_0
    SLICE_X147Y119       LUT6 (Prop_lut6_I0_O)        0.124    15.617 r  video1/Inst_vga/color_mapper1/dc_bias[3]_i_166/O
                         net (fo=1, routed)           0.000    15.617    video1/Inst_vga/color_mapper1/dc_bias[3]_i_166_n_0
    SLICE_X147Y119       CARRY4 (Prop_carry4_S[3]_CO[3])
                                                      0.401    16.018 r  video1/Inst_vga/color_mapper1/dc_bias_reg[3]_i_81/CO[3]
                         net (fo=1, routed)           0.000    16.018    video1/Inst_vga/color_mapper1/dc_bias_reg[3]_i_81_n_0
    SLICE_X147Y120       CARRY4 (Prop_carry4_CI_O[0])
                                                      0.222    16.240 r  video1/Inst_vga/color_mapper1/dc_bias_reg[3]_i_158/O[0]
                         net (fo=2, routed)           0.474    16.714    video1/Inst_vga/color_mapper1/dc_bias_reg[3]_i_158_n_7
    SLICE_X145Y120       CARRY4 (Prop_carry4_S[0]_O[1])
                                                      0.723    17.437 r  video1/Inst_vga/color_mapper1/dc_bias_reg[3]_i_80/O[1]
                         net (fo=1, routed)           0.771    18.208    video1/Inst_vga/vga_signal_generator1/vertical_counter/dc_bias_reg[3]_i_12[1]
    SLICE_X154Y119       LUT5 (Prop_lut5_I4_O)        0.303    18.511 r  video1/Inst_vga/vga_signal_generator1/vertical_counter/dc_bias[3]_i_42/O
                         net (fo=1, routed)           0.000    18.511    video1/Inst_vga/color_mapper1/dc_bias[3]_i_10_1[3]
    SLICE_X154Y119       CARRY4 (Prop_carry4_S[3]_CO[3])
                                                      0.376    18.887 r  video1/Inst_vga/color_mapper1/dc_bias_reg[3]_i_12/CO[3]
                         net (fo=1, routed)           0.000    18.887    video1/Inst_vga/color_mapper1/dc_bias_reg[3]_i_12_n_0
    SLICE_X154Y120       CARRY4 (Prop_carry4_CI_O[0])
                                                      0.219    19.106 f  video1/Inst_vga/color_mapper1/dc_bias_reg[3]_i_13/O[0]
                         net (fo=2, routed)           0.670    19.775    video1/Inst_vga/color_mapper1/dc_bias_reg[3]_i_13_n_7
    SLICE_X156Y119       LUT4 (Prop_lut4_I0_O)        0.295    20.070 f  video1/Inst_vga/color_mapper1/dc_bias[3]_i_9/O
                         net (fo=1, routed)           0.280    20.350    video1/Inst_vga/color_mapper1/dc_bias[3]_i_9_n_0
    SLICE_X156Y119       LUT6 (Prop_lut6_I0_O)        0.124    20.474 f  video1/Inst_vga/color_mapper1/dc_bias[3]_i_3__0/O
                         net (fo=4, routed)           0.622    21.096    video1/Inst_vga/vga_signal_generator1/vertical_counter/encoded_reg[0]_3
    SLICE_X158Y123       LUT6 (Prop_lut6_I0_O)        0.124    21.220 r  video1/Inst_vga/vga_signal_generator1/vertical_counter/dc_bias[3]_i_2__1/O
                         net (fo=14, routed)          1.071    22.291    video1/inst_dvid/TDMS_encoder_red/pixel[color][0]
    SLICE_X161Y128       LUT5 (Prop_lut5_I4_O)        0.124    22.415 r  video1/inst_dvid/TDMS_encoder_red/dc_bias[2]_i_1__1/O
                         net (fo=1, routed)           0.000    22.415    video1/inst_dvid/TDMS_encoder_red/dc_bias[2]_i_1__1_n_0
    SLICE_X161Y128       FDRE                                         r  video1/inst_dvid/TDMS_encoder_red/dc_bias_reg[2]/D
  -------------------------------------------------------------------    -------------------

                         (clock clk_out1_clk_wiz_0 rise edge)
                                                     40.000    40.000 r  
    BUFGCTRL_X0Y1        BUFG                         0.000    40.000 r  clk_IBUF_BUFG_inst/O
                         net (fo=116, routed)         1.972    41.972    video1/mmcm_adv_inst_display_clocks/inst/clk_in1
    MMCME2_ADV_X1Y0      MMCME2_ADV (Prop_mmcme2_adv_CLKIN1_CLKOUT0)
                                                     -4.637    37.335 r  video1/mmcm_adv_inst_display_clocks/inst/mmcm_adv_inst/CLKOUT0
                         net (fo=1, routed)           2.574    39.909    video1/mmcm_adv_inst_display_clocks/inst/clk_out1_clk_wiz_0
    BUFGCTRL_X0Y2        BUFG (Prop_bufg_I_O)         0.091    40.000 r  video1/mmcm_adv_inst_display_clocks/inst/clkout1_buf/O
                         net (fo=64, routed)          1.701    41.701    video1/inst_dvid/TDMS_encoder_red/clk_out1
    SLICE_X161Y128       FDRE                                         r  video1/inst_dvid/TDMS_encoder_red/dc_bias_reg[2]/C
                         clock pessimism              0.075    41.776    
                         clock uncertainty           -0.095    41.682    
    SLICE_X161Y128       FDRE (Setup_fdre_C_D)        0.031    41.713    video1/inst_dvid/TDMS_encoder_red/dc_bias_reg[2]
  -------------------------------------------------------------------
                         required time                         41.713    
                         arrival time                         -22.415    
  -------------------------------------------------------------------
                         slack                                 19.298    

Slack (MET) :             19.302ns  (required time - arrival time)
  Source:                 video1/Inst_vga/vga_signal_generator1/vertical_counter/processQ_reg[4]/C
                            (rising edge-triggered cell FDRE clocked by clk_out1_clk_wiz_0  {rise@0.000ns fall@20.000ns period=40.000ns})
  Destination:            video1/inst_dvid/TDMS_encoder_blue/dc_bias_reg[3]/D
                            (rising edge-triggered cell FDRE clocked by clk_out1_clk_wiz_0  {rise@0.000ns fall@20.000ns period=40.000ns})
  Path Group:             clk_out1_clk_wiz_0
  Path Type:              Setup (Max at Slow Process Corner)
  Requirement:            40.000ns  (clk_out1_clk_wiz_0 rise@40.000ns - clk_out1_clk_wiz_0 rise@0.000ns)
  Data Path Delay:        20.584ns  (logic 7.004ns (34.027%)  route 13.580ns (65.973%))
  Logic Levels:           25  (CARRY4=12 LUT3=2 LUT4=1 LUT5=5 LUT6=5)
  Clock Path Skew:        -0.049ns (DCD - SCD + CPR)
    Destination Clock Delay (DCD):    1.701ns = ( 41.701 - 40.000 ) 
    Source Clock Delay      (SCD):    1.825ns
    Clock Pessimism Removal (CPR):    0.075ns
  Clock Uncertainty:      0.095ns  ((TSJ^2 + DJ^2)^1/2) / 2 + PE
    Total System Jitter     (TSJ):    0.071ns
    Discrete Jitter          (DJ):    0.175ns
    Phase Error              (PE):    0.000ns

    Location             Delay type                Incr(ns)  Path(ns)    Netlist Resource(s)
  -------------------------------------------------------------------    -------------------
                         (clock clk_out1_clk_wiz_0 rise edge)
                                                      0.000     0.000 r  
    BUFGCTRL_X0Y1        BUFG                         0.000     0.000 r  clk_IBUF_BUFG_inst/O
                         net (fo=116, routed)         2.106     2.106    video1/mmcm_adv_inst_display_clocks/inst/clk_in1
    MMCME2_ADV_X1Y0      MMCME2_ADV (Prop_mmcme2_adv_CLKIN1_CLKOUT0)
                                                     -4.900    -2.793 r  video1/mmcm_adv_inst_display_clocks/inst/mmcm_adv_inst/CLKOUT0
                         net (fo=1, routed)           2.697    -0.096    video1/mmcm_adv_inst_display_clocks/inst/clk_out1_clk_wiz_0
    BUFGCTRL_X0Y2        BUFG (Prop_bufg_I_O)         0.096    -0.000 r  video1/mmcm_adv_inst_display_clocks/inst/clkout1_buf/O
                         net (fo=64, routed)          1.825     1.825    video1/Inst_vga/vga_signal_generator1/vertical_counter/clk_out1
    SLICE_X156Y114       FDRE                                         r  video1/Inst_vga/vga_signal_generator1/vertical_counter/processQ_reg[4]/C
  -------------------------------------------------------------------    -------------------
    SLICE_X156Y114       FDRE (Prop_fdre_C_Q)         0.456     2.281 r  video1/Inst_vga/vga_signal_generator1/vertical_counter/processQ_reg[4]/Q
                         net (fo=47, routed)          1.703     3.984    video1/Inst_vga/vga_signal_generator1/vertical_counter/Q[2]
    SLICE_X154Y118       LUT3 (Prop_lut3_I0_O)        0.152     4.136 r  video1/Inst_vga/vga_signal_generator1/vertical_counter/dc_bias[3]_i_26/O
                         net (fo=52, routed)          1.457     5.593    video1/Inst_vga/color_mapper1/dc_bias_reg[3]_i_287_0
    SLICE_X153Y124       LUT6 (Prop_lut6_I2_O)        0.348     5.941 f  video1/Inst_vga/color_mapper1/dc_bias[3]_i_418/O
                         net (fo=20, routed)          2.271     8.212    video1/Inst_vga/vga_signal_generator1/vertical_counter/is_trigger_time3[6]
    SLICE_X145Y115       LUT5 (Prop_lut5_I0_O)        0.124     8.336 r  video1/Inst_vga/vga_signal_generator1/vertical_counter/dc_bias[3]_i_501/O
                         net (fo=4, routed)           0.773     9.109    video1/Inst_vga/color_mapper1/dc_bias[3]_i_487[1]
    SLICE_X150Y114       LUT5 (Prop_lut5_I0_O)        0.124     9.233 r  video1/Inst_vga/color_mapper1/dc_bias[3]_i_789/O
                         net (fo=1, routed)           0.000     9.233    video1/Inst_vga/color_mapper1/dc_bias[3]_i_789_n_0
    SLICE_X150Y114       CARRY4 (Prop_carry4_S[2]_CO[3])
                                                      0.380     9.613 r  video1/Inst_vga/color_mapper1/dc_bias_reg[3]_i_725/CO[3]
                         net (fo=1, routed)           0.000     9.613    video1/Inst_vga/color_mapper1/dc_bias_reg[3]_i_725_n_0
    SLICE_X150Y115       CARRY4 (Prop_carry4_CI_CO[3])
                                                      0.117     9.730 r  video1/Inst_vga/color_mapper1/dc_bias_reg[3]_i_600/CO[3]
                         net (fo=1, routed)           0.000     9.730    video1/Inst_vga/color_mapper1/dc_bias_reg[3]_i_600_n_0
    SLICE_X150Y116       CARRY4 (Prop_carry4_CI_CO[3])
                                                      0.117     9.847 r  video1/Inst_vga/color_mapper1/dc_bias_reg[3]_i_486/CO[3]
                         net (fo=1, routed)           0.000     9.847    video1/Inst_vga/color_mapper1/dc_bias_reg[3]_i_486_n_0
    SLICE_X150Y117       CARRY4 (Prop_carry4_CI_CO[3])
                                                      0.117     9.964 r  video1/Inst_vga/color_mapper1/dc_bias_reg[3]_i_333/CO[3]
                         net (fo=1, routed)           0.000     9.964    video1/Inst_vga/color_mapper1/dc_bias_reg[3]_i_333_n_0
    SLICE_X150Y118       CARRY4 (Prop_carry4_CI_O[2])
                                                      0.239    10.203 r  video1/Inst_vga/color_mapper1/dc_bias_reg[3]_i_524/O[2]
                         net (fo=3, routed)           0.959    11.162    video1/Inst_vga/vga_signal_generator1/vertical_counter/dc_bias[3]_i_407[0]
    SLICE_X149Y121       LUT5 (Prop_lut5_I4_O)        0.329    11.491 r  video1/Inst_vga/vga_signal_generator1/vertical_counter/dc_bias[3]_i_345/O
                         net (fo=2, routed)           0.583    12.074    video1/Inst_vga/color_mapper1/dc_bias_reg[3]_i_225_0[0]
    SLICE_X148Y121       CARRY4 (Prop_carry4_DI[3]_CO[3])
                                                      0.598    12.672 r  video1/Inst_vga/color_mapper1/dc_bias_reg[3]_i_225/CO[3]
                         net (fo=1, routed)           0.000    12.672    video1/Inst_vga/color_mapper1/dc_bias_reg[3]_i_225_n_0
    SLICE_X148Y122       CARRY4 (Prop_carry4_CI_O[0])
                                                      0.219    12.891 r  video1/Inst_vga/color_mapper1/dc_bias_reg[3]_i_237/O[0]
                         net (fo=4, routed)           1.116    14.007    video1/Inst_vga/color_mapper1/dc_bias_reg[3]_i_237_n_7
    SLICE_X145Y119       LUT3 (Prop_lut3_I2_O)        0.323    14.330 r  video1/Inst_vga/color_mapper1/dc_bias[3]_i_229/O
                         net (fo=1, routed)           0.433    14.764    video1/Inst_vga/color_mapper1/dc_bias[3]_i_229_n_0
    SLICE_X145Y119       LUT5 (Prop_lut5_I4_O)        0.326    15.090 r  video1/Inst_vga/color_mapper1/dc_bias[3]_i_162/O
                         net (fo=2, routed)           0.403    15.493    video1/Inst_vga/color_mapper1/dc_bias[3]_i_162_n_0
    SLICE_X147Y119       LUT6 (Prop_lut6_I0_O)        0.124    15.617 r  video1/Inst_vga/color_mapper1/dc_bias[3]_i_166/O
                         net (fo=1, routed)           0.000    15.617    video1/Inst_vga/color_mapper1/dc_bias[3]_i_166_n_0
    SLICE_X147Y119       CARRY4 (Prop_carry4_S[3]_CO[3])
                                                      0.401    16.018 r  video1/Inst_vga/color_mapper1/dc_bias_reg[3]_i_81/CO[3]
                         net (fo=1, routed)           0.000    16.018    video1/Inst_vga/color_mapper1/dc_bias_reg[3]_i_81_n_0
    SLICE_X147Y120       CARRY4 (Prop_carry4_CI_O[0])
                                                      0.222    16.240 r  video1/Inst_vga/color_mapper1/dc_bias_reg[3]_i_158/O[0]
                         net (fo=2, routed)           0.474    16.714    video1/Inst_vga/color_mapper1/dc_bias_reg[3]_i_158_n_7
    SLICE_X145Y120       CARRY4 (Prop_carry4_S[0]_O[1])
                                                      0.723    17.437 r  video1/Inst_vga/color_mapper1/dc_bias_reg[3]_i_80/O[1]
                         net (fo=1, routed)           0.771    18.208    video1/Inst_vga/vga_signal_generator1/vertical_counter/dc_bias_reg[3]_i_12[1]
    SLICE_X154Y119       LUT5 (Prop_lut5_I4_O)        0.303    18.511 r  video1/Inst_vga/vga_signal_generator1/vertical_counter/dc_bias[3]_i_42/O
                         net (fo=1, routed)           0.000    18.511    video1/Inst_vga/color_mapper1/dc_bias[3]_i_10_1[3]
    SLICE_X154Y119       CARRY4 (Prop_carry4_S[3]_CO[3])
                                                      0.376    18.887 r  video1/Inst_vga/color_mapper1/dc_bias_reg[3]_i_12/CO[3]
                         net (fo=1, routed)           0.000    18.887    video1/Inst_vga/color_mapper1/dc_bias_reg[3]_i_12_n_0
    SLICE_X154Y120       CARRY4 (Prop_carry4_CI_O[0])
                                                      0.219    19.106 f  video1/Inst_vga/color_mapper1/dc_bias_reg[3]_i_13/O[0]
                         net (fo=2, routed)           0.670    19.775    video1/Inst_vga/color_mapper1/dc_bias_reg[3]_i_13_n_7
    SLICE_X156Y119       LUT4 (Prop_lut4_I0_O)        0.295    20.070 f  video1/Inst_vga/color_mapper1/dc_bias[3]_i_9/O
                         net (fo=1, routed)           0.280    20.350    video1/Inst_vga/color_mapper1/dc_bias[3]_i_9_n_0
    SLICE_X156Y119       LUT6 (Prop_lut6_I0_O)        0.124    20.474 f  video1/Inst_vga/color_mapper1/dc_bias[3]_i_3__0/O
                         net (fo=4, routed)           0.623    21.097    video1/Inst_vga/vga_signal_generator1/vertical_counter/encoded_reg[0]_3
    SLICE_X158Y123       LUT6 (Prop_lut6_I0_O)        0.124    21.221 r  video1/Inst_vga/vga_signal_generator1/vertical_counter/dc_bias[3]_i_2__0/O
                         net (fo=10, routed)          1.064    22.285    video1/inst_dvid/TDMS_encoder_blue/pixel[color][0]
    SLICE_X160Y128       LUT6 (Prop_lut6_I4_O)        0.124    22.409 r  video1/inst_dvid/TDMS_encoder_blue/dc_bias[3]_i_1__0/O
                         net (fo=1, routed)           0.000    22.409    video1/inst_dvid/TDMS_encoder_blue/dc_bias[3]_i_1__0_n_0
    SLICE_X160Y128       FDRE                                         r  video1/inst_dvid/TDMS_encoder_blue/dc_bias_reg[3]/D
  -------------------------------------------------------------------    -------------------

                         (clock clk_out1_clk_wiz_0 rise edge)
                                                     40.000    40.000 r  
    BUFGCTRL_X0Y1        BUFG                         0.000    40.000 r  clk_IBUF_BUFG_inst/O
                         net (fo=116, routed)         1.972    41.972    video1/mmcm_adv_inst_display_clocks/inst/clk_in1
    MMCME2_ADV_X1Y0      MMCME2_ADV (Prop_mmcme2_adv_CLKIN1_CLKOUT0)
                                                     -4.637    37.335 r  video1/mmcm_adv_inst_display_clocks/inst/mmcm_adv_inst/CLKOUT0
                         net (fo=1, routed)           2.574    39.909    video1/mmcm_adv_inst_display_clocks/inst/clk_out1_clk_wiz_0
    BUFGCTRL_X0Y2        BUFG (Prop_bufg_I_O)         0.091    40.000 r  video1/mmcm_adv_inst_display_clocks/inst/clkout1_buf/O
                         net (fo=64, routed)          1.701    41.701    video1/inst_dvid/TDMS_encoder_blue/clk_out1
    SLICE_X160Y128       FDRE                                         r  video1/inst_dvid/TDMS_encoder_blue/dc_bias_reg[3]/C
                         clock pessimism              0.075    41.776    
                         clock uncertainty           -0.095    41.682    
    SLICE_X160Y128       FDRE (Setup_fdre_C_D)        0.029    41.711    video1/inst_dvid/TDMS_encoder_blue/dc_bias_reg[3]
  -------------------------------------------------------------------
                         required time                         41.711    
                         arrival time                         -22.409    
  -------------------------------------------------------------------
                         slack                                 19.302    

Slack (MET) :             19.313ns  (required time - arrival time)
  Source:                 video1/Inst_vga/vga_signal_generator1/vertical_counter/processQ_reg[4]/C
                            (rising edge-triggered cell FDRE clocked by clk_out1_clk_wiz_0  {rise@0.000ns fall@20.000ns period=40.000ns})
  Destination:            video1/inst_dvid/TDMS_encoder_red/dc_bias_reg[1]/D
                            (rising edge-triggered cell FDRE clocked by clk_out1_clk_wiz_0  {rise@0.000ns fall@20.000ns period=40.000ns})
  Path Group:             clk_out1_clk_wiz_0
  Path Type:              Setup (Max at Slow Process Corner)
  Requirement:            40.000ns  (clk_out1_clk_wiz_0 rise@40.000ns - clk_out1_clk_wiz_0 rise@0.000ns)
  Data Path Delay:        20.619ns  (logic 7.032ns (34.105%)  route 13.587ns (65.895%))
  Logic Levels:           25  (CARRY4=12 LUT3=2 LUT4=2 LUT5=5 LUT6=4)
  Clock Path Skew:        -0.049ns (DCD - SCD + CPR)
    Destination Clock Delay (DCD):    1.701ns = ( 41.701 - 40.000 ) 
    Source Clock Delay      (SCD):    1.825ns
    Clock Pessimism Removal (CPR):    0.075ns
  Clock Uncertainty:      0.095ns  ((TSJ^2 + DJ^2)^1/2) / 2 + PE
    Total System Jitter     (TSJ):    0.071ns
    Discrete Jitter          (DJ):    0.175ns
    Phase Error              (PE):    0.000ns

    Location             Delay type                Incr(ns)  Path(ns)    Netlist Resource(s)
  -------------------------------------------------------------------    -------------------
                         (clock clk_out1_clk_wiz_0 rise edge)
                                                      0.000     0.000 r  
    BUFGCTRL_X0Y1        BUFG                         0.000     0.000 r  clk_IBUF_BUFG_inst/O
                         net (fo=116, routed)         2.106     2.106    video1/mmcm_adv_inst_display_clocks/inst/clk_in1
    MMCME2_ADV_X1Y0      MMCME2_ADV (Prop_mmcme2_adv_CLKIN1_CLKOUT0)
                                                     -4.900    -2.793 r  video1/mmcm_adv_inst_display_clocks/inst/mmcm_adv_inst/CLKOUT0
                         net (fo=1, routed)           2.697    -0.096    video1/mmcm_adv_inst_display_clocks/inst/clk_out1_clk_wiz_0
    BUFGCTRL_X0Y2        BUFG (Prop_bufg_I_O)         0.096    -0.000 r  video1/mmcm_adv_inst_display_clocks/inst/clkout1_buf/O
                         net (fo=64, routed)          1.825     1.825    video1/Inst_vga/vga_signal_generator1/vertical_counter/clk_out1
    SLICE_X156Y114       FDRE                                         r  video1/Inst_vga/vga_signal_generator1/vertical_counter/processQ_reg[4]/C
  -------------------------------------------------------------------    -------------------
    SLICE_X156Y114       FDRE (Prop_fdre_C_Q)         0.456     2.281 r  video1/Inst_vga/vga_signal_generator1/vertical_counter/processQ_reg[4]/Q
                         net (fo=47, routed)          1.703     3.984    video1/Inst_vga/vga_signal_generator1/vertical_counter/Q[2]
    SLICE_X154Y118       LUT3 (Prop_lut3_I0_O)        0.152     4.136 r  video1/Inst_vga/vga_signal_generator1/vertical_counter/dc_bias[3]_i_26/O
                         net (fo=52, routed)          1.457     5.593    video1/Inst_vga/color_mapper1/dc_bias_reg[3]_i_287_0
    SLICE_X153Y124       LUT6 (Prop_lut6_I2_O)        0.348     5.941 f  video1/Inst_vga/color_mapper1/dc_bias[3]_i_418/O
                         net (fo=20, routed)          2.271     8.212    video1/Inst_vga/vga_signal_generator1/vertical_counter/is_trigger_time3[6]
    SLICE_X145Y115       LUT5 (Prop_lut5_I0_O)        0.124     8.336 r  video1/Inst_vga/vga_signal_generator1/vertical_counter/dc_bias[3]_i_501/O
                         net (fo=4, routed)           0.773     9.109    video1/Inst_vga/color_mapper1/dc_bias[3]_i_487[1]
    SLICE_X150Y114       LUT5 (Prop_lut5_I0_O)        0.124     9.233 r  video1/Inst_vga/color_mapper1/dc_bias[3]_i_789/O
                         net (fo=1, routed)           0.000     9.233    video1/Inst_vga/color_mapper1/dc_bias[3]_i_789_n_0
    SLICE_X150Y114       CARRY4 (Prop_carry4_S[2]_CO[3])
                                                      0.380     9.613 r  video1/Inst_vga/color_mapper1/dc_bias_reg[3]_i_725/CO[3]
                         net (fo=1, routed)           0.000     9.613    video1/Inst_vga/color_mapper1/dc_bias_reg[3]_i_725_n_0
    SLICE_X150Y115       CARRY4 (Prop_carry4_CI_CO[3])
                                                      0.117     9.730 r  video1/Inst_vga/color_mapper1/dc_bias_reg[3]_i_600/CO[3]
                         net (fo=1, routed)           0.000     9.730    video1/Inst_vga/color_mapper1/dc_bias_reg[3]_i_600_n_0
    SLICE_X150Y116       CARRY4 (Prop_carry4_CI_CO[3])
                                                      0.117     9.847 r  video1/Inst_vga/color_mapper1/dc_bias_reg[3]_i_486/CO[3]
                         net (fo=1, routed)           0.000     9.847    video1/Inst_vga/color_mapper1/dc_bias_reg[3]_i_486_n_0
    SLICE_X150Y117       CARRY4 (Prop_carry4_CI_CO[3])
                                                      0.117     9.964 r  video1/Inst_vga/color_mapper1/dc_bias_reg[3]_i_333/CO[3]
                         net (fo=1, routed)           0.000     9.964    video1/Inst_vga/color_mapper1/dc_bias_reg[3]_i_333_n_0
    SLICE_X150Y118       CARRY4 (Prop_carry4_CI_O[2])
                                                      0.239    10.203 r  video1/Inst_vga/color_mapper1/dc_bias_reg[3]_i_524/O[2]
                         net (fo=3, routed)           0.959    11.162    video1/Inst_vga/vga_signal_generator1/vertical_counter/dc_bias[3]_i_407[0]
    SLICE_X149Y121       LUT5 (Prop_lut5_I4_O)        0.329    11.491 r  video1/Inst_vga/vga_signal_generator1/vertical_counter/dc_bias[3]_i_345/O
                         net (fo=2, routed)           0.583    12.074    video1/Inst_vga/color_mapper1/dc_bias_reg[3]_i_225_0[0]
    SLICE_X148Y121       CARRY4 (Prop_carry4_DI[3]_CO[3])
                                                      0.598    12.672 r  video1/Inst_vga/color_mapper1/dc_bias_reg[3]_i_225/CO[3]
                         net (fo=1, routed)           0.000    12.672    video1/Inst_vga/color_mapper1/dc_bias_reg[3]_i_225_n_0
    SLICE_X148Y122       CARRY4 (Prop_carry4_CI_O[0])
                                                      0.219    12.891 r  video1/Inst_vga/color_mapper1/dc_bias_reg[3]_i_237/O[0]
                         net (fo=4, routed)           1.116    14.007    video1/Inst_vga/color_mapper1/dc_bias_reg[3]_i_237_n_7
    SLICE_X145Y119       LUT3 (Prop_lut3_I2_O)        0.323    14.330 r  video1/Inst_vga/color_mapper1/dc_bias[3]_i_229/O
                         net (fo=1, routed)           0.433    14.764    video1/Inst_vga/color_mapper1/dc_bias[3]_i_229_n_0
    SLICE_X145Y119       LUT5 (Prop_lut5_I4_O)        0.326    15.090 r  video1/Inst_vga/color_mapper1/dc_bias[3]_i_162/O
                         net (fo=2, routed)           0.403    15.493    video1/Inst_vga/color_mapper1/dc_bias[3]_i_162_n_0
    SLICE_X147Y119       LUT6 (Prop_lut6_I0_O)        0.124    15.617 r  video1/Inst_vga/color_mapper1/dc_bias[3]_i_166/O
                         net (fo=1, routed)           0.000    15.617    video1/Inst_vga/color_mapper1/dc_bias[3]_i_166_n_0
    SLICE_X147Y119       CARRY4 (Prop_carry4_S[3]_CO[3])
                                                      0.401    16.018 r  video1/Inst_vga/color_mapper1/dc_bias_reg[3]_i_81/CO[3]
                         net (fo=1, routed)           0.000    16.018    video1/Inst_vga/color_mapper1/dc_bias_reg[3]_i_81_n_0
    SLICE_X147Y120       CARRY4 (Prop_carry4_CI_O[0])
                                                      0.222    16.240 r  video1/Inst_vga/color_mapper1/dc_bias_reg[3]_i_158/O[0]
                         net (fo=2, routed)           0.474    16.714    video1/Inst_vga/color_mapper1/dc_bias_reg[3]_i_158_n_7
    SLICE_X145Y120       CARRY4 (Prop_carry4_S[0]_O[1])
                                                      0.723    17.437 r  video1/Inst_vga/color_mapper1/dc_bias_reg[3]_i_80/O[1]
                         net (fo=1, routed)           0.771    18.208    video1/Inst_vga/vga_signal_generator1/vertical_counter/dc_bias_reg[3]_i_12[1]
    SLICE_X154Y119       LUT5 (Prop_lut5_I4_O)        0.303    18.511 r  video1/Inst_vga/vga_signal_generator1/vertical_counter/dc_bias[3]_i_42/O
                         net (fo=1, routed)           0.000    18.511    video1/Inst_vga/color_mapper1/dc_bias[3]_i_10_1[3]
    SLICE_X154Y119       CARRY4 (Prop_carry4_S[3]_CO[3])
                                                      0.376    18.887 r  video1/Inst_vga/color_mapper1/dc_bias_reg[3]_i_12/CO[3]
                         net (fo=1, routed)           0.000    18.887    video1/Inst_vga/color_mapper1/dc_bias_reg[3]_i_12_n_0
    SLICE_X154Y120       CARRY4 (Prop_carry4_CI_O[0])
                                                      0.219    19.106 f  video1/Inst_vga/color_mapper1/dc_bias_reg[3]_i_13/O[0]
                         net (fo=2, routed)           0.670    19.775    video1/Inst_vga/color_mapper1/dc_bias_reg[3]_i_13_n_7
    SLICE_X156Y119       LUT4 (Prop_lut4_I0_O)        0.295    20.070 f  video1/Inst_vga/color_mapper1/dc_bias[3]_i_9/O
                         net (fo=1, routed)           0.280    20.350    video1/Inst_vga/color_mapper1/dc_bias[3]_i_9_n_0
    SLICE_X156Y119       LUT6 (Prop_lut6_I0_O)        0.124    20.474 f  video1/Inst_vga/color_mapper1/dc_bias[3]_i_3__0/O
                         net (fo=4, routed)           0.622    21.096    video1/Inst_vga/vga_signal_generator1/vertical_counter/encoded_reg[0]_3
    SLICE_X158Y123       LUT6 (Prop_lut6_I0_O)        0.124    21.220 r  video1/Inst_vga/vga_signal_generator1/vertical_counter/dc_bias[3]_i_2__1/O
                         net (fo=14, routed)          1.072    22.292    video1/inst_dvid/TDMS_encoder_red/pixel[color][0]
    SLICE_X161Y128       LUT4 (Prop_lut4_I3_O)        0.152    22.444 r  video1/inst_dvid/TDMS_encoder_red/dc_bias[1]_i_1__1/O
                         net (fo=1, routed)           0.000    22.444    video1/inst_dvid/TDMS_encoder_red/dc_bias[1]_i_1__1_n_0
    SLICE_X161Y128       FDRE                                         r  video1/inst_dvid/TDMS_encoder_red/dc_bias_reg[1]/D
  -------------------------------------------------------------------    -------------------

                         (clock clk_out1_clk_wiz_0 rise edge)
                                                     40.000    40.000 r  
    BUFGCTRL_X0Y1        BUFG                         0.000    40.000 r  clk_IBUF_BUFG_inst/O
                         net (fo=116, routed)         1.972    41.972    video1/mmcm_adv_inst_display_clocks/inst/clk_in1
    MMCME2_ADV_X1Y0      MMCME2_ADV (Prop_mmcme2_adv_CLKIN1_CLKOUT0)
                                                     -4.637    37.335 r  video1/mmcm_adv_inst_display_clocks/inst/mmcm_adv_inst/CLKOUT0
                         net (fo=1, routed)           2.574    39.909    video1/mmcm_adv_inst_display_clocks/inst/clk_out1_clk_wiz_0
    BUFGCTRL_X0Y2        BUFG (Prop_bufg_I_O)         0.091    40.000 r  video1/mmcm_adv_inst_display_clocks/inst/clkout1_buf/O
                         net (fo=64, routed)          1.701    41.701    video1/inst_dvid/TDMS_encoder_red/clk_out1
    SLICE_X161Y128       FDRE                                         r  video1/inst_dvid/TDMS_encoder_red/dc_bias_reg[1]/C
                         clock pessimism              0.075    41.776    
                         clock uncertainty           -0.095    41.682    
    SLICE_X161Y128       FDRE (Setup_fdre_C_D)        0.075    41.757    video1/inst_dvid/TDMS_encoder_red/dc_bias_reg[1]
  -------------------------------------------------------------------
                         required time                         41.757    
                         arrival time                         -22.444    
  -------------------------------------------------------------------
                         slack                                 19.313    

Slack (MET) :             19.314ns  (required time - arrival time)
  Source:                 video1/Inst_vga/vga_signal_generator1/vertical_counter/processQ_reg[4]/C
                            (rising edge-triggered cell FDRE clocked by clk_out1_clk_wiz_0  {rise@0.000ns fall@20.000ns period=40.000ns})
  Destination:            video1/inst_dvid/TDMS_encoder_red/dc_bias_reg[3]/D
                            (rising edge-triggered cell FDRE clocked by clk_out1_clk_wiz_0  {rise@0.000ns fall@20.000ns period=40.000ns})
  Path Group:             clk_out1_clk_wiz_0
  Path Type:              Setup (Max at Slow Process Corner)
  Requirement:            40.000ns  (clk_out1_clk_wiz_0 rise@40.000ns - clk_out1_clk_wiz_0 rise@0.000ns)
  Data Path Delay:        20.618ns  (logic 7.032ns (34.106%)  route 13.586ns (65.894%))
  Logic Levels:           25  (CARRY4=12 LUT3=2 LUT4=1 LUT5=6 LUT6=4)
  Clock Path Skew:        -0.049ns (DCD - SCD + CPR)
    Destination Clock Delay (DCD):    1.701ns = ( 41.701 - 40.000 ) 
    Source Clock Delay      (SCD):    1.825ns
    Clock Pessimism Removal (CPR):    0.075ns
  Clock Uncertainty:      0.095ns  ((TSJ^2 + DJ^2)^1/2) / 2 + PE
    Total System Jitter     (TSJ):    0.071ns
    Discrete Jitter          (DJ):    0.175ns
    Phase Error              (PE):    0.000ns

    Location             Delay type                Incr(ns)  Path(ns)    Netlist Resource(s)
  -------------------------------------------------------------------    -------------------
                         (clock clk_out1_clk_wiz_0 rise edge)
                                                      0.000     0.000 r  
    BUFGCTRL_X0Y1        BUFG                         0.000     0.000 r  clk_IBUF_BUFG_inst/O
                         net (fo=116, routed)         2.106     2.106    video1/mmcm_adv_inst_display_clocks/inst/clk_in1
    MMCME2_ADV_X1Y0      MMCME2_ADV (Prop_mmcme2_adv_CLKIN1_CLKOUT0)
                                                     -4.900    -2.793 r  video1/mmcm_adv_inst_display_clocks/inst/mmcm_adv_inst/CLKOUT0
                         net (fo=1, routed)           2.697    -0.096    video1/mmcm_adv_inst_display_clocks/inst/clk_out1_clk_wiz_0
    BUFGCTRL_X0Y2        BUFG (Prop_bufg_I_O)         0.096    -0.000 r  video1/mmcm_adv_inst_display_clocks/inst/clkout1_buf/O
                         net (fo=64, routed)          1.825     1.825    video1/Inst_vga/vga_signal_generator1/vertical_counter/clk_out1
    SLICE_X156Y114       FDRE                                         r  video1/Inst_vga/vga_signal_generator1/vertical_counter/processQ_reg[4]/C
  -------------------------------------------------------------------    -------------------
    SLICE_X156Y114       FDRE (Prop_fdre_C_Q)         0.456     2.281 r  video1/Inst_vga/vga_signal_generator1/vertical_counter/processQ_reg[4]/Q
                         net (fo=47, routed)          1.703     3.984    video1/Inst_vga/vga_signal_generator1/vertical_counter/Q[2]
    SLICE_X154Y118       LUT3 (Prop_lut3_I0_O)        0.152     4.136 r  video1/Inst_vga/vga_signal_generator1/vertical_counter/dc_bias[3]_i_26/O
                         net (fo=52, routed)          1.457     5.593    video1/Inst_vga/color_mapper1/dc_bias_reg[3]_i_287_0
    SLICE_X153Y124       LUT6 (Prop_lut6_I2_O)        0.348     5.941 f  video1/Inst_vga/color_mapper1/dc_bias[3]_i_418/O
                         net (fo=20, routed)          2.271     8.212    video1/Inst_vga/vga_signal_generator1/vertical_counter/is_trigger_time3[6]
    SLICE_X145Y115       LUT5 (Prop_lut5_I0_O)        0.124     8.336 r  video1/Inst_vga/vga_signal_generator1/vertical_counter/dc_bias[3]_i_501/O
                         net (fo=4, routed)           0.773     9.109    video1/Inst_vga/color_mapper1/dc_bias[3]_i_487[1]
    SLICE_X150Y114       LUT5 (Prop_lut5_I0_O)        0.124     9.233 r  video1/Inst_vga/color_mapper1/dc_bias[3]_i_789/O
                         net (fo=1, routed)           0.000     9.233    video1/Inst_vga/color_mapper1/dc_bias[3]_i_789_n_0
    SLICE_X150Y114       CARRY4 (Prop_carry4_S[2]_CO[3])
                                                      0.380     9.613 r  video1/Inst_vga/color_mapper1/dc_bias_reg[3]_i_725/CO[3]
                         net (fo=1, routed)           0.000     9.613    video1/Inst_vga/color_mapper1/dc_bias_reg[3]_i_725_n_0
    SLICE_X150Y115       CARRY4 (Prop_carry4_CI_CO[3])
                                                      0.117     9.730 r  video1/Inst_vga/color_mapper1/dc_bias_reg[3]_i_600/CO[3]
                         net (fo=1, routed)           0.000     9.730    video1/Inst_vga/color_mapper1/dc_bias_reg[3]_i_600_n_0
    SLICE_X150Y116       CARRY4 (Prop_carry4_CI_CO[3])
                                                      0.117     9.847 r  video1/Inst_vga/color_mapper1/dc_bias_reg[3]_i_486/CO[3]
                         net (fo=1, routed)           0.000     9.847    video1/Inst_vga/color_mapper1/dc_bias_reg[3]_i_486_n_0
    SLICE_X150Y117       CARRY4 (Prop_carry4_CI_CO[3])
                                                      0.117     9.964 r  video1/Inst_vga/color_mapper1/dc_bias_reg[3]_i_333/CO[3]
                         net (fo=1, routed)           0.000     9.964    video1/Inst_vga/color_mapper1/dc_bias_reg[3]_i_333_n_0
    SLICE_X150Y118       CARRY4 (Prop_carry4_CI_O[2])
                                                      0.239    10.203 r  video1/Inst_vga/color_mapper1/dc_bias_reg[3]_i_524/O[2]
                         net (fo=3, routed)           0.959    11.162    video1/Inst_vga/vga_signal_generator1/vertical_counter/dc_bias[3]_i_407[0]
    SLICE_X149Y121       LUT5 (Prop_lut5_I4_O)        0.329    11.491 r  video1/Inst_vga/vga_signal_generator1/vertical_counter/dc_bias[3]_i_345/O
                         net (fo=2, routed)           0.583    12.074    video1/Inst_vga/color_mapper1/dc_bias_reg[3]_i_225_0[0]
    SLICE_X148Y121       CARRY4 (Prop_carry4_DI[3]_CO[3])
                                                      0.598    12.672 r  video1/Inst_vga/color_mapper1/dc_bias_reg[3]_i_225/CO[3]
                         net (fo=1, routed)           0.000    12.672    video1/Inst_vga/color_mapper1/dc_bias_reg[3]_i_225_n_0
    SLICE_X148Y122       CARRY4 (Prop_carry4_CI_O[0])
                                                      0.219    12.891 r  video1/Inst_vga/color_mapper1/dc_bias_reg[3]_i_237/O[0]
                         net (fo=4, routed)           1.116    14.007    video1/Inst_vga/color_mapper1/dc_bias_reg[3]_i_237_n_7
    SLICE_X145Y119       LUT3 (Prop_lut3_I2_O)        0.323    14.330 r  video1/Inst_vga/color_mapper1/dc_bias[3]_i_229/O
                         net (fo=1, routed)           0.433    14.764    video1/Inst_vga/color_mapper1/dc_bias[3]_i_229_n_0
    SLICE_X145Y119       LUT5 (Prop_lut5_I4_O)        0.326    15.090 r  video1/Inst_vga/color_mapper1/dc_bias[3]_i_162/O
                         net (fo=2, routed)           0.403    15.493    video1/Inst_vga/color_mapper1/dc_bias[3]_i_162_n_0
    SLICE_X147Y119       LUT6 (Prop_lut6_I0_O)        0.124    15.617 r  video1/Inst_vga/color_mapper1/dc_bias[3]_i_166/O
                         net (fo=1, routed)           0.000    15.617    video1/Inst_vga/color_mapper1/dc_bias[3]_i_166_n_0
    SLICE_X147Y119       CARRY4 (Prop_carry4_S[3]_CO[3])
                                                      0.401    16.018 r  video1/Inst_vga/color_mapper1/dc_bias_reg[3]_i_81/CO[3]
                         net (fo=1, routed)           0.000    16.018    video1/Inst_vga/color_mapper1/dc_bias_reg[3]_i_81_n_0
    SLICE_X147Y120       CARRY4 (Prop_carry4_CI_O[0])
                                                      0.222    16.240 r  video1/Inst_vga/color_mapper1/dc_bias_reg[3]_i_158/O[0]
                         net (fo=2, routed)           0.474    16.714    video1/Inst_vga/color_mapper1/dc_bias_reg[3]_i_158_n_7
    SLICE_X145Y120       CARRY4 (Prop_carry4_S[0]_O[1])
                                                      0.723    17.437 r  video1/Inst_vga/color_mapper1/dc_bias_reg[3]_i_80/O[1]
                         net (fo=1, routed)           0.771    18.208    video1/Inst_vga/vga_signal_generator1/vertical_counter/dc_bias_reg[3]_i_12[1]
    SLICE_X154Y119       LUT5 (Prop_lut5_I4_O)        0.303    18.511 r  video1/Inst_vga/vga_signal_generator1/vertical_counter/dc_bias[3]_i_42/O
                         net (fo=1, routed)           0.000    18.511    video1/Inst_vga/color_mapper1/dc_bias[3]_i_10_1[3]
    SLICE_X154Y119       CARRY4 (Prop_carry4_S[3]_CO[3])
                                                      0.376    18.887 r  video1/Inst_vga/color_mapper1/dc_bias_reg[3]_i_12/CO[3]
                         net (fo=1, routed)           0.000    18.887    video1/Inst_vga/color_mapper1/dc_bias_reg[3]_i_12_n_0
    SLICE_X154Y120       CARRY4 (Prop_carry4_CI_O[0])
                                                      0.219    19.106 f  video1/Inst_vga/color_mapper1/dc_bias_reg[3]_i_13/O[0]
                         net (fo=2, routed)           0.670    19.775    video1/Inst_vga/color_mapper1/dc_bias_reg[3]_i_13_n_7
    SLICE_X156Y119       LUT4 (Prop_lut4_I0_O)        0.295    20.070 f  video1/Inst_vga/color_mapper1/dc_bias[3]_i_9/O
                         net (fo=1, routed)           0.280    20.350    video1/Inst_vga/color_mapper1/dc_bias[3]_i_9_n_0
    SLICE_X156Y119       LUT6 (Prop_lut6_I0_O)        0.124    20.474 f  video1/Inst_vga/color_mapper1/dc_bias[3]_i_3__0/O
                         net (fo=4, routed)           0.622    21.096    video1/Inst_vga/vga_signal_generator1/vertical_counter/encoded_reg[0]_3
    SLICE_X158Y123       LUT6 (Prop_lut6_I0_O)        0.124    21.220 r  video1/Inst_vga/vga_signal_generator1/vertical_counter/dc_bias[3]_i_2__1/O
                         net (fo=14, routed)          1.071    22.291    video1/inst_dvid/TDMS_encoder_red/pixel[color][0]
    SLICE_X161Y128       LUT5 (Prop_lut5_I4_O)        0.152    22.443 r  video1/inst_dvid/TDMS_encoder_red/dc_bias[3]_i_1__1/O
                         net (fo=1, routed)           0.000    22.443    video1/inst_dvid/TDMS_encoder_red/dc_bias[3]_i_1__1_n_0
    SLICE_X161Y128       FDRE                                         r  video1/inst_dvid/TDMS_encoder_red/dc_bias_reg[3]/D
  -------------------------------------------------------------------    -------------------

                         (clock clk_out1_clk_wiz_0 rise edge)
                                                     40.000    40.000 r  
    BUFGCTRL_X0Y1        BUFG                         0.000    40.000 r  clk_IBUF_BUFG_inst/O
                         net (fo=116, routed)         1.972    41.972    video1/mmcm_adv_inst_display_clocks/inst/clk_in1
    MMCME2_ADV_X1Y0      MMCME2_ADV (Prop_mmcme2_adv_CLKIN1_CLKOUT0)
                                                     -4.637    37.335 r  video1/mmcm_adv_inst_display_clocks/inst/mmcm_adv_inst/CLKOUT0
                         net (fo=1, routed)           2.574    39.909    video1/mmcm_adv_inst_display_clocks/inst/clk_out1_clk_wiz_0
    BUFGCTRL_X0Y2        BUFG (Prop_bufg_I_O)         0.091    40.000 r  video1/mmcm_adv_inst_display_clocks/inst/clkout1_buf/O
                         net (fo=64, routed)          1.701    41.701    video1/inst_dvid/TDMS_encoder_red/clk_out1
    SLICE_X161Y128       FDRE                                         r  video1/inst_dvid/TDMS_encoder_red/dc_bias_reg[3]/C
                         clock pessimism              0.075    41.776    
                         clock uncertainty           -0.095    41.682    
    SLICE_X161Y128       FDRE (Setup_fdre_C_D)        0.075    41.757    video1/inst_dvid/TDMS_encoder_red/dc_bias_reg[3]
  -------------------------------------------------------------------
                         required time                         41.757    
                         arrival time                         -22.443    
  -------------------------------------------------------------------
                         slack                                 19.314    

Slack (MET) :             19.369ns  (required time - arrival time)
  Source:                 video1/Inst_vga/vga_signal_generator1/vertical_counter/processQ_reg[4]/C
                            (rising edge-triggered cell FDRE clocked by clk_out1_clk_wiz_0  {rise@0.000ns fall@20.000ns period=40.000ns})
  Destination:            video1/inst_dvid/TDMS_encoder_green/dc_bias_reg[0]/D
                            (rising edge-triggered cell FDRE clocked by clk_out1_clk_wiz_0  {rise@0.000ns fall@20.000ns period=40.000ns})
  Path Group:             clk_out1_clk_wiz_0
  Path Type:              Setup (Max at Slow Process Corner)
  Requirement:            40.000ns  (clk_out1_clk_wiz_0 rise@40.000ns - clk_out1_clk_wiz_0 rise@0.000ns)
  Data Path Delay:        20.521ns  (logic 7.004ns (34.131%)  route 13.517ns (65.869%))
  Logic Levels:           25  (CARRY4=12 LUT3=2 LUT4=1 LUT5=5 LUT6=5)
  Clock Path Skew:        -0.045ns (DCD - SCD + CPR)
    Destination Clock Delay (DCD):    1.705ns = ( 41.705 - 40.000 ) 
    Source Clock Delay      (SCD):    1.825ns
    Clock Pessimism Removal (CPR):    0.075ns
  Clock Uncertainty:      0.095ns  ((TSJ^2 + DJ^2)^1/2) / 2 + PE
    Total System Jitter     (TSJ):    0.071ns
    Discrete Jitter          (DJ):    0.175ns
    Phase Error              (PE):    0.000ns

    Location             Delay type                Incr(ns)  Path(ns)    Netlist Resource(s)
  -------------------------------------------------------------------    -------------------
                         (clock clk_out1_clk_wiz_0 rise edge)
                                                      0.000     0.000 r  
    BUFGCTRL_X0Y1        BUFG                         0.000     0.000 r  clk_IBUF_BUFG_inst/O
                         net (fo=116, routed)         2.106     2.106    video1/mmcm_adv_inst_display_clocks/inst/clk_in1
    MMCME2_ADV_X1Y0      MMCME2_ADV (Prop_mmcme2_adv_CLKIN1_CLKOUT0)
                                                     -4.900    -2.793 r  video1/mmcm_adv_inst_display_clocks/inst/mmcm_adv_inst/CLKOUT0
                         net (fo=1, routed)           2.697    -0.096    video1/mmcm_adv_inst_display_clocks/inst/clk_out1_clk_wiz_0
    BUFGCTRL_X0Y2        BUFG (Prop_bufg_I_O)         0.096    -0.000 r  video1/mmcm_adv_inst_display_clocks/inst/clkout1_buf/O
                         net (fo=64, routed)          1.825     1.825    video1/Inst_vga/vga_signal_generator1/vertical_counter/clk_out1
    SLICE_X156Y114       FDRE                                         r  video1/Inst_vga/vga_signal_generator1/vertical_counter/processQ_reg[4]/C
  -------------------------------------------------------------------    -------------------
    SLICE_X156Y114       FDRE (Prop_fdre_C_Q)         0.456     2.281 r  video1/Inst_vga/vga_signal_generator1/vertical_counter/processQ_reg[4]/Q
                         net (fo=47, routed)          1.703     3.984    video1/Inst_vga/vga_signal_generator1/vertical_counter/Q[2]
    SLICE_X154Y118       LUT3 (Prop_lut3_I0_O)        0.152     4.136 r  video1/Inst_vga/vga_signal_generator1/vertical_counter/dc_bias[3]_i_26/O
                         net (fo=52, routed)          1.457     5.593    video1/Inst_vga/color_mapper1/dc_bias_reg[3]_i_287_0
    SLICE_X153Y124       LUT6 (Prop_lut6_I2_O)        0.348     5.941 f  video1/Inst_vga/color_mapper1/dc_bias[3]_i_418/O
                         net (fo=20, routed)          2.271     8.212    video1/Inst_vga/vga_signal_generator1/vertical_counter/is_trigger_time3[6]
    SLICE_X145Y115       LUT5 (Prop_lut5_I0_O)        0.124     8.336 r  video1/Inst_vga/vga_signal_generator1/vertical_counter/dc_bias[3]_i_501/O
                         net (fo=4, routed)           0.773     9.109    video1/Inst_vga/color_mapper1/dc_bias[3]_i_487[1]
    SLICE_X150Y114       LUT5 (Prop_lut5_I0_O)        0.124     9.233 r  video1/Inst_vga/color_mapper1/dc_bias[3]_i_789/O
                         net (fo=1, routed)           0.000     9.233    video1/Inst_vga/color_mapper1/dc_bias[3]_i_789_n_0
    SLICE_X150Y114       CARRY4 (Prop_carry4_S[2]_CO[3])
                                                      0.380     9.613 r  video1/Inst_vga/color_mapper1/dc_bias_reg[3]_i_725/CO[3]
                         net (fo=1, routed)           0.000     9.613    video1/Inst_vga/color_mapper1/dc_bias_reg[3]_i_725_n_0
    SLICE_X150Y115       CARRY4 (Prop_carry4_CI_CO[3])
                                                      0.117     9.730 r  video1/Inst_vga/color_mapper1/dc_bias_reg[3]_i_600/CO[3]
                         net (fo=1, routed)           0.000     9.730    video1/Inst_vga/color_mapper1/dc_bias_reg[3]_i_600_n_0
    SLICE_X150Y116       CARRY4 (Prop_carry4_CI_CO[3])
                                                      0.117     9.847 r  video1/Inst_vga/color_mapper1/dc_bias_reg[3]_i_486/CO[3]
                         net (fo=1, routed)           0.000     9.847    video1/Inst_vga/color_mapper1/dc_bias_reg[3]_i_486_n_0
    SLICE_X150Y117       CARRY4 (Prop_carry4_CI_CO[3])
                                                      0.117     9.964 r  video1/Inst_vga/color_mapper1/dc_bias_reg[3]_i_333/CO[3]
                         net (fo=1, routed)           0.000     9.964    video1/Inst_vga/color_mapper1/dc_bias_reg[3]_i_333_n_0
    SLICE_X150Y118       CARRY4 (Prop_carry4_CI_O[2])
                                                      0.239    10.203 r  video1/Inst_vga/color_mapper1/dc_bias_reg[3]_i_524/O[2]
                         net (fo=3, routed)           0.959    11.162    video1/Inst_vga/vga_signal_generator1/vertical_counter/dc_bias[3]_i_407[0]
    SLICE_X149Y121       LUT5 (Prop_lut5_I4_O)        0.329    11.491 r  video1/Inst_vga/vga_signal_generator1/vertical_counter/dc_bias[3]_i_345/O
                         net (fo=2, routed)           0.583    12.074    video1/Inst_vga/color_mapper1/dc_bias_reg[3]_i_225_0[0]
    SLICE_X148Y121       CARRY4 (Prop_carry4_DI[3]_CO[3])
                                                      0.598    12.672 r  video1/Inst_vga/color_mapper1/dc_bias_reg[3]_i_225/CO[3]
                         net (fo=1, routed)           0.000    12.672    video1/Inst_vga/color_mapper1/dc_bias_reg[3]_i_225_n_0
    SLICE_X148Y122       CARRY4 (Prop_carry4_CI_O[0])
                                                      0.219    12.891 r  video1/Inst_vga/color_mapper1/dc_bias_reg[3]_i_237/O[0]
                         net (fo=4, routed)           1.116    14.007    video1/Inst_vga/color_mapper1/dc_bias_reg[3]_i_237_n_7
    SLICE_X145Y119       LUT3 (Prop_lut3_I2_O)        0.323    14.330 r  video1/Inst_vga/color_mapper1/dc_bias[3]_i_229/O
                         net (fo=1, routed)           0.433    14.764    video1/Inst_vga/color_mapper1/dc_bias[3]_i_229_n_0
    SLICE_X145Y119       LUT5 (Prop_lut5_I4_O)        0.326    15.090 r  video1/Inst_vga/color_mapper1/dc_bias[3]_i_162/O
                         net (fo=2, routed)           0.403    15.493    video1/Inst_vga/color_mapper1/dc_bias[3]_i_162_n_0
    SLICE_X147Y119       LUT6 (Prop_lut6_I0_O)        0.124    15.617 r  video1/Inst_vga/color_mapper1/dc_bias[3]_i_166/O
                         net (fo=1, routed)           0.000    15.617    video1/Inst_vga/color_mapper1/dc_bias[3]_i_166_n_0
    SLICE_X147Y119       CARRY4 (Prop_carry4_S[3]_CO[3])
                                                      0.401    16.018 r  video1/Inst_vga/color_mapper1/dc_bias_reg[3]_i_81/CO[3]
                         net (fo=1, routed)           0.000    16.018    video1/Inst_vga/color_mapper1/dc_bias_reg[3]_i_81_n_0
    SLICE_X147Y120       CARRY4 (Prop_carry4_CI_O[0])
                                                      0.222    16.240 r  video1/Inst_vga/color_mapper1/dc_bias_reg[3]_i_158/O[0]
                         net (fo=2, routed)           0.474    16.714    video1/Inst_vga/color_mapper1/dc_bias_reg[3]_i_158_n_7
    SLICE_X145Y120       CARRY4 (Prop_carry4_S[0]_O[1])
                                                      0.723    17.437 r  video1/Inst_vga/color_mapper1/dc_bias_reg[3]_i_80/O[1]
                         net (fo=1, routed)           0.771    18.208    video1/Inst_vga/vga_signal_generator1/vertical_counter/dc_bias_reg[3]_i_12[1]
    SLICE_X154Y119       LUT5 (Prop_lut5_I4_O)        0.303    18.511 r  video1/Inst_vga/vga_signal_generator1/vertical_counter/dc_bias[3]_i_42/O
                         net (fo=1, routed)           0.000    18.511    video1/Inst_vga/color_mapper1/dc_bias[3]_i_10_1[3]
    SLICE_X154Y119       CARRY4 (Prop_carry4_S[3]_CO[3])
                                                      0.376    18.887 r  video1/Inst_vga/color_mapper1/dc_bias_reg[3]_i_12/CO[3]
                         net (fo=1, routed)           0.000    18.887    video1/Inst_vga/color_mapper1/dc_bias_reg[3]_i_12_n_0
    SLICE_X154Y120       CARRY4 (Prop_carry4_CI_O[0])
                                                      0.219    19.106 f  video1/Inst_vga/color_mapper1/dc_bias_reg[3]_i_13/O[0]
                         net (fo=2, routed)           0.670    19.775    video1/Inst_vga/color_mapper1/dc_bias_reg[3]_i_13_n_7
    SLICE_X156Y119       LUT4 (Prop_lut4_I0_O)        0.295    20.070 f  video1/Inst_vga/color_mapper1/dc_bias[3]_i_9/O
                         net (fo=1, routed)           0.280    20.350    video1/Inst_vga/color_mapper1/dc_bias[3]_i_9_n_0
    SLICE_X156Y119       LUT6 (Prop_lut6_I0_O)        0.124    20.474 f  video1/Inst_vga/color_mapper1/dc_bias[3]_i_3__0/O
                         net (fo=4, routed)           0.626    21.100    video1/Inst_vga/vga_signal_generator1/vertical_counter/encoded_reg[0]_3
    SLICE_X158Y123       LUT6 (Prop_lut6_I4_O)        0.124    21.224 r  video1/Inst_vga/vga_signal_generator1/vertical_counter/dc_bias[3]_i_2/O
                         net (fo=6, routed)           0.998    22.222    video1/inst_dvid/TDMS_encoder_green/pixel[color][0]
    SLICE_X160Y132       LUT6 (Prop_lut6_I4_O)        0.124    22.346 r  video1/inst_dvid/TDMS_encoder_green/dc_bias[0]_i_1/O
                         net (fo=1, routed)           0.000    22.346    video1/inst_dvid/TDMS_encoder_green/dc_bias[0]_i_1_n_0
    SLICE_X160Y132       FDRE                                         r  video1/inst_dvid/TDMS_encoder_green/dc_bias_reg[0]/D
  -------------------------------------------------------------------    -------------------

                         (clock clk_out1_clk_wiz_0 rise edge)
                                                     40.000    40.000 r  
    BUFGCTRL_X0Y1        BUFG                         0.000    40.000 r  clk_IBUF_BUFG_inst/O
                         net (fo=116, routed)         1.972    41.972    video1/mmcm_adv_inst_display_clocks/inst/clk_in1
    MMCME2_ADV_X1Y0      MMCME2_ADV (Prop_mmcme2_adv_CLKIN1_CLKOUT0)
                                                     -4.637    37.335 r  video1/mmcm_adv_inst_display_clocks/inst/mmcm_adv_inst/CLKOUT0
                         net (fo=1, routed)           2.574    39.909    video1/mmcm_adv_inst_display_clocks/inst/clk_out1_clk_wiz_0
    BUFGCTRL_X0Y2        BUFG (Prop_bufg_I_O)         0.091    40.000 r  video1/mmcm_adv_inst_display_clocks/inst/clkout1_buf/O
                         net (fo=64, routed)          1.705    41.705    video1/inst_dvid/TDMS_encoder_green/clk_out1
    SLICE_X160Y132       FDRE                                         r  video1/inst_dvid/TDMS_encoder_green/dc_bias_reg[0]/C
                         clock pessimism              0.075    41.780    
                         clock uncertainty           -0.095    41.686    
    SLICE_X160Y132       FDRE (Setup_fdre_C_D)        0.029    41.715    video1/inst_dvid/TDMS_encoder_green/dc_bias_reg[0]
  -------------------------------------------------------------------
                         required time                         41.715    
                         arrival time                         -22.346    
  -------------------------------------------------------------------
                         slack                                 19.369    

Slack (MET) :             19.374ns  (required time - arrival time)
  Source:                 video1/Inst_vga/vga_signal_generator1/vertical_counter/processQ_reg[4]/C
                            (rising edge-triggered cell FDRE clocked by clk_out1_clk_wiz_0  {rise@0.000ns fall@20.000ns period=40.000ns})
  Destination:            video1/inst_dvid/TDMS_encoder_green/encoded_reg[2]/D
                            (rising edge-triggered cell FDSE clocked by clk_out1_clk_wiz_0  {rise@0.000ns fall@20.000ns period=40.000ns})
  Path Group:             clk_out1_clk_wiz_0
  Path Type:              Setup (Max at Slow Process Corner)
  Requirement:            40.000ns  (clk_out1_clk_wiz_0 rise@40.000ns - clk_out1_clk_wiz_0 rise@0.000ns)
  Data Path Delay:        20.518ns  (logic 7.004ns (34.136%)  route 13.514ns (65.864%))
  Logic Levels:           25  (CARRY4=12 LUT3=2 LUT4=1 LUT5=5 LUT6=5)
  Clock Path Skew:        -0.045ns (DCD - SCD + CPR)
    Destination Clock Delay (DCD):    1.705ns = ( 41.705 - 40.000 ) 
    Source Clock Delay      (SCD):    1.825ns
    Clock Pessimism Removal (CPR):    0.075ns
  Clock Uncertainty:      0.095ns  ((TSJ^2 + DJ^2)^1/2) / 2 + PE
    Total System Jitter     (TSJ):    0.071ns
    Discrete Jitter          (DJ):    0.175ns
    Phase Error              (PE):    0.000ns

    Location             Delay type                Incr(ns)  Path(ns)    Netlist Resource(s)
  -------------------------------------------------------------------    -------------------
                         (clock clk_out1_clk_wiz_0 rise edge)
                                                      0.000     0.000 r  
    BUFGCTRL_X0Y1        BUFG                         0.000     0.000 r  clk_IBUF_BUFG_inst/O
                         net (fo=116, routed)         2.106     2.106    video1/mmcm_adv_inst_display_clocks/inst/clk_in1
    MMCME2_ADV_X1Y0      MMCME2_ADV (Prop_mmcme2_adv_CLKIN1_CLKOUT0)
                                                     -4.900    -2.793 r  video1/mmcm_adv_inst_display_clocks/inst/mmcm_adv_inst/CLKOUT0
                         net (fo=1, routed)           2.697    -0.096    video1/mmcm_adv_inst_display_clocks/inst/clk_out1_clk_wiz_0
    BUFGCTRL_X0Y2        BUFG (Prop_bufg_I_O)         0.096    -0.000 r  video1/mmcm_adv_inst_display_clocks/inst/clkout1_buf/O
                         net (fo=64, routed)          1.825     1.825    video1/Inst_vga/vga_signal_generator1/vertical_counter/clk_out1
    SLICE_X156Y114       FDRE                                         r  video1/Inst_vga/vga_signal_generator1/vertical_counter/processQ_reg[4]/C
  -------------------------------------------------------------------    -------------------
    SLICE_X156Y114       FDRE (Prop_fdre_C_Q)         0.456     2.281 r  video1/Inst_vga/vga_signal_generator1/vertical_counter/processQ_reg[4]/Q
                         net (fo=47, routed)          1.703     3.984    video1/Inst_vga/vga_signal_generator1/vertical_counter/Q[2]
    SLICE_X154Y118       LUT3 (Prop_lut3_I0_O)        0.152     4.136 r  video1/Inst_vga/vga_signal_generator1/vertical_counter/dc_bias[3]_i_26/O
                         net (fo=52, routed)          1.457     5.593    video1/Inst_vga/color_mapper1/dc_bias_reg[3]_i_287_0
    SLICE_X153Y124       LUT6 (Prop_lut6_I2_O)        0.348     5.941 f  video1/Inst_vga/color_mapper1/dc_bias[3]_i_418/O
                         net (fo=20, routed)          2.271     8.212    video1/Inst_vga/vga_signal_generator1/vertical_counter/is_trigger_time3[6]
    SLICE_X145Y115       LUT5 (Prop_lut5_I0_O)        0.124     8.336 r  video1/Inst_vga/vga_signal_generator1/vertical_counter/dc_bias[3]_i_501/O
                         net (fo=4, routed)           0.773     9.109    video1/Inst_vga/color_mapper1/dc_bias[3]_i_487[1]
    SLICE_X150Y114       LUT5 (Prop_lut5_I0_O)        0.124     9.233 r  video1/Inst_vga/color_mapper1/dc_bias[3]_i_789/O
                         net (fo=1, routed)           0.000     9.233    video1/Inst_vga/color_mapper1/dc_bias[3]_i_789_n_0
    SLICE_X150Y114       CARRY4 (Prop_carry4_S[2]_CO[3])
                                                      0.380     9.613 r  video1/Inst_vga/color_mapper1/dc_bias_reg[3]_i_725/CO[3]
                         net (fo=1, routed)           0.000     9.613    video1/Inst_vga/color_mapper1/dc_bias_reg[3]_i_725_n_0
    SLICE_X150Y115       CARRY4 (Prop_carry4_CI_CO[3])
                                                      0.117     9.730 r  video1/Inst_vga/color_mapper1/dc_bias_reg[3]_i_600/CO[3]
                         net (fo=1, routed)           0.000     9.730    video1/Inst_vga/color_mapper1/dc_bias_reg[3]_i_600_n_0
    SLICE_X150Y116       CARRY4 (Prop_carry4_CI_CO[3])
                                                      0.117     9.847 r  video1/Inst_vga/color_mapper1/dc_bias_reg[3]_i_486/CO[3]
                         net (fo=1, routed)           0.000     9.847    video1/Inst_vga/color_mapper1/dc_bias_reg[3]_i_486_n_0
    SLICE_X150Y117       CARRY4 (Prop_carry4_CI_CO[3])
                                                      0.117     9.964 r  video1/Inst_vga/color_mapper1/dc_bias_reg[3]_i_333/CO[3]
                         net (fo=1, routed)           0.000     9.964    video1/Inst_vga/color_mapper1/dc_bias_reg[3]_i_333_n_0
    SLICE_X150Y118       CARRY4 (Prop_carry4_CI_O[2])
                                                      0.239    10.203 r  video1/Inst_vga/color_mapper1/dc_bias_reg[3]_i_524/O[2]
                         net (fo=3, routed)           0.959    11.162    video1/Inst_vga/vga_signal_generator1/vertical_counter/dc_bias[3]_i_407[0]
    SLICE_X149Y121       LUT5 (Prop_lut5_I4_O)        0.329    11.491 r  video1/Inst_vga/vga_signal_generator1/vertical_counter/dc_bias[3]_i_345/O
                         net (fo=2, routed)           0.583    12.074    video1/Inst_vga/color_mapper1/dc_bias_reg[3]_i_225_0[0]
    SLICE_X148Y121       CARRY4 (Prop_carry4_DI[3]_CO[3])
                                                      0.598    12.672 r  video1/Inst_vga/color_mapper1/dc_bias_reg[3]_i_225/CO[3]
                         net (fo=1, routed)           0.000    12.672    video1/Inst_vga/color_mapper1/dc_bias_reg[3]_i_225_n_0
    SLICE_X148Y122       CARRY4 (Prop_carry4_CI_O[0])
                                                      0.219    12.891 r  video1/Inst_vga/color_mapper1/dc_bias_reg[3]_i_237/O[0]
                         net (fo=4, routed)           1.116    14.007    video1/Inst_vga/color_mapper1/dc_bias_reg[3]_i_237_n_7
    SLICE_X145Y119       LUT3 (Prop_lut3_I2_O)        0.323    14.330 r  video1/Inst_vga/color_mapper1/dc_bias[3]_i_229/O
                         net (fo=1, routed)           0.433    14.764    video1/Inst_vga/color_mapper1/dc_bias[3]_i_229_n_0
    SLICE_X145Y119       LUT5 (Prop_lut5_I4_O)        0.326    15.090 r  video1/Inst_vga/color_mapper1/dc_bias[3]_i_162/O
                         net (fo=2, routed)           0.403    15.493    video1/Inst_vga/color_mapper1/dc_bias[3]_i_162_n_0
    SLICE_X147Y119       LUT6 (Prop_lut6_I0_O)        0.124    15.617 r  video1/Inst_vga/color_mapper1/dc_bias[3]_i_166/O
                         net (fo=1, routed)           0.000    15.617    video1/Inst_vga/color_mapper1/dc_bias[3]_i_166_n_0
    SLICE_X147Y119       CARRY4 (Prop_carry4_S[3]_CO[3])
                                                      0.401    16.018 r  video1/Inst_vga/color_mapper1/dc_bias_reg[3]_i_81/CO[3]
                         net (fo=1, routed)           0.000    16.018    video1/Inst_vga/color_mapper1/dc_bias_reg[3]_i_81_n_0
    SLICE_X147Y120       CARRY4 (Prop_carry4_CI_O[0])
                                                      0.222    16.240 r  video1/Inst_vga/color_mapper1/dc_bias_reg[3]_i_158/O[0]
                         net (fo=2, routed)           0.474    16.714    video1/Inst_vga/color_mapper1/dc_bias_reg[3]_i_158_n_7
    SLICE_X145Y120       CARRY4 (Prop_carry4_S[0]_O[1])
                                                      0.723    17.437 r  video1/Inst_vga/color_mapper1/dc_bias_reg[3]_i_80/O[1]
                         net (fo=1, routed)           0.771    18.208    video1/Inst_vga/vga_signal_generator1/vertical_counter/dc_bias_reg[3]_i_12[1]
    SLICE_X154Y119       LUT5 (Prop_lut5_I4_O)        0.303    18.511 r  video1/Inst_vga/vga_signal_generator1/vertical_counter/dc_bias[3]_i_42/O
                         net (fo=1, routed)           0.000    18.511    video1/Inst_vga/color_mapper1/dc_bias[3]_i_10_1[3]
    SLICE_X154Y119       CARRY4 (Prop_carry4_S[3]_CO[3])
                                                      0.376    18.887 r  video1/Inst_vga/color_mapper1/dc_bias_reg[3]_i_12/CO[3]
                         net (fo=1, routed)           0.000    18.887    video1/Inst_vga/color_mapper1/dc_bias_reg[3]_i_12_n_0
    SLICE_X154Y120       CARRY4 (Prop_carry4_CI_O[0])
                                                      0.219    19.106 f  video1/Inst_vga/color_mapper1/dc_bias_reg[3]_i_13/O[0]
                         net (fo=2, routed)           0.670    19.775    video1/Inst_vga/color_mapper1/dc_bias_reg[3]_i_13_n_7
    SLICE_X156Y119       LUT4 (Prop_lut4_I0_O)        0.295    20.070 f  video1/Inst_vga/color_mapper1/dc_bias[3]_i_9/O
                         net (fo=1, routed)           0.280    20.350    video1/Inst_vga/color_mapper1/dc_bias[3]_i_9_n_0
    SLICE_X156Y119       LUT6 (Prop_lut6_I0_O)        0.124    20.474 f  video1/Inst_vga/color_mapper1/dc_bias[3]_i_3__0/O
                         net (fo=4, routed)           0.626    21.100    video1/Inst_vga/vga_signal_generator1/vertical_counter/encoded_reg[0]_3
    SLICE_X158Y123       LUT6 (Prop_lut6_I4_O)        0.124    21.224 r  video1/Inst_vga/vga_signal_generator1/vertical_counter/dc_bias[3]_i_2/O
                         net (fo=6, routed)           0.995    22.219    video1/inst_dvid/TDMS_encoder_green/pixel[color][0]
    SLICE_X160Y132       LUT6 (Prop_lut6_I4_O)        0.124    22.343 r  video1/inst_dvid/TDMS_encoder_green/encoded[1]_i_1/O
                         net (fo=2, routed)           0.000    22.343    video1/inst_dvid/TDMS_encoder_green/encoded[1]_i_1_n_0
    SLICE_X160Y132       FDSE                                         r  video1/inst_dvid/TDMS_encoder_green/encoded_reg[2]/D
  -------------------------------------------------------------------    -------------------

                         (clock clk_out1_clk_wiz_0 rise edge)
                                                     40.000    40.000 r  
    BUFGCTRL_X0Y1        BUFG                         0.000    40.000 r  clk_IBUF_BUFG_inst/O
                         net (fo=116, routed)         1.972    41.972    video1/mmcm_adv_inst_display_clocks/inst/clk_in1
    MMCME2_ADV_X1Y0      MMCME2_ADV (Prop_mmcme2_adv_CLKIN1_CLKOUT0)
                                                     -4.637    37.335 r  video1/mmcm_adv_inst_display_clocks/inst/mmcm_adv_inst/CLKOUT0
                         net (fo=1, routed)           2.574    39.909    video1/mmcm_adv_inst_display_clocks/inst/clk_out1_clk_wiz_0
    BUFGCTRL_X0Y2        BUFG (Prop_bufg_I_O)         0.091    40.000 r  video1/mmcm_adv_inst_display_clocks/inst/clkout1_buf/O
                         net (fo=64, routed)          1.705    41.705    video1/inst_dvid/TDMS_encoder_green/clk_out1
    SLICE_X160Y132       FDSE                                         r  video1/inst_dvid/TDMS_encoder_green/encoded_reg[2]/C
                         clock pessimism              0.075    41.780    
                         clock uncertainty           -0.095    41.686    
    SLICE_X160Y132       FDSE (Setup_fdse_C_D)        0.031    41.717    video1/inst_dvid/TDMS_encoder_green/encoded_reg[2]
  -------------------------------------------------------------------
                         required time                         41.717    
                         arrival time                         -22.343    
  -------------------------------------------------------------------
                         slack                                 19.374    

Slack (MET) :             19.375ns  (required time - arrival time)
  Source:                 video1/Inst_vga/vga_signal_generator1/vertical_counter/processQ_reg[4]/C
                            (rising edge-triggered cell FDRE clocked by clk_out1_clk_wiz_0  {rise@0.000ns fall@20.000ns period=40.000ns})
  Destination:            video1/inst_dvid/TDMS_encoder_red/encoded_reg[8]/D
                            (rising edge-triggered cell FDRE clocked by clk_out1_clk_wiz_0  {rise@0.000ns fall@20.000ns period=40.000ns})
  Path Group:             clk_out1_clk_wiz_0
  Path Type:              Setup (Max at Slow Process Corner)
  Requirement:            40.000ns  (clk_out1_clk_wiz_0 rise@40.000ns - clk_out1_clk_wiz_0 rise@0.000ns)
  Data Path Delay:        20.513ns  (logic 7.004ns (34.144%)  route 13.509ns (65.856%))
  Logic Levels:           25  (CARRY4=12 LUT2=1 LUT3=2 LUT4=1 LUT5=5 LUT6=4)
  Clock Path Skew:        -0.048ns (DCD - SCD + CPR)
    Destination Clock Delay (DCD):    1.702ns = ( 41.702 - 40.000 ) 
    Source Clock Delay      (SCD):    1.825ns
    Clock Pessimism Removal (CPR):    0.075ns
  Clock Uncertainty:      0.095ns  ((TSJ^2 + DJ^2)^1/2) / 2 + PE
    Total System Jitter     (TSJ):    0.071ns
    Discrete Jitter          (DJ):    0.175ns
    Phase Error              (PE):    0.000ns

    Location             Delay type                Incr(ns)  Path(ns)    Netlist Resource(s)
  -------------------------------------------------------------------    -------------------
                         (clock clk_out1_clk_wiz_0 rise edge)
                                                      0.000     0.000 r  
    BUFGCTRL_X0Y1        BUFG                         0.000     0.000 r  clk_IBUF_BUFG_inst/O
                         net (fo=116, routed)         2.106     2.106    video1/mmcm_adv_inst_display_clocks/inst/clk_in1
    MMCME2_ADV_X1Y0      MMCME2_ADV (Prop_mmcme2_adv_CLKIN1_CLKOUT0)
                                                     -4.900    -2.793 r  video1/mmcm_adv_inst_display_clocks/inst/mmcm_adv_inst/CLKOUT0
                         net (fo=1, routed)           2.697    -0.096    video1/mmcm_adv_inst_display_clocks/inst/clk_out1_clk_wiz_0
    BUFGCTRL_X0Y2        BUFG (Prop_bufg_I_O)         0.096    -0.000 r  video1/mmcm_adv_inst_display_clocks/inst/clkout1_buf/O
                         net (fo=64, routed)          1.825     1.825    video1/Inst_vga/vga_signal_generator1/vertical_counter/clk_out1
    SLICE_X156Y114       FDRE                                         r  video1/Inst_vga/vga_signal_generator1/vertical_counter/processQ_reg[4]/C
  -------------------------------------------------------------------    -------------------
    SLICE_X156Y114       FDRE (Prop_fdre_C_Q)         0.456     2.281 r  video1/Inst_vga/vga_signal_generator1/vertical_counter/processQ_reg[4]/Q
                         net (fo=47, routed)          1.703     3.984    video1/Inst_vga/vga_signal_generator1/vertical_counter/Q[2]
    SLICE_X154Y118       LUT3 (Prop_lut3_I0_O)        0.152     4.136 r  video1/Inst_vga/vga_signal_generator1/vertical_counter/dc_bias[3]_i_26/O
                         net (fo=52, routed)          1.457     5.593    video1/Inst_vga/color_mapper1/dc_bias_reg[3]_i_287_0
    SLICE_X153Y124       LUT6 (Prop_lut6_I2_O)        0.348     5.941 f  video1/Inst_vga/color_mapper1/dc_bias[3]_i_418/O
                         net (fo=20, routed)          2.271     8.212    video1/Inst_vga/vga_signal_generator1/vertical_counter/is_trigger_time3[6]
    SLICE_X145Y115       LUT5 (Prop_lut5_I0_O)        0.124     8.336 r  video1/Inst_vga/vga_signal_generator1/vertical_counter/dc_bias[3]_i_501/O
                         net (fo=4, routed)           0.773     9.109    video1/Inst_vga/color_mapper1/dc_bias[3]_i_487[1]
    SLICE_X150Y114       LUT5 (Prop_lut5_I0_O)        0.124     9.233 r  video1/Inst_vga/color_mapper1/dc_bias[3]_i_789/O
                         net (fo=1, routed)           0.000     9.233    video1/Inst_vga/color_mapper1/dc_bias[3]_i_789_n_0
    SLICE_X150Y114       CARRY4 (Prop_carry4_S[2]_CO[3])
                                                      0.380     9.613 r  video1/Inst_vga/color_mapper1/dc_bias_reg[3]_i_725/CO[3]
                         net (fo=1, routed)           0.000     9.613    video1/Inst_vga/color_mapper1/dc_bias_reg[3]_i_725_n_0
    SLICE_X150Y115       CARRY4 (Prop_carry4_CI_CO[3])
                                                      0.117     9.730 r  video1/Inst_vga/color_mapper1/dc_bias_reg[3]_i_600/CO[3]
                         net (fo=1, routed)           0.000     9.730    video1/Inst_vga/color_mapper1/dc_bias_reg[3]_i_600_n_0
    SLICE_X150Y116       CARRY4 (Prop_carry4_CI_CO[3])
                                                      0.117     9.847 r  video1/Inst_vga/color_mapper1/dc_bias_reg[3]_i_486/CO[3]
                         net (fo=1, routed)           0.000     9.847    video1/Inst_vga/color_mapper1/dc_bias_reg[3]_i_486_n_0
    SLICE_X150Y117       CARRY4 (Prop_carry4_CI_CO[3])
                                                      0.117     9.964 r  video1/Inst_vga/color_mapper1/dc_bias_reg[3]_i_333/CO[3]
                         net (fo=1, routed)           0.000     9.964    video1/Inst_vga/color_mapper1/dc_bias_reg[3]_i_333_n_0
    SLICE_X150Y118       CARRY4 (Prop_carry4_CI_O[2])
                                                      0.239    10.203 r  video1/Inst_vga/color_mapper1/dc_bias_reg[3]_i_524/O[2]
                         net (fo=3, routed)           0.959    11.162    video1/Inst_vga/vga_signal_generator1/vertical_counter/dc_bias[3]_i_407[0]
    SLICE_X149Y121       LUT5 (Prop_lut5_I4_O)        0.329    11.491 r  video1/Inst_vga/vga_signal_generator1/vertical_counter/dc_bias[3]_i_345/O
                         net (fo=2, routed)           0.583    12.074    video1/Inst_vga/color_mapper1/dc_bias_reg[3]_i_225_0[0]
    SLICE_X148Y121       CARRY4 (Prop_carry4_DI[3]_CO[3])
                                                      0.598    12.672 r  video1/Inst_vga/color_mapper1/dc_bias_reg[3]_i_225/CO[3]
                         net (fo=1, routed)           0.000    12.672    video1/Inst_vga/color_mapper1/dc_bias_reg[3]_i_225_n_0
    SLICE_X148Y122       CARRY4 (Prop_carry4_CI_O[0])
                                                      0.219    12.891 r  video1/Inst_vga/color_mapper1/dc_bias_reg[3]_i_237/O[0]
                         net (fo=4, routed)           1.116    14.007    video1/Inst_vga/color_mapper1/dc_bias_reg[3]_i_237_n_7
    SLICE_X145Y119       LUT3 (Prop_lut3_I2_O)        0.323    14.330 r  video1/Inst_vga/color_mapper1/dc_bias[3]_i_229/O
                         net (fo=1, routed)           0.433    14.764    video1/Inst_vga/color_mapper1/dc_bias[3]_i_229_n_0
    SLICE_X145Y119       LUT5 (Prop_lut5_I4_O)        0.326    15.090 r  video1/Inst_vga/color_mapper1/dc_bias[3]_i_162/O
                         net (fo=2, routed)           0.403    15.493    video1/Inst_vga/color_mapper1/dc_bias[3]_i_162_n_0
    SLICE_X147Y119       LUT6 (Prop_lut6_I0_O)        0.124    15.617 r  video1/Inst_vga/color_mapper1/dc_bias[3]_i_166/O
                         net (fo=1, routed)           0.000    15.617    video1/Inst_vga/color_mapper1/dc_bias[3]_i_166_n_0
    SLICE_X147Y119       CARRY4 (Prop_carry4_S[3]_CO[3])
                                                      0.401    16.018 r  video1/Inst_vga/color_mapper1/dc_bias_reg[3]_i_81/CO[3]
                         net (fo=1, routed)           0.000    16.018    video1/Inst_vga/color_mapper1/dc_bias_reg[3]_i_81_n_0
    SLICE_X147Y120       CARRY4 (Prop_carry4_CI_O[0])
                                                      0.222    16.240 r  video1/Inst_vga/color_mapper1/dc_bias_reg[3]_i_158/O[0]
                         net (fo=2, routed)           0.474    16.714    video1/Inst_vga/color_mapper1/dc_bias_reg[3]_i_158_n_7
    SLICE_X145Y120       CARRY4 (Prop_carry4_S[0]_O[1])
                                                      0.723    17.437 r  video1/Inst_vga/color_mapper1/dc_bias_reg[3]_i_80/O[1]
                         net (fo=1, routed)           0.771    18.208    video1/Inst_vga/vga_signal_generator1/vertical_counter/dc_bias_reg[3]_i_12[1]
    SLICE_X154Y119       LUT5 (Prop_lut5_I4_O)        0.303    18.511 r  video1/Inst_vga/vga_signal_generator1/vertical_counter/dc_bias[3]_i_42/O
                         net (fo=1, routed)           0.000    18.511    video1/Inst_vga/color_mapper1/dc_bias[3]_i_10_1[3]
    SLICE_X154Y119       CARRY4 (Prop_carry4_S[3]_CO[3])
                                                      0.376    18.887 r  video1/Inst_vga/color_mapper1/dc_bias_reg[3]_i_12/CO[3]
                         net (fo=1, routed)           0.000    18.887    video1/Inst_vga/color_mapper1/dc_bias_reg[3]_i_12_n_0
    SLICE_X154Y120       CARRY4 (Prop_carry4_CI_O[0])
                                                      0.219    19.106 r  video1/Inst_vga/color_mapper1/dc_bias_reg[3]_i_13/O[0]
                         net (fo=2, routed)           0.670    19.775    video1/Inst_vga/color_mapper1/dc_bias_reg[3]_i_13_n_7
    SLICE_X156Y119       LUT4 (Prop_lut4_I0_O)        0.295    20.070 r  video1/Inst_vga/color_mapper1/dc_bias[3]_i_9/O
                         net (fo=1, routed)           0.280    20.350    video1/Inst_vga/color_mapper1/dc_bias[3]_i_9_n_0
    SLICE_X156Y119       LUT6 (Prop_lut6_I0_O)        0.124    20.474 r  video1/Inst_vga/color_mapper1/dc_bias[3]_i_3__0/O
                         net (fo=4, routed)           0.622    21.096    video1/Inst_vga/vga_signal_generator1/vertical_counter/encoded_reg[0]_3
    SLICE_X158Y123       LUT6 (Prop_lut6_I0_O)        0.124    21.220 f  video1/Inst_vga/vga_signal_generator1/vertical_counter/dc_bias[3]_i_2__1/O
                         net (fo=14, routed)          0.995    22.215    video1/inst_dvid/TDMS_encoder_red/pixel[color][0]
    SLICE_X160Y129       LUT2 (Prop_lut2_I0_O)        0.124    22.339 r  video1/inst_dvid/TDMS_encoder_red/encoded[8]_i_1/O
                         net (fo=1, routed)           0.000    22.339    video1/inst_dvid/TDMS_encoder_red/encoded[8]_i_1_n_0
    SLICE_X160Y129       FDRE                                         r  video1/inst_dvid/TDMS_encoder_red/encoded_reg[8]/D
  -------------------------------------------------------------------    -------------------

                         (clock clk_out1_clk_wiz_0 rise edge)
                                                     40.000    40.000 r  
    BUFGCTRL_X0Y1        BUFG                         0.000    40.000 r  clk_IBUF_BUFG_inst/O
                         net (fo=116, routed)         1.972    41.972    video1/mmcm_adv_inst_display_clocks/inst/clk_in1
    MMCME2_ADV_X1Y0      MMCME2_ADV (Prop_mmcme2_adv_CLKIN1_CLKOUT0)
                                                     -4.637    37.335 r  video1/mmcm_adv_inst_display_clocks/inst/mmcm_adv_inst/CLKOUT0
                         net (fo=1, routed)           2.574    39.909    video1/mmcm_adv_inst_display_clocks/inst/clk_out1_clk_wiz_0
    BUFGCTRL_X0Y2        BUFG (Prop_bufg_I_O)         0.091    40.000 r  video1/mmcm_adv_inst_display_clocks/inst/clkout1_buf/O
                         net (fo=64, routed)          1.702    41.702    video1/inst_dvid/TDMS_encoder_red/clk_out1
    SLICE_X160Y129       FDRE                                         r  video1/inst_dvid/TDMS_encoder_red/encoded_reg[8]/C
                         clock pessimism              0.075    41.777    
                         clock uncertainty           -0.095    41.683    
    SLICE_X160Y129       FDRE (Setup_fdre_C_D)        0.031    41.714    video1/inst_dvid/TDMS_encoder_red/encoded_reg[8]
  -------------------------------------------------------------------
                         required time                         41.714    
                         arrival time                         -22.339    
  -------------------------------------------------------------------
                         slack                                 19.375    

Slack (MET) :             19.389ns  (required time - arrival time)
  Source:                 video1/Inst_vga/vga_signal_generator1/vertical_counter/processQ_reg[4]/C
                            (rising edge-triggered cell FDRE clocked by clk_out1_clk_wiz_0  {rise@0.000ns fall@20.000ns period=40.000ns})
  Destination:            video1/inst_dvid/TDMS_encoder_blue/encoded_reg[9]/D
                            (rising edge-triggered cell FDRE clocked by clk_out1_clk_wiz_0  {rise@0.000ns fall@20.000ns period=40.000ns})
  Path Group:             clk_out1_clk_wiz_0
  Path Type:              Setup (Max at Slow Process Corner)
  Requirement:            40.000ns  (clk_out1_clk_wiz_0 rise@40.000ns - clk_out1_clk_wiz_0 rise@0.000ns)
  Data Path Delay:        20.497ns  (logic 7.004ns (34.171%)  route 13.493ns (65.829%))
  Logic Levels:           25  (CARRY4=12 LUT3=2 LUT4=1 LUT5=5 LUT6=5)
  Clock Path Skew:        -0.051ns (DCD - SCD + CPR)
    Destination Clock Delay (DCD):    1.699ns = ( 41.699 - 40.000 ) 
    Source Clock Delay      (SCD):    1.825ns
    Clock Pessimism Removal (CPR):    0.075ns
  Clock Uncertainty:      0.095ns  ((TSJ^2 + DJ^2)^1/2) / 2 + PE
    Total System Jitter     (TSJ):    0.071ns
    Discrete Jitter          (DJ):    0.175ns
    Phase Error              (PE):    0.000ns

    Location             Delay type                Incr(ns)  Path(ns)    Netlist Resource(s)
  -------------------------------------------------------------------    -------------------
                         (clock clk_out1_clk_wiz_0 rise edge)
                                                      0.000     0.000 r  
    BUFGCTRL_X0Y1        BUFG                         0.000     0.000 r  clk_IBUF_BUFG_inst/O
                         net (fo=116, routed)         2.106     2.106    video1/mmcm_adv_inst_display_clocks/inst/clk_in1
    MMCME2_ADV_X1Y0      MMCME2_ADV (Prop_mmcme2_adv_CLKIN1_CLKOUT0)
                                                     -4.900    -2.793 r  video1/mmcm_adv_inst_display_clocks/inst/mmcm_adv_inst/CLKOUT0
                         net (fo=1, routed)           2.697    -0.096    video1/mmcm_adv_inst_display_clocks/inst/clk_out1_clk_wiz_0
    BUFGCTRL_X0Y2        BUFG (Prop_bufg_I_O)         0.096    -0.000 r  video1/mmcm_adv_inst_display_clocks/inst/clkout1_buf/O
                         net (fo=64, routed)          1.825     1.825    video1/Inst_vga/vga_signal_generator1/vertical_counter/clk_out1
    SLICE_X156Y114       FDRE                                         r  video1/Inst_vga/vga_signal_generator1/vertical_counter/processQ_reg[4]/C
  -------------------------------------------------------------------    -------------------
    SLICE_X156Y114       FDRE (Prop_fdre_C_Q)         0.456     2.281 r  video1/Inst_vga/vga_signal_generator1/vertical_counter/processQ_reg[4]/Q
                         net (fo=47, routed)          1.703     3.984    video1/Inst_vga/vga_signal_generator1/vertical_counter/Q[2]
    SLICE_X154Y118       LUT3 (Prop_lut3_I0_O)        0.152     4.136 r  video1/Inst_vga/vga_signal_generator1/vertical_counter/dc_bias[3]_i_26/O
                         net (fo=52, routed)          1.457     5.593    video1/Inst_vga/color_mapper1/dc_bias_reg[3]_i_287_0
    SLICE_X153Y124       LUT6 (Prop_lut6_I2_O)        0.348     5.941 f  video1/Inst_vga/color_mapper1/dc_bias[3]_i_418/O
                         net (fo=20, routed)          2.271     8.212    video1/Inst_vga/vga_signal_generator1/vertical_counter/is_trigger_time3[6]
    SLICE_X145Y115       LUT5 (Prop_lut5_I0_O)        0.124     8.336 r  video1/Inst_vga/vga_signal_generator1/vertical_counter/dc_bias[3]_i_501/O
                         net (fo=4, routed)           0.773     9.109    video1/Inst_vga/color_mapper1/dc_bias[3]_i_487[1]
    SLICE_X150Y114       LUT5 (Prop_lut5_I0_O)        0.124     9.233 r  video1/Inst_vga/color_mapper1/dc_bias[3]_i_789/O
                         net (fo=1, routed)           0.000     9.233    video1/Inst_vga/color_mapper1/dc_bias[3]_i_789_n_0
    SLICE_X150Y114       CARRY4 (Prop_carry4_S[2]_CO[3])
                                                      0.380     9.613 r  video1/Inst_vga/color_mapper1/dc_bias_reg[3]_i_725/CO[3]
                         net (fo=1, routed)           0.000     9.613    video1/Inst_vga/color_mapper1/dc_bias_reg[3]_i_725_n_0
    SLICE_X150Y115       CARRY4 (Prop_carry4_CI_CO[3])
                                                      0.117     9.730 r  video1/Inst_vga/color_mapper1/dc_bias_reg[3]_i_600/CO[3]
                         net (fo=1, routed)           0.000     9.730    video1/Inst_vga/color_mapper1/dc_bias_reg[3]_i_600_n_0
    SLICE_X150Y116       CARRY4 (Prop_carry4_CI_CO[3])
                                                      0.117     9.847 r  video1/Inst_vga/color_mapper1/dc_bias_reg[3]_i_486/CO[3]
                         net (fo=1, routed)           0.000     9.847    video1/Inst_vga/color_mapper1/dc_bias_reg[3]_i_486_n_0
    SLICE_X150Y117       CARRY4 (Prop_carry4_CI_CO[3])
                                                      0.117     9.964 r  video1/Inst_vga/color_mapper1/dc_bias_reg[3]_i_333/CO[3]
                         net (fo=1, routed)           0.000     9.964    video1/Inst_vga/color_mapper1/dc_bias_reg[3]_i_333_n_0
    SLICE_X150Y118       CARRY4 (Prop_carry4_CI_O[2])
                                                      0.239    10.203 r  video1/Inst_vga/color_mapper1/dc_bias_reg[3]_i_524/O[2]
                         net (fo=3, routed)           0.959    11.162    video1/Inst_vga/vga_signal_generator1/vertical_counter/dc_bias[3]_i_407[0]
    SLICE_X149Y121       LUT5 (Prop_lut5_I4_O)        0.329    11.491 r  video1/Inst_vga/vga_signal_generator1/vertical_counter/dc_bias[3]_i_345/O
                         net (fo=2, routed)           0.583    12.074    video1/Inst_vga/color_mapper1/dc_bias_reg[3]_i_225_0[0]
    SLICE_X148Y121       CARRY4 (Prop_carry4_DI[3]_CO[3])
                                                      0.598    12.672 r  video1/Inst_vga/color_mapper1/dc_bias_reg[3]_i_225/CO[3]
                         net (fo=1, routed)           0.000    12.672    video1/Inst_vga/color_mapper1/dc_bias_reg[3]_i_225_n_0
    SLICE_X148Y122       CARRY4 (Prop_carry4_CI_O[0])
                                                      0.219    12.891 r  video1/Inst_vga/color_mapper1/dc_bias_reg[3]_i_237/O[0]
                         net (fo=4, routed)           1.116    14.007    video1/Inst_vga/color_mapper1/dc_bias_reg[3]_i_237_n_7
    SLICE_X145Y119       LUT3 (Prop_lut3_I2_O)        0.323    14.330 r  video1/Inst_vga/color_mapper1/dc_bias[3]_i_229/O
                         net (fo=1, routed)           0.433    14.764    video1/Inst_vga/color_mapper1/dc_bias[3]_i_229_n_0
    SLICE_X145Y119       LUT5 (Prop_lut5_I4_O)        0.326    15.090 r  video1/Inst_vga/color_mapper1/dc_bias[3]_i_162/O
                         net (fo=2, routed)           0.403    15.493    video1/Inst_vga/color_mapper1/dc_bias[3]_i_162_n_0
    SLICE_X147Y119       LUT6 (Prop_lut6_I0_O)        0.124    15.617 r  video1/Inst_vga/color_mapper1/dc_bias[3]_i_166/O
                         net (fo=1, routed)           0.000    15.617    video1/Inst_vga/color_mapper1/dc_bias[3]_i_166_n_0
    SLICE_X147Y119       CARRY4 (Prop_carry4_S[3]_CO[3])
                                                      0.401    16.018 r  video1/Inst_vga/color_mapper1/dc_bias_reg[3]_i_81/CO[3]
                         net (fo=1, routed)           0.000    16.018    video1/Inst_vga/color_mapper1/dc_bias_reg[3]_i_81_n_0
    SLICE_X147Y120       CARRY4 (Prop_carry4_CI_O[0])
                                                      0.222    16.240 r  video1/Inst_vga/color_mapper1/dc_bias_reg[3]_i_158/O[0]
                         net (fo=2, routed)           0.474    16.714    video1/Inst_vga/color_mapper1/dc_bias_reg[3]_i_158_n_7
    SLICE_X145Y120       CARRY4 (Prop_carry4_S[0]_O[1])
                                                      0.723    17.437 r  video1/Inst_vga/color_mapper1/dc_bias_reg[3]_i_80/O[1]
                         net (fo=1, routed)           0.771    18.208    video1/Inst_vga/vga_signal_generator1/vertical_counter/dc_bias_reg[3]_i_12[1]
    SLICE_X154Y119       LUT5 (Prop_lut5_I4_O)        0.303    18.511 r  video1/Inst_vga/vga_signal_generator1/vertical_counter/dc_bias[3]_i_42/O
                         net (fo=1, routed)           0.000    18.511    video1/Inst_vga/color_mapper1/dc_bias[3]_i_10_1[3]
    SLICE_X154Y119       CARRY4 (Prop_carry4_S[3]_CO[3])
                                                      0.376    18.887 r  video1/Inst_vga/color_mapper1/dc_bias_reg[3]_i_12/CO[3]
                         net (fo=1, routed)           0.000    18.887    video1/Inst_vga/color_mapper1/dc_bias_reg[3]_i_12_n_0
    SLICE_X154Y120       CARRY4 (Prop_carry4_CI_O[0])
                                                      0.219    19.106 f  video1/Inst_vga/color_mapper1/dc_bias_reg[3]_i_13/O[0]
                         net (fo=2, routed)           0.670    19.775    video1/Inst_vga/color_mapper1/dc_bias_reg[3]_i_13_n_7
    SLICE_X156Y119       LUT4 (Prop_lut4_I0_O)        0.295    20.070 f  video1/Inst_vga/color_mapper1/dc_bias[3]_i_9/O
                         net (fo=1, routed)           0.280    20.350    video1/Inst_vga/color_mapper1/dc_bias[3]_i_9_n_0
    SLICE_X156Y119       LUT6 (Prop_lut6_I0_O)        0.124    20.474 f  video1/Inst_vga/color_mapper1/dc_bias[3]_i_3__0/O
                         net (fo=4, routed)           0.622    21.096    video1/Inst_vga/vga_signal_generator1/vertical_counter/encoded_reg[0]_3
    SLICE_X158Y123       LUT6 (Prop_lut6_I0_O)        0.124    21.220 r  video1/Inst_vga/vga_signal_generator1/vertical_counter/dc_bias[3]_i_2__1/O
                         net (fo=14, routed)          0.978    22.198    video1/inst_dvid/TDMS_encoder_blue/pixel[color][1]
    SLICE_X160Y127       LUT6 (Prop_lut6_I2_O)        0.124    22.322 r  video1/inst_dvid/TDMS_encoder_blue/encoded[9]_i_1/O
                         net (fo=1, routed)           0.000    22.322    video1/inst_dvid/TDMS_encoder_blue/encoded[9]_i_1_n_0
    SLICE_X160Y127       FDRE                                         r  video1/inst_dvid/TDMS_encoder_blue/encoded_reg[9]/D
  -------------------------------------------------------------------    -------------------

                         (clock clk_out1_clk_wiz_0 rise edge)
                                                     40.000    40.000 r  
    BUFGCTRL_X0Y1        BUFG                         0.000    40.000 r  clk_IBUF_BUFG_inst/O
                         net (fo=116, routed)         1.972    41.972    video1/mmcm_adv_inst_display_clocks/inst/clk_in1
    MMCME2_ADV_X1Y0      MMCME2_ADV (Prop_mmcme2_adv_CLKIN1_CLKOUT0)
                                                     -4.637    37.335 r  video1/mmcm_adv_inst_display_clocks/inst/mmcm_adv_inst/CLKOUT0
                         net (fo=1, routed)           2.574    39.909    video1/mmcm_adv_inst_display_clocks/inst/clk_out1_clk_wiz_0
    BUFGCTRL_X0Y2        BUFG (Prop_bufg_I_O)         0.091    40.000 r  video1/mmcm_adv_inst_display_clocks/inst/clkout1_buf/O
                         net (fo=64, routed)          1.699    41.699    video1/inst_dvid/TDMS_encoder_blue/clk_out1
    SLICE_X160Y127       FDRE                                         r  video1/inst_dvid/TDMS_encoder_blue/encoded_reg[9]/C
                         clock pessimism              0.075    41.774    
                         clock uncertainty           -0.095    41.680    
    SLICE_X160Y127       FDRE (Setup_fdre_C_D)        0.031    41.711    video1/inst_dvid/TDMS_encoder_blue/encoded_reg[9]
  -------------------------------------------------------------------
                         required time                         41.711    
                         arrival time                         -22.322    
  -------------------------------------------------------------------
                         slack                                 19.389    

Slack (MET) :             19.390ns  (required time - arrival time)
  Source:                 video1/Inst_vga/vga_signal_generator1/vertical_counter/processQ_reg[4]/C
                            (rising edge-triggered cell FDRE clocked by clk_out1_clk_wiz_0  {rise@0.000ns fall@20.000ns period=40.000ns})
  Destination:            video1/inst_dvid/TDMS_encoder_red/encoded_reg[9]/D
                            (rising edge-triggered cell FDRE clocked by clk_out1_clk_wiz_0  {rise@0.000ns fall@20.000ns period=40.000ns})
  Path Group:             clk_out1_clk_wiz_0
  Path Type:              Setup (Max at Slow Process Corner)
  Requirement:            40.000ns  (clk_out1_clk_wiz_0 rise@40.000ns - clk_out1_clk_wiz_0 rise@0.000ns)
  Data Path Delay:        20.542ns  (logic 7.033ns (34.237%)  route 13.509ns (65.763%))
  Logic Levels:           25  (CARRY4=12 LUT3=3 LUT4=1 LUT5=5 LUT6=4)
  Clock Path Skew:        -0.048ns (DCD - SCD + CPR)
    Destination Clock Delay (DCD):    1.702ns = ( 41.702 - 40.000 ) 
    Source Clock Delay      (SCD):    1.825ns
    Clock Pessimism Removal (CPR):    0.075ns
  Clock Uncertainty:      0.095ns  ((TSJ^2 + DJ^2)^1/2) / 2 + PE
    Total System Jitter     (TSJ):    0.071ns
    Discrete Jitter          (DJ):    0.175ns
    Phase Error              (PE):    0.000ns

    Location             Delay type                Incr(ns)  Path(ns)    Netlist Resource(s)
  -------------------------------------------------------------------    -------------------
                         (clock clk_out1_clk_wiz_0 rise edge)
                                                      0.000     0.000 r  
    BUFGCTRL_X0Y1        BUFG                         0.000     0.000 r  clk_IBUF_BUFG_inst/O
                         net (fo=116, routed)         2.106     2.106    video1/mmcm_adv_inst_display_clocks/inst/clk_in1
    MMCME2_ADV_X1Y0      MMCME2_ADV (Prop_mmcme2_adv_CLKIN1_CLKOUT0)
                                                     -4.900    -2.793 r  video1/mmcm_adv_inst_display_clocks/inst/mmcm_adv_inst/CLKOUT0
                         net (fo=1, routed)           2.697    -0.096    video1/mmcm_adv_inst_display_clocks/inst/clk_out1_clk_wiz_0
    BUFGCTRL_X0Y2        BUFG (Prop_bufg_I_O)         0.096    -0.000 r  video1/mmcm_adv_inst_display_clocks/inst/clkout1_buf/O
                         net (fo=64, routed)          1.825     1.825    video1/Inst_vga/vga_signal_generator1/vertical_counter/clk_out1
    SLICE_X156Y114       FDRE                                         r  video1/Inst_vga/vga_signal_generator1/vertical_counter/processQ_reg[4]/C
  -------------------------------------------------------------------    -------------------
    SLICE_X156Y114       FDRE (Prop_fdre_C_Q)         0.456     2.281 r  video1/Inst_vga/vga_signal_generator1/vertical_counter/processQ_reg[4]/Q
                         net (fo=47, routed)          1.703     3.984    video1/Inst_vga/vga_signal_generator1/vertical_counter/Q[2]
    SLICE_X154Y118       LUT3 (Prop_lut3_I0_O)        0.152     4.136 r  video1/Inst_vga/vga_signal_generator1/vertical_counter/dc_bias[3]_i_26/O
                         net (fo=52, routed)          1.457     5.593    video1/Inst_vga/color_mapper1/dc_bias_reg[3]_i_287_0
    SLICE_X153Y124       LUT6 (Prop_lut6_I2_O)        0.348     5.941 f  video1/Inst_vga/color_mapper1/dc_bias[3]_i_418/O
                         net (fo=20, routed)          2.271     8.212    video1/Inst_vga/vga_signal_generator1/vertical_counter/is_trigger_time3[6]
    SLICE_X145Y115       LUT5 (Prop_lut5_I0_O)        0.124     8.336 r  video1/Inst_vga/vga_signal_generator1/vertical_counter/dc_bias[3]_i_501/O
                         net (fo=4, routed)           0.773     9.109    video1/Inst_vga/color_mapper1/dc_bias[3]_i_487[1]
    SLICE_X150Y114       LUT5 (Prop_lut5_I0_O)        0.124     9.233 r  video1/Inst_vga/color_mapper1/dc_bias[3]_i_789/O
                         net (fo=1, routed)           0.000     9.233    video1/Inst_vga/color_mapper1/dc_bias[3]_i_789_n_0
    SLICE_X150Y114       CARRY4 (Prop_carry4_S[2]_CO[3])
                                                      0.380     9.613 r  video1/Inst_vga/color_mapper1/dc_bias_reg[3]_i_725/CO[3]
                         net (fo=1, routed)           0.000     9.613    video1/Inst_vga/color_mapper1/dc_bias_reg[3]_i_725_n_0
    SLICE_X150Y115       CARRY4 (Prop_carry4_CI_CO[3])
                                                      0.117     9.730 r  video1/Inst_vga/color_mapper1/dc_bias_reg[3]_i_600/CO[3]
                         net (fo=1, routed)           0.000     9.730    video1/Inst_vga/color_mapper1/dc_bias_reg[3]_i_600_n_0
    SLICE_X150Y116       CARRY4 (Prop_carry4_CI_CO[3])
                                                      0.117     9.847 r  video1/Inst_vga/color_mapper1/dc_bias_reg[3]_i_486/CO[3]
                         net (fo=1, routed)           0.000     9.847    video1/Inst_vga/color_mapper1/dc_bias_reg[3]_i_486_n_0
    SLICE_X150Y117       CARRY4 (Prop_carry4_CI_CO[3])
                                                      0.117     9.964 r  video1/Inst_vga/color_mapper1/dc_bias_reg[3]_i_333/CO[3]
                         net (fo=1, routed)           0.000     9.964    video1/Inst_vga/color_mapper1/dc_bias_reg[3]_i_333_n_0
    SLICE_X150Y118       CARRY4 (Prop_carry4_CI_O[2])
                                                      0.239    10.203 r  video1/Inst_vga/color_mapper1/dc_bias_reg[3]_i_524/O[2]
                         net (fo=3, routed)           0.959    11.162    video1/Inst_vga/vga_signal_generator1/vertical_counter/dc_bias[3]_i_407[0]
    SLICE_X149Y121       LUT5 (Prop_lut5_I4_O)        0.329    11.491 r  video1/Inst_vga/vga_signal_generator1/vertical_counter/dc_bias[3]_i_345/O
                         net (fo=2, routed)           0.583    12.074    video1/Inst_vga/color_mapper1/dc_bias_reg[3]_i_225_0[0]
    SLICE_X148Y121       CARRY4 (Prop_carry4_DI[3]_CO[3])
                                                      0.598    12.672 r  video1/Inst_vga/color_mapper1/dc_bias_reg[3]_i_225/CO[3]
                         net (fo=1, routed)           0.000    12.672    video1/Inst_vga/color_mapper1/dc_bias_reg[3]_i_225_n_0
    SLICE_X148Y122       CARRY4 (Prop_carry4_CI_O[0])
                                                      0.219    12.891 r  video1/Inst_vga/color_mapper1/dc_bias_reg[3]_i_237/O[0]
                         net (fo=4, routed)           1.116    14.007    video1/Inst_vga/color_mapper1/dc_bias_reg[3]_i_237_n_7
    SLICE_X145Y119       LUT3 (Prop_lut3_I2_O)        0.323    14.330 r  video1/Inst_vga/color_mapper1/dc_bias[3]_i_229/O
                         net (fo=1, routed)           0.433    14.764    video1/Inst_vga/color_mapper1/dc_bias[3]_i_229_n_0
    SLICE_X145Y119       LUT5 (Prop_lut5_I4_O)        0.326    15.090 r  video1/Inst_vga/color_mapper1/dc_bias[3]_i_162/O
                         net (fo=2, routed)           0.403    15.493    video1/Inst_vga/color_mapper1/dc_bias[3]_i_162_n_0
    SLICE_X147Y119       LUT6 (Prop_lut6_I0_O)        0.124    15.617 r  video1/Inst_vga/color_mapper1/dc_bias[3]_i_166/O
                         net (fo=1, routed)           0.000    15.617    video1/Inst_vga/color_mapper1/dc_bias[3]_i_166_n_0
    SLICE_X147Y119       CARRY4 (Prop_carry4_S[3]_CO[3])
                                                      0.401    16.018 r  video1/Inst_vga/color_mapper1/dc_bias_reg[3]_i_81/CO[3]
                         net (fo=1, routed)           0.000    16.018    video1/Inst_vga/color_mapper1/dc_bias_reg[3]_i_81_n_0
    SLICE_X147Y120       CARRY4 (Prop_carry4_CI_O[0])
                                                      0.222    16.240 r  video1/Inst_vga/color_mapper1/dc_bias_reg[3]_i_158/O[0]
                         net (fo=2, routed)           0.474    16.714    video1/Inst_vga/color_mapper1/dc_bias_reg[3]_i_158_n_7
    SLICE_X145Y120       CARRY4 (Prop_carry4_S[0]_O[1])
                                                      0.723    17.437 r  video1/Inst_vga/color_mapper1/dc_bias_reg[3]_i_80/O[1]
                         net (fo=1, routed)           0.771    18.208    video1/Inst_vga/vga_signal_generator1/vertical_counter/dc_bias_reg[3]_i_12[1]
    SLICE_X154Y119       LUT5 (Prop_lut5_I4_O)        0.303    18.511 r  video1/Inst_vga/vga_signal_generator1/vertical_counter/dc_bias[3]_i_42/O
                         net (fo=1, routed)           0.000    18.511    video1/Inst_vga/color_mapper1/dc_bias[3]_i_10_1[3]
    SLICE_X154Y119       CARRY4 (Prop_carry4_S[3]_CO[3])
                                                      0.376    18.887 r  video1/Inst_vga/color_mapper1/dc_bias_reg[3]_i_12/CO[3]
                         net (fo=1, routed)           0.000    18.887    video1/Inst_vga/color_mapper1/dc_bias_reg[3]_i_12_n_0
    SLICE_X154Y120       CARRY4 (Prop_carry4_CI_O[0])
                                                      0.219    19.106 f  video1/Inst_vga/color_mapper1/dc_bias_reg[3]_i_13/O[0]
                         net (fo=2, routed)           0.670    19.775    video1/Inst_vga/color_mapper1/dc_bias_reg[3]_i_13_n_7
    SLICE_X156Y119       LUT4 (Prop_lut4_I0_O)        0.295    20.070 f  video1/Inst_vga/color_mapper1/dc_bias[3]_i_9/O
                         net (fo=1, routed)           0.280    20.350    video1/Inst_vga/color_mapper1/dc_bias[3]_i_9_n_0
    SLICE_X156Y119       LUT6 (Prop_lut6_I0_O)        0.124    20.474 f  video1/Inst_vga/color_mapper1/dc_bias[3]_i_3__0/O
                         net (fo=4, routed)           0.622    21.096    video1/Inst_vga/vga_signal_generator1/vertical_counter/encoded_reg[0]_3
    SLICE_X158Y123       LUT6 (Prop_lut6_I0_O)        0.124    21.220 r  video1/Inst_vga/vga_signal_generator1/vertical_counter/dc_bias[3]_i_2__1/O
                         net (fo=14, routed)          0.995    22.215    video1/inst_dvid/TDMS_encoder_red/pixel[color][0]
    SLICE_X160Y129       LUT3 (Prop_lut3_I0_O)        0.153    22.368 r  video1/inst_dvid/TDMS_encoder_red/encoded[9]_i_1/O
                         net (fo=1, routed)           0.000    22.368    video1/inst_dvid/TDMS_encoder_red/encoded[9]_i_1_n_0
    SLICE_X160Y129       FDRE                                         r  video1/inst_dvid/TDMS_encoder_red/encoded_reg[9]/D
  -------------------------------------------------------------------    -------------------

                         (clock clk_out1_clk_wiz_0 rise edge)
                                                     40.000    40.000 r  
    BUFGCTRL_X0Y1        BUFG                         0.000    40.000 r  clk_IBUF_BUFG_inst/O
                         net (fo=116, routed)         1.972    41.972    video1/mmcm_adv_inst_display_clocks/inst/clk_in1
    MMCME2_ADV_X1Y0      MMCME2_ADV (Prop_mmcme2_adv_CLKIN1_CLKOUT0)
                                                     -4.637    37.335 r  video1/mmcm_adv_inst_display_clocks/inst/mmcm_adv_inst/CLKOUT0
                         net (fo=1, routed)           2.574    39.909    video1/mmcm_adv_inst_display_clocks/inst/clk_out1_clk_wiz_0
    BUFGCTRL_X0Y2        BUFG (Prop_bufg_I_O)         0.091    40.000 r  video1/mmcm_adv_inst_display_clocks/inst/clkout1_buf/O
                         net (fo=64, routed)          1.702    41.702    video1/inst_dvid/TDMS_encoder_red/clk_out1
    SLICE_X160Y129       FDRE                                         r  video1/inst_dvid/TDMS_encoder_red/encoded_reg[9]/C
                         clock pessimism              0.075    41.777    
                         clock uncertainty           -0.095    41.683    
    SLICE_X160Y129       FDRE (Setup_fdre_C_D)        0.075    41.758    video1/inst_dvid/TDMS_encoder_red/encoded_reg[9]
  -------------------------------------------------------------------
                         required time                         41.758    
                         arrival time                         -22.368    
  -------------------------------------------------------------------
                         slack                                 19.390    





Min Delay Paths
--------------------------------------------------------------------------------------
Slack (MET) :             0.128ns  (arrival time - required time)
  Source:                 video1/inst_dvid/TDMS_encoder_blue/encoded_reg[2]/C
                            (rising edge-triggered cell FDRE clocked by clk_out1_clk_wiz_0  {rise@0.000ns fall@20.000ns period=40.000ns})
  Destination:            video1/inst_dvid/latched_blue_reg[2]/D
                            (rising edge-triggered cell FDRE clocked by clk_out1_clk_wiz_0  {rise@0.000ns fall@20.000ns period=40.000ns})
  Path Group:             clk_out1_clk_wiz_0
  Path Type:              Hold (Min at Fast Process Corner)
  Requirement:            0.000ns  (clk_out1_clk_wiz_0 rise@0.000ns - clk_out1_clk_wiz_0 rise@0.000ns)
  Data Path Delay:        0.199ns  (logic 0.141ns (70.953%)  route 0.058ns (29.047%))
  Logic Levels:           0  
  Clock Path Skew:        0.000ns (DCD - SCD - CPR)
    Destination Clock Delay (DCD):    0.910ns
    Source Clock Delay      (SCD):    0.639ns
    Clock Pessimism Removal (CPR):    0.271ns

    Location             Delay type                Incr(ns)  Path(ns)    Netlist Resource(s)
  -------------------------------------------------------------------    -------------------
                         (clock clk_out1_clk_wiz_0 rise edge)
                                                      0.000     0.000 r  
    BUFGCTRL_X0Y1        BUFG                         0.000     0.000 r  clk_IBUF_BUFG_inst/O
                         net (fo=116, routed)         0.745     0.745    video1/mmcm_adv_inst_display_clocks/inst/clk_in1
    MMCME2_ADV_X1Y0      MMCME2_ADV (Prop_mmcme2_adv_CLKIN1_CLKOUT0)
                                                     -1.683    -0.938 r  video1/mmcm_adv_inst_display_clocks/inst/mmcm_adv_inst/CLKOUT0
                         net (fo=1, routed)           0.912    -0.026    video1/mmcm_adv_inst_display_clocks/inst/clk_out1_clk_wiz_0
    BUFGCTRL_X0Y2        BUFG (Prop_bufg_I_O)         0.026    -0.000 r  video1/mmcm_adv_inst_display_clocks/inst/clkout1_buf/O
                         net (fo=64, routed)          0.639     0.639    video1/inst_dvid/TDMS_encoder_blue/clk_out1
    SLICE_X160Y129       FDRE                                         r  video1/inst_dvid/TDMS_encoder_blue/encoded_reg[2]/C
  -------------------------------------------------------------------    -------------------
    SLICE_X160Y129       FDRE (Prop_fdre_C_Q)         0.141     0.780 r  video1/inst_dvid/TDMS_encoder_blue/encoded_reg[2]/Q
                         net (fo=1, routed)           0.058     0.837    video1/inst_dvid/TDMS_encoder_blue_n_5
    SLICE_X160Y129       FDRE                                         r  video1/inst_dvid/latched_blue_reg[2]/D
  -------------------------------------------------------------------    -------------------

                         (clock clk_out1_clk_wiz_0 rise edge)
                                                      0.000     0.000 r  
    BUFGCTRL_X0Y1        BUFG                         0.000     0.000 r  clk_IBUF_BUFG_inst/O
                         net (fo=116, routed)         1.022     1.022    video1/mmcm_adv_inst_display_clocks/inst/clk_in1
    MMCME2_ADV_X1Y0      MMCME2_ADV (Prop_mmcme2_adv_CLKIN1_CLKOUT0)
                                                     -2.040    -1.018 r  video1/mmcm_adv_inst_display_clocks/inst/mmcm_adv_inst/CLKOUT0
                         net (fo=1, routed)           0.989    -0.029    video1/mmcm_adv_inst_display_clocks/inst/clk_out1_clk_wiz_0
    BUFGCTRL_X0Y2        BUFG (Prop_bufg_I_O)         0.029    -0.000 r  video1/mmcm_adv_inst_display_clocks/inst/clkout1_buf/O
                         net (fo=64, routed)          0.910     0.910    video1/inst_dvid/clk_out1
    SLICE_X160Y129       FDRE                                         r  video1/inst_dvid/latched_blue_reg[2]/C
                         clock pessimism             -0.271     0.639    
    SLICE_X160Y129       FDRE (Hold_fdre_C_D)         0.071     0.710    video1/inst_dvid/latched_blue_reg[2]
  -------------------------------------------------------------------
                         required time                         -0.710    
                         arrival time                           0.837    
  -------------------------------------------------------------------
                         slack                                  0.128    

Slack (MET) :             0.131ns  (arrival time - required time)
  Source:                 video1/inst_dvid/TDMS_encoder_blue/encoded_reg[1]/C
                            (rising edge-triggered cell FDRE clocked by clk_out1_clk_wiz_0  {rise@0.000ns fall@20.000ns period=40.000ns})
  Destination:            video1/inst_dvid/latched_blue_reg[1]/D
                            (rising edge-triggered cell FDRE clocked by clk_out1_clk_wiz_0  {rise@0.000ns fall@20.000ns period=40.000ns})
  Path Group:             clk_out1_clk_wiz_0
  Path Type:              Hold (Min at Fast Process Corner)
  Requirement:            0.000ns  (clk_out1_clk_wiz_0 rise@0.000ns - clk_out1_clk_wiz_0 rise@0.000ns)
  Data Path Delay:        0.206ns  (logic 0.141ns (68.336%)  route 0.065ns (31.664%))
  Logic Levels:           0  
  Clock Path Skew:        0.000ns (DCD - SCD - CPR)
    Destination Clock Delay (DCD):    0.910ns
    Source Clock Delay      (SCD):    0.639ns
    Clock Pessimism Removal (CPR):    0.271ns

    Location             Delay type                Incr(ns)  Path(ns)    Netlist Resource(s)
  -------------------------------------------------------------------    -------------------
                         (clock clk_out1_clk_wiz_0 rise edge)
                                                      0.000     0.000 r  
    BUFGCTRL_X0Y1        BUFG                         0.000     0.000 r  clk_IBUF_BUFG_inst/O
                         net (fo=116, routed)         0.745     0.745    video1/mmcm_adv_inst_display_clocks/inst/clk_in1
    MMCME2_ADV_X1Y0      MMCME2_ADV (Prop_mmcme2_adv_CLKIN1_CLKOUT0)
                                                     -1.683    -0.938 r  video1/mmcm_adv_inst_display_clocks/inst/mmcm_adv_inst/CLKOUT0
                         net (fo=1, routed)           0.912    -0.026    video1/mmcm_adv_inst_display_clocks/inst/clk_out1_clk_wiz_0
    BUFGCTRL_X0Y2        BUFG (Prop_bufg_I_O)         0.026    -0.000 r  video1/mmcm_adv_inst_display_clocks/inst/clkout1_buf/O
                         net (fo=64, routed)          0.639     0.639    video1/inst_dvid/TDMS_encoder_blue/clk_out1
    SLICE_X160Y129       FDRE                                         r  video1/inst_dvid/TDMS_encoder_blue/encoded_reg[1]/C
  -------------------------------------------------------------------    -------------------
    SLICE_X160Y129       FDRE (Prop_fdre_C_Q)         0.141     0.780 r  video1/inst_dvid/TDMS_encoder_blue/encoded_reg[1]/Q
                         net (fo=1, routed)           0.065     0.845    video1/inst_dvid/TDMS_encoder_blue_n_6
    SLICE_X160Y129       FDRE                                         r  video1/inst_dvid/latched_blue_reg[1]/D
  -------------------------------------------------------------------    -------------------

                         (clock clk_out1_clk_wiz_0 rise edge)
                                                      0.000     0.000 r  
    BUFGCTRL_X0Y1        BUFG                         0.000     0.000 r  clk_IBUF_BUFG_inst/O
                         net (fo=116, routed)         1.022     1.022    video1/mmcm_adv_inst_display_clocks/inst/clk_in1
    MMCME2_ADV_X1Y0      MMCME2_ADV (Prop_mmcme2_adv_CLKIN1_CLKOUT0)
                                                     -2.040    -1.018 r  video1/mmcm_adv_inst_display_clocks/inst/mmcm_adv_inst/CLKOUT0
                         net (fo=1, routed)           0.989    -0.029    video1/mmcm_adv_inst_display_clocks/inst/clk_out1_clk_wiz_0
    BUFGCTRL_X0Y2        BUFG (Prop_bufg_I_O)         0.029    -0.000 r  video1/mmcm_adv_inst_display_clocks/inst/clkout1_buf/O
                         net (fo=64, routed)          0.910     0.910    video1/inst_dvid/clk_out1
    SLICE_X160Y129       FDRE                                         r  video1/inst_dvid/latched_blue_reg[1]/C
                         clock pessimism             -0.271     0.639    
    SLICE_X160Y129       FDRE (Hold_fdre_C_D)         0.075     0.714    video1/inst_dvid/latched_blue_reg[1]
  -------------------------------------------------------------------
                         required time                         -0.714    
                         arrival time                           0.845    
  -------------------------------------------------------------------
                         slack                                  0.131    

Slack (MET) :             0.174ns  (arrival time - required time)
  Source:                 video1/inst_dvid/TDMS_encoder_green/encoded_reg[2]/C
                            (rising edge-triggered cell FDSE clocked by clk_out1_clk_wiz_0  {rise@0.000ns fall@20.000ns period=40.000ns})
  Destination:            video1/inst_dvid/latched_green_reg[2]/D
                            (rising edge-triggered cell FDRE clocked by clk_out1_clk_wiz_0  {rise@0.000ns fall@20.000ns period=40.000ns})
  Path Group:             clk_out1_clk_wiz_0
  Path Type:              Hold (Min at Fast Process Corner)
  Requirement:            0.000ns  (clk_out1_clk_wiz_0 rise@0.000ns - clk_out1_clk_wiz_0 rise@0.000ns)
  Data Path Delay:        0.255ns  (logic 0.141ns (55.331%)  route 0.114ns (44.669%))
  Logic Levels:           0  
  Clock Path Skew:        0.015ns (DCD - SCD - CPR)
    Destination Clock Delay (DCD):    0.914ns
    Source Clock Delay      (SCD):    0.642ns
    Clock Pessimism Removal (CPR):    0.257ns

    Location             Delay type                Incr(ns)  Path(ns)    Netlist Resource(s)
  -------------------------------------------------------------------    -------------------
                         (clock clk_out1_clk_wiz_0 rise edge)
                                                      0.000     0.000 r  
    BUFGCTRL_X0Y1        BUFG                         0.000     0.000 r  clk_IBUF_BUFG_inst/O
                         net (fo=116, routed)         0.745     0.745    video1/mmcm_adv_inst_display_clocks/inst/clk_in1
    MMCME2_ADV_X1Y0      MMCME2_ADV (Prop_mmcme2_adv_CLKIN1_CLKOUT0)
                                                     -1.683    -0.938 r  video1/mmcm_adv_inst_display_clocks/inst/mmcm_adv_inst/CLKOUT0
                         net (fo=1, routed)           0.912    -0.026    video1/mmcm_adv_inst_display_clocks/inst/clk_out1_clk_wiz_0
    BUFGCTRL_X0Y2        BUFG (Prop_bufg_I_O)         0.026    -0.000 r  video1/mmcm_adv_inst_display_clocks/inst/clkout1_buf/O
                         net (fo=64, routed)          0.642     0.642    video1/inst_dvid/TDMS_encoder_green/clk_out1
    SLICE_X160Y132       FDSE                                         r  video1/inst_dvid/TDMS_encoder_green/encoded_reg[2]/C
  -------------------------------------------------------------------    -------------------
    SLICE_X160Y132       FDSE (Prop_fdse_C_Q)         0.141     0.783 r  video1/inst_dvid/TDMS_encoder_green/encoded_reg[2]/Q
                         net (fo=1, routed)           0.114     0.896    video1/inst_dvid/TDMS_encoder_green_n_2
    SLICE_X160Y133       FDRE                                         r  video1/inst_dvid/latched_green_reg[2]/D
  -------------------------------------------------------------------    -------------------

                         (clock clk_out1_clk_wiz_0 rise edge)
                                                      0.000     0.000 r  
    BUFGCTRL_X0Y1        BUFG                         0.000     0.000 r  clk_IBUF_BUFG_inst/O
                         net (fo=116, routed)         1.022     1.022    video1/mmcm_adv_inst_display_clocks/inst/clk_in1
    MMCME2_ADV_X1Y0      MMCME2_ADV (Prop_mmcme2_adv_CLKIN1_CLKOUT0)
                                                     -2.040    -1.018 r  video1/mmcm_adv_inst_display_clocks/inst/mmcm_adv_inst/CLKOUT0
                         net (fo=1, routed)           0.989    -0.029    video1/mmcm_adv_inst_display_clocks/inst/clk_out1_clk_wiz_0
    BUFGCTRL_X0Y2        BUFG (Prop_bufg_I_O)         0.029    -0.000 r  video1/mmcm_adv_inst_display_clocks/inst/clkout1_buf/O
                         net (fo=64, routed)          0.914     0.914    video1/inst_dvid/clk_out1
    SLICE_X160Y133       FDRE                                         r  video1/inst_dvid/latched_green_reg[2]/C
                         clock pessimism             -0.257     0.657    
    SLICE_X160Y133       FDRE (Hold_fdre_C_D)         0.066     0.723    video1/inst_dvid/latched_green_reg[2]
  -------------------------------------------------------------------
                         required time                         -0.723    
                         arrival time                           0.896    
  -------------------------------------------------------------------
                         slack                                  0.174    

Slack (MET) :             0.180ns  (arrival time - required time)
  Source:                 video1/inst_dvid/TDMS_encoder_blue/encoded_reg[4]/C
                            (rising edge-triggered cell FDRE clocked by clk_out1_clk_wiz_0  {rise@0.000ns fall@20.000ns period=40.000ns})
  Destination:            video1/inst_dvid/latched_blue_reg[4]/D
                            (rising edge-triggered cell FDRE clocked by clk_out1_clk_wiz_0  {rise@0.000ns fall@20.000ns period=40.000ns})
  Path Group:             clk_out1_clk_wiz_0
  Path Type:              Hold (Min at Fast Process Corner)
  Requirement:            0.000ns  (clk_out1_clk_wiz_0 rise@0.000ns - clk_out1_clk_wiz_0 rise@0.000ns)
  Data Path Delay:        0.259ns  (logic 0.141ns (54.442%)  route 0.118ns (45.558%))
  Logic Levels:           0  
  Clock Path Skew:        0.013ns (DCD - SCD - CPR)
    Destination Clock Delay (DCD):    0.908ns
    Source Clock Delay      (SCD):    0.638ns
    Clock Pessimism Removal (CPR):    0.257ns

    Location             Delay type                Incr(ns)  Path(ns)    Netlist Resource(s)
  -------------------------------------------------------------------    -------------------
                         (clock clk_out1_clk_wiz_0 rise edge)
                                                      0.000     0.000 r  
    BUFGCTRL_X0Y1        BUFG                         0.000     0.000 r  clk_IBUF_BUFG_inst/O
                         net (fo=116, routed)         0.745     0.745    video1/mmcm_adv_inst_display_clocks/inst/clk_in1
    MMCME2_ADV_X1Y0      MMCME2_ADV (Prop_mmcme2_adv_CLKIN1_CLKOUT0)
                                                     -1.683    -0.938 r  video1/mmcm_adv_inst_display_clocks/inst/mmcm_adv_inst/CLKOUT0
                         net (fo=1, routed)           0.912    -0.026    video1/mmcm_adv_inst_display_clocks/inst/clk_out1_clk_wiz_0
    BUFGCTRL_X0Y2        BUFG (Prop_bufg_I_O)         0.026    -0.000 r  video1/mmcm_adv_inst_display_clocks/inst/clkout1_buf/O
                         net (fo=64, routed)          0.638     0.638    video1/inst_dvid/TDMS_encoder_blue/clk_out1
    SLICE_X160Y127       FDRE                                         r  video1/inst_dvid/TDMS_encoder_blue/encoded_reg[4]/C
  -------------------------------------------------------------------    -------------------
    SLICE_X160Y127       FDRE (Prop_fdre_C_Q)         0.141     0.779 r  video1/inst_dvid/TDMS_encoder_blue/encoded_reg[4]/Q
                         net (fo=1, routed)           0.118     0.897    video1/inst_dvid/TDMS_encoder_blue_n_4
    SLICE_X161Y127       FDRE                                         r  video1/inst_dvid/latched_blue_reg[4]/D
  -------------------------------------------------------------------    -------------------

                         (clock clk_out1_clk_wiz_0 rise edge)
                                                      0.000     0.000 r  
    BUFGCTRL_X0Y1        BUFG                         0.000     0.000 r  clk_IBUF_BUFG_inst/O
                         net (fo=116, routed)         1.022     1.022    video1/mmcm_adv_inst_display_clocks/inst/clk_in1
    MMCME2_ADV_X1Y0      MMCME2_ADV (Prop_mmcme2_adv_CLKIN1_CLKOUT0)
                                                     -2.040    -1.018 r  video1/mmcm_adv_inst_display_clocks/inst/mmcm_adv_inst/CLKOUT0
                         net (fo=1, routed)           0.989    -0.029    video1/mmcm_adv_inst_display_clocks/inst/clk_out1_clk_wiz_0
    BUFGCTRL_X0Y2        BUFG (Prop_bufg_I_O)         0.029    -0.000 r  video1/mmcm_adv_inst_display_clocks/inst/clkout1_buf/O
                         net (fo=64, routed)          0.908     0.908    video1/inst_dvid/clk_out1
    SLICE_X161Y127       FDRE                                         r  video1/inst_dvid/latched_blue_reg[4]/C
                         clock pessimism             -0.257     0.651    
    SLICE_X161Y127       FDRE (Hold_fdre_C_D)         0.066     0.717    video1/inst_dvid/latched_blue_reg[4]
  -------------------------------------------------------------------
                         required time                         -0.717    
                         arrival time                           0.897    
  -------------------------------------------------------------------
                         slack                                  0.180    

Slack (MET) :             0.191ns  (arrival time - required time)
  Source:                 video1/inst_dvid/TDMS_encoder_blue/encoded_reg[9]/C
                            (rising edge-triggered cell FDRE clocked by clk_out1_clk_wiz_0  {rise@0.000ns fall@20.000ns period=40.000ns})
  Destination:            video1/inst_dvid/latched_blue_reg[9]/D
                            (rising edge-triggered cell FDRE clocked by clk_out1_clk_wiz_0  {rise@0.000ns fall@20.000ns period=40.000ns})
  Path Group:             clk_out1_clk_wiz_0
  Path Type:              Hold (Min at Fast Process Corner)
  Requirement:            0.000ns  (clk_out1_clk_wiz_0 rise@0.000ns - clk_out1_clk_wiz_0 rise@0.000ns)
  Data Path Delay:        0.266ns  (logic 0.141ns (53.032%)  route 0.125ns (46.968%))
  Logic Levels:           0  
  Clock Path Skew:        0.000ns (DCD - SCD - CPR)
    Destination Clock Delay (DCD):    0.908ns
    Source Clock Delay      (SCD):    0.638ns
    Clock Pessimism Removal (CPR):    0.270ns

    Location             Delay type                Incr(ns)  Path(ns)    Netlist Resource(s)
  -------------------------------------------------------------------    -------------------
                         (clock clk_out1_clk_wiz_0 rise edge)
                                                      0.000     0.000 r  
    BUFGCTRL_X0Y1        BUFG                         0.000     0.000 r  clk_IBUF_BUFG_inst/O
                         net (fo=116, routed)         0.745     0.745    video1/mmcm_adv_inst_display_clocks/inst/clk_in1
    MMCME2_ADV_X1Y0      MMCME2_ADV (Prop_mmcme2_adv_CLKIN1_CLKOUT0)
                                                     -1.683    -0.938 r  video1/mmcm_adv_inst_display_clocks/inst/mmcm_adv_inst/CLKOUT0
                         net (fo=1, routed)           0.912    -0.026    video1/mmcm_adv_inst_display_clocks/inst/clk_out1_clk_wiz_0
    BUFGCTRL_X0Y2        BUFG (Prop_bufg_I_O)         0.026    -0.000 r  video1/mmcm_adv_inst_display_clocks/inst/clkout1_buf/O
                         net (fo=64, routed)          0.638     0.638    video1/inst_dvid/TDMS_encoder_blue/clk_out1
    SLICE_X160Y127       FDRE                                         r  video1/inst_dvid/TDMS_encoder_blue/encoded_reg[9]/C
  -------------------------------------------------------------------    -------------------
    SLICE_X160Y127       FDRE (Prop_fdre_C_Q)         0.141     0.779 r  video1/inst_dvid/TDMS_encoder_blue/encoded_reg[9]/Q
                         net (fo=1, routed)           0.125     0.903    video1/inst_dvid/TDMS_encoder_blue_n_2
    SLICE_X160Y127       FDRE                                         r  video1/inst_dvid/latched_blue_reg[9]/D
  -------------------------------------------------------------------    -------------------

                         (clock clk_out1_clk_wiz_0 rise edge)
                                                      0.000     0.000 r  
    BUFGCTRL_X0Y1        BUFG                         0.000     0.000 r  clk_IBUF_BUFG_inst/O
                         net (fo=116, routed)         1.022     1.022    video1/mmcm_adv_inst_display_clocks/inst/clk_in1
    MMCME2_ADV_X1Y0      MMCME2_ADV (Prop_mmcme2_adv_CLKIN1_CLKOUT0)
                                                     -2.040    -1.018 r  video1/mmcm_adv_inst_display_clocks/inst/mmcm_adv_inst/CLKOUT0
                         net (fo=1, routed)           0.989    -0.029    video1/mmcm_adv_inst_display_clocks/inst/clk_out1_clk_wiz_0
    BUFGCTRL_X0Y2        BUFG (Prop_bufg_I_O)         0.029    -0.000 r  video1/mmcm_adv_inst_display_clocks/inst/clkout1_buf/O
                         net (fo=64, routed)          0.908     0.908    video1/inst_dvid/clk_out1
    SLICE_X160Y127       FDRE                                         r  video1/inst_dvid/latched_blue_reg[9]/C
                         clock pessimism             -0.270     0.638    
    SLICE_X160Y127       FDRE (Hold_fdre_C_D)         0.075     0.713    video1/inst_dvid/latched_blue_reg[9]
  -------------------------------------------------------------------
                         required time                         -0.713    
                         arrival time                           0.903    
  -------------------------------------------------------------------
                         slack                                  0.191    

Slack (MET) :             0.195ns  (arrival time - required time)
  Source:                 video1/inst_dvid/TDMS_encoder_green/encoded_reg[8]/C
                            (rising edge-triggered cell FDRE clocked by clk_out1_clk_wiz_0  {rise@0.000ns fall@20.000ns period=40.000ns})
  Destination:            video1/inst_dvid/latched_green_reg[8]/D
                            (rising edge-triggered cell FDRE clocked by clk_out1_clk_wiz_0  {rise@0.000ns fall@20.000ns period=40.000ns})
  Path Group:             clk_out1_clk_wiz_0
  Path Type:              Hold (Min at Fast Process Corner)
  Requirement:            0.000ns  (clk_out1_clk_wiz_0 rise@0.000ns - clk_out1_clk_wiz_0 rise@0.000ns)
  Data Path Delay:        0.261ns  (logic 0.141ns (54.076%)  route 0.120ns (45.924%))
  Logic Levels:           0  
  Clock Path Skew:        0.000ns (DCD - SCD - CPR)
    Destination Clock Delay (DCD):    0.911ns
    Source Clock Delay      (SCD):    0.640ns
    Clock Pessimism Removal (CPR):    0.271ns

    Location             Delay type                Incr(ns)  Path(ns)    Netlist Resource(s)
  -------------------------------------------------------------------    -------------------
                         (clock clk_out1_clk_wiz_0 rise edge)
                                                      0.000     0.000 r  
    BUFGCTRL_X0Y1        BUFG                         0.000     0.000 r  clk_IBUF_BUFG_inst/O
                         net (fo=116, routed)         0.745     0.745    video1/mmcm_adv_inst_display_clocks/inst/clk_in1
    MMCME2_ADV_X1Y0      MMCME2_ADV (Prop_mmcme2_adv_CLKIN1_CLKOUT0)
                                                     -1.683    -0.938 r  video1/mmcm_adv_inst_display_clocks/inst/mmcm_adv_inst/CLKOUT0
                         net (fo=1, routed)           0.912    -0.026    video1/mmcm_adv_inst_display_clocks/inst/clk_out1_clk_wiz_0
    BUFGCTRL_X0Y2        BUFG (Prop_bufg_I_O)         0.026    -0.000 r  video1/mmcm_adv_inst_display_clocks/inst/clkout1_buf/O
                         net (fo=64, routed)          0.640     0.640    video1/inst_dvid/TDMS_encoder_green/clk_out1
    SLICE_X160Y130       FDRE                                         r  video1/inst_dvid/TDMS_encoder_green/encoded_reg[8]/C
  -------------------------------------------------------------------    -------------------
    SLICE_X160Y130       FDRE (Prop_fdre_C_Q)         0.141     0.781 r  video1/inst_dvid/TDMS_encoder_green/encoded_reg[8]/Q
                         net (fo=1, routed)           0.120     0.900    video1/inst_dvid/TDMS_encoder_green_n_1
    SLICE_X160Y130       FDRE                                         r  video1/inst_dvid/latched_green_reg[8]/D
  -------------------------------------------------------------------    -------------------

                         (clock clk_out1_clk_wiz_0 rise edge)
                                                      0.000     0.000 r  
    BUFGCTRL_X0Y1        BUFG                         0.000     0.000 r  clk_IBUF_BUFG_inst/O
                         net (fo=116, routed)         1.022     1.022    video1/mmcm_adv_inst_display_clocks/inst/clk_in1
    MMCME2_ADV_X1Y0      MMCME2_ADV (Prop_mmcme2_adv_CLKIN1_CLKOUT0)
                                                     -2.040    -1.018 r  video1/mmcm_adv_inst_display_clocks/inst/mmcm_adv_inst/CLKOUT0
                         net (fo=1, routed)           0.989    -0.029    video1/mmcm_adv_inst_display_clocks/inst/clk_out1_clk_wiz_0
    BUFGCTRL_X0Y2        BUFG (Prop_bufg_I_O)         0.029    -0.000 r  video1/mmcm_adv_inst_display_clocks/inst/clkout1_buf/O
                         net (fo=64, routed)          0.911     0.911    video1/inst_dvid/clk_out1
    SLICE_X160Y130       FDRE                                         r  video1/inst_dvid/latched_green_reg[8]/C
                         clock pessimism             -0.271     0.640    
    SLICE_X160Y130       FDRE (Hold_fdre_C_D)         0.066     0.706    video1/inst_dvid/latched_green_reg[8]
  -------------------------------------------------------------------
                         required time                         -0.706    
                         arrival time                           0.900    
  -------------------------------------------------------------------
                         slack                                  0.195    

Slack (MET) :             0.202ns  (arrival time - required time)
  Source:                 video1/inst_dvid/TDMS_encoder_red/encoded_reg[2]/C
                            (rising edge-triggered cell FDSE clocked by clk_out1_clk_wiz_0  {rise@0.000ns fall@20.000ns period=40.000ns})
  Destination:            video1/inst_dvid/latched_red_reg[2]/D
                            (rising edge-triggered cell FDRE clocked by clk_out1_clk_wiz_0  {rise@0.000ns fall@20.000ns period=40.000ns})
  Path Group:             clk_out1_clk_wiz_0
  Path Type:              Hold (Min at Fast Process Corner)
  Requirement:            0.000ns  (clk_out1_clk_wiz_0 rise@0.000ns - clk_out1_clk_wiz_0 rise@0.000ns)
  Data Path Delay:        0.313ns  (logic 0.141ns (45.051%)  route 0.172ns (54.949%))
  Logic Levels:           0  
  Clock Path Skew:        0.039ns (DCD - SCD - CPR)
    Destination Clock Delay (DCD):    0.911ns
    Source Clock Delay      (SCD):    0.638ns
    Clock Pessimism Removal (CPR):    0.234ns

    Location             Delay type                Incr(ns)  Path(ns)    Netlist Resource(s)
  -------------------------------------------------------------------    -------------------
                         (clock clk_out1_clk_wiz_0 rise edge)
                                                      0.000     0.000 r  
    BUFGCTRL_X0Y1        BUFG                         0.000     0.000 r  clk_IBUF_BUFG_inst/O
                         net (fo=116, routed)         0.745     0.745    video1/mmcm_adv_inst_display_clocks/inst/clk_in1
    MMCME2_ADV_X1Y0      MMCME2_ADV (Prop_mmcme2_adv_CLKIN1_CLKOUT0)
                                                     -1.683    -0.938 r  video1/mmcm_adv_inst_display_clocks/inst/mmcm_adv_inst/CLKOUT0
                         net (fo=1, routed)           0.912    -0.026    video1/mmcm_adv_inst_display_clocks/inst/clk_out1_clk_wiz_0
    BUFGCTRL_X0Y2        BUFG (Prop_bufg_I_O)         0.026    -0.000 r  video1/mmcm_adv_inst_display_clocks/inst/clkout1_buf/O
                         net (fo=64, routed)          0.638     0.638    video1/inst_dvid/TDMS_encoder_red/clk_out1
    SLICE_X159Y129       FDSE                                         r  video1/inst_dvid/TDMS_encoder_red/encoded_reg[2]/C
  -------------------------------------------------------------------    -------------------
    SLICE_X159Y129       FDSE (Prop_fdse_C_Q)         0.141     0.779 r  video1/inst_dvid/TDMS_encoder_red/encoded_reg[2]/Q
                         net (fo=1, routed)           0.172     0.951    video1/inst_dvid/TDMS_encoder_red_n_2
    SLICE_X160Y130       FDRE                                         r  video1/inst_dvid/latched_red_reg[2]/D
  -------------------------------------------------------------------    -------------------

                         (clock clk_out1_clk_wiz_0 rise edge)
                                                      0.000     0.000 r  
    BUFGCTRL_X0Y1        BUFG                         0.000     0.000 r  clk_IBUF_BUFG_inst/O
                         net (fo=116, routed)         1.022     1.022    video1/mmcm_adv_inst_display_clocks/inst/clk_in1
    MMCME2_ADV_X1Y0      MMCME2_ADV (Prop_mmcme2_adv_CLKIN1_CLKOUT0)
                                                     -2.040    -1.018 r  video1/mmcm_adv_inst_display_clocks/inst/mmcm_adv_inst/CLKOUT0
                         net (fo=1, routed)           0.989    -0.029    video1/mmcm_adv_inst_display_clocks/inst/clk_out1_clk_wiz_0
    BUFGCTRL_X0Y2        BUFG (Prop_bufg_I_O)         0.029    -0.000 r  video1/mmcm_adv_inst_display_clocks/inst/clkout1_buf/O
                         net (fo=64, routed)          0.911     0.911    video1/inst_dvid/clk_out1
    SLICE_X160Y130       FDRE                                         r  video1/inst_dvid/latched_red_reg[2]/C
                         clock pessimism             -0.234     0.677    
    SLICE_X160Y130       FDRE (Hold_fdre_C_D)         0.072     0.749    video1/inst_dvid/latched_red_reg[2]
  -------------------------------------------------------------------
                         required time                         -0.749    
                         arrival time                           0.951    
  -------------------------------------------------------------------
                         slack                                  0.202    

Slack (MET) :             0.214ns  (arrival time - required time)
  Source:                 video1/inst_dvid/TDMS_encoder_red/encoded_reg[0]/C
                            (rising edge-triggered cell FDRE clocked by clk_out1_clk_wiz_0  {rise@0.000ns fall@20.000ns period=40.000ns})
  Destination:            video1/inst_dvid/latched_red_reg[0]/D
                            (rising edge-triggered cell FDRE clocked by clk_out1_clk_wiz_0  {rise@0.000ns fall@20.000ns period=40.000ns})
  Path Group:             clk_out1_clk_wiz_0
  Path Type:              Hold (Min at Fast Process Corner)
  Requirement:            0.000ns  (clk_out1_clk_wiz_0 rise@0.000ns - clk_out1_clk_wiz_0 rise@0.000ns)
  Data Path Delay:        0.233ns  (logic 0.128ns (55.026%)  route 0.105ns (44.974%))
  Logic Levels:           0  
  Clock Path Skew:        0.014ns (DCD - SCD - CPR)
    Destination Clock Delay (DCD):    0.909ns
    Source Clock Delay      (SCD):    0.638ns
    Clock Pessimism Removal (CPR):    0.257ns

    Location             Delay type                Incr(ns)  Path(ns)    Netlist Resource(s)
  -------------------------------------------------------------------    -------------------
                         (clock clk_out1_clk_wiz_0 rise edge)
                                                      0.000     0.000 r  
    BUFGCTRL_X0Y1        BUFG                         0.000     0.000 r  clk_IBUF_BUFG_inst/O
                         net (fo=116, routed)         0.745     0.745    video1/mmcm_adv_inst_display_clocks/inst/clk_in1
    MMCME2_ADV_X1Y0      MMCME2_ADV (Prop_mmcme2_adv_CLKIN1_CLKOUT0)
                                                     -1.683    -0.938 r  video1/mmcm_adv_inst_display_clocks/inst/mmcm_adv_inst/CLKOUT0
                         net (fo=1, routed)           0.912    -0.026    video1/mmcm_adv_inst_display_clocks/inst/clk_out1_clk_wiz_0
    BUFGCTRL_X0Y2        BUFG (Prop_bufg_I_O)         0.026    -0.000 r  video1/mmcm_adv_inst_display_clocks/inst/clkout1_buf/O
                         net (fo=64, routed)          0.638     0.638    video1/inst_dvid/TDMS_encoder_red/clk_out1
    SLICE_X160Y128       FDRE                                         r  video1/inst_dvid/TDMS_encoder_red/encoded_reg[0]/C
  -------------------------------------------------------------------    -------------------
    SLICE_X160Y128       FDRE (Prop_fdre_C_Q)         0.128     0.766 r  video1/inst_dvid/TDMS_encoder_red/encoded_reg[0]/Q
                         net (fo=1, routed)           0.105     0.870    video1/inst_dvid/TDMS_encoder_red_n_3
    SLICE_X162Y128       FDRE                                         r  video1/inst_dvid/latched_red_reg[0]/D
  -------------------------------------------------------------------    -------------------

                         (clock clk_out1_clk_wiz_0 rise edge)
                                                      0.000     0.000 r  
    BUFGCTRL_X0Y1        BUFG                         0.000     0.000 r  clk_IBUF_BUFG_inst/O
                         net (fo=116, routed)         1.022     1.022    video1/mmcm_adv_inst_display_clocks/inst/clk_in1
    MMCME2_ADV_X1Y0      MMCME2_ADV (Prop_mmcme2_adv_CLKIN1_CLKOUT0)
                                                     -2.040    -1.018 r  video1/mmcm_adv_inst_display_clocks/inst/mmcm_adv_inst/CLKOUT0
                         net (fo=1, routed)           0.989    -0.029    video1/mmcm_adv_inst_display_clocks/inst/clk_out1_clk_wiz_0
    BUFGCTRL_X0Y2        BUFG (Prop_bufg_I_O)         0.029    -0.000 r  video1/mmcm_adv_inst_display_clocks/inst/clkout1_buf/O
                         net (fo=64, routed)          0.909     0.909    video1/inst_dvid/clk_out1
    SLICE_X162Y128       FDRE                                         r  video1/inst_dvid/latched_red_reg[0]/C
                         clock pessimism             -0.257     0.652    
    SLICE_X162Y128       FDRE (Hold_fdre_C_D)         0.005     0.657    video1/inst_dvid/latched_red_reg[0]
  -------------------------------------------------------------------
                         required time                         -0.657    
                         arrival time                           0.870    
  -------------------------------------------------------------------
                         slack                                  0.214    

Slack (MET) :             0.216ns  (arrival time - required time)
  Source:                 video1/inst_dvid/TDMS_encoder_green/encoded_reg[1]/C
                            (rising edge-triggered cell FDRE clocked by clk_out1_clk_wiz_0  {rise@0.000ns fall@20.000ns period=40.000ns})
  Destination:            video1/inst_dvid/latched_green_reg[1]/D
                            (rising edge-triggered cell FDRE clocked by clk_out1_clk_wiz_0  {rise@0.000ns fall@20.000ns period=40.000ns})
  Path Group:             clk_out1_clk_wiz_0
  Path Type:              Hold (Min at Fast Process Corner)
  Requirement:            0.000ns  (clk_out1_clk_wiz_0 rise@0.000ns - clk_out1_clk_wiz_0 rise@0.000ns)
  Data Path Delay:        0.247ns  (logic 0.128ns (51.722%)  route 0.119ns (48.278%))
  Logic Levels:           0  
  Clock Path Skew:        0.015ns (DCD - SCD - CPR)
    Destination Clock Delay (DCD):    0.914ns
    Source Clock Delay      (SCD):    0.642ns
    Clock Pessimism Removal (CPR):    0.257ns

    Location             Delay type                Incr(ns)  Path(ns)    Netlist Resource(s)
  -------------------------------------------------------------------    -------------------
                         (clock clk_out1_clk_wiz_0 rise edge)
                                                      0.000     0.000 r  
    BUFGCTRL_X0Y1        BUFG                         0.000     0.000 r  clk_IBUF_BUFG_inst/O
                         net (fo=116, routed)         0.745     0.745    video1/mmcm_adv_inst_display_clocks/inst/clk_in1
    MMCME2_ADV_X1Y0      MMCME2_ADV (Prop_mmcme2_adv_CLKIN1_CLKOUT0)
                                                     -1.683    -0.938 r  video1/mmcm_adv_inst_display_clocks/inst/mmcm_adv_inst/CLKOUT0
                         net (fo=1, routed)           0.912    -0.026    video1/mmcm_adv_inst_display_clocks/inst/clk_out1_clk_wiz_0
    BUFGCTRL_X0Y2        BUFG (Prop_bufg_I_O)         0.026    -0.000 r  video1/mmcm_adv_inst_display_clocks/inst/clkout1_buf/O
                         net (fo=64, routed)          0.642     0.642    video1/inst_dvid/TDMS_encoder_green/clk_out1
    SLICE_X160Y132       FDRE                                         r  video1/inst_dvid/TDMS_encoder_green/encoded_reg[1]/C
  -------------------------------------------------------------------    -------------------
    SLICE_X160Y132       FDRE (Prop_fdre_C_Q)         0.128     0.770 r  video1/inst_dvid/TDMS_encoder_green/encoded_reg[1]/Q
                         net (fo=1, routed)           0.119     0.889    video1/inst_dvid/TDMS_encoder_green_n_3
    SLICE_X160Y133       FDRE                                         r  video1/inst_dvid/latched_green_reg[1]/D
  -------------------------------------------------------------------    -------------------

                         (clock clk_out1_clk_wiz_0 rise edge)
                                                      0.000     0.000 r  
    BUFGCTRL_X0Y1        BUFG                         0.000     0.000 r  clk_IBUF_BUFG_inst/O
                         net (fo=116, routed)         1.022     1.022    video1/mmcm_adv_inst_display_clocks/inst/clk_in1
    MMCME2_ADV_X1Y0      MMCME2_ADV (Prop_mmcme2_adv_CLKIN1_CLKOUT0)
                                                     -2.040    -1.018 r  video1/mmcm_adv_inst_display_clocks/inst/mmcm_adv_inst/CLKOUT0
                         net (fo=1, routed)           0.989    -0.029    video1/mmcm_adv_inst_display_clocks/inst/clk_out1_clk_wiz_0
    BUFGCTRL_X0Y2        BUFG (Prop_bufg_I_O)         0.029    -0.000 r  video1/mmcm_adv_inst_display_clocks/inst/clkout1_buf/O
                         net (fo=64, routed)          0.914     0.914    video1/inst_dvid/clk_out1
    SLICE_X160Y133       FDRE                                         r  video1/inst_dvid/latched_green_reg[1]/C
                         clock pessimism             -0.257     0.657    
    SLICE_X160Y133       FDRE (Hold_fdre_C_D)         0.016     0.673    video1/inst_dvid/latched_green_reg[1]
  -------------------------------------------------------------------
                         required time                         -0.673    
                         arrival time                           0.889    
  -------------------------------------------------------------------
                         slack                                  0.216    

Slack (MET) :             0.217ns  (arrival time - required time)
  Source:                 video1/inst_dvid/TDMS_encoder_red/encoded_reg[8]/C
                            (rising edge-triggered cell FDRE clocked by clk_out1_clk_wiz_0  {rise@0.000ns fall@20.000ns period=40.000ns})
  Destination:            video1/inst_dvid/latched_red_reg[8]/D
                            (rising edge-triggered cell FDRE clocked by clk_out1_clk_wiz_0  {rise@0.000ns fall@20.000ns period=40.000ns})
  Path Group:             clk_out1_clk_wiz_0
  Path Type:              Hold (Min at Fast Process Corner)
  Requirement:            0.000ns  (clk_out1_clk_wiz_0 rise@0.000ns - clk_out1_clk_wiz_0 rise@0.000ns)
  Data Path Delay:        0.264ns  (logic 0.141ns (53.488%)  route 0.123ns (46.512%))
  Logic Levels:           0  
  Clock Path Skew:        0.000ns (DCD - SCD - CPR)
    Destination Clock Delay (DCD):    0.910ns
    Source Clock Delay      (SCD):    0.639ns
    Clock Pessimism Removal (CPR):    0.271ns

    Location             Delay type                Incr(ns)  Path(ns)    Netlist Resource(s)
  -------------------------------------------------------------------    -------------------
                         (clock clk_out1_clk_wiz_0 rise edge)
                                                      0.000     0.000 r  
    BUFGCTRL_X0Y1        BUFG                         0.000     0.000 r  clk_IBUF_BUFG_inst/O
                         net (fo=116, routed)         0.745     0.745    video1/mmcm_adv_inst_display_clocks/inst/clk_in1
    MMCME2_ADV_X1Y0      MMCME2_ADV (Prop_mmcme2_adv_CLKIN1_CLKOUT0)
                                                     -1.683    -0.938 r  video1/mmcm_adv_inst_display_clocks/inst/mmcm_adv_inst/CLKOUT0
                         net (fo=1, routed)           0.912    -0.026    video1/mmcm_adv_inst_display_clocks/inst/clk_out1_clk_wiz_0
    BUFGCTRL_X0Y2        BUFG (Prop_bufg_I_O)         0.026    -0.000 r  video1/mmcm_adv_inst_display_clocks/inst/clkout1_buf/O
                         net (fo=64, routed)          0.639     0.639    video1/inst_dvid/TDMS_encoder_red/clk_out1
    SLICE_X160Y129       FDRE                                         r  video1/inst_dvid/TDMS_encoder_red/encoded_reg[8]/C
  -------------------------------------------------------------------    -------------------
    SLICE_X160Y129       FDRE (Prop_fdre_C_Q)         0.141     0.780 r  video1/inst_dvid/TDMS_encoder_red/encoded_reg[8]/Q
                         net (fo=1, routed)           0.123     0.902    video1/inst_dvid/TDMS_encoder_red_n_1
    SLICE_X160Y129       FDRE                                         r  video1/inst_dvid/latched_red_reg[8]/D
  -------------------------------------------------------------------    -------------------

                         (clock clk_out1_clk_wiz_0 rise edge)
                                                      0.000     0.000 r  
    BUFGCTRL_X0Y1        BUFG                         0.000     0.000 r  clk_IBUF_BUFG_inst/O
                         net (fo=116, routed)         1.022     1.022    video1/mmcm_adv_inst_display_clocks/inst/clk_in1
    MMCME2_ADV_X1Y0      MMCME2_ADV (Prop_mmcme2_adv_CLKIN1_CLKOUT0)
                                                     -2.040    -1.018 r  video1/mmcm_adv_inst_display_clocks/inst/mmcm_adv_inst/CLKOUT0
                         net (fo=1, routed)           0.989    -0.029    video1/mmcm_adv_inst_display_clocks/inst/clk_out1_clk_wiz_0
    BUFGCTRL_X0Y2        BUFG (Prop_bufg_I_O)         0.029    -0.000 r  video1/mmcm_adv_inst_display_clocks/inst/clkout1_buf/O
                         net (fo=64, routed)          0.910     0.910    video1/inst_dvid/clk_out1
    SLICE_X160Y129       FDRE                                         r  video1/inst_dvid/latched_red_reg[8]/C
                         clock pessimism             -0.271     0.639    
    SLICE_X160Y129       FDRE (Hold_fdre_C_D)         0.047     0.686    video1/inst_dvid/latched_red_reg[8]
  -------------------------------------------------------------------
                         required time                         -0.686    
                         arrival time                           0.902    
  -------------------------------------------------------------------
                         slack                                  0.217    





Pulse Width Checks
--------------------------------------------------------------------------------------
Clock Name:         clk_out1_clk_wiz_0
Waveform(ns):       { 0.000 20.000 }
Period(ns):         40.000
Sources:            { video1/mmcm_adv_inst_display_clocks/inst/mmcm_adv_inst/CLKOUT0 }

Check Type        Corner  Lib Pin             Reference Pin  Required(ns)  Actual(ns)  Slack(ns)  Location         Pin
Min Period        n/a     BUFG/I              n/a            2.155         40.000      37.845     BUFGCTRL_X0Y2    video1/mmcm_adv_inst_display_clocks/inst/clkout1_buf/I
Min Period        n/a     MMCME2_ADV/CLKOUT0  n/a            1.249         40.000      38.751     MMCME2_ADV_X1Y0  video1/mmcm_adv_inst_display_clocks/inst/mmcm_adv_inst/CLKOUT0
Min Period        n/a     FDRE/C              n/a            1.000         40.000      39.000     SLICE_X157Y115   video1/Inst_vga/vga_signal_generator1/vga_reg[blank]/C
Min Period        n/a     FDRE/C              n/a            1.000         40.000      39.000     SLICE_X158Y116   video1/Inst_vga/vga_signal_generator1/vga_reg[hsync]/C
Min Period        n/a     FDRE/C              n/a            1.000         40.000      39.000     SLICE_X157Y114   video1/Inst_vga/vga_signal_generator1/vga_reg[vsync]/C
Min Period        n/a     FDRE/C              n/a            1.000         40.000      39.000     SLICE_X158Y115   video1/Inst_vga/vga_signal_generator1/horizontal_counter/processQ_reg[0]/C
Min Period        n/a     FDRE/C              n/a            1.000         40.000      39.000     SLICE_X159Y115   video1/Inst_vga/vga_signal_generator1/horizontal_counter/processQ_reg[1]/C
Min Period        n/a     FDRE/C              n/a            1.000         40.000      39.000     SLICE_X159Y115   video1/Inst_vga/vga_signal_generator1/horizontal_counter/processQ_reg[2]/C
Min Period        n/a     FDRE/C              n/a            1.000         40.000      39.000     SLICE_X159Y115   video1/Inst_vga/vga_signal_generator1/horizontal_counter/processQ_reg[3]/C
Min Period        n/a     FDRE/C              n/a            1.000         40.000      39.000     SLICE_X159Y115   video1/Inst_vga/vga_signal_generator1/horizontal_counter/processQ_reg[4]/C
Max Period        n/a     MMCME2_ADV/CLKOUT0  n/a            213.360       40.000      173.360    MMCME2_ADV_X1Y0  video1/mmcm_adv_inst_display_clocks/inst/mmcm_adv_inst/CLKOUT0
Low Pulse Width   Slow    FDRE/C              n/a            0.500         20.000      19.500     SLICE_X157Y115   video1/Inst_vga/vga_signal_generator1/vga_reg[blank]/C
Low Pulse Width   Fast    FDRE/C              n/a            0.500         20.000      19.500     SLICE_X157Y115   video1/Inst_vga/vga_signal_generator1/vga_reg[blank]/C
Low Pulse Width   Slow    FDRE/C              n/a            0.500         20.000      19.500     SLICE_X158Y116   video1/Inst_vga/vga_signal_generator1/vga_reg[hsync]/C
Low Pulse Width   Fast    FDRE/C              n/a            0.500         20.000      19.500     SLICE_X158Y116   video1/Inst_vga/vga_signal_generator1/vga_reg[hsync]/C
Low Pulse Width   Slow    FDRE/C              n/a            0.500         20.000      19.500     SLICE_X157Y114   video1/Inst_vga/vga_signal_generator1/vga_reg[vsync]/C
Low Pulse Width   Fast    FDRE/C              n/a            0.500         20.000      19.500     SLICE_X157Y114   video1/Inst_vga/vga_signal_generator1/vga_reg[vsync]/C
Low Pulse Width   Slow    FDRE/C              n/a            0.500         20.000      19.500     SLICE_X158Y115   video1/Inst_vga/vga_signal_generator1/horizontal_counter/processQ_reg[0]/C
Low Pulse Width   Fast    FDRE/C              n/a            0.500         20.000      19.500     SLICE_X158Y115   video1/Inst_vga/vga_signal_generator1/horizontal_counter/processQ_reg[0]/C
Low Pulse Width   Slow    FDRE/C              n/a            0.500         20.000      19.500     SLICE_X159Y115   video1/Inst_vga/vga_signal_generator1/horizontal_counter/processQ_reg[1]/C
Low Pulse Width   Fast    FDRE/C              n/a            0.500         20.000      19.500     SLICE_X159Y115   video1/Inst_vga/vga_signal_generator1/horizontal_counter/processQ_reg[1]/C
High Pulse Width  Slow    FDRE/C              n/a            0.500         20.000      19.500     SLICE_X157Y115   video1/Inst_vga/vga_signal_generator1/vga_reg[blank]/C
High Pulse Width  Fast    FDRE/C              n/a            0.500         20.000      19.500     SLICE_X157Y115   video1/Inst_vga/vga_signal_generator1/vga_reg[blank]/C
High Pulse Width  Slow    FDRE/C              n/a            0.500         20.000      19.500     SLICE_X158Y116   video1/Inst_vga/vga_signal_generator1/vga_reg[hsync]/C
High Pulse Width  Fast    FDRE/C              n/a            0.500         20.000      19.500     SLICE_X158Y116   video1/Inst_vga/vga_signal_generator1/vga_reg[hsync]/C
High Pulse Width  Slow    FDRE/C              n/a            0.500         20.000      19.500     SLICE_X157Y114   video1/Inst_vga/vga_signal_generator1/vga_reg[vsync]/C
High Pulse Width  Fast    FDRE/C              n/a            0.500         20.000      19.500     SLICE_X157Y114   video1/Inst_vga/vga_signal_generator1/vga_reg[vsync]/C
High Pulse Width  Slow    FDRE/C              n/a            0.500         20.000      19.500     SLICE_X158Y115   video1/Inst_vga/vga_signal_generator1/horizontal_counter/processQ_reg[0]/C
High Pulse Width  Fast    FDRE/C              n/a            0.500         20.000      19.500     SLICE_X158Y115   video1/Inst_vga/vga_signal_generator1/horizontal_counter/processQ_reg[0]/C
High Pulse Width  Slow    FDRE/C              n/a            0.500         20.000      19.500     SLICE_X159Y115   video1/Inst_vga/vga_signal_generator1/horizontal_counter/processQ_reg[1]/C
High Pulse Width  Fast    FDRE/C              n/a            0.500         20.000      19.500     SLICE_X159Y115   video1/Inst_vga/vga_signal_generator1/horizontal_counter/processQ_reg[1]/C



---------------------------------------------------------------------------------------------------
From Clock:  clk_out2_clk_wiz_0
  To Clock:  clk_out2_clk_wiz_0

Setup :            0  Failing Endpoints,  Worst Slack        2.765ns,  Total Violation        0.000ns
Hold  :            0  Failing Endpoints,  Worst Slack        0.132ns,  Total Violation        0.000ns
PW    :            0  Failing Endpoints,  Worst Slack        3.500ns,  Total Violation        0.000ns
---------------------------------------------------------------------------------------------------


Max Delay Paths
--------------------------------------------------------------------------------------
Slack (MET) :             2.765ns  (required time - arrival time)
  Source:                 video1/inst_dvid/shift_clock_reg[8]/C
                            (rising edge-triggered cell FDRE clocked by clk_out2_clk_wiz_0  {rise@0.000ns fall@4.000ns period=8.000ns})
  Destination:            video1/inst_dvid/shift_red_reg[0]/S
                            (rising edge-triggered cell FDSE clocked by clk_out2_clk_wiz_0  {rise@0.000ns fall@4.000ns period=8.000ns})
  Path Group:             clk_out2_clk_wiz_0
  Path Type:              Setup (Max at Slow Process Corner)
  Requirement:            8.000ns  (clk_out2_clk_wiz_0 rise@8.000ns - clk_out2_clk_wiz_0 rise@0.000ns)
  Data Path Delay:        4.598ns  (logic 0.890ns (19.357%)  route 3.708ns (80.643%))
  Logic Levels:           3  (LUT2=1 LUT5=1 LUT6=1)
  Clock Path Skew:        -0.041ns (DCD - SCD + CPR)
    Destination Clock Delay (DCD):    1.703ns = ( 9.703 - 8.000 ) 
    Source Clock Delay      (SCD):    1.833ns
    Clock Pessimism Removal (CPR):    0.089ns
  Clock Uncertainty:      0.072ns  ((TSJ^2 + DJ^2)^1/2) / 2 + PE
    Total System Jitter     (TSJ):    0.071ns
    Discrete Jitter          (DJ):    0.125ns
    Phase Error              (PE):    0.000ns

    Location             Delay type                Incr(ns)  Path(ns)    Netlist Resource(s)
  -------------------------------------------------------------------    -------------------
                         (clock clk_out2_clk_wiz_0 rise edge)
                                                      0.000     0.000 r  
    BUFGCTRL_X0Y1        BUFG                         0.000     0.000 r  clk_IBUF_BUFG_inst/O
                         net (fo=116, routed)         2.106     2.106    video1/mmcm_adv_inst_display_clocks/inst/clk_in1
    MMCME2_ADV_X1Y0      MMCME2_ADV (Prop_mmcme2_adv_CLKIN1_CLKOUT1)
                                                     -4.900    -2.793 r  video1/mmcm_adv_inst_display_clocks/inst/mmcm_adv_inst/CLKOUT1
                         net (fo=1, routed)           2.697    -0.096    video1/mmcm_adv_inst_display_clocks/inst/clk_out2_clk_wiz_0
    BUFGCTRL_X0Y0        BUFG (Prop_bufg_I_O)         0.096    -0.000 r  video1/mmcm_adv_inst_display_clocks/inst/clkout2_buf/O
                         net (fo=44, routed)          1.833     1.833    video1/inst_dvid/clk_out2
    SLICE_X162Y148       FDRE                                         r  video1/inst_dvid/shift_clock_reg[8]/C
  -------------------------------------------------------------------    -------------------
    SLICE_X162Y148       FDRE (Prop_fdre_C_Q)         0.518     2.351 f  video1/inst_dvid/shift_clock_reg[8]/Q
                         net (fo=2, routed)           1.020     3.372    video1/inst_dvid/shift_clock_reg_n_0_[8]
    SLICE_X162Y148       LUT6 (Prop_lut6_I0_O)        0.124     3.496 f  video1/inst_dvid/shift_red[9]_i_2/O
                         net (fo=1, routed)           0.307     3.803    video1/inst_dvid/shift_red[9]_i_2_n_0
    SLICE_X162Y147       LUT5 (Prop_lut5_I0_O)        0.124     3.927 f  video1/inst_dvid/shift_red[9]_i_1/O
                         net (fo=31, routed)          1.398     5.326    video1/inst_dvid/shift_red[9]_i_1_n_0
    SLICE_X162Y129       LUT2 (Prop_lut2_I1_O)        0.124     5.450 r  video1/inst_dvid/shift_red[7]_i_1/O
                         net (fo=5, routed)           0.982     6.431    video1/inst_dvid/shift_red[7]_i_1_n_0
    SLICE_X162Y131       FDSE                                         r  video1/inst_dvid/shift_red_reg[0]/S
  -------------------------------------------------------------------    -------------------

                         (clock clk_out2_clk_wiz_0 rise edge)
                                                      8.000     8.000 r  
    BUFGCTRL_X0Y1        BUFG                         0.000     8.000 r  clk_IBUF_BUFG_inst/O
                         net (fo=116, routed)         1.972     9.972    video1/mmcm_adv_inst_display_clocks/inst/clk_in1
    MMCME2_ADV_X1Y0      MMCME2_ADV (Prop_mmcme2_adv_CLKIN1_CLKOUT1)
                                                     -4.637     5.335 r  video1/mmcm_adv_inst_display_clocks/inst/mmcm_adv_inst/CLKOUT1
                         net (fo=1, routed)           2.574     7.909    video1/mmcm_adv_inst_display_clocks/inst/clk_out2_clk_wiz_0
    BUFGCTRL_X0Y0        BUFG (Prop_bufg_I_O)         0.091     8.000 r  video1/mmcm_adv_inst_display_clocks/inst/clkout2_buf/O
                         net (fo=44, routed)          1.703     9.703    video1/inst_dvid/clk_out2
    SLICE_X162Y131       FDSE                                         r  video1/inst_dvid/shift_red_reg[0]/C
                         clock pessimism              0.089     9.792    
                         clock uncertainty           -0.072     9.720    
    SLICE_X162Y131       FDSE (Setup_fdse_C_S)       -0.524     9.196    video1/inst_dvid/shift_red_reg[0]
  -------------------------------------------------------------------
                         required time                          9.196    
                         arrival time                          -6.431    
  -------------------------------------------------------------------
                         slack                                  2.765    

Slack (MET) :             2.765ns  (required time - arrival time)
  Source:                 video1/inst_dvid/shift_clock_reg[8]/C
                            (rising edge-triggered cell FDRE clocked by clk_out2_clk_wiz_0  {rise@0.000ns fall@4.000ns period=8.000ns})
  Destination:            video1/inst_dvid/shift_red_reg[1]/S
                            (rising edge-triggered cell FDSE clocked by clk_out2_clk_wiz_0  {rise@0.000ns fall@4.000ns period=8.000ns})
  Path Group:             clk_out2_clk_wiz_0
  Path Type:              Setup (Max at Slow Process Corner)
  Requirement:            8.000ns  (clk_out2_clk_wiz_0 rise@8.000ns - clk_out2_clk_wiz_0 rise@0.000ns)
  Data Path Delay:        4.598ns  (logic 0.890ns (19.357%)  route 3.708ns (80.643%))
  Logic Levels:           3  (LUT2=1 LUT5=1 LUT6=1)
  Clock Path Skew:        -0.041ns (DCD - SCD + CPR)
    Destination Clock Delay (DCD):    1.703ns = ( 9.703 - 8.000 ) 
    Source Clock Delay      (SCD):    1.833ns
    Clock Pessimism Removal (CPR):    0.089ns
  Clock Uncertainty:      0.072ns  ((TSJ^2 + DJ^2)^1/2) / 2 + PE
    Total System Jitter     (TSJ):    0.071ns
    Discrete Jitter          (DJ):    0.125ns
    Phase Error              (PE):    0.000ns

    Location             Delay type                Incr(ns)  Path(ns)    Netlist Resource(s)
  -------------------------------------------------------------------    -------------------
                         (clock clk_out2_clk_wiz_0 rise edge)
                                                      0.000     0.000 r  
    BUFGCTRL_X0Y1        BUFG                         0.000     0.000 r  clk_IBUF_BUFG_inst/O
                         net (fo=116, routed)         2.106     2.106    video1/mmcm_adv_inst_display_clocks/inst/clk_in1
    MMCME2_ADV_X1Y0      MMCME2_ADV (Prop_mmcme2_adv_CLKIN1_CLKOUT1)
                                                     -4.900    -2.793 r  video1/mmcm_adv_inst_display_clocks/inst/mmcm_adv_inst/CLKOUT1
                         net (fo=1, routed)           2.697    -0.096    video1/mmcm_adv_inst_display_clocks/inst/clk_out2_clk_wiz_0
    BUFGCTRL_X0Y0        BUFG (Prop_bufg_I_O)         0.096    -0.000 r  video1/mmcm_adv_inst_display_clocks/inst/clkout2_buf/O
                         net (fo=44, routed)          1.833     1.833    video1/inst_dvid/clk_out2
    SLICE_X162Y148       FDRE                                         r  video1/inst_dvid/shift_clock_reg[8]/C
  -------------------------------------------------------------------    -------------------
    SLICE_X162Y148       FDRE (Prop_fdre_C_Q)         0.518     2.351 f  video1/inst_dvid/shift_clock_reg[8]/Q
                         net (fo=2, routed)           1.020     3.372    video1/inst_dvid/shift_clock_reg_n_0_[8]
    SLICE_X162Y148       LUT6 (Prop_lut6_I0_O)        0.124     3.496 f  video1/inst_dvid/shift_red[9]_i_2/O
                         net (fo=1, routed)           0.307     3.803    video1/inst_dvid/shift_red[9]_i_2_n_0
    SLICE_X162Y147       LUT5 (Prop_lut5_I0_O)        0.124     3.927 f  video1/inst_dvid/shift_red[9]_i_1/O
                         net (fo=31, routed)          1.398     5.326    video1/inst_dvid/shift_red[9]_i_1_n_0
    SLICE_X162Y129       LUT2 (Prop_lut2_I1_O)        0.124     5.450 r  video1/inst_dvid/shift_red[7]_i_1/O
                         net (fo=5, routed)           0.982     6.431    video1/inst_dvid/shift_red[7]_i_1_n_0
    SLICE_X162Y131       FDSE                                         r  video1/inst_dvid/shift_red_reg[1]/S
  -------------------------------------------------------------------    -------------------

                         (clock clk_out2_clk_wiz_0 rise edge)
                                                      8.000     8.000 r  
    BUFGCTRL_X0Y1        BUFG                         0.000     8.000 r  clk_IBUF_BUFG_inst/O
                         net (fo=116, routed)         1.972     9.972    video1/mmcm_adv_inst_display_clocks/inst/clk_in1
    MMCME2_ADV_X1Y0      MMCME2_ADV (Prop_mmcme2_adv_CLKIN1_CLKOUT1)
                                                     -4.637     5.335 r  video1/mmcm_adv_inst_display_clocks/inst/mmcm_adv_inst/CLKOUT1
                         net (fo=1, routed)           2.574     7.909    video1/mmcm_adv_inst_display_clocks/inst/clk_out2_clk_wiz_0
    BUFGCTRL_X0Y0        BUFG (Prop_bufg_I_O)         0.091     8.000 r  video1/mmcm_adv_inst_display_clocks/inst/clkout2_buf/O
                         net (fo=44, routed)          1.703     9.703    video1/inst_dvid/clk_out2
    SLICE_X162Y131       FDSE                                         r  video1/inst_dvid/shift_red_reg[1]/C
                         clock pessimism              0.089     9.792    
                         clock uncertainty           -0.072     9.720    
    SLICE_X162Y131       FDSE (Setup_fdse_C_S)       -0.524     9.196    video1/inst_dvid/shift_red_reg[1]
  -------------------------------------------------------------------
                         required time                          9.196    
                         arrival time                          -6.431    
  -------------------------------------------------------------------
                         slack                                  2.765    

Slack (MET) :             2.765ns  (required time - arrival time)
  Source:                 video1/inst_dvid/shift_clock_reg[8]/C
                            (rising edge-triggered cell FDRE clocked by clk_out2_clk_wiz_0  {rise@0.000ns fall@4.000ns period=8.000ns})
  Destination:            video1/inst_dvid/shift_red_reg[3]/S
                            (rising edge-triggered cell FDSE clocked by clk_out2_clk_wiz_0  {rise@0.000ns fall@4.000ns period=8.000ns})
  Path Group:             clk_out2_clk_wiz_0
  Path Type:              Setup (Max at Slow Process Corner)
  Requirement:            8.000ns  (clk_out2_clk_wiz_0 rise@8.000ns - clk_out2_clk_wiz_0 rise@0.000ns)
  Data Path Delay:        4.598ns  (logic 0.890ns (19.357%)  route 3.708ns (80.643%))
  Logic Levels:           3  (LUT2=1 LUT5=1 LUT6=1)
  Clock Path Skew:        -0.041ns (DCD - SCD + CPR)
    Destination Clock Delay (DCD):    1.703ns = ( 9.703 - 8.000 ) 
    Source Clock Delay      (SCD):    1.833ns
    Clock Pessimism Removal (CPR):    0.089ns
  Clock Uncertainty:      0.072ns  ((TSJ^2 + DJ^2)^1/2) / 2 + PE
    Total System Jitter     (TSJ):    0.071ns
    Discrete Jitter          (DJ):    0.125ns
    Phase Error              (PE):    0.000ns

    Location             Delay type                Incr(ns)  Path(ns)    Netlist Resource(s)
  -------------------------------------------------------------------    -------------------
                         (clock clk_out2_clk_wiz_0 rise edge)
                                                      0.000     0.000 r  
    BUFGCTRL_X0Y1        BUFG                         0.000     0.000 r  clk_IBUF_BUFG_inst/O
                         net (fo=116, routed)         2.106     2.106    video1/mmcm_adv_inst_display_clocks/inst/clk_in1
    MMCME2_ADV_X1Y0      MMCME2_ADV (Prop_mmcme2_adv_CLKIN1_CLKOUT1)
                                                     -4.900    -2.793 r  video1/mmcm_adv_inst_display_clocks/inst/mmcm_adv_inst/CLKOUT1
                         net (fo=1, routed)           2.697    -0.096    video1/mmcm_adv_inst_display_clocks/inst/clk_out2_clk_wiz_0
    BUFGCTRL_X0Y0        BUFG (Prop_bufg_I_O)         0.096    -0.000 r  video1/mmcm_adv_inst_display_clocks/inst/clkout2_buf/O
                         net (fo=44, routed)          1.833     1.833    video1/inst_dvid/clk_out2
    SLICE_X162Y148       FDRE                                         r  video1/inst_dvid/shift_clock_reg[8]/C
  -------------------------------------------------------------------    -------------------
    SLICE_X162Y148       FDRE (Prop_fdre_C_Q)         0.518     2.351 f  video1/inst_dvid/shift_clock_reg[8]/Q
                         net (fo=2, routed)           1.020     3.372    video1/inst_dvid/shift_clock_reg_n_0_[8]
    SLICE_X162Y148       LUT6 (Prop_lut6_I0_O)        0.124     3.496 f  video1/inst_dvid/shift_red[9]_i_2/O
                         net (fo=1, routed)           0.307     3.803    video1/inst_dvid/shift_red[9]_i_2_n_0
    SLICE_X162Y147       LUT5 (Prop_lut5_I0_O)        0.124     3.927 f  video1/inst_dvid/shift_red[9]_i_1/O
                         net (fo=31, routed)          1.398     5.326    video1/inst_dvid/shift_red[9]_i_1_n_0
    SLICE_X162Y129       LUT2 (Prop_lut2_I1_O)        0.124     5.450 r  video1/inst_dvid/shift_red[7]_i_1/O
                         net (fo=5, routed)           0.982     6.431    video1/inst_dvid/shift_red[7]_i_1_n_0
    SLICE_X162Y131       FDSE                                         r  video1/inst_dvid/shift_red_reg[3]/S
  -------------------------------------------------------------------    -------------------

                         (clock clk_out2_clk_wiz_0 rise edge)
                                                      8.000     8.000 r  
    BUFGCTRL_X0Y1        BUFG                         0.000     8.000 r  clk_IBUF_BUFG_inst/O
                         net (fo=116, routed)         1.972     9.972    video1/mmcm_adv_inst_display_clocks/inst/clk_in1
    MMCME2_ADV_X1Y0      MMCME2_ADV (Prop_mmcme2_adv_CLKIN1_CLKOUT1)
                                                     -4.637     5.335 r  video1/mmcm_adv_inst_display_clocks/inst/mmcm_adv_inst/CLKOUT1
                         net (fo=1, routed)           2.574     7.909    video1/mmcm_adv_inst_display_clocks/inst/clk_out2_clk_wiz_0
    BUFGCTRL_X0Y0        BUFG (Prop_bufg_I_O)         0.091     8.000 r  video1/mmcm_adv_inst_display_clocks/inst/clkout2_buf/O
                         net (fo=44, routed)          1.703     9.703    video1/inst_dvid/clk_out2
    SLICE_X162Y131       FDSE                                         r  video1/inst_dvid/shift_red_reg[3]/C
                         clock pessimism              0.089     9.792    
                         clock uncertainty           -0.072     9.720    
    SLICE_X162Y131       FDSE (Setup_fdse_C_S)       -0.524     9.196    video1/inst_dvid/shift_red_reg[3]
  -------------------------------------------------------------------
                         required time                          9.196    
                         arrival time                          -6.431    
  -------------------------------------------------------------------
                         slack                                  2.765    

Slack (MET) :             2.765ns  (required time - arrival time)
  Source:                 video1/inst_dvid/shift_clock_reg[8]/C
                            (rising edge-triggered cell FDRE clocked by clk_out2_clk_wiz_0  {rise@0.000ns fall@4.000ns period=8.000ns})
  Destination:            video1/inst_dvid/shift_red_reg[5]/S
                            (rising edge-triggered cell FDSE clocked by clk_out2_clk_wiz_0  {rise@0.000ns fall@4.000ns period=8.000ns})
  Path Group:             clk_out2_clk_wiz_0
  Path Type:              Setup (Max at Slow Process Corner)
  Requirement:            8.000ns  (clk_out2_clk_wiz_0 rise@8.000ns - clk_out2_clk_wiz_0 rise@0.000ns)
  Data Path Delay:        4.598ns  (logic 0.890ns (19.357%)  route 3.708ns (80.643%))
  Logic Levels:           3  (LUT2=1 LUT5=1 LUT6=1)
  Clock Path Skew:        -0.041ns (DCD - SCD + CPR)
    Destination Clock Delay (DCD):    1.703ns = ( 9.703 - 8.000 ) 
    Source Clock Delay      (SCD):    1.833ns
    Clock Pessimism Removal (CPR):    0.089ns
  Clock Uncertainty:      0.072ns  ((TSJ^2 + DJ^2)^1/2) / 2 + PE
    Total System Jitter     (TSJ):    0.071ns
    Discrete Jitter          (DJ):    0.125ns
    Phase Error              (PE):    0.000ns

    Location             Delay type                Incr(ns)  Path(ns)    Netlist Resource(s)
  -------------------------------------------------------------------    -------------------
                         (clock clk_out2_clk_wiz_0 rise edge)
                                                      0.000     0.000 r  
    BUFGCTRL_X0Y1        BUFG                         0.000     0.000 r  clk_IBUF_BUFG_inst/O
                         net (fo=116, routed)         2.106     2.106    video1/mmcm_adv_inst_display_clocks/inst/clk_in1
    MMCME2_ADV_X1Y0      MMCME2_ADV (Prop_mmcme2_adv_CLKIN1_CLKOUT1)
                                                     -4.900    -2.793 r  video1/mmcm_adv_inst_display_clocks/inst/mmcm_adv_inst/CLKOUT1
                         net (fo=1, routed)           2.697    -0.096    video1/mmcm_adv_inst_display_clocks/inst/clk_out2_clk_wiz_0
    BUFGCTRL_X0Y0        BUFG (Prop_bufg_I_O)         0.096    -0.000 r  video1/mmcm_adv_inst_display_clocks/inst/clkout2_buf/O
                         net (fo=44, routed)          1.833     1.833    video1/inst_dvid/clk_out2
    SLICE_X162Y148       FDRE                                         r  video1/inst_dvid/shift_clock_reg[8]/C
  -------------------------------------------------------------------    -------------------
    SLICE_X162Y148       FDRE (Prop_fdre_C_Q)         0.518     2.351 f  video1/inst_dvid/shift_clock_reg[8]/Q
                         net (fo=2, routed)           1.020     3.372    video1/inst_dvid/shift_clock_reg_n_0_[8]
    SLICE_X162Y148       LUT6 (Prop_lut6_I0_O)        0.124     3.496 f  video1/inst_dvid/shift_red[9]_i_2/O
                         net (fo=1, routed)           0.307     3.803    video1/inst_dvid/shift_red[9]_i_2_n_0
    SLICE_X162Y147       LUT5 (Prop_lut5_I0_O)        0.124     3.927 f  video1/inst_dvid/shift_red[9]_i_1/O
                         net (fo=31, routed)          1.398     5.326    video1/inst_dvid/shift_red[9]_i_1_n_0
    SLICE_X162Y129       LUT2 (Prop_lut2_I1_O)        0.124     5.450 r  video1/inst_dvid/shift_red[7]_i_1/O
                         net (fo=5, routed)           0.982     6.431    video1/inst_dvid/shift_red[7]_i_1_n_0
    SLICE_X162Y131       FDSE                                         r  video1/inst_dvid/shift_red_reg[5]/S
  -------------------------------------------------------------------    -------------------

                         (clock clk_out2_clk_wiz_0 rise edge)
                                                      8.000     8.000 r  
    BUFGCTRL_X0Y1        BUFG                         0.000     8.000 r  clk_IBUF_BUFG_inst/O
                         net (fo=116, routed)         1.972     9.972    video1/mmcm_adv_inst_display_clocks/inst/clk_in1
    MMCME2_ADV_X1Y0      MMCME2_ADV (Prop_mmcme2_adv_CLKIN1_CLKOUT1)
                                                     -4.637     5.335 r  video1/mmcm_adv_inst_display_clocks/inst/mmcm_adv_inst/CLKOUT1
                         net (fo=1, routed)           2.574     7.909    video1/mmcm_adv_inst_display_clocks/inst/clk_out2_clk_wiz_0
    BUFGCTRL_X0Y0        BUFG (Prop_bufg_I_O)         0.091     8.000 r  video1/mmcm_adv_inst_display_clocks/inst/clkout2_buf/O
                         net (fo=44, routed)          1.703     9.703    video1/inst_dvid/clk_out2
    SLICE_X162Y131       FDSE                                         r  video1/inst_dvid/shift_red_reg[5]/C
                         clock pessimism              0.089     9.792    
                         clock uncertainty           -0.072     9.720    
    SLICE_X162Y131       FDSE (Setup_fdse_C_S)       -0.524     9.196    video1/inst_dvid/shift_red_reg[5]
  -------------------------------------------------------------------
                         required time                          9.196    
                         arrival time                          -6.431    
  -------------------------------------------------------------------
                         slack                                  2.765    

Slack (MET) :             2.765ns  (required time - arrival time)
  Source:                 video1/inst_dvid/shift_clock_reg[8]/C
                            (rising edge-triggered cell FDRE clocked by clk_out2_clk_wiz_0  {rise@0.000ns fall@4.000ns period=8.000ns})
  Destination:            video1/inst_dvid/shift_red_reg[7]/S
                            (rising edge-triggered cell FDSE clocked by clk_out2_clk_wiz_0  {rise@0.000ns fall@4.000ns period=8.000ns})
  Path Group:             clk_out2_clk_wiz_0
  Path Type:              Setup (Max at Slow Process Corner)
  Requirement:            8.000ns  (clk_out2_clk_wiz_0 rise@8.000ns - clk_out2_clk_wiz_0 rise@0.000ns)
  Data Path Delay:        4.598ns  (logic 0.890ns (19.357%)  route 3.708ns (80.643%))
  Logic Levels:           3  (LUT2=1 LUT5=1 LUT6=1)
  Clock Path Skew:        -0.041ns (DCD - SCD + CPR)
    Destination Clock Delay (DCD):    1.703ns = ( 9.703 - 8.000 ) 
    Source Clock Delay      (SCD):    1.833ns
    Clock Pessimism Removal (CPR):    0.089ns
  Clock Uncertainty:      0.072ns  ((TSJ^2 + DJ^2)^1/2) / 2 + PE
    Total System Jitter     (TSJ):    0.071ns
    Discrete Jitter          (DJ):    0.125ns
    Phase Error              (PE):    0.000ns

    Location             Delay type                Incr(ns)  Path(ns)    Netlist Resource(s)
  -------------------------------------------------------------------    -------------------
                         (clock clk_out2_clk_wiz_0 rise edge)
                                                      0.000     0.000 r  
    BUFGCTRL_X0Y1        BUFG                         0.000     0.000 r  clk_IBUF_BUFG_inst/O
                         net (fo=116, routed)         2.106     2.106    video1/mmcm_adv_inst_display_clocks/inst/clk_in1
    MMCME2_ADV_X1Y0      MMCME2_ADV (Prop_mmcme2_adv_CLKIN1_CLKOUT1)
                                                     -4.900    -2.793 r  video1/mmcm_adv_inst_display_clocks/inst/mmcm_adv_inst/CLKOUT1
                         net (fo=1, routed)           2.697    -0.096    video1/mmcm_adv_inst_display_clocks/inst/clk_out2_clk_wiz_0
    BUFGCTRL_X0Y0        BUFG (Prop_bufg_I_O)         0.096    -0.000 r  video1/mmcm_adv_inst_display_clocks/inst/clkout2_buf/O
                         net (fo=44, routed)          1.833     1.833    video1/inst_dvid/clk_out2
    SLICE_X162Y148       FDRE                                         r  video1/inst_dvid/shift_clock_reg[8]/C
  -------------------------------------------------------------------    -------------------
    SLICE_X162Y148       FDRE (Prop_fdre_C_Q)         0.518     2.351 f  video1/inst_dvid/shift_clock_reg[8]/Q
                         net (fo=2, routed)           1.020     3.372    video1/inst_dvid/shift_clock_reg_n_0_[8]
    SLICE_X162Y148       LUT6 (Prop_lut6_I0_O)        0.124     3.496 f  video1/inst_dvid/shift_red[9]_i_2/O
                         net (fo=1, routed)           0.307     3.803    video1/inst_dvid/shift_red[9]_i_2_n_0
    SLICE_X162Y147       LUT5 (Prop_lut5_I0_O)        0.124     3.927 f  video1/inst_dvid/shift_red[9]_i_1/O
                         net (fo=31, routed)          1.398     5.326    video1/inst_dvid/shift_red[9]_i_1_n_0
    SLICE_X162Y129       LUT2 (Prop_lut2_I1_O)        0.124     5.450 r  video1/inst_dvid/shift_red[7]_i_1/O
                         net (fo=5, routed)           0.982     6.431    video1/inst_dvid/shift_red[7]_i_1_n_0
    SLICE_X162Y131       FDSE                                         r  video1/inst_dvid/shift_red_reg[7]/S
  -------------------------------------------------------------------    -------------------

                         (clock clk_out2_clk_wiz_0 rise edge)
                                                      8.000     8.000 r  
    BUFGCTRL_X0Y1        BUFG                         0.000     8.000 r  clk_IBUF_BUFG_inst/O
                         net (fo=116, routed)         1.972     9.972    video1/mmcm_adv_inst_display_clocks/inst/clk_in1
    MMCME2_ADV_X1Y0      MMCME2_ADV (Prop_mmcme2_adv_CLKIN1_CLKOUT1)
                                                     -4.637     5.335 r  video1/mmcm_adv_inst_display_clocks/inst/mmcm_adv_inst/CLKOUT1
                         net (fo=1, routed)           2.574     7.909    video1/mmcm_adv_inst_display_clocks/inst/clk_out2_clk_wiz_0
    BUFGCTRL_X0Y0        BUFG (Prop_bufg_I_O)         0.091     8.000 r  video1/mmcm_adv_inst_display_clocks/inst/clkout2_buf/O
                         net (fo=44, routed)          1.703     9.703    video1/inst_dvid/clk_out2
    SLICE_X162Y131       FDSE                                         r  video1/inst_dvid/shift_red_reg[7]/C
                         clock pessimism              0.089     9.792    
                         clock uncertainty           -0.072     9.720    
    SLICE_X162Y131       FDSE (Setup_fdse_C_S)       -0.524     9.196    video1/inst_dvid/shift_red_reg[7]
  -------------------------------------------------------------------
                         required time                          9.196    
                         arrival time                          -6.431    
  -------------------------------------------------------------------
                         slack                                  2.765    

Slack (MET) :             3.325ns  (required time - arrival time)
  Source:                 video1/inst_dvid/shift_clock_reg[8]/C
                            (rising edge-triggered cell FDRE clocked by clk_out2_clk_wiz_0  {rise@0.000ns fall@4.000ns period=8.000ns})
  Destination:            video1/inst_dvid/shift_blue_reg[4]/D
                            (rising edge-triggered cell FDRE clocked by clk_out2_clk_wiz_0  {rise@0.000ns fall@4.000ns period=8.000ns})
  Path Group:             clk_out2_clk_wiz_0
  Path Type:              Setup (Max at Slow Process Corner)
  Requirement:            8.000ns  (clk_out2_clk_wiz_0 rise@8.000ns - clk_out2_clk_wiz_0 rise@0.000ns)
  Data Path Delay:        4.621ns  (logic 0.890ns (19.260%)  route 3.731ns (80.740%))
  Logic Levels:           3  (LUT3=1 LUT5=1 LUT6=1)
  Clock Path Skew:        -0.059ns (DCD - SCD + CPR)
    Destination Clock Delay (DCD):    1.699ns = ( 9.699 - 8.000 ) 
    Source Clock Delay      (SCD):    1.833ns
    Clock Pessimism Removal (CPR):    0.075ns
  Clock Uncertainty:      0.072ns  ((TSJ^2 + DJ^2)^1/2) / 2 + PE
    Total System Jitter     (TSJ):    0.071ns
    Discrete Jitter          (DJ):    0.125ns
    Phase Error              (PE):    0.000ns

    Location             Delay type                Incr(ns)  Path(ns)    Netlist Resource(s)
  -------------------------------------------------------------------    -------------------
                         (clock clk_out2_clk_wiz_0 rise edge)
                                                      0.000     0.000 r  
    BUFGCTRL_X0Y1        BUFG                         0.000     0.000 r  clk_IBUF_BUFG_inst/O
                         net (fo=116, routed)         2.106     2.106    video1/mmcm_adv_inst_display_clocks/inst/clk_in1
    MMCME2_ADV_X1Y0      MMCME2_ADV (Prop_mmcme2_adv_CLKIN1_CLKOUT1)
                                                     -4.900    -2.793 r  video1/mmcm_adv_inst_display_clocks/inst/mmcm_adv_inst/CLKOUT1
                         net (fo=1, routed)           2.697    -0.096    video1/mmcm_adv_inst_display_clocks/inst/clk_out2_clk_wiz_0
    BUFGCTRL_X0Y0        BUFG (Prop_bufg_I_O)         0.096    -0.000 r  video1/mmcm_adv_inst_display_clocks/inst/clkout2_buf/O
                         net (fo=44, routed)          1.833     1.833    video1/inst_dvid/clk_out2
    SLICE_X162Y148       FDRE                                         r  video1/inst_dvid/shift_clock_reg[8]/C
  -------------------------------------------------------------------    -------------------
    SLICE_X162Y148       FDRE (Prop_fdre_C_Q)         0.518     2.351 r  video1/inst_dvid/shift_clock_reg[8]/Q
                         net (fo=2, routed)           1.020     3.372    video1/inst_dvid/shift_clock_reg_n_0_[8]
    SLICE_X162Y148       LUT6 (Prop_lut6_I0_O)        0.124     3.496 r  video1/inst_dvid/shift_red[9]_i_2/O
                         net (fo=1, routed)           0.307     3.803    video1/inst_dvid/shift_red[9]_i_2_n_0
    SLICE_X162Y147       LUT5 (Prop_lut5_I0_O)        0.124     3.927 r  video1/inst_dvid/shift_red[9]_i_1/O
                         net (fo=31, routed)          2.403     6.330    video1/inst_dvid/shift_red[9]_i_1_n_0
    SLICE_X158Y128       LUT3 (Prop_lut3_I1_O)        0.124     6.454 r  video1/inst_dvid/shift_blue[4]_i_1/O
                         net (fo=1, routed)           0.000     6.454    video1/inst_dvid/shift_blue_0[4]
    SLICE_X158Y128       FDRE                                         r  video1/inst_dvid/shift_blue_reg[4]/D
  -------------------------------------------------------------------    -------------------

                         (clock clk_out2_clk_wiz_0 rise edge)
                                                      8.000     8.000 r  
    BUFGCTRL_X0Y1        BUFG                         0.000     8.000 r  clk_IBUF_BUFG_inst/O
                         net (fo=116, routed)         1.972     9.972    video1/mmcm_adv_inst_display_clocks/inst/clk_in1
    MMCME2_ADV_X1Y0      MMCME2_ADV (Prop_mmcme2_adv_CLKIN1_CLKOUT1)
                                                     -4.637     5.335 r  video1/mmcm_adv_inst_display_clocks/inst/mmcm_adv_inst/CLKOUT1
                         net (fo=1, routed)           2.574     7.909    video1/mmcm_adv_inst_display_clocks/inst/clk_out2_clk_wiz_0
    BUFGCTRL_X0Y0        BUFG (Prop_bufg_I_O)         0.091     8.000 r  video1/mmcm_adv_inst_display_clocks/inst/clkout2_buf/O
                         net (fo=44, routed)          1.699     9.699    video1/inst_dvid/clk_out2
    SLICE_X158Y128       FDRE                                         r  video1/inst_dvid/shift_blue_reg[4]/C
                         clock pessimism              0.075     9.774    
                         clock uncertainty           -0.072     9.702    
    SLICE_X158Y128       FDRE (Setup_fdre_C_D)        0.077     9.779    video1/inst_dvid/shift_blue_reg[4]
  -------------------------------------------------------------------
                         required time                          9.779    
                         arrival time                          -6.454    
  -------------------------------------------------------------------
                         slack                                  3.325    

Slack (MET) :             3.340ns  (required time - arrival time)
  Source:                 video1/inst_dvid/shift_clock_reg[8]/C
                            (rising edge-triggered cell FDRE clocked by clk_out2_clk_wiz_0  {rise@0.000ns fall@4.000ns period=8.000ns})
  Destination:            video1/inst_dvid/shift_blue_reg[6]/D
                            (rising edge-triggered cell FDRE clocked by clk_out2_clk_wiz_0  {rise@0.000ns fall@4.000ns period=8.000ns})
  Path Group:             clk_out2_clk_wiz_0
  Path Type:              Setup (Max at Slow Process Corner)
  Requirement:            8.000ns  (clk_out2_clk_wiz_0 rise@8.000ns - clk_out2_clk_wiz_0 rise@0.000ns)
  Data Path Delay:        4.647ns  (logic 0.916ns (19.712%)  route 3.731ns (80.288%))
  Logic Levels:           3  (LUT3=1 LUT5=1 LUT6=1)
  Clock Path Skew:        -0.059ns (DCD - SCD + CPR)
    Destination Clock Delay (DCD):    1.699ns = ( 9.699 - 8.000 ) 
    Source Clock Delay      (SCD):    1.833ns
    Clock Pessimism Removal (CPR):    0.075ns
  Clock Uncertainty:      0.072ns  ((TSJ^2 + DJ^2)^1/2) / 2 + PE
    Total System Jitter     (TSJ):    0.071ns
    Discrete Jitter          (DJ):    0.125ns
    Phase Error              (PE):    0.000ns

    Location             Delay type                Incr(ns)  Path(ns)    Netlist Resource(s)
  -------------------------------------------------------------------    -------------------
                         (clock clk_out2_clk_wiz_0 rise edge)
                                                      0.000     0.000 r  
    BUFGCTRL_X0Y1        BUFG                         0.000     0.000 r  clk_IBUF_BUFG_inst/O
                         net (fo=116, routed)         2.106     2.106    video1/mmcm_adv_inst_display_clocks/inst/clk_in1
    MMCME2_ADV_X1Y0      MMCME2_ADV (Prop_mmcme2_adv_CLKIN1_CLKOUT1)
                                                     -4.900    -2.793 r  video1/mmcm_adv_inst_display_clocks/inst/mmcm_adv_inst/CLKOUT1
                         net (fo=1, routed)           2.697    -0.096    video1/mmcm_adv_inst_display_clocks/inst/clk_out2_clk_wiz_0
    BUFGCTRL_X0Y0        BUFG (Prop_bufg_I_O)         0.096    -0.000 r  video1/mmcm_adv_inst_display_clocks/inst/clkout2_buf/O
                         net (fo=44, routed)          1.833     1.833    video1/inst_dvid/clk_out2
    SLICE_X162Y148       FDRE                                         r  video1/inst_dvid/shift_clock_reg[8]/C
  -------------------------------------------------------------------    -------------------
    SLICE_X162Y148       FDRE (Prop_fdre_C_Q)         0.518     2.351 r  video1/inst_dvid/shift_clock_reg[8]/Q
                         net (fo=2, routed)           1.020     3.372    video1/inst_dvid/shift_clock_reg_n_0_[8]
    SLICE_X162Y148       LUT6 (Prop_lut6_I0_O)        0.124     3.496 r  video1/inst_dvid/shift_red[9]_i_2/O
                         net (fo=1, routed)           0.307     3.803    video1/inst_dvid/shift_red[9]_i_2_n_0
    SLICE_X162Y147       LUT5 (Prop_lut5_I0_O)        0.124     3.927 r  video1/inst_dvid/shift_red[9]_i_1/O
                         net (fo=31, routed)          2.403     6.330    video1/inst_dvid/shift_red[9]_i_1_n_0
    SLICE_X158Y128       LUT3 (Prop_lut3_I1_O)        0.150     6.480 r  video1/inst_dvid/shift_blue[6]_i_1/O
                         net (fo=1, routed)           0.000     6.480    video1/inst_dvid/shift_blue_0[6]
    SLICE_X158Y128       FDRE                                         r  video1/inst_dvid/shift_blue_reg[6]/D
  -------------------------------------------------------------------    -------------------

                         (clock clk_out2_clk_wiz_0 rise edge)
                                                      8.000     8.000 r  
    BUFGCTRL_X0Y1        BUFG                         0.000     8.000 r  clk_IBUF_BUFG_inst/O
                         net (fo=116, routed)         1.972     9.972    video1/mmcm_adv_inst_display_clocks/inst/clk_in1
    MMCME2_ADV_X1Y0      MMCME2_ADV (Prop_mmcme2_adv_CLKIN1_CLKOUT1)
                                                     -4.637     5.335 r  video1/mmcm_adv_inst_display_clocks/inst/mmcm_adv_inst/CLKOUT1
                         net (fo=1, routed)           2.574     7.909    video1/mmcm_adv_inst_display_clocks/inst/clk_out2_clk_wiz_0
    BUFGCTRL_X0Y0        BUFG (Prop_bufg_I_O)         0.091     8.000 r  video1/mmcm_adv_inst_display_clocks/inst/clkout2_buf/O
                         net (fo=44, routed)          1.699     9.699    video1/inst_dvid/clk_out2
    SLICE_X158Y128       FDRE                                         r  video1/inst_dvid/shift_blue_reg[6]/C
                         clock pessimism              0.075     9.774    
                         clock uncertainty           -0.072     9.702    
    SLICE_X158Y128       FDRE (Setup_fdre_C_D)        0.118     9.820    video1/inst_dvid/shift_blue_reg[6]
  -------------------------------------------------------------------
                         required time                          9.820    
                         arrival time                          -6.480    
  -------------------------------------------------------------------
                         slack                                  3.340    

Slack (MET) :             3.613ns  (required time - arrival time)
  Source:                 video1/inst_dvid/shift_clock_reg[8]/C
                            (rising edge-triggered cell FDRE clocked by clk_out2_clk_wiz_0  {rise@0.000ns fall@4.000ns period=8.000ns})
  Destination:            video1/inst_dvid/shift_blue_reg[8]/R
                            (rising edge-triggered cell FDRE clocked by clk_out2_clk_wiz_0  {rise@0.000ns fall@4.000ns period=8.000ns})
  Path Group:             clk_out2_clk_wiz_0
  Path Type:              Setup (Max at Slow Process Corner)
  Requirement:            8.000ns  (clk_out2_clk_wiz_0 rise@8.000ns - clk_out2_clk_wiz_0 rise@0.000ns)
  Data Path Delay:        3.827ns  (logic 0.766ns (20.013%)  route 3.061ns (79.987%))
  Logic Levels:           2  (LUT5=1 LUT6=1)
  Clock Path Skew:        -0.059ns (DCD - SCD + CPR)
    Destination Clock Delay (DCD):    1.699ns = ( 9.699 - 8.000 ) 
    Source Clock Delay      (SCD):    1.833ns
    Clock Pessimism Removal (CPR):    0.075ns
  Clock Uncertainty:      0.072ns  ((TSJ^2 + DJ^2)^1/2) / 2 + PE
    Total System Jitter     (TSJ):    0.071ns
    Discrete Jitter          (DJ):    0.125ns
    Phase Error              (PE):    0.000ns

    Location             Delay type                Incr(ns)  Path(ns)    Netlist Resource(s)
  -------------------------------------------------------------------    -------------------
                         (clock clk_out2_clk_wiz_0 rise edge)
                                                      0.000     0.000 r  
    BUFGCTRL_X0Y1        BUFG                         0.000     0.000 r  clk_IBUF_BUFG_inst/O
                         net (fo=116, routed)         2.106     2.106    video1/mmcm_adv_inst_display_clocks/inst/clk_in1
    MMCME2_ADV_X1Y0      MMCME2_ADV (Prop_mmcme2_adv_CLKIN1_CLKOUT1)
                                                     -4.900    -2.793 r  video1/mmcm_adv_inst_display_clocks/inst/mmcm_adv_inst/CLKOUT1
                         net (fo=1, routed)           2.697    -0.096    video1/mmcm_adv_inst_display_clocks/inst/clk_out2_clk_wiz_0
    BUFGCTRL_X0Y0        BUFG (Prop_bufg_I_O)         0.096    -0.000 r  video1/mmcm_adv_inst_display_clocks/inst/clkout2_buf/O
                         net (fo=44, routed)          1.833     1.833    video1/inst_dvid/clk_out2
    SLICE_X162Y148       FDRE                                         r  video1/inst_dvid/shift_clock_reg[8]/C
  -------------------------------------------------------------------    -------------------
    SLICE_X162Y148       FDRE (Prop_fdre_C_Q)         0.518     2.351 r  video1/inst_dvid/shift_clock_reg[8]/Q
                         net (fo=2, routed)           1.020     3.372    video1/inst_dvid/shift_clock_reg_n_0_[8]
    SLICE_X162Y148       LUT6 (Prop_lut6_I0_O)        0.124     3.496 r  video1/inst_dvid/shift_red[9]_i_2/O
                         net (fo=1, routed)           0.307     3.803    video1/inst_dvid/shift_red[9]_i_2_n_0
    SLICE_X162Y147       LUT5 (Prop_lut5_I0_O)        0.124     3.927 r  video1/inst_dvid/shift_red[9]_i_1/O
                         net (fo=31, routed)          1.734     5.661    video1/inst_dvid/shift_red[9]_i_1_n_0
    SLICE_X159Y128       FDRE                                         r  video1/inst_dvid/shift_blue_reg[8]/R
  -------------------------------------------------------------------    -------------------

                         (clock clk_out2_clk_wiz_0 rise edge)
                                                      8.000     8.000 r  
    BUFGCTRL_X0Y1        BUFG                         0.000     8.000 r  clk_IBUF_BUFG_inst/O
                         net (fo=116, routed)         1.972     9.972    video1/mmcm_adv_inst_display_clocks/inst/clk_in1
    MMCME2_ADV_X1Y0      MMCME2_ADV (Prop_mmcme2_adv_CLKIN1_CLKOUT1)
                                                     -4.637     5.335 r  video1/mmcm_adv_inst_display_clocks/inst/mmcm_adv_inst/CLKOUT1
                         net (fo=1, routed)           2.574     7.909    video1/mmcm_adv_inst_display_clocks/inst/clk_out2_clk_wiz_0
    BUFGCTRL_X0Y0        BUFG (Prop_bufg_I_O)         0.091     8.000 r  video1/mmcm_adv_inst_display_clocks/inst/clkout2_buf/O
                         net (fo=44, routed)          1.699     9.699    video1/inst_dvid/clk_out2
    SLICE_X159Y128       FDRE                                         r  video1/inst_dvid/shift_blue_reg[8]/C
                         clock pessimism              0.075     9.774    
                         clock uncertainty           -0.072     9.702    
    SLICE_X159Y128       FDRE (Setup_fdre_C_R)       -0.429     9.273    video1/inst_dvid/shift_blue_reg[8]
  -------------------------------------------------------------------
                         required time                          9.273    
                         arrival time                          -5.661    
  -------------------------------------------------------------------
                         slack                                  3.613    

Slack (MET) :             3.869ns  (required time - arrival time)
  Source:                 video1/inst_dvid/shift_clock_reg[8]/C
                            (rising edge-triggered cell FDRE clocked by clk_out2_clk_wiz_0  {rise@0.000ns fall@4.000ns period=8.000ns})
  Destination:            video1/inst_dvid/shift_blue_reg[2]/D
                            (rising edge-triggered cell FDRE clocked by clk_out2_clk_wiz_0  {rise@0.000ns fall@4.000ns period=8.000ns})
  Path Group:             clk_out2_clk_wiz_0
  Path Type:              Setup (Max at Slow Process Corner)
  Requirement:            8.000ns  (clk_out2_clk_wiz_0 rise@8.000ns - clk_out2_clk_wiz_0 rise@0.000ns)
  Data Path Delay:        4.098ns  (logic 0.890ns (21.717%)  route 3.208ns (78.283%))
  Logic Levels:           3  (LUT3=1 LUT5=1 LUT6=1)
  Clock Path Skew:        -0.042ns (DCD - SCD + CPR)
    Destination Clock Delay (DCD):    1.702ns = ( 9.702 - 8.000 ) 
    Source Clock Delay      (SCD):    1.833ns
    Clock Pessimism Removal (CPR):    0.089ns
  Clock Uncertainty:      0.072ns  ((TSJ^2 + DJ^2)^1/2) / 2 + PE
    Total System Jitter     (TSJ):    0.071ns
    Discrete Jitter          (DJ):    0.125ns
    Phase Error              (PE):    0.000ns

    Location             Delay type                Incr(ns)  Path(ns)    Netlist Resource(s)
  -------------------------------------------------------------------    -------------------
                         (clock clk_out2_clk_wiz_0 rise edge)
                                                      0.000     0.000 r  
    BUFGCTRL_X0Y1        BUFG                         0.000     0.000 r  clk_IBUF_BUFG_inst/O
                         net (fo=116, routed)         2.106     2.106    video1/mmcm_adv_inst_display_clocks/inst/clk_in1
    MMCME2_ADV_X1Y0      MMCME2_ADV (Prop_mmcme2_adv_CLKIN1_CLKOUT1)
                                                     -4.900    -2.793 r  video1/mmcm_adv_inst_display_clocks/inst/mmcm_adv_inst/CLKOUT1
                         net (fo=1, routed)           2.697    -0.096    video1/mmcm_adv_inst_display_clocks/inst/clk_out2_clk_wiz_0
    BUFGCTRL_X0Y0        BUFG (Prop_bufg_I_O)         0.096    -0.000 r  video1/mmcm_adv_inst_display_clocks/inst/clkout2_buf/O
                         net (fo=44, routed)          1.833     1.833    video1/inst_dvid/clk_out2
    SLICE_X162Y148       FDRE                                         r  video1/inst_dvid/shift_clock_reg[8]/C
  -------------------------------------------------------------------    -------------------
    SLICE_X162Y148       FDRE (Prop_fdre_C_Q)         0.518     2.351 r  video1/inst_dvid/shift_clock_reg[8]/Q
                         net (fo=2, routed)           1.020     3.372    video1/inst_dvid/shift_clock_reg_n_0_[8]
    SLICE_X162Y148       LUT6 (Prop_lut6_I0_O)        0.124     3.496 r  video1/inst_dvid/shift_red[9]_i_2/O
                         net (fo=1, routed)           0.307     3.803    video1/inst_dvid/shift_red[9]_i_2_n_0
    SLICE_X162Y147       LUT5 (Prop_lut5_I0_O)        0.124     3.927 r  video1/inst_dvid/shift_red[9]_i_1/O
                         net (fo=31, routed)          1.880     5.808    video1/inst_dvid/shift_red[9]_i_1_n_0
    SLICE_X162Y129       LUT3 (Prop_lut3_I1_O)        0.124     5.932 r  video1/inst_dvid/shift_blue[2]_i_1/O
                         net (fo=1, routed)           0.000     5.932    video1/inst_dvid/shift_blue_0[2]
    SLICE_X162Y129       FDRE                                         r  video1/inst_dvid/shift_blue_reg[2]/D
  -------------------------------------------------------------------    -------------------

                         (clock clk_out2_clk_wiz_0 rise edge)
                                                      8.000     8.000 r  
    BUFGCTRL_X0Y1        BUFG                         0.000     8.000 r  clk_IBUF_BUFG_inst/O
                         net (fo=116, routed)         1.972     9.972    video1/mmcm_adv_inst_display_clocks/inst/clk_in1
    MMCME2_ADV_X1Y0      MMCME2_ADV (Prop_mmcme2_adv_CLKIN1_CLKOUT1)
                                                     -4.637     5.335 r  video1/mmcm_adv_inst_display_clocks/inst/mmcm_adv_inst/CLKOUT1
                         net (fo=1, routed)           2.574     7.909    video1/mmcm_adv_inst_display_clocks/inst/clk_out2_clk_wiz_0
    BUFGCTRL_X0Y0        BUFG (Prop_bufg_I_O)         0.091     8.000 r  video1/mmcm_adv_inst_display_clocks/inst/clkout2_buf/O
                         net (fo=44, routed)          1.702     9.702    video1/inst_dvid/clk_out2
    SLICE_X162Y129       FDRE                                         r  video1/inst_dvid/shift_blue_reg[2]/C
                         clock pessimism              0.089     9.791    
                         clock uncertainty           -0.072     9.719    
    SLICE_X162Y129       FDRE (Setup_fdre_C_D)        0.081     9.800    video1/inst_dvid/shift_blue_reg[2]
  -------------------------------------------------------------------
                         required time                          9.800    
                         arrival time                          -5.932    
  -------------------------------------------------------------------
                         slack                                  3.869    

Slack (MET) :             3.878ns  (required time - arrival time)
  Source:                 video1/inst_dvid/shift_clock_reg[8]/C
                            (rising edge-triggered cell FDRE clocked by clk_out2_clk_wiz_0  {rise@0.000ns fall@4.000ns period=8.000ns})
  Destination:            video1/inst_dvid/shift_blue_reg[3]/D
                            (rising edge-triggered cell FDRE clocked by clk_out2_clk_wiz_0  {rise@0.000ns fall@4.000ns period=8.000ns})
  Path Group:             clk_out2_clk_wiz_0
  Path Type:              Setup (Max at Slow Process Corner)
  Requirement:            8.000ns  (clk_out2_clk_wiz_0 rise@8.000ns - clk_out2_clk_wiz_0 rise@0.000ns)
  Data Path Delay:        4.126ns  (logic 0.918ns (22.248%)  route 3.208ns (77.752%))
  Logic Levels:           3  (LUT3=1 LUT5=1 LUT6=1)
  Clock Path Skew:        -0.042ns (DCD - SCD + CPR)
    Destination Clock Delay (DCD):    1.702ns = ( 9.702 - 8.000 ) 
    Source Clock Delay      (SCD):    1.833ns
    Clock Pessimism Removal (CPR):    0.089ns
  Clock Uncertainty:      0.072ns  ((TSJ^2 + DJ^2)^1/2) / 2 + PE
    Total System Jitter     (TSJ):    0.071ns
    Discrete Jitter          (DJ):    0.125ns
    Phase Error              (PE):    0.000ns

    Location             Delay type                Incr(ns)  Path(ns)    Netlist Resource(s)
  -------------------------------------------------------------------    -------------------
                         (clock clk_out2_clk_wiz_0 rise edge)
                                                      0.000     0.000 r  
    BUFGCTRL_X0Y1        BUFG                         0.000     0.000 r  clk_IBUF_BUFG_inst/O
                         net (fo=116, routed)         2.106     2.106    video1/mmcm_adv_inst_display_clocks/inst/clk_in1
    MMCME2_ADV_X1Y0      MMCME2_ADV (Prop_mmcme2_adv_CLKIN1_CLKOUT1)
                                                     -4.900    -2.793 r  video1/mmcm_adv_inst_display_clocks/inst/mmcm_adv_inst/CLKOUT1
                         net (fo=1, routed)           2.697    -0.096    video1/mmcm_adv_inst_display_clocks/inst/clk_out2_clk_wiz_0
    BUFGCTRL_X0Y0        BUFG (Prop_bufg_I_O)         0.096    -0.000 r  video1/mmcm_adv_inst_display_clocks/inst/clkout2_buf/O
                         net (fo=44, routed)          1.833     1.833    video1/inst_dvid/clk_out2
    SLICE_X162Y148       FDRE                                         r  video1/inst_dvid/shift_clock_reg[8]/C
  -------------------------------------------------------------------    -------------------
    SLICE_X162Y148       FDRE (Prop_fdre_C_Q)         0.518     2.351 r  video1/inst_dvid/shift_clock_reg[8]/Q
                         net (fo=2, routed)           1.020     3.372    video1/inst_dvid/shift_clock_reg_n_0_[8]
    SLICE_X162Y148       LUT6 (Prop_lut6_I0_O)        0.124     3.496 r  video1/inst_dvid/shift_red[9]_i_2/O
                         net (fo=1, routed)           0.307     3.803    video1/inst_dvid/shift_red[9]_i_2_n_0
    SLICE_X162Y147       LUT5 (Prop_lut5_I0_O)        0.124     3.927 r  video1/inst_dvid/shift_red[9]_i_1/O
                         net (fo=31, routed)          1.880     5.808    video1/inst_dvid/shift_red[9]_i_1_n_0
    SLICE_X162Y129       LUT3 (Prop_lut3_I1_O)        0.152     5.960 r  video1/inst_dvid/shift_blue[3]_i_1/O
                         net (fo=1, routed)           0.000     5.960    video1/inst_dvid/shift_blue_0[3]
    SLICE_X162Y129       FDRE                                         r  video1/inst_dvid/shift_blue_reg[3]/D
  -------------------------------------------------------------------    -------------------

                         (clock clk_out2_clk_wiz_0 rise edge)
                                                      8.000     8.000 r  
    BUFGCTRL_X0Y1        BUFG                         0.000     8.000 r  clk_IBUF_BUFG_inst/O
                         net (fo=116, routed)         1.972     9.972    video1/mmcm_adv_inst_display_clocks/inst/clk_in1
    MMCME2_ADV_X1Y0      MMCME2_ADV (Prop_mmcme2_adv_CLKIN1_CLKOUT1)
                                                     -4.637     5.335 r  video1/mmcm_adv_inst_display_clocks/inst/mmcm_adv_inst/CLKOUT1
                         net (fo=1, routed)           2.574     7.909    video1/mmcm_adv_inst_display_clocks/inst/clk_out2_clk_wiz_0
    BUFGCTRL_X0Y0        BUFG (Prop_bufg_I_O)         0.091     8.000 r  video1/mmcm_adv_inst_display_clocks/inst/clkout2_buf/O
                         net (fo=44, routed)          1.702     9.702    video1/inst_dvid/clk_out2
    SLICE_X162Y129       FDRE                                         r  video1/inst_dvid/shift_blue_reg[3]/C
                         clock pessimism              0.089     9.791    
                         clock uncertainty           -0.072     9.719    
    SLICE_X162Y129       FDRE (Setup_fdre_C_D)        0.118     9.837    video1/inst_dvid/shift_blue_reg[3]
  -------------------------------------------------------------------
                         required time                          9.837    
                         arrival time                          -5.960    
  -------------------------------------------------------------------
                         slack                                  3.878    





Min Delay Paths
--------------------------------------------------------------------------------------
Slack (MET) :             0.132ns  (arrival time - required time)
  Source:                 video1/inst_dvid/shift_blue_reg[8]/C
                            (rising edge-triggered cell FDRE clocked by clk_out2_clk_wiz_0  {rise@0.000ns fall@4.000ns period=8.000ns})
  Destination:            video1/inst_dvid/shift_blue_reg[6]/D
                            (rising edge-triggered cell FDRE clocked by clk_out2_clk_wiz_0  {rise@0.000ns fall@4.000ns period=8.000ns})
  Path Group:             clk_out2_clk_wiz_0
  Path Type:              Hold (Min at Fast Process Corner)
  Requirement:            0.000ns  (clk_out2_clk_wiz_0 rise@0.000ns - clk_out2_clk_wiz_0 rise@0.000ns)
  Data Path Delay:        0.276ns  (logic 0.189ns (68.452%)  route 0.087ns (31.548%))
  Logic Levels:           1  (LUT3=1)
  Clock Path Skew:        0.013ns (DCD - SCD - CPR)
    Destination Clock Delay (DCD):    0.908ns
    Source Clock Delay      (SCD):    0.637ns
    Clock Pessimism Removal (CPR):    0.258ns

    Location             Delay type                Incr(ns)  Path(ns)    Netlist Resource(s)
  -------------------------------------------------------------------    -------------------
                         (clock clk_out2_clk_wiz_0 rise edge)
                                                      0.000     0.000 r  
    BUFGCTRL_X0Y1        BUFG                         0.000     0.000 r  clk_IBUF_BUFG_inst/O
                         net (fo=116, routed)         0.745     0.745    video1/mmcm_adv_inst_display_clocks/inst/clk_in1
    MMCME2_ADV_X1Y0      MMCME2_ADV (Prop_mmcme2_adv_CLKIN1_CLKOUT1)
                                                     -1.683    -0.938 r  video1/mmcm_adv_inst_display_clocks/inst/mmcm_adv_inst/CLKOUT1
                         net (fo=1, routed)           0.912    -0.026    video1/mmcm_adv_inst_display_clocks/inst/clk_out2_clk_wiz_0
    BUFGCTRL_X0Y0        BUFG (Prop_bufg_I_O)         0.026    -0.000 r  video1/mmcm_adv_inst_display_clocks/inst/clkout2_buf/O
                         net (fo=44, routed)          0.637     0.637    video1/inst_dvid/clk_out2
    SLICE_X159Y128       FDRE                                         r  video1/inst_dvid/shift_blue_reg[8]/C
  -------------------------------------------------------------------    -------------------
    SLICE_X159Y128       FDRE (Prop_fdre_C_Q)         0.141     0.778 r  video1/inst_dvid/shift_blue_reg[8]/Q
                         net (fo=1, routed)           0.087     0.865    video1/inst_dvid/shift_blue[8]
    SLICE_X158Y128       LUT3 (Prop_lut3_I0_O)        0.048     0.913 r  video1/inst_dvid/shift_blue[6]_i_1/O
                         net (fo=1, routed)           0.000     0.913    video1/inst_dvid/shift_blue_0[6]
    SLICE_X158Y128       FDRE                                         r  video1/inst_dvid/shift_blue_reg[6]/D
  -------------------------------------------------------------------    -------------------

                         (clock clk_out2_clk_wiz_0 rise edge)
                                                      0.000     0.000 r  
    BUFGCTRL_X0Y1        BUFG                         0.000     0.000 r  clk_IBUF_BUFG_inst/O
                         net (fo=116, routed)         1.022     1.022    video1/mmcm_adv_inst_display_clocks/inst/clk_in1
    MMCME2_ADV_X1Y0      MMCME2_ADV (Prop_mmcme2_adv_CLKIN1_CLKOUT1)
                                                     -2.040    -1.018 r  video1/mmcm_adv_inst_display_clocks/inst/mmcm_adv_inst/CLKOUT1
                         net (fo=1, routed)           0.989    -0.029    video1/mmcm_adv_inst_display_clocks/inst/clk_out2_clk_wiz_0
    BUFGCTRL_X0Y0        BUFG (Prop_bufg_I_O)         0.029    -0.000 r  video1/mmcm_adv_inst_display_clocks/inst/clkout2_buf/O
                         net (fo=44, routed)          0.908     0.908    video1/inst_dvid/clk_out2
    SLICE_X158Y128       FDRE                                         r  video1/inst_dvid/shift_blue_reg[6]/C
                         clock pessimism             -0.258     0.650    
    SLICE_X158Y128       FDRE (Hold_fdre_C_D)         0.131     0.781    video1/inst_dvid/shift_blue_reg[6]
  -------------------------------------------------------------------
                         required time                         -0.781    
                         arrival time                           0.913    
  -------------------------------------------------------------------
                         slack                                  0.132    

Slack (MET) :             0.196ns  (arrival time - required time)
  Source:                 video1/inst_dvid/shift_clock_reg[0]/C
                            (rising edge-triggered cell FDRE clocked by clk_out2_clk_wiz_0  {rise@0.000ns fall@4.000ns period=8.000ns})
  Destination:            video1/inst_dvid/shift_clock_reg[8]/D
                            (rising edge-triggered cell FDRE clocked by clk_out2_clk_wiz_0  {rise@0.000ns fall@4.000ns period=8.000ns})
  Path Group:             clk_out2_clk_wiz_0
  Path Type:              Hold (Min at Fast Process Corner)
  Requirement:            0.000ns  (clk_out2_clk_wiz_0 rise@0.000ns - clk_out2_clk_wiz_0 rise@0.000ns)
  Data Path Delay:        0.272ns  (logic 0.141ns (51.841%)  route 0.131ns (48.159%))
  Logic Levels:           0  
  Clock Path Skew:        0.013ns (DCD - SCD - CPR)
    Destination Clock Delay (DCD):    0.922ns
    Source Clock Delay      (SCD):    0.649ns
    Clock Pessimism Removal (CPR):    0.260ns

    Location             Delay type                Incr(ns)  Path(ns)    Netlist Resource(s)
  -------------------------------------------------------------------    -------------------
                         (clock clk_out2_clk_wiz_0 rise edge)
                                                      0.000     0.000 r  
    BUFGCTRL_X0Y1        BUFG                         0.000     0.000 r  clk_IBUF_BUFG_inst/O
                         net (fo=116, routed)         0.745     0.745    video1/mmcm_adv_inst_display_clocks/inst/clk_in1
    MMCME2_ADV_X1Y0      MMCME2_ADV (Prop_mmcme2_adv_CLKIN1_CLKOUT1)
                                                     -1.683    -0.938 r  video1/mmcm_adv_inst_display_clocks/inst/mmcm_adv_inst/CLKOUT1
                         net (fo=1, routed)           0.912    -0.026    video1/mmcm_adv_inst_display_clocks/inst/clk_out2_clk_wiz_0
    BUFGCTRL_X0Y0        BUFG (Prop_bufg_I_O)         0.026    -0.000 r  video1/mmcm_adv_inst_display_clocks/inst/clkout2_buf/O
                         net (fo=44, routed)          0.649     0.649    video1/inst_dvid/clk_out2
    SLICE_X163Y148       FDRE                                         r  video1/inst_dvid/shift_clock_reg[0]/C
  -------------------------------------------------------------------    -------------------
    SLICE_X163Y148       FDRE (Prop_fdre_C_Q)         0.141     0.790 r  video1/inst_dvid/shift_clock_reg[0]/Q
                         net (fo=3, routed)           0.131     0.921    video1/inst_dvid/shift_clock[0]
    SLICE_X162Y148       FDRE                                         r  video1/inst_dvid/shift_clock_reg[8]/D
  -------------------------------------------------------------------    -------------------

                         (clock clk_out2_clk_wiz_0 rise edge)
                                                      0.000     0.000 r  
    BUFGCTRL_X0Y1        BUFG                         0.000     0.000 r  clk_IBUF_BUFG_inst/O
                         net (fo=116, routed)         1.022     1.022    video1/mmcm_adv_inst_display_clocks/inst/clk_in1
    MMCME2_ADV_X1Y0      MMCME2_ADV (Prop_mmcme2_adv_CLKIN1_CLKOUT1)
                                                     -2.040    -1.018 r  video1/mmcm_adv_inst_display_clocks/inst/mmcm_adv_inst/CLKOUT1
                         net (fo=1, routed)           0.989    -0.029    video1/mmcm_adv_inst_display_clocks/inst/clk_out2_clk_wiz_0
    BUFGCTRL_X0Y0        BUFG (Prop_bufg_I_O)         0.029    -0.000 r  video1/mmcm_adv_inst_display_clocks/inst/clkout2_buf/O
                         net (fo=44, routed)          0.922     0.922    video1/inst_dvid/clk_out2
    SLICE_X162Y148       FDRE                                         r  video1/inst_dvid/shift_clock_reg[8]/C
                         clock pessimism             -0.260     0.662    
    SLICE_X162Y148       FDRE (Hold_fdre_C_D)         0.063     0.725    video1/inst_dvid/shift_clock_reg[8]
  -------------------------------------------------------------------
                         required time                         -0.725    
                         arrival time                           0.921    
  -------------------------------------------------------------------
                         slack                                  0.196    

Slack (MET) :             0.201ns  (arrival time - required time)
  Source:                 video1/inst_dvid/shift_clock_reg[2]/C
                            (rising edge-triggered cell FDRE clocked by clk_out2_clk_wiz_0  {rise@0.000ns fall@4.000ns period=8.000ns})
  Destination:            video1/inst_dvid/shift_clock_reg[0]/D
                            (rising edge-triggered cell FDRE clocked by clk_out2_clk_wiz_0  {rise@0.000ns fall@4.000ns period=8.000ns})
  Path Group:             clk_out2_clk_wiz_0
  Path Type:              Hold (Min at Fast Process Corner)
  Requirement:            0.000ns  (clk_out2_clk_wiz_0 rise@0.000ns - clk_out2_clk_wiz_0 rise@0.000ns)
  Data Path Delay:        0.287ns  (logic 0.164ns (57.121%)  route 0.123ns (42.879%))
  Logic Levels:           0  
  Clock Path Skew:        0.016ns (DCD - SCD - CPR)
    Destination Clock Delay (DCD):    0.922ns
    Source Clock Delay      (SCD):    0.649ns
    Clock Pessimism Removal (CPR):    0.257ns

    Location             Delay type                Incr(ns)  Path(ns)    Netlist Resource(s)
  -------------------------------------------------------------------    -------------------
                         (clock clk_out2_clk_wiz_0 rise edge)
                                                      0.000     0.000 r  
    BUFGCTRL_X0Y1        BUFG                         0.000     0.000 r  clk_IBUF_BUFG_inst/O
                         net (fo=116, routed)         0.745     0.745    video1/mmcm_adv_inst_display_clocks/inst/clk_in1
    MMCME2_ADV_X1Y0      MMCME2_ADV (Prop_mmcme2_adv_CLKIN1_CLKOUT1)
                                                     -1.683    -0.938 r  video1/mmcm_adv_inst_display_clocks/inst/mmcm_adv_inst/CLKOUT1
                         net (fo=1, routed)           0.912    -0.026    video1/mmcm_adv_inst_display_clocks/inst/clk_out2_clk_wiz_0
    BUFGCTRL_X0Y0        BUFG (Prop_bufg_I_O)         0.026    -0.000 r  video1/mmcm_adv_inst_display_clocks/inst/clkout2_buf/O
                         net (fo=44, routed)          0.649     0.649    video1/inst_dvid/clk_out2
    SLICE_X162Y147       FDRE                                         r  video1/inst_dvid/shift_clock_reg[2]/C
  -------------------------------------------------------------------    -------------------
    SLICE_X162Y147       FDRE (Prop_fdre_C_Q)         0.164     0.813 r  video1/inst_dvid/shift_clock_reg[2]/Q
                         net (fo=2, routed)           0.123     0.936    video1/inst_dvid/shift_clock_reg_n_0_[2]
    SLICE_X163Y148       FDRE                                         r  video1/inst_dvid/shift_clock_reg[0]/D
  -------------------------------------------------------------------    -------------------

                         (clock clk_out2_clk_wiz_0 rise edge)
                                                      0.000     0.000 r  
    BUFGCTRL_X0Y1        BUFG                         0.000     0.000 r  clk_IBUF_BUFG_inst/O
                         net (fo=116, routed)         1.022     1.022    video1/mmcm_adv_inst_display_clocks/inst/clk_in1
    MMCME2_ADV_X1Y0      MMCME2_ADV (Prop_mmcme2_adv_CLKIN1_CLKOUT1)
                                                     -2.040    -1.018 r  video1/mmcm_adv_inst_display_clocks/inst/mmcm_adv_inst/CLKOUT1
                         net (fo=1, routed)           0.989    -0.029    video1/mmcm_adv_inst_display_clocks/inst/clk_out2_clk_wiz_0
    BUFGCTRL_X0Y0        BUFG (Prop_bufg_I_O)         0.029    -0.000 r  video1/mmcm_adv_inst_display_clocks/inst/clkout2_buf/O
                         net (fo=44, routed)          0.922     0.922    video1/inst_dvid/clk_out2
    SLICE_X163Y148       FDRE                                         r  video1/inst_dvid/shift_clock_reg[0]/C
                         clock pessimism             -0.257     0.665    
    SLICE_X163Y148       FDRE (Hold_fdre_C_D)         0.070     0.735    video1/inst_dvid/shift_clock_reg[0]
  -------------------------------------------------------------------
                         required time                         -0.735    
                         arrival time                           0.936    
  -------------------------------------------------------------------
                         slack                                  0.201    

Slack (MET) :             0.205ns  (arrival time - required time)
  Source:                 video1/inst_dvid/shift_clock_reg[3]/C
                            (rising edge-triggered cell FDRE clocked by clk_out2_clk_wiz_0  {rise@0.000ns fall@4.000ns period=8.000ns})
  Destination:            video1/inst_dvid/shift_clock_reg[1]/D
                            (rising edge-triggered cell FDRE clocked by clk_out2_clk_wiz_0  {rise@0.000ns fall@4.000ns period=8.000ns})
  Path Group:             clk_out2_clk_wiz_0
  Path Type:              Hold (Min at Fast Process Corner)
  Requirement:            0.000ns  (clk_out2_clk_wiz_0 rise@0.000ns - clk_out2_clk_wiz_0 rise@0.000ns)
  Data Path Delay:        0.287ns  (logic 0.164ns (57.162%)  route 0.123ns (42.838%))
  Logic Levels:           0  
  Clock Path Skew:        0.016ns (DCD - SCD - CPR)
    Destination Clock Delay (DCD):    0.922ns
    Source Clock Delay      (SCD):    0.649ns
    Clock Pessimism Removal (CPR):    0.257ns

    Location             Delay type                Incr(ns)  Path(ns)    Netlist Resource(s)
  -------------------------------------------------------------------    -------------------
                         (clock clk_out2_clk_wiz_0 rise edge)
                                                      0.000     0.000 r  
    BUFGCTRL_X0Y1        BUFG                         0.000     0.000 r  clk_IBUF_BUFG_inst/O
                         net (fo=116, routed)         0.745     0.745    video1/mmcm_adv_inst_display_clocks/inst/clk_in1
    MMCME2_ADV_X1Y0      MMCME2_ADV (Prop_mmcme2_adv_CLKIN1_CLKOUT1)
                                                     -1.683    -0.938 r  video1/mmcm_adv_inst_display_clocks/inst/mmcm_adv_inst/CLKOUT1
                         net (fo=1, routed)           0.912    -0.026    video1/mmcm_adv_inst_display_clocks/inst/clk_out2_clk_wiz_0
    BUFGCTRL_X0Y0        BUFG (Prop_bufg_I_O)         0.026    -0.000 r  video1/mmcm_adv_inst_display_clocks/inst/clkout2_buf/O
                         net (fo=44, routed)          0.649     0.649    video1/inst_dvid/clk_out2
    SLICE_X162Y147       FDRE                                         r  video1/inst_dvid/shift_clock_reg[3]/C
  -------------------------------------------------------------------    -------------------
    SLICE_X162Y147       FDRE (Prop_fdre_C_Q)         0.164     0.813 r  video1/inst_dvid/shift_clock_reg[3]/Q
                         net (fo=2, routed)           0.123     0.936    video1/inst_dvid/shift_clock_reg_n_0_[3]
    SLICE_X163Y148       FDRE                                         r  video1/inst_dvid/shift_clock_reg[1]/D
  -------------------------------------------------------------------    -------------------

                         (clock clk_out2_clk_wiz_0 rise edge)
                                                      0.000     0.000 r  
    BUFGCTRL_X0Y1        BUFG                         0.000     0.000 r  clk_IBUF_BUFG_inst/O
                         net (fo=116, routed)         1.022     1.022    video1/mmcm_adv_inst_display_clocks/inst/clk_in1
    MMCME2_ADV_X1Y0      MMCME2_ADV (Prop_mmcme2_adv_CLKIN1_CLKOUT1)
                                                     -2.040    -1.018 r  video1/mmcm_adv_inst_display_clocks/inst/mmcm_adv_inst/CLKOUT1
                         net (fo=1, routed)           0.989    -0.029    video1/mmcm_adv_inst_display_clocks/inst/clk_out2_clk_wiz_0
    BUFGCTRL_X0Y0        BUFG (Prop_bufg_I_O)         0.029    -0.000 r  video1/mmcm_adv_inst_display_clocks/inst/clkout2_buf/O
                         net (fo=44, routed)          0.922     0.922    video1/inst_dvid/clk_out2
    SLICE_X163Y148       FDRE                                         r  video1/inst_dvid/shift_clock_reg[1]/C
                         clock pessimism             -0.257     0.665    
    SLICE_X163Y148       FDRE (Hold_fdre_C_D)         0.066     0.731    video1/inst_dvid/shift_clock_reg[1]
  -------------------------------------------------------------------
                         required time                         -0.731    
                         arrival time                           0.936    
  -------------------------------------------------------------------
                         slack                                  0.205    

Slack (MET) :             0.209ns  (arrival time - required time)
  Source:                 video1/inst_dvid/shift_clock_reg[7]/C
                            (rising edge-triggered cell FDRE clocked by clk_out2_clk_wiz_0  {rise@0.000ns fall@4.000ns period=8.000ns})
  Destination:            video1/inst_dvid/shift_clock_reg[5]/D
                            (rising edge-triggered cell FDRE clocked by clk_out2_clk_wiz_0  {rise@0.000ns fall@4.000ns period=8.000ns})
  Path Group:             clk_out2_clk_wiz_0
  Path Type:              Hold (Min at Fast Process Corner)
  Requirement:            0.000ns  (clk_out2_clk_wiz_0 rise@0.000ns - clk_out2_clk_wiz_0 rise@0.000ns)
  Data Path Delay:        0.288ns  (logic 0.164ns (56.923%)  route 0.124ns (43.077%))
  Logic Levels:           0  
  Clock Path Skew:        0.016ns (DCD - SCD - CPR)
    Destination Clock Delay (DCD):    0.922ns
    Source Clock Delay      (SCD):    0.649ns
    Clock Pessimism Removal (CPR):    0.257ns

    Location             Delay type                Incr(ns)  Path(ns)    Netlist Resource(s)
  -------------------------------------------------------------------    -------------------
                         (clock clk_out2_clk_wiz_0 rise edge)
                                                      0.000     0.000 r  
    BUFGCTRL_X0Y1        BUFG                         0.000     0.000 r  clk_IBUF_BUFG_inst/O
                         net (fo=116, routed)         0.745     0.745    video1/mmcm_adv_inst_display_clocks/inst/clk_in1
    MMCME2_ADV_X1Y0      MMCME2_ADV (Prop_mmcme2_adv_CLKIN1_CLKOUT1)
                                                     -1.683    -0.938 r  video1/mmcm_adv_inst_display_clocks/inst/mmcm_adv_inst/CLKOUT1
                         net (fo=1, routed)           0.912    -0.026    video1/mmcm_adv_inst_display_clocks/inst/clk_out2_clk_wiz_0
    BUFGCTRL_X0Y0        BUFG (Prop_bufg_I_O)         0.026    -0.000 r  video1/mmcm_adv_inst_display_clocks/inst/clkout2_buf/O
                         net (fo=44, routed)          0.649     0.649    video1/inst_dvid/clk_out2
    SLICE_X162Y148       FDRE                                         r  video1/inst_dvid/shift_clock_reg[7]/C
  -------------------------------------------------------------------    -------------------
    SLICE_X162Y148       FDRE (Prop_fdre_C_Q)         0.164     0.813 r  video1/inst_dvid/shift_clock_reg[7]/Q
                         net (fo=2, routed)           0.124     0.937    video1/inst_dvid/shift_clock_reg_n_0_[7]
    SLICE_X162Y147       FDRE                                         r  video1/inst_dvid/shift_clock_reg[5]/D
  -------------------------------------------------------------------    -------------------

                         (clock clk_out2_clk_wiz_0 rise edge)
                                                      0.000     0.000 r  
    BUFGCTRL_X0Y1        BUFG                         0.000     0.000 r  clk_IBUF_BUFG_inst/O
                         net (fo=116, routed)         1.022     1.022    video1/mmcm_adv_inst_display_clocks/inst/clk_in1
    MMCME2_ADV_X1Y0      MMCME2_ADV (Prop_mmcme2_adv_CLKIN1_CLKOUT1)
                                                     -2.040    -1.018 r  video1/mmcm_adv_inst_display_clocks/inst/mmcm_adv_inst/CLKOUT1
                         net (fo=1, routed)           0.989    -0.029    video1/mmcm_adv_inst_display_clocks/inst/clk_out2_clk_wiz_0
    BUFGCTRL_X0Y0        BUFG (Prop_bufg_I_O)         0.029    -0.000 r  video1/mmcm_adv_inst_display_clocks/inst/clkout2_buf/O
                         net (fo=44, routed)          0.922     0.922    video1/inst_dvid/clk_out2
    SLICE_X162Y147       FDRE                                         r  video1/inst_dvid/shift_clock_reg[5]/C
                         clock pessimism             -0.257     0.665    
    SLICE_X162Y147       FDRE (Hold_fdre_C_D)         0.063     0.728    video1/inst_dvid/shift_clock_reg[5]
  -------------------------------------------------------------------
                         required time                         -0.728    
                         arrival time                           0.937    
  -------------------------------------------------------------------
                         slack                                  0.209    

Slack (MET) :             0.224ns  (arrival time - required time)
  Source:                 video1/inst_dvid/shift_clock_reg[9]/C
                            (rising edge-triggered cell FDRE clocked by clk_out2_clk_wiz_0  {rise@0.000ns fall@4.000ns period=8.000ns})
  Destination:            video1/inst_dvid/shift_clock_reg[7]/D
                            (rising edge-triggered cell FDRE clocked by clk_out2_clk_wiz_0  {rise@0.000ns fall@4.000ns period=8.000ns})
  Path Group:             clk_out2_clk_wiz_0
  Path Type:              Hold (Min at Fast Process Corner)
  Requirement:            0.000ns  (clk_out2_clk_wiz_0 rise@0.000ns - clk_out2_clk_wiz_0 rise@0.000ns)
  Data Path Delay:        0.276ns  (logic 0.164ns (59.419%)  route 0.112ns (40.581%))
  Logic Levels:           0  
  Clock Path Skew:        0.000ns (DCD - SCD - CPR)
    Destination Clock Delay (DCD):    0.922ns
    Source Clock Delay      (SCD):    0.649ns
    Clock Pessimism Removal (CPR):    0.273ns

    Location             Delay type                Incr(ns)  Path(ns)    Netlist Resource(s)
  -------------------------------------------------------------------    -------------------
                         (clock clk_out2_clk_wiz_0 rise edge)
                                                      0.000     0.000 r  
    BUFGCTRL_X0Y1        BUFG                         0.000     0.000 r  clk_IBUF_BUFG_inst/O
                         net (fo=116, routed)         0.745     0.745    video1/mmcm_adv_inst_display_clocks/inst/clk_in1
    MMCME2_ADV_X1Y0      MMCME2_ADV (Prop_mmcme2_adv_CLKIN1_CLKOUT1)
                                                     -1.683    -0.938 r  video1/mmcm_adv_inst_display_clocks/inst/mmcm_adv_inst/CLKOUT1
                         net (fo=1, routed)           0.912    -0.026    video1/mmcm_adv_inst_display_clocks/inst/clk_out2_clk_wiz_0
    BUFGCTRL_X0Y0        BUFG (Prop_bufg_I_O)         0.026    -0.000 r  video1/mmcm_adv_inst_display_clocks/inst/clkout2_buf/O
                         net (fo=44, routed)          0.649     0.649    video1/inst_dvid/clk_out2
    SLICE_X162Y148       FDRE                                         r  video1/inst_dvid/shift_clock_reg[9]/C
  -------------------------------------------------------------------    -------------------
    SLICE_X162Y148       FDRE (Prop_fdre_C_Q)         0.164     0.813 r  video1/inst_dvid/shift_clock_reg[9]/Q
                         net (fo=2, routed)           0.112     0.925    video1/inst_dvid/shift_clock_reg_n_0_[9]
    SLICE_X162Y148       FDRE                                         r  video1/inst_dvid/shift_clock_reg[7]/D
  -------------------------------------------------------------------    -------------------

                         (clock clk_out2_clk_wiz_0 rise edge)
                                                      0.000     0.000 r  
    BUFGCTRL_X0Y1        BUFG                         0.000     0.000 r  clk_IBUF_BUFG_inst/O
                         net (fo=116, routed)         1.022     1.022    video1/mmcm_adv_inst_display_clocks/inst/clk_in1
    MMCME2_ADV_X1Y0      MMCME2_ADV (Prop_mmcme2_adv_CLKIN1_CLKOUT1)
                                                     -2.040    -1.018 r  video1/mmcm_adv_inst_display_clocks/inst/mmcm_adv_inst/CLKOUT1
                         net (fo=1, routed)           0.989    -0.029    video1/mmcm_adv_inst_display_clocks/inst/clk_out2_clk_wiz_0
    BUFGCTRL_X0Y0        BUFG (Prop_bufg_I_O)         0.029    -0.000 r  video1/mmcm_adv_inst_display_clocks/inst/clkout2_buf/O
                         net (fo=44, routed)          0.922     0.922    video1/inst_dvid/clk_out2
    SLICE_X162Y148       FDRE                                         r  video1/inst_dvid/shift_clock_reg[7]/C
                         clock pessimism             -0.273     0.649    
    SLICE_X162Y148       FDRE (Hold_fdre_C_D)         0.052     0.701    video1/inst_dvid/shift_clock_reg[7]
  -------------------------------------------------------------------
                         required time                         -0.701    
                         arrival time                           0.925    
  -------------------------------------------------------------------
                         slack                                  0.224    

Slack (MET) :             0.233ns  (arrival time - required time)
  Source:                 video1/inst_dvid/shift_clock_reg[4]/C
                            (rising edge-triggered cell FDRE clocked by clk_out2_clk_wiz_0  {rise@0.000ns fall@4.000ns period=8.000ns})
  Destination:            video1/inst_dvid/shift_clock_reg[2]/D
                            (rising edge-triggered cell FDRE clocked by clk_out2_clk_wiz_0  {rise@0.000ns fall@4.000ns period=8.000ns})
  Path Group:             clk_out2_clk_wiz_0
  Path Type:              Hold (Min at Fast Process Corner)
  Requirement:            0.000ns  (clk_out2_clk_wiz_0 rise@0.000ns - clk_out2_clk_wiz_0 rise@0.000ns)
  Data Path Delay:        0.292ns  (logic 0.164ns (56.232%)  route 0.128ns (43.768%))
  Logic Levels:           0  
  Clock Path Skew:        0.000ns (DCD - SCD - CPR)
    Destination Clock Delay (DCD):    0.922ns
    Source Clock Delay      (SCD):    0.649ns
    Clock Pessimism Removal (CPR):    0.273ns

    Location             Delay type                Incr(ns)  Path(ns)    Netlist Resource(s)
  -------------------------------------------------------------------    -------------------
                         (clock clk_out2_clk_wiz_0 rise edge)
                                                      0.000     0.000 r  
    BUFGCTRL_X0Y1        BUFG                         0.000     0.000 r  clk_IBUF_BUFG_inst/O
                         net (fo=116, routed)         0.745     0.745    video1/mmcm_adv_inst_display_clocks/inst/clk_in1
    MMCME2_ADV_X1Y0      MMCME2_ADV (Prop_mmcme2_adv_CLKIN1_CLKOUT1)
                                                     -1.683    -0.938 r  video1/mmcm_adv_inst_display_clocks/inst/mmcm_adv_inst/CLKOUT1
                         net (fo=1, routed)           0.912    -0.026    video1/mmcm_adv_inst_display_clocks/inst/clk_out2_clk_wiz_0
    BUFGCTRL_X0Y0        BUFG (Prop_bufg_I_O)         0.026    -0.000 r  video1/mmcm_adv_inst_display_clocks/inst/clkout2_buf/O
                         net (fo=44, routed)          0.649     0.649    video1/inst_dvid/clk_out2
    SLICE_X162Y147       FDRE                                         r  video1/inst_dvid/shift_clock_reg[4]/C
  -------------------------------------------------------------------    -------------------
    SLICE_X162Y147       FDRE (Prop_fdre_C_Q)         0.164     0.813 r  video1/inst_dvid/shift_clock_reg[4]/Q
                         net (fo=2, routed)           0.128     0.940    video1/inst_dvid/shift_clock_reg_n_0_[4]
    SLICE_X162Y147       FDRE                                         r  video1/inst_dvid/shift_clock_reg[2]/D
  -------------------------------------------------------------------    -------------------

                         (clock clk_out2_clk_wiz_0 rise edge)
                                                      0.000     0.000 r  
    BUFGCTRL_X0Y1        BUFG                         0.000     0.000 r  clk_IBUF_BUFG_inst/O
                         net (fo=116, routed)         1.022     1.022    video1/mmcm_adv_inst_display_clocks/inst/clk_in1
    MMCME2_ADV_X1Y0      MMCME2_ADV (Prop_mmcme2_adv_CLKIN1_CLKOUT1)
                                                     -2.040    -1.018 r  video1/mmcm_adv_inst_display_clocks/inst/mmcm_adv_inst/CLKOUT1
                         net (fo=1, routed)           0.989    -0.029    video1/mmcm_adv_inst_display_clocks/inst/clk_out2_clk_wiz_0
    BUFGCTRL_X0Y0        BUFG (Prop_bufg_I_O)         0.029    -0.000 r  video1/mmcm_adv_inst_display_clocks/inst/clkout2_buf/O
                         net (fo=44, routed)          0.922     0.922    video1/inst_dvid/clk_out2
    SLICE_X162Y147       FDRE                                         r  video1/inst_dvid/shift_clock_reg[2]/C
                         clock pessimism             -0.273     0.649    
    SLICE_X162Y147       FDRE (Hold_fdre_C_D)         0.059     0.708    video1/inst_dvid/shift_clock_reg[2]
  -------------------------------------------------------------------
                         required time                         -0.708    
                         arrival time                           0.940    
  -------------------------------------------------------------------
                         slack                                  0.233    

Slack (MET) :             0.233ns  (arrival time - required time)
  Source:                 video1/inst_dvid/shift_clock_reg[5]/C
                            (rising edge-triggered cell FDRE clocked by clk_out2_clk_wiz_0  {rise@0.000ns fall@4.000ns period=8.000ns})
  Destination:            video1/inst_dvid/shift_clock_reg[3]/D
                            (rising edge-triggered cell FDRE clocked by clk_out2_clk_wiz_0  {rise@0.000ns fall@4.000ns period=8.000ns})
  Path Group:             clk_out2_clk_wiz_0
  Path Type:              Hold (Min at Fast Process Corner)
  Requirement:            0.000ns  (clk_out2_clk_wiz_0 rise@0.000ns - clk_out2_clk_wiz_0 rise@0.000ns)
  Data Path Delay:        0.285ns  (logic 0.164ns (57.535%)  route 0.121ns (42.465%))
  Logic Levels:           0  
  Clock Path Skew:        0.000ns (DCD - SCD - CPR)
    Destination Clock Delay (DCD):    0.922ns
    Source Clock Delay      (SCD):    0.649ns
    Clock Pessimism Removal (CPR):    0.273ns

    Location             Delay type                Incr(ns)  Path(ns)    Netlist Resource(s)
  -------------------------------------------------------------------    -------------------
                         (clock clk_out2_clk_wiz_0 rise edge)
                                                      0.000     0.000 r  
    BUFGCTRL_X0Y1        BUFG                         0.000     0.000 r  clk_IBUF_BUFG_inst/O
                         net (fo=116, routed)         0.745     0.745    video1/mmcm_adv_inst_display_clocks/inst/clk_in1
    MMCME2_ADV_X1Y0      MMCME2_ADV (Prop_mmcme2_adv_CLKIN1_CLKOUT1)
                                                     -1.683    -0.938 r  video1/mmcm_adv_inst_display_clocks/inst/mmcm_adv_inst/CLKOUT1
                         net (fo=1, routed)           0.912    -0.026    video1/mmcm_adv_inst_display_clocks/inst/clk_out2_clk_wiz_0
    BUFGCTRL_X0Y0        BUFG (Prop_bufg_I_O)         0.026    -0.000 r  video1/mmcm_adv_inst_display_clocks/inst/clkout2_buf/O
                         net (fo=44, routed)          0.649     0.649    video1/inst_dvid/clk_out2
    SLICE_X162Y147       FDRE                                         r  video1/inst_dvid/shift_clock_reg[5]/C
  -------------------------------------------------------------------    -------------------
    SLICE_X162Y147       FDRE (Prop_fdre_C_Q)         0.164     0.813 r  video1/inst_dvid/shift_clock_reg[5]/Q
                         net (fo=2, routed)           0.121     0.934    video1/inst_dvid/shift_clock_reg_n_0_[5]
    SLICE_X162Y147       FDRE                                         r  video1/inst_dvid/shift_clock_reg[3]/D
  -------------------------------------------------------------------    -------------------

                         (clock clk_out2_clk_wiz_0 rise edge)
                                                      0.000     0.000 r  
    BUFGCTRL_X0Y1        BUFG                         0.000     0.000 r  clk_IBUF_BUFG_inst/O
                         net (fo=116, routed)         1.022     1.022    video1/mmcm_adv_inst_display_clocks/inst/clk_in1
    MMCME2_ADV_X1Y0      MMCME2_ADV (Prop_mmcme2_adv_CLKIN1_CLKOUT1)
                                                     -2.040    -1.018 r  video1/mmcm_adv_inst_display_clocks/inst/mmcm_adv_inst/CLKOUT1
                         net (fo=1, routed)           0.989    -0.029    video1/mmcm_adv_inst_display_clocks/inst/clk_out2_clk_wiz_0
    BUFGCTRL_X0Y0        BUFG (Prop_bufg_I_O)         0.029    -0.000 r  video1/mmcm_adv_inst_display_clocks/inst/clkout2_buf/O
                         net (fo=44, routed)          0.922     0.922    video1/inst_dvid/clk_out2
    SLICE_X162Y147       FDRE                                         r  video1/inst_dvid/shift_clock_reg[3]/C
                         clock pessimism             -0.273     0.649    
    SLICE_X162Y147       FDRE (Hold_fdre_C_D)         0.052     0.701    video1/inst_dvid/shift_clock_reg[3]
  -------------------------------------------------------------------
                         required time                         -0.701    
                         arrival time                           0.934    
  -------------------------------------------------------------------
                         slack                                  0.233    

Slack (MET) :             0.233ns  (arrival time - required time)
  Source:                 video1/inst_dvid/shift_clock_reg[8]/C
                            (rising edge-triggered cell FDRE clocked by clk_out2_clk_wiz_0  {rise@0.000ns fall@4.000ns period=8.000ns})
  Destination:            video1/inst_dvid/shift_clock_reg[6]/D
                            (rising edge-triggered cell FDRE clocked by clk_out2_clk_wiz_0  {rise@0.000ns fall@4.000ns period=8.000ns})
  Path Group:             clk_out2_clk_wiz_0
  Path Type:              Hold (Min at Fast Process Corner)
  Requirement:            0.000ns  (clk_out2_clk_wiz_0 rise@0.000ns - clk_out2_clk_wiz_0 rise@0.000ns)
  Data Path Delay:        0.292ns  (logic 0.164ns (56.106%)  route 0.128ns (43.894%))
  Logic Levels:           0  
  Clock Path Skew:        0.000ns (DCD - SCD - CPR)
    Destination Clock Delay (DCD):    0.922ns
    Source Clock Delay      (SCD):    0.649ns
    Clock Pessimism Removal (CPR):    0.273ns

    Location             Delay type                Incr(ns)  Path(ns)    Netlist Resource(s)
  -------------------------------------------------------------------    -------------------
                         (clock clk_out2_clk_wiz_0 rise edge)
                                                      0.000     0.000 r  
    BUFGCTRL_X0Y1        BUFG                         0.000     0.000 r  clk_IBUF_BUFG_inst/O
                         net (fo=116, routed)         0.745     0.745    video1/mmcm_adv_inst_display_clocks/inst/clk_in1
    MMCME2_ADV_X1Y0      MMCME2_ADV (Prop_mmcme2_adv_CLKIN1_CLKOUT1)
                                                     -1.683    -0.938 r  video1/mmcm_adv_inst_display_clocks/inst/mmcm_adv_inst/CLKOUT1
                         net (fo=1, routed)           0.912    -0.026    video1/mmcm_adv_inst_display_clocks/inst/clk_out2_clk_wiz_0
    BUFGCTRL_X0Y0        BUFG (Prop_bufg_I_O)         0.026    -0.000 r  video1/mmcm_adv_inst_display_clocks/inst/clkout2_buf/O
                         net (fo=44, routed)          0.649     0.649    video1/inst_dvid/clk_out2
    SLICE_X162Y148       FDRE                                         r  video1/inst_dvid/shift_clock_reg[8]/C
  -------------------------------------------------------------------    -------------------
    SLICE_X162Y148       FDRE (Prop_fdre_C_Q)         0.164     0.813 r  video1/inst_dvid/shift_clock_reg[8]/Q
                         net (fo=2, routed)           0.128     0.941    video1/inst_dvid/shift_clock_reg_n_0_[8]
    SLICE_X162Y148       FDRE                                         r  video1/inst_dvid/shift_clock_reg[6]/D
  -------------------------------------------------------------------    -------------------

                         (clock clk_out2_clk_wiz_0 rise edge)
                                                      0.000     0.000 r  
    BUFGCTRL_X0Y1        BUFG                         0.000     0.000 r  clk_IBUF_BUFG_inst/O
                         net (fo=116, routed)         1.022     1.022    video1/mmcm_adv_inst_display_clocks/inst/clk_in1
    MMCME2_ADV_X1Y0      MMCME2_ADV (Prop_mmcme2_adv_CLKIN1_CLKOUT1)
                                                     -2.040    -1.018 r  video1/mmcm_adv_inst_display_clocks/inst/mmcm_adv_inst/CLKOUT1
                         net (fo=1, routed)           0.989    -0.029    video1/mmcm_adv_inst_display_clocks/inst/clk_out2_clk_wiz_0
    BUFGCTRL_X0Y0        BUFG (Prop_bufg_I_O)         0.029    -0.000 r  video1/mmcm_adv_inst_display_clocks/inst/clkout2_buf/O
                         net (fo=44, routed)          0.922     0.922    video1/inst_dvid/clk_out2
    SLICE_X162Y148       FDRE                                         r  video1/inst_dvid/shift_clock_reg[6]/C
                         clock pessimism             -0.273     0.649    
    SLICE_X162Y148       FDRE (Hold_fdre_C_D)         0.059     0.708    video1/inst_dvid/shift_clock_reg[6]
  -------------------------------------------------------------------
                         required time                         -0.708    
                         arrival time                           0.941    
  -------------------------------------------------------------------
                         slack                                  0.233    

Slack (MET) :             0.236ns  (arrival time - required time)
  Source:                 video1/inst_dvid/shift_blue_reg[2]/C
                            (rising edge-triggered cell FDRE clocked by clk_out2_clk_wiz_0  {rise@0.000ns fall@4.000ns period=8.000ns})
  Destination:            video1/inst_dvid/shift_blue_reg[0]/D
                            (rising edge-triggered cell FDRE clocked by clk_out2_clk_wiz_0  {rise@0.000ns fall@4.000ns period=8.000ns})
  Path Group:             clk_out2_clk_wiz_0
  Path Type:              Hold (Min at Fast Process Corner)
  Requirement:            0.000ns  (clk_out2_clk_wiz_0 rise@0.000ns - clk_out2_clk_wiz_0 rise@0.000ns)
  Data Path Delay:        0.356ns  (logic 0.209ns (58.645%)  route 0.147ns (41.355%))
  Logic Levels:           1  (LUT3=1)
  Clock Path Skew:        0.000ns (DCD - SCD - CPR)
    Destination Clock Delay (DCD):    0.910ns
    Source Clock Delay      (SCD):    0.639ns
    Clock Pessimism Removal (CPR):    0.271ns

    Location             Delay type                Incr(ns)  Path(ns)    Netlist Resource(s)
  -------------------------------------------------------------------    -------------------
                         (clock clk_out2_clk_wiz_0 rise edge)
                                                      0.000     0.000 r  
    BUFGCTRL_X0Y1        BUFG                         0.000     0.000 r  clk_IBUF_BUFG_inst/O
                         net (fo=116, routed)         0.745     0.745    video1/mmcm_adv_inst_display_clocks/inst/clk_in1
    MMCME2_ADV_X1Y0      MMCME2_ADV (Prop_mmcme2_adv_CLKIN1_CLKOUT1)
                                                     -1.683    -0.938 r  video1/mmcm_adv_inst_display_clocks/inst/mmcm_adv_inst/CLKOUT1
                         net (fo=1, routed)           0.912    -0.026    video1/mmcm_adv_inst_display_clocks/inst/clk_out2_clk_wiz_0
    BUFGCTRL_X0Y0        BUFG (Prop_bufg_I_O)         0.026    -0.000 r  video1/mmcm_adv_inst_display_clocks/inst/clkout2_buf/O
                         net (fo=44, routed)          0.639     0.639    video1/inst_dvid/clk_out2
    SLICE_X162Y129       FDRE                                         r  video1/inst_dvid/shift_blue_reg[2]/C
  -------------------------------------------------------------------    -------------------
    SLICE_X162Y129       FDRE (Prop_fdre_C_Q)         0.164     0.803 r  video1/inst_dvid/shift_blue_reg[2]/Q
                         net (fo=1, routed)           0.147     0.950    video1/inst_dvid/shift_blue[2]
    SLICE_X162Y129       LUT3 (Prop_lut3_I0_O)        0.045     0.995 r  video1/inst_dvid/shift_blue[0]_i_1/O
                         net (fo=1, routed)           0.000     0.995    video1/inst_dvid/shift_blue_0[0]
    SLICE_X162Y129       FDRE                                         r  video1/inst_dvid/shift_blue_reg[0]/D
  -------------------------------------------------------------------    -------------------

                         (clock clk_out2_clk_wiz_0 rise edge)
                                                      0.000     0.000 r  
    BUFGCTRL_X0Y1        BUFG                         0.000     0.000 r  clk_IBUF_BUFG_inst/O
                         net (fo=116, routed)         1.022     1.022    video1/mmcm_adv_inst_display_clocks/inst/clk_in1
    MMCME2_ADV_X1Y0      MMCME2_ADV (Prop_mmcme2_adv_CLKIN1_CLKOUT1)
                                                     -2.040    -1.018 r  video1/mmcm_adv_inst_display_clocks/inst/mmcm_adv_inst/CLKOUT1
                         net (fo=1, routed)           0.989    -0.029    video1/mmcm_adv_inst_display_clocks/inst/clk_out2_clk_wiz_0
    BUFGCTRL_X0Y0        BUFG (Prop_bufg_I_O)         0.029    -0.000 r  video1/mmcm_adv_inst_display_clocks/inst/clkout2_buf/O
                         net (fo=44, routed)          0.910     0.910    video1/inst_dvid/clk_out2
    SLICE_X162Y129       FDRE                                         r  video1/inst_dvid/shift_blue_reg[0]/C
                         clock pessimism             -0.271     0.639    
    SLICE_X162Y129       FDRE (Hold_fdre_C_D)         0.120     0.759    video1/inst_dvid/shift_blue_reg[0]
  -------------------------------------------------------------------
                         required time                         -0.759    
                         arrival time                           0.995    
  -------------------------------------------------------------------
                         slack                                  0.236    





Pulse Width Checks
--------------------------------------------------------------------------------------
Clock Name:         clk_out2_clk_wiz_0
Waveform(ns):       { 0.000 4.000 }
Period(ns):         8.000
Sources:            { video1/mmcm_adv_inst_display_clocks/inst/mmcm_adv_inst/CLKOUT1 }

Check Type        Corner  Lib Pin             Reference Pin  Required(ns)  Actual(ns)  Slack(ns)  Location         Pin
Min Period        n/a     BUFG/I              n/a            2.155         8.000       5.845      BUFGCTRL_X0Y0    video1/mmcm_adv_inst_display_clocks/inst/clkout2_buf/I
Min Period        n/a     ODDR/C              n/a            1.474         8.000       6.526      OLOGIC_X1Y140    video1/inst_dvid/ODDR2_blue/C
Min Period        n/a     ODDR/C              n/a            1.474         8.000       6.526      OLOGIC_X1Y148    video1/inst_dvid/ODDR2_clock/C
Min Period        n/a     ODDR/C              n/a            1.474         8.000       6.526      OLOGIC_X1Y136    video1/inst_dvid/ODDR2_green/C
Min Period        n/a     ODDR/C              n/a            1.474         8.000       6.526      OLOGIC_X1Y134    video1/inst_dvid/ODDR2_red/C
Min Period        n/a     MMCME2_ADV/CLKOUT1  n/a            1.249         8.000       6.751      MMCME2_ADV_X1Y0  video1/mmcm_adv_inst_display_clocks/inst/mmcm_adv_inst/CLKOUT1
Min Period        n/a     FDRE/C              n/a            1.000         8.000       7.000      SLICE_X162Y129   video1/inst_dvid/shift_blue_reg[0]/C
Min Period        n/a     FDRE/C              n/a            1.000         8.000       7.000      SLICE_X162Y129   video1/inst_dvid/shift_blue_reg[1]/C
Min Period        n/a     FDRE/C              n/a            1.000         8.000       7.000      SLICE_X162Y129   video1/inst_dvid/shift_blue_reg[2]/C
Min Period        n/a     FDRE/C              n/a            1.000         8.000       7.000      SLICE_X162Y129   video1/inst_dvid/shift_blue_reg[3]/C
Max Period        n/a     MMCME2_ADV/CLKOUT1  n/a            213.360       8.000       205.360    MMCME2_ADV_X1Y0  video1/mmcm_adv_inst_display_clocks/inst/mmcm_adv_inst/CLKOUT1
Low Pulse Width   Slow    FDRE/C              n/a            0.500         4.000       3.500      SLICE_X162Y129   video1/inst_dvid/shift_blue_reg[0]/C
Low Pulse Width   Fast    FDRE/C              n/a            0.500         4.000       3.500      SLICE_X162Y129   video1/inst_dvid/shift_blue_reg[0]/C
Low Pulse Width   Slow    FDRE/C              n/a            0.500         4.000       3.500      SLICE_X162Y129   video1/inst_dvid/shift_blue_reg[1]/C
Low Pulse Width   Fast    FDRE/C              n/a            0.500         4.000       3.500      SLICE_X162Y129   video1/inst_dvid/shift_blue_reg[1]/C
Low Pulse Width   Slow    FDRE/C              n/a            0.500         4.000       3.500      SLICE_X162Y129   video1/inst_dvid/shift_blue_reg[2]/C
Low Pulse Width   Fast    FDRE/C              n/a            0.500         4.000       3.500      SLICE_X162Y129   video1/inst_dvid/shift_blue_reg[2]/C
Low Pulse Width   Slow    FDRE/C              n/a            0.500         4.000       3.500      SLICE_X162Y129   video1/inst_dvid/shift_blue_reg[3]/C
Low Pulse Width   Fast    FDRE/C              n/a            0.500         4.000       3.500      SLICE_X162Y129   video1/inst_dvid/shift_blue_reg[3]/C
Low Pulse Width   Slow    FDRE/C              n/a            0.500         4.000       3.500      SLICE_X158Y128   video1/inst_dvid/shift_blue_reg[4]/C
Low Pulse Width   Fast    FDRE/C              n/a            0.500         4.000       3.500      SLICE_X158Y128   video1/inst_dvid/shift_blue_reg[4]/C
High Pulse Width  Slow    FDRE/C              n/a            0.500         4.000       3.500      SLICE_X162Y129   video1/inst_dvid/shift_blue_reg[0]/C
High Pulse Width  Fast    FDRE/C              n/a            0.500         4.000       3.500      SLICE_X162Y129   video1/inst_dvid/shift_blue_reg[0]/C
High Pulse Width  Slow    FDRE/C              n/a            0.500         4.000       3.500      SLICE_X162Y129   video1/inst_dvid/shift_blue_reg[1]/C
High Pulse Width  Fast    FDRE/C              n/a            0.500         4.000       3.500      SLICE_X162Y129   video1/inst_dvid/shift_blue_reg[1]/C
High Pulse Width  Slow    FDRE/C              n/a            0.500         4.000       3.500      SLICE_X162Y129   video1/inst_dvid/shift_blue_reg[2]/C
High Pulse Width  Fast    FDRE/C              n/a            0.500         4.000       3.500      SLICE_X162Y129   video1/inst_dvid/shift_blue_reg[2]/C
High Pulse Width  Slow    FDRE/C              n/a            0.500         4.000       3.500      SLICE_X162Y129   video1/inst_dvid/shift_blue_reg[3]/C
High Pulse Width  Fast    FDRE/C              n/a            0.500         4.000       3.500      SLICE_X162Y129   video1/inst_dvid/shift_blue_reg[3]/C
High Pulse Width  Slow    FDRE/C              n/a            0.500         4.000       3.500      SLICE_X158Y128   video1/inst_dvid/shift_blue_reg[4]/C
High Pulse Width  Fast    FDRE/C              n/a            0.500         4.000       3.500      SLICE_X158Y128   video1/inst_dvid/shift_blue_reg[4]/C



---------------------------------------------------------------------------------------------------
From Clock:  clkfbout_clk_wiz_0
  To Clock:  clkfbout_clk_wiz_0

Setup :           NA  Failing Endpoints,  Worst Slack           NA  ,  Total Violation           NA
Hold  :           NA  Failing Endpoints,  Worst Slack           NA  ,  Total Violation           NA
PW    :            0  Failing Endpoints,  Worst Slack        7.845ns,  Total Violation        0.000ns
---------------------------------------------------------------------------------------------------


Pulse Width Checks
--------------------------------------------------------------------------------------
Clock Name:         clkfbout_clk_wiz_0
Waveform(ns):       { 0.000 5.000 }
Period(ns):         10.000
Sources:            { video1/mmcm_adv_inst_display_clocks/inst/mmcm_adv_inst/CLKFBOUT }

Check Type  Corner  Lib Pin              Reference Pin  Required(ns)  Actual(ns)  Slack(ns)  Location         Pin
Min Period  n/a     BUFG/I               n/a            2.155         10.000      7.845      BUFGCTRL_X0Y3    video1/mmcm_adv_inst_display_clocks/inst/clkf_buf/I
Min Period  n/a     MMCME2_ADV/CLKFBOUT  n/a            1.249         10.000      8.751      MMCME2_ADV_X1Y0  video1/mmcm_adv_inst_display_clocks/inst/mmcm_adv_inst/CLKFBOUT
Min Period  n/a     MMCME2_ADV/CLKFBIN   n/a            1.249         10.000      8.751      MMCME2_ADV_X1Y0  video1/mmcm_adv_inst_display_clocks/inst/mmcm_adv_inst/CLKFBIN
Max Period  n/a     MMCME2_ADV/CLKFBIN   n/a            100.000       10.000      90.000     MMCME2_ADV_X1Y0  video1/mmcm_adv_inst_display_clocks/inst/mmcm_adv_inst/CLKFBIN
Max Period  n/a     MMCME2_ADV/CLKFBOUT  n/a            213.360       10.000      203.360    MMCME2_ADV_X1Y0  video1/mmcm_adv_inst_display_clocks/inst/mmcm_adv_inst/CLKFBOUT



---------------------------------------------------------------------------------------------------
From Clock:  clk_out1_clk_wiz_0
  To Clock:  clk_out2_clk_wiz_0

Setup :            0  Failing Endpoints,  Worst Slack        4.123ns,  Total Violation        0.000ns
Hold  :            0  Failing Endpoints,  Worst Slack        0.142ns,  Total Violation        0.000ns
---------------------------------------------------------------------------------------------------


Max Delay Paths
--------------------------------------------------------------------------------------
Slack (MET) :             4.123ns  (required time - arrival time)
  Source:                 video1/inst_dvid/latched_red_reg[0]/C
                            (rising edge-triggered cell FDRE clocked by clk_out1_clk_wiz_0  {rise@0.000ns fall@20.000ns period=40.000ns})
  Destination:            video1/inst_dvid/shift_red_reg[0]/S
                            (rising edge-triggered cell FDSE clocked by clk_out2_clk_wiz_0  {rise@0.000ns fall@4.000ns period=8.000ns})
  Path Group:             clk_out2_clk_wiz_0
  Path Type:              Setup (Max at Slow Process Corner)
  Requirement:            8.000ns  (clk_out2_clk_wiz_0 rise@8.000ns - clk_out1_clk_wiz_0 rise@0.000ns)
  Data Path Delay:        2.895ns  (logic 0.642ns (22.178%)  route 2.253ns (77.822%))
  Logic Levels:           1  (LUT2=1)
  Clock Path Skew:        -0.243ns (DCD - SCD + CPR)
    Destination Clock Delay (DCD):    1.703ns = ( 9.703 - 8.000 ) 
    Source Clock Delay      (SCD):    1.818ns
    Clock Pessimism Removal (CPR):    -0.128ns
  Clock Uncertainty:      0.215ns  ((TSJ^2 + DJ^2)^1/2) / 2 + PE
    Total System Jitter     (TSJ):    0.071ns
    Discrete Jitter          (DJ):    0.175ns
    Phase Error              (PE):    0.120ns

    Location             Delay type                Incr(ns)  Path(ns)    Netlist Resource(s)
  -------------------------------------------------------------------    -------------------
                         (clock clk_out1_clk_wiz_0 rise edge)
                                                      0.000     0.000 r  
    BUFGCTRL_X0Y1        BUFG                         0.000     0.000 r  clk_IBUF_BUFG_inst/O
                         net (fo=116, routed)         2.106     2.106    video1/mmcm_adv_inst_display_clocks/inst/clk_in1
    MMCME2_ADV_X1Y0      MMCME2_ADV (Prop_mmcme2_adv_CLKIN1_CLKOUT0)
                                                     -4.900    -2.793 r  video1/mmcm_adv_inst_display_clocks/inst/mmcm_adv_inst/CLKOUT0
                         net (fo=1, routed)           2.697    -0.096    video1/mmcm_adv_inst_display_clocks/inst/clk_out1_clk_wiz_0
    BUFGCTRL_X0Y2        BUFG (Prop_bufg_I_O)         0.096    -0.000 r  video1/mmcm_adv_inst_display_clocks/inst/clkout1_buf/O
                         net (fo=64, routed)          1.818     1.818    video1/inst_dvid/clk_out1
    SLICE_X162Y128       FDRE                                         r  video1/inst_dvid/latched_red_reg[0]/C
  -------------------------------------------------------------------    -------------------
    SLICE_X162Y128       FDRE (Prop_fdre_C_Q)         0.518     2.336 r  video1/inst_dvid/latched_red_reg[0]/Q
                         net (fo=1, routed)           1.271     3.608    video1/inst_dvid/latched_red[0]
    SLICE_X162Y129       LUT2 (Prop_lut2_I0_O)        0.124     3.732 r  video1/inst_dvid/shift_red[7]_i_1/O
                         net (fo=5, routed)           0.982     4.713    video1/inst_dvid/shift_red[7]_i_1_n_0
    SLICE_X162Y131       FDSE                                         r  video1/inst_dvid/shift_red_reg[0]/S
  -------------------------------------------------------------------    -------------------

                         (clock clk_out2_clk_wiz_0 rise edge)
                                                      8.000     8.000 r  
    BUFGCTRL_X0Y1        BUFG                         0.000     8.000 r  clk_IBUF_BUFG_inst/O
                         net (fo=116, routed)         1.972     9.972    video1/mmcm_adv_inst_display_clocks/inst/clk_in1
    MMCME2_ADV_X1Y0      MMCME2_ADV (Prop_mmcme2_adv_CLKIN1_CLKOUT1)
                                                     -4.637     5.335 r  video1/mmcm_adv_inst_display_clocks/inst/mmcm_adv_inst/CLKOUT1
                         net (fo=1, routed)           2.574     7.909    video1/mmcm_adv_inst_display_clocks/inst/clk_out2_clk_wiz_0
    BUFGCTRL_X0Y0        BUFG (Prop_bufg_I_O)         0.091     8.000 r  video1/mmcm_adv_inst_display_clocks/inst/clkout2_buf/O
                         net (fo=44, routed)          1.703     9.703    video1/inst_dvid/clk_out2
    SLICE_X162Y131       FDSE                                         r  video1/inst_dvid/shift_red_reg[0]/C
                         clock pessimism             -0.128     9.575    
                         clock uncertainty           -0.215     9.361    
    SLICE_X162Y131       FDSE (Setup_fdse_C_S)       -0.524     8.837    video1/inst_dvid/shift_red_reg[0]
  -------------------------------------------------------------------
                         required time                          8.837    
                         arrival time                          -4.713    
  -------------------------------------------------------------------
                         slack                                  4.123    

Slack (MET) :             4.123ns  (required time - arrival time)
  Source:                 video1/inst_dvid/latched_red_reg[0]/C
                            (rising edge-triggered cell FDRE clocked by clk_out1_clk_wiz_0  {rise@0.000ns fall@20.000ns period=40.000ns})
  Destination:            video1/inst_dvid/shift_red_reg[1]/S
                            (rising edge-triggered cell FDSE clocked by clk_out2_clk_wiz_0  {rise@0.000ns fall@4.000ns period=8.000ns})
  Path Group:             clk_out2_clk_wiz_0
  Path Type:              Setup (Max at Slow Process Corner)
  Requirement:            8.000ns  (clk_out2_clk_wiz_0 rise@8.000ns - clk_out1_clk_wiz_0 rise@0.000ns)
  Data Path Delay:        2.895ns  (logic 0.642ns (22.178%)  route 2.253ns (77.822%))
  Logic Levels:           1  (LUT2=1)
  Clock Path Skew:        -0.243ns (DCD - SCD + CPR)
    Destination Clock Delay (DCD):    1.703ns = ( 9.703 - 8.000 ) 
    Source Clock Delay      (SCD):    1.818ns
    Clock Pessimism Removal (CPR):    -0.128ns
  Clock Uncertainty:      0.215ns  ((TSJ^2 + DJ^2)^1/2) / 2 + PE
    Total System Jitter     (TSJ):    0.071ns
    Discrete Jitter          (DJ):    0.175ns
    Phase Error              (PE):    0.120ns

    Location             Delay type                Incr(ns)  Path(ns)    Netlist Resource(s)
  -------------------------------------------------------------------    -------------------
                         (clock clk_out1_clk_wiz_0 rise edge)
                                                      0.000     0.000 r  
    BUFGCTRL_X0Y1        BUFG                         0.000     0.000 r  clk_IBUF_BUFG_inst/O
                         net (fo=116, routed)         2.106     2.106    video1/mmcm_adv_inst_display_clocks/inst/clk_in1
    MMCME2_ADV_X1Y0      MMCME2_ADV (Prop_mmcme2_adv_CLKIN1_CLKOUT0)
                                                     -4.900    -2.793 r  video1/mmcm_adv_inst_display_clocks/inst/mmcm_adv_inst/CLKOUT0
                         net (fo=1, routed)           2.697    -0.096    video1/mmcm_adv_inst_display_clocks/inst/clk_out1_clk_wiz_0
    BUFGCTRL_X0Y2        BUFG (Prop_bufg_I_O)         0.096    -0.000 r  video1/mmcm_adv_inst_display_clocks/inst/clkout1_buf/O
                         net (fo=64, routed)          1.818     1.818    video1/inst_dvid/clk_out1
    SLICE_X162Y128       FDRE                                         r  video1/inst_dvid/latched_red_reg[0]/C
  -------------------------------------------------------------------    -------------------
    SLICE_X162Y128       FDRE (Prop_fdre_C_Q)         0.518     2.336 r  video1/inst_dvid/latched_red_reg[0]/Q
                         net (fo=1, routed)           1.271     3.608    video1/inst_dvid/latched_red[0]
    SLICE_X162Y129       LUT2 (Prop_lut2_I0_O)        0.124     3.732 r  video1/inst_dvid/shift_red[7]_i_1/O
                         net (fo=5, routed)           0.982     4.713    video1/inst_dvid/shift_red[7]_i_1_n_0
    SLICE_X162Y131       FDSE                                         r  video1/inst_dvid/shift_red_reg[1]/S
  -------------------------------------------------------------------    -------------------

                         (clock clk_out2_clk_wiz_0 rise edge)
                                                      8.000     8.000 r  
    BUFGCTRL_X0Y1        BUFG                         0.000     8.000 r  clk_IBUF_BUFG_inst/O
                         net (fo=116, routed)         1.972     9.972    video1/mmcm_adv_inst_display_clocks/inst/clk_in1
    MMCME2_ADV_X1Y0      MMCME2_ADV (Prop_mmcme2_adv_CLKIN1_CLKOUT1)
                                                     -4.637     5.335 r  video1/mmcm_adv_inst_display_clocks/inst/mmcm_adv_inst/CLKOUT1
                         net (fo=1, routed)           2.574     7.909    video1/mmcm_adv_inst_display_clocks/inst/clk_out2_clk_wiz_0
    BUFGCTRL_X0Y0        BUFG (Prop_bufg_I_O)         0.091     8.000 r  video1/mmcm_adv_inst_display_clocks/inst/clkout2_buf/O
                         net (fo=44, routed)          1.703     9.703    video1/inst_dvid/clk_out2
    SLICE_X162Y131       FDSE                                         r  video1/inst_dvid/shift_red_reg[1]/C
                         clock pessimism             -0.128     9.575    
                         clock uncertainty           -0.215     9.361    
    SLICE_X162Y131       FDSE (Setup_fdse_C_S)       -0.524     8.837    video1/inst_dvid/shift_red_reg[1]
  -------------------------------------------------------------------
                         required time                          8.837    
                         arrival time                          -4.713    
  -------------------------------------------------------------------
                         slack                                  4.123    

Slack (MET) :             4.123ns  (required time - arrival time)
  Source:                 video1/inst_dvid/latched_red_reg[0]/C
                            (rising edge-triggered cell FDRE clocked by clk_out1_clk_wiz_0  {rise@0.000ns fall@20.000ns period=40.000ns})
  Destination:            video1/inst_dvid/shift_red_reg[3]/S
                            (rising edge-triggered cell FDSE clocked by clk_out2_clk_wiz_0  {rise@0.000ns fall@4.000ns period=8.000ns})
  Path Group:             clk_out2_clk_wiz_0
  Path Type:              Setup (Max at Slow Process Corner)
  Requirement:            8.000ns  (clk_out2_clk_wiz_0 rise@8.000ns - clk_out1_clk_wiz_0 rise@0.000ns)
  Data Path Delay:        2.895ns  (logic 0.642ns (22.178%)  route 2.253ns (77.822%))
  Logic Levels:           1  (LUT2=1)
  Clock Path Skew:        -0.243ns (DCD - SCD + CPR)
    Destination Clock Delay (DCD):    1.703ns = ( 9.703 - 8.000 ) 
    Source Clock Delay      (SCD):    1.818ns
    Clock Pessimism Removal (CPR):    -0.128ns
  Clock Uncertainty:      0.215ns  ((TSJ^2 + DJ^2)^1/2) / 2 + PE
    Total System Jitter     (TSJ):    0.071ns
    Discrete Jitter          (DJ):    0.175ns
    Phase Error              (PE):    0.120ns

    Location             Delay type                Incr(ns)  Path(ns)    Netlist Resource(s)
  -------------------------------------------------------------------    -------------------
                         (clock clk_out1_clk_wiz_0 rise edge)
                                                      0.000     0.000 r  
    BUFGCTRL_X0Y1        BUFG                         0.000     0.000 r  clk_IBUF_BUFG_inst/O
                         net (fo=116, routed)         2.106     2.106    video1/mmcm_adv_inst_display_clocks/inst/clk_in1
    MMCME2_ADV_X1Y0      MMCME2_ADV (Prop_mmcme2_adv_CLKIN1_CLKOUT0)
                                                     -4.900    -2.793 r  video1/mmcm_adv_inst_display_clocks/inst/mmcm_adv_inst/CLKOUT0
                         net (fo=1, routed)           2.697    -0.096    video1/mmcm_adv_inst_display_clocks/inst/clk_out1_clk_wiz_0
    BUFGCTRL_X0Y2        BUFG (Prop_bufg_I_O)         0.096    -0.000 r  video1/mmcm_adv_inst_display_clocks/inst/clkout1_buf/O
                         net (fo=64, routed)          1.818     1.818    video1/inst_dvid/clk_out1
    SLICE_X162Y128       FDRE                                         r  video1/inst_dvid/latched_red_reg[0]/C
  -------------------------------------------------------------------    -------------------
    SLICE_X162Y128       FDRE (Prop_fdre_C_Q)         0.518     2.336 r  video1/inst_dvid/latched_red_reg[0]/Q
                         net (fo=1, routed)           1.271     3.608    video1/inst_dvid/latched_red[0]
    SLICE_X162Y129       LUT2 (Prop_lut2_I0_O)        0.124     3.732 r  video1/inst_dvid/shift_red[7]_i_1/O
                         net (fo=5, routed)           0.982     4.713    video1/inst_dvid/shift_red[7]_i_1_n_0
    SLICE_X162Y131       FDSE                                         r  video1/inst_dvid/shift_red_reg[3]/S
  -------------------------------------------------------------------    -------------------

                         (clock clk_out2_clk_wiz_0 rise edge)
                                                      8.000     8.000 r  
    BUFGCTRL_X0Y1        BUFG                         0.000     8.000 r  clk_IBUF_BUFG_inst/O
                         net (fo=116, routed)         1.972     9.972    video1/mmcm_adv_inst_display_clocks/inst/clk_in1
    MMCME2_ADV_X1Y0      MMCME2_ADV (Prop_mmcme2_adv_CLKIN1_CLKOUT1)
                                                     -4.637     5.335 r  video1/mmcm_adv_inst_display_clocks/inst/mmcm_adv_inst/CLKOUT1
                         net (fo=1, routed)           2.574     7.909    video1/mmcm_adv_inst_display_clocks/inst/clk_out2_clk_wiz_0
    BUFGCTRL_X0Y0        BUFG (Prop_bufg_I_O)         0.091     8.000 r  video1/mmcm_adv_inst_display_clocks/inst/clkout2_buf/O
                         net (fo=44, routed)          1.703     9.703    video1/inst_dvid/clk_out2
    SLICE_X162Y131       FDSE                                         r  video1/inst_dvid/shift_red_reg[3]/C
                         clock pessimism             -0.128     9.575    
                         clock uncertainty           -0.215     9.361    
    SLICE_X162Y131       FDSE (Setup_fdse_C_S)       -0.524     8.837    video1/inst_dvid/shift_red_reg[3]
  -------------------------------------------------------------------
                         required time                          8.837    
                         arrival time                          -4.713    
  -------------------------------------------------------------------
                         slack                                  4.123    

Slack (MET) :             4.123ns  (required time - arrival time)
  Source:                 video1/inst_dvid/latched_red_reg[0]/C
                            (rising edge-triggered cell FDRE clocked by clk_out1_clk_wiz_0  {rise@0.000ns fall@20.000ns period=40.000ns})
  Destination:            video1/inst_dvid/shift_red_reg[5]/S
                            (rising edge-triggered cell FDSE clocked by clk_out2_clk_wiz_0  {rise@0.000ns fall@4.000ns period=8.000ns})
  Path Group:             clk_out2_clk_wiz_0
  Path Type:              Setup (Max at Slow Process Corner)
  Requirement:            8.000ns  (clk_out2_clk_wiz_0 rise@8.000ns - clk_out1_clk_wiz_0 rise@0.000ns)
  Data Path Delay:        2.895ns  (logic 0.642ns (22.178%)  route 2.253ns (77.822%))
  Logic Levels:           1  (LUT2=1)
  Clock Path Skew:        -0.243ns (DCD - SCD + CPR)
    Destination Clock Delay (DCD):    1.703ns = ( 9.703 - 8.000 ) 
    Source Clock Delay      (SCD):    1.818ns
    Clock Pessimism Removal (CPR):    -0.128ns
  Clock Uncertainty:      0.215ns  ((TSJ^2 + DJ^2)^1/2) / 2 + PE
    Total System Jitter     (TSJ):    0.071ns
    Discrete Jitter          (DJ):    0.175ns
    Phase Error              (PE):    0.120ns

    Location             Delay type                Incr(ns)  Path(ns)    Netlist Resource(s)
  -------------------------------------------------------------------    -------------------
                         (clock clk_out1_clk_wiz_0 rise edge)
                                                      0.000     0.000 r  
    BUFGCTRL_X0Y1        BUFG                         0.000     0.000 r  clk_IBUF_BUFG_inst/O
                         net (fo=116, routed)         2.106     2.106    video1/mmcm_adv_inst_display_clocks/inst/clk_in1
    MMCME2_ADV_X1Y0      MMCME2_ADV (Prop_mmcme2_adv_CLKIN1_CLKOUT0)
                                                     -4.900    -2.793 r  video1/mmcm_adv_inst_display_clocks/inst/mmcm_adv_inst/CLKOUT0
                         net (fo=1, routed)           2.697    -0.096    video1/mmcm_adv_inst_display_clocks/inst/clk_out1_clk_wiz_0
    BUFGCTRL_X0Y2        BUFG (Prop_bufg_I_O)         0.096    -0.000 r  video1/mmcm_adv_inst_display_clocks/inst/clkout1_buf/O
                         net (fo=64, routed)          1.818     1.818    video1/inst_dvid/clk_out1
    SLICE_X162Y128       FDRE                                         r  video1/inst_dvid/latched_red_reg[0]/C
  -------------------------------------------------------------------    -------------------
    SLICE_X162Y128       FDRE (Prop_fdre_C_Q)         0.518     2.336 r  video1/inst_dvid/latched_red_reg[0]/Q
                         net (fo=1, routed)           1.271     3.608    video1/inst_dvid/latched_red[0]
    SLICE_X162Y129       LUT2 (Prop_lut2_I0_O)        0.124     3.732 r  video1/inst_dvid/shift_red[7]_i_1/O
                         net (fo=5, routed)           0.982     4.713    video1/inst_dvid/shift_red[7]_i_1_n_0
    SLICE_X162Y131       FDSE                                         r  video1/inst_dvid/shift_red_reg[5]/S
  -------------------------------------------------------------------    -------------------

                         (clock clk_out2_clk_wiz_0 rise edge)
                                                      8.000     8.000 r  
    BUFGCTRL_X0Y1        BUFG                         0.000     8.000 r  clk_IBUF_BUFG_inst/O
                         net (fo=116, routed)         1.972     9.972    video1/mmcm_adv_inst_display_clocks/inst/clk_in1
    MMCME2_ADV_X1Y0      MMCME2_ADV (Prop_mmcme2_adv_CLKIN1_CLKOUT1)
                                                     -4.637     5.335 r  video1/mmcm_adv_inst_display_clocks/inst/mmcm_adv_inst/CLKOUT1
                         net (fo=1, routed)           2.574     7.909    video1/mmcm_adv_inst_display_clocks/inst/clk_out2_clk_wiz_0
    BUFGCTRL_X0Y0        BUFG (Prop_bufg_I_O)         0.091     8.000 r  video1/mmcm_adv_inst_display_clocks/inst/clkout2_buf/O
                         net (fo=44, routed)          1.703     9.703    video1/inst_dvid/clk_out2
    SLICE_X162Y131       FDSE                                         r  video1/inst_dvid/shift_red_reg[5]/C
                         clock pessimism             -0.128     9.575    
                         clock uncertainty           -0.215     9.361    
    SLICE_X162Y131       FDSE (Setup_fdse_C_S)       -0.524     8.837    video1/inst_dvid/shift_red_reg[5]
  -------------------------------------------------------------------
                         required time                          8.837    
                         arrival time                          -4.713    
  -------------------------------------------------------------------
                         slack                                  4.123    

Slack (MET) :             4.123ns  (required time - arrival time)
  Source:                 video1/inst_dvid/latched_red_reg[0]/C
                            (rising edge-triggered cell FDRE clocked by clk_out1_clk_wiz_0  {rise@0.000ns fall@20.000ns period=40.000ns})
  Destination:            video1/inst_dvid/shift_red_reg[7]/S
                            (rising edge-triggered cell FDSE clocked by clk_out2_clk_wiz_0  {rise@0.000ns fall@4.000ns period=8.000ns})
  Path Group:             clk_out2_clk_wiz_0
  Path Type:              Setup (Max at Slow Process Corner)
  Requirement:            8.000ns  (clk_out2_clk_wiz_0 rise@8.000ns - clk_out1_clk_wiz_0 rise@0.000ns)
  Data Path Delay:        2.895ns  (logic 0.642ns (22.178%)  route 2.253ns (77.822%))
  Logic Levels:           1  (LUT2=1)
  Clock Path Skew:        -0.243ns (DCD - SCD + CPR)
    Destination Clock Delay (DCD):    1.703ns = ( 9.703 - 8.000 ) 
    Source Clock Delay      (SCD):    1.818ns
    Clock Pessimism Removal (CPR):    -0.128ns
  Clock Uncertainty:      0.215ns  ((TSJ^2 + DJ^2)^1/2) / 2 + PE
    Total System Jitter     (TSJ):    0.071ns
    Discrete Jitter          (DJ):    0.175ns
    Phase Error              (PE):    0.120ns

    Location             Delay type                Incr(ns)  Path(ns)    Netlist Resource(s)
  -------------------------------------------------------------------    -------------------
                         (clock clk_out1_clk_wiz_0 rise edge)
                                                      0.000     0.000 r  
    BUFGCTRL_X0Y1        BUFG                         0.000     0.000 r  clk_IBUF_BUFG_inst/O
                         net (fo=116, routed)         2.106     2.106    video1/mmcm_adv_inst_display_clocks/inst/clk_in1
    MMCME2_ADV_X1Y0      MMCME2_ADV (Prop_mmcme2_adv_CLKIN1_CLKOUT0)
                                                     -4.900    -2.793 r  video1/mmcm_adv_inst_display_clocks/inst/mmcm_adv_inst/CLKOUT0
                         net (fo=1, routed)           2.697    -0.096    video1/mmcm_adv_inst_display_clocks/inst/clk_out1_clk_wiz_0
    BUFGCTRL_X0Y2        BUFG (Prop_bufg_I_O)         0.096    -0.000 r  video1/mmcm_adv_inst_display_clocks/inst/clkout1_buf/O
                         net (fo=64, routed)          1.818     1.818    video1/inst_dvid/clk_out1
    SLICE_X162Y128       FDRE                                         r  video1/inst_dvid/latched_red_reg[0]/C
  -------------------------------------------------------------------    -------------------
    SLICE_X162Y128       FDRE (Prop_fdre_C_Q)         0.518     2.336 r  video1/inst_dvid/latched_red_reg[0]/Q
                         net (fo=1, routed)           1.271     3.608    video1/inst_dvid/latched_red[0]
    SLICE_X162Y129       LUT2 (Prop_lut2_I0_O)        0.124     3.732 r  video1/inst_dvid/shift_red[7]_i_1/O
                         net (fo=5, routed)           0.982     4.713    video1/inst_dvid/shift_red[7]_i_1_n_0
    SLICE_X162Y131       FDSE                                         r  video1/inst_dvid/shift_red_reg[7]/S
  -------------------------------------------------------------------    -------------------

                         (clock clk_out2_clk_wiz_0 rise edge)
                                                      8.000     8.000 r  
    BUFGCTRL_X0Y1        BUFG                         0.000     8.000 r  clk_IBUF_BUFG_inst/O
                         net (fo=116, routed)         1.972     9.972    video1/mmcm_adv_inst_display_clocks/inst/clk_in1
    MMCME2_ADV_X1Y0      MMCME2_ADV (Prop_mmcme2_adv_CLKIN1_CLKOUT1)
                                                     -4.637     5.335 r  video1/mmcm_adv_inst_display_clocks/inst/mmcm_adv_inst/CLKOUT1
                         net (fo=1, routed)           2.574     7.909    video1/mmcm_adv_inst_display_clocks/inst/clk_out2_clk_wiz_0
    BUFGCTRL_X0Y0        BUFG (Prop_bufg_I_O)         0.091     8.000 r  video1/mmcm_adv_inst_display_clocks/inst/clkout2_buf/O
                         net (fo=44, routed)          1.703     9.703    video1/inst_dvid/clk_out2
    SLICE_X162Y131       FDSE                                         r  video1/inst_dvid/shift_red_reg[7]/C
                         clock pessimism             -0.128     9.575    
                         clock uncertainty           -0.215     9.361    
    SLICE_X162Y131       FDSE (Setup_fdse_C_S)       -0.524     8.837    video1/inst_dvid/shift_red_reg[7]
  -------------------------------------------------------------------
                         required time                          8.837    
                         arrival time                          -4.713    
  -------------------------------------------------------------------
                         slack                                  4.123    

Slack (MET) :             4.920ns  (required time - arrival time)
  Source:                 video1/inst_dvid/latched_red_reg[2]/C
                            (rising edge-triggered cell FDRE clocked by clk_out1_clk_wiz_0  {rise@0.000ns fall@20.000ns period=40.000ns})
  Destination:            video1/inst_dvid/shift_red_reg[2]/D
                            (rising edge-triggered cell FDRE clocked by clk_out2_clk_wiz_0  {rise@0.000ns fall@4.000ns period=8.000ns})
  Path Group:             clk_out2_clk_wiz_0
  Path Type:              Setup (Max at Slow Process Corner)
  Requirement:            8.000ns  (clk_out2_clk_wiz_0 rise@8.000ns - clk_out1_clk_wiz_0 rise@0.000ns)
  Data Path Delay:        2.649ns  (logic 0.580ns (21.893%)  route 2.069ns (78.107%))
  Logic Levels:           1  (LUT3=1)
  Clock Path Skew:        -0.245ns (DCD - SCD + CPR)
    Destination Clock Delay (DCD):    1.703ns = ( 9.703 - 8.000 ) 
    Source Clock Delay      (SCD):    1.820ns
    Clock Pessimism Removal (CPR):    -0.128ns
  Clock Uncertainty:      0.215ns  ((TSJ^2 + DJ^2)^1/2) / 2 + PE
    Total System Jitter     (TSJ):    0.071ns
    Discrete Jitter          (DJ):    0.175ns
    Phase Error              (PE):    0.120ns

    Location             Delay type                Incr(ns)  Path(ns)    Netlist Resource(s)
  -------------------------------------------------------------------    -------------------
                         (clock clk_out1_clk_wiz_0 rise edge)
                                                      0.000     0.000 r  
    BUFGCTRL_X0Y1        BUFG                         0.000     0.000 r  clk_IBUF_BUFG_inst/O
                         net (fo=116, routed)         2.106     2.106    video1/mmcm_adv_inst_display_clocks/inst/clk_in1
    MMCME2_ADV_X1Y0      MMCME2_ADV (Prop_mmcme2_adv_CLKIN1_CLKOUT0)
                                                     -4.900    -2.793 r  video1/mmcm_adv_inst_display_clocks/inst/mmcm_adv_inst/CLKOUT0
                         net (fo=1, routed)           2.697    -0.096    video1/mmcm_adv_inst_display_clocks/inst/clk_out1_clk_wiz_0
    BUFGCTRL_X0Y2        BUFG (Prop_bufg_I_O)         0.096    -0.000 r  video1/mmcm_adv_inst_display_clocks/inst/clkout1_buf/O
                         net (fo=64, routed)          1.820     1.820    video1/inst_dvid/clk_out1
    SLICE_X160Y130       FDRE                                         r  video1/inst_dvid/latched_red_reg[2]/C
  -------------------------------------------------------------------    -------------------
    SLICE_X160Y130       FDRE (Prop_fdre_C_Q)         0.456     2.276 r  video1/inst_dvid/latched_red_reg[2]/Q
                         net (fo=3, routed)           2.069     4.346    video1/inst_dvid/latched_red[2]
    SLICE_X161Y131       LUT3 (Prop_lut3_I2_O)        0.124     4.470 r  video1/inst_dvid/shift_red[2]_i_1/O
                         net (fo=1, routed)           0.000     4.470    video1/inst_dvid/shift_red[2]
    SLICE_X161Y131       FDRE                                         r  video1/inst_dvid/shift_red_reg[2]/D
  -------------------------------------------------------------------    -------------------

                         (clock clk_out2_clk_wiz_0 rise edge)
                                                      8.000     8.000 r  
    BUFGCTRL_X0Y1        BUFG                         0.000     8.000 r  clk_IBUF_BUFG_inst/O
                         net (fo=116, routed)         1.972     9.972    video1/mmcm_adv_inst_display_clocks/inst/clk_in1
    MMCME2_ADV_X1Y0      MMCME2_ADV (Prop_mmcme2_adv_CLKIN1_CLKOUT1)
                                                     -4.637     5.335 r  video1/mmcm_adv_inst_display_clocks/inst/mmcm_adv_inst/CLKOUT1
                         net (fo=1, routed)           2.574     7.909    video1/mmcm_adv_inst_display_clocks/inst/clk_out2_clk_wiz_0
    BUFGCTRL_X0Y0        BUFG (Prop_bufg_I_O)         0.091     8.000 r  video1/mmcm_adv_inst_display_clocks/inst/clkout2_buf/O
                         net (fo=44, routed)          1.703     9.703    video1/inst_dvid/clk_out2
    SLICE_X161Y131       FDRE                                         r  video1/inst_dvid/shift_red_reg[2]/C
                         clock pessimism             -0.128     9.575    
                         clock uncertainty           -0.215     9.361    
    SLICE_X161Y131       FDRE (Setup_fdre_C_D)        0.029     9.390    video1/inst_dvid/shift_red_reg[2]
  -------------------------------------------------------------------
                         required time                          9.390    
                         arrival time                          -4.470    
  -------------------------------------------------------------------
                         slack                                  4.920    

Slack (MET) :             4.938ns  (required time - arrival time)
  Source:                 video1/inst_dvid/latched_red_reg[2]/C
                            (rising edge-triggered cell FDRE clocked by clk_out1_clk_wiz_0  {rise@0.000ns fall@20.000ns period=40.000ns})
  Destination:            video1/inst_dvid/shift_red_reg[4]/D
                            (rising edge-triggered cell FDRE clocked by clk_out2_clk_wiz_0  {rise@0.000ns fall@4.000ns period=8.000ns})
  Path Group:             clk_out2_clk_wiz_0
  Path Type:              Setup (Max at Slow Process Corner)
  Requirement:            8.000ns  (clk_out2_clk_wiz_0 rise@8.000ns - clk_out1_clk_wiz_0 rise@0.000ns)
  Data Path Delay:        2.677ns  (logic 0.608ns (22.710%)  route 2.069ns (77.290%))
  Logic Levels:           1  (LUT3=1)
  Clock Path Skew:        -0.245ns (DCD - SCD + CPR)
    Destination Clock Delay (DCD):    1.703ns = ( 9.703 - 8.000 ) 
    Source Clock Delay      (SCD):    1.820ns
    Clock Pessimism Removal (CPR):    -0.128ns
  Clock Uncertainty:      0.215ns  ((TSJ^2 + DJ^2)^1/2) / 2 + PE
    Total System Jitter     (TSJ):    0.071ns
    Discrete Jitter          (DJ):    0.175ns
    Phase Error              (PE):    0.120ns

    Location             Delay type                Incr(ns)  Path(ns)    Netlist Resource(s)
  -------------------------------------------------------------------    -------------------
                         (clock clk_out1_clk_wiz_0 rise edge)
                                                      0.000     0.000 r  
    BUFGCTRL_X0Y1        BUFG                         0.000     0.000 r  clk_IBUF_BUFG_inst/O
                         net (fo=116, routed)         2.106     2.106    video1/mmcm_adv_inst_display_clocks/inst/clk_in1
    MMCME2_ADV_X1Y0      MMCME2_ADV (Prop_mmcme2_adv_CLKIN1_CLKOUT0)
                                                     -4.900    -2.793 r  video1/mmcm_adv_inst_display_clocks/inst/mmcm_adv_inst/CLKOUT0
                         net (fo=1, routed)           2.697    -0.096    video1/mmcm_adv_inst_display_clocks/inst/clk_out1_clk_wiz_0
    BUFGCTRL_X0Y2        BUFG (Prop_bufg_I_O)         0.096    -0.000 r  video1/mmcm_adv_inst_display_clocks/inst/clkout1_buf/O
                         net (fo=64, routed)          1.820     1.820    video1/inst_dvid/clk_out1
    SLICE_X160Y130       FDRE                                         r  video1/inst_dvid/latched_red_reg[2]/C
  -------------------------------------------------------------------    -------------------
    SLICE_X160Y130       FDRE (Prop_fdre_C_Q)         0.456     2.276 r  video1/inst_dvid/latched_red_reg[2]/Q
                         net (fo=3, routed)           2.069     4.346    video1/inst_dvid/latched_red[2]
    SLICE_X161Y131       LUT3 (Prop_lut3_I2_O)        0.152     4.498 r  video1/inst_dvid/shift_red[4]_i_1/O
                         net (fo=1, routed)           0.000     4.498    video1/inst_dvid/shift_red[4]
    SLICE_X161Y131       FDRE                                         r  video1/inst_dvid/shift_red_reg[4]/D
  -------------------------------------------------------------------    -------------------

                         (clock clk_out2_clk_wiz_0 rise edge)
                                                      8.000     8.000 r  
    BUFGCTRL_X0Y1        BUFG                         0.000     8.000 r  clk_IBUF_BUFG_inst/O
                         net (fo=116, routed)         1.972     9.972    video1/mmcm_adv_inst_display_clocks/inst/clk_in1
    MMCME2_ADV_X1Y0      MMCME2_ADV (Prop_mmcme2_adv_CLKIN1_CLKOUT1)
                                                     -4.637     5.335 r  video1/mmcm_adv_inst_display_clocks/inst/mmcm_adv_inst/CLKOUT1
                         net (fo=1, routed)           2.574     7.909    video1/mmcm_adv_inst_display_clocks/inst/clk_out2_clk_wiz_0
    BUFGCTRL_X0Y0        BUFG (Prop_bufg_I_O)         0.091     8.000 r  video1/mmcm_adv_inst_display_clocks/inst/clkout2_buf/O
                         net (fo=44, routed)          1.703     9.703    video1/inst_dvid/clk_out2
    SLICE_X161Y131       FDRE                                         r  video1/inst_dvid/shift_red_reg[4]/C
                         clock pessimism             -0.128     9.575    
                         clock uncertainty           -0.215     9.361    
    SLICE_X161Y131       FDRE (Setup_fdre_C_D)        0.075     9.436    video1/inst_dvid/shift_red_reg[4]
  -------------------------------------------------------------------
                         required time                          9.436    
                         arrival time                          -4.498    
  -------------------------------------------------------------------
                         slack                                  4.938    

Slack (MET) :             5.075ns  (required time - arrival time)
  Source:                 video1/inst_dvid/latched_blue_reg[1]/C
                            (rising edge-triggered cell FDRE clocked by clk_out1_clk_wiz_0  {rise@0.000ns fall@20.000ns period=40.000ns})
  Destination:            video1/inst_dvid/shift_blue_reg[5]/D
                            (rising edge-triggered cell FDRE clocked by clk_out2_clk_wiz_0  {rise@0.000ns fall@4.000ns period=8.000ns})
  Path Group:             clk_out2_clk_wiz_0
  Path Type:              Setup (Max at Slow Process Corner)
  Requirement:            8.000ns  (clk_out2_clk_wiz_0 rise@8.000ns - clk_out1_clk_wiz_0 rise@0.000ns)
  Data Path Delay:        2.544ns  (logic 0.718ns (28.219%)  route 1.826ns (71.781%))
  Logic Levels:           1  (LUT3=1)
  Clock Path Skew:        -0.245ns (DCD - SCD + CPR)
    Destination Clock Delay (DCD):    1.702ns = ( 9.702 - 8.000 ) 
    Source Clock Delay      (SCD):    1.819ns
    Clock Pessimism Removal (CPR):    -0.128ns
  Clock Uncertainty:      0.215ns  ((TSJ^2 + DJ^2)^1/2) / 2 + PE
    Total System Jitter     (TSJ):    0.071ns
    Discrete Jitter          (DJ):    0.175ns
    Phase Error              (PE):    0.120ns

    Location             Delay type                Incr(ns)  Path(ns)    Netlist Resource(s)
  -------------------------------------------------------------------    -------------------
                         (clock clk_out1_clk_wiz_0 rise edge)
                                                      0.000     0.000 r  
    BUFGCTRL_X0Y1        BUFG                         0.000     0.000 r  clk_IBUF_BUFG_inst/O
                         net (fo=116, routed)         2.106     2.106    video1/mmcm_adv_inst_display_clocks/inst/clk_in1
    MMCME2_ADV_X1Y0      MMCME2_ADV (Prop_mmcme2_adv_CLKIN1_CLKOUT0)
                                                     -4.900    -2.793 r  video1/mmcm_adv_inst_display_clocks/inst/mmcm_adv_inst/CLKOUT0
                         net (fo=1, routed)           2.697    -0.096    video1/mmcm_adv_inst_display_clocks/inst/clk_out1_clk_wiz_0
    BUFGCTRL_X0Y2        BUFG (Prop_bufg_I_O)         0.096    -0.000 r  video1/mmcm_adv_inst_display_clocks/inst/clkout1_buf/O
                         net (fo=64, routed)          1.819     1.819    video1/inst_dvid/clk_out1
    SLICE_X160Y129       FDRE                                         r  video1/inst_dvid/latched_blue_reg[1]/C
  -------------------------------------------------------------------    -------------------
    SLICE_X160Y129       FDRE (Prop_fdre_C_Q)         0.419     2.238 r  video1/inst_dvid/latched_blue_reg[1]/Q
                         net (fo=4, routed)           1.826     4.065    video1/inst_dvid/latched_blue[1]
    SLICE_X162Y129       LUT3 (Prop_lut3_I2_O)        0.299     4.364 r  video1/inst_dvid/shift_blue[5]_i_1/O
                         net (fo=1, routed)           0.000     4.364    video1/inst_dvid/shift_blue_0[5]
    SLICE_X162Y129       FDRE                                         r  video1/inst_dvid/shift_blue_reg[5]/D
  -------------------------------------------------------------------    -------------------

                         (clock clk_out2_clk_wiz_0 rise edge)
                                                      8.000     8.000 r  
    BUFGCTRL_X0Y1        BUFG                         0.000     8.000 r  clk_IBUF_BUFG_inst/O
                         net (fo=116, routed)         1.972     9.972    video1/mmcm_adv_inst_display_clocks/inst/clk_in1
    MMCME2_ADV_X1Y0      MMCME2_ADV (Prop_mmcme2_adv_CLKIN1_CLKOUT1)
                                                     -4.637     5.335 r  video1/mmcm_adv_inst_display_clocks/inst/mmcm_adv_inst/CLKOUT1
                         net (fo=1, routed)           2.574     7.909    video1/mmcm_adv_inst_display_clocks/inst/clk_out2_clk_wiz_0
    BUFGCTRL_X0Y0        BUFG (Prop_bufg_I_O)         0.091     8.000 r  video1/mmcm_adv_inst_display_clocks/inst/clkout2_buf/O
                         net (fo=44, routed)          1.702     9.702    video1/inst_dvid/clk_out2
    SLICE_X162Y129       FDRE                                         r  video1/inst_dvid/shift_blue_reg[5]/C
                         clock pessimism             -0.128     9.574    
                         clock uncertainty           -0.215     9.360    
    SLICE_X162Y129       FDRE (Setup_fdre_C_D)        0.079     9.439    video1/inst_dvid/shift_blue_reg[5]
  -------------------------------------------------------------------
                         required time                          9.439    
                         arrival time                          -4.364    
  -------------------------------------------------------------------
                         slack                                  5.075    

Slack (MET) :             5.085ns  (required time - arrival time)
  Source:                 video1/inst_dvid/latched_blue_reg[1]/C
                            (rising edge-triggered cell FDRE clocked by clk_out1_clk_wiz_0  {rise@0.000ns fall@20.000ns period=40.000ns})
  Destination:            video1/inst_dvid/shift_blue_reg[7]/D
                            (rising edge-triggered cell FDRE clocked by clk_out2_clk_wiz_0  {rise@0.000ns fall@4.000ns period=8.000ns})
  Path Group:             clk_out2_clk_wiz_0
  Path Type:              Setup (Max at Slow Process Corner)
  Requirement:            8.000ns  (clk_out2_clk_wiz_0 rise@8.000ns - clk_out1_clk_wiz_0 rise@0.000ns)
  Data Path Delay:        2.573ns  (logic 0.747ns (29.028%)  route 1.826ns (70.972%))
  Logic Levels:           1  (LUT3=1)
  Clock Path Skew:        -0.245ns (DCD - SCD + CPR)
    Destination Clock Delay (DCD):    1.702ns = ( 9.702 - 8.000 ) 
    Source Clock Delay      (SCD):    1.819ns
    Clock Pessimism Removal (CPR):    -0.128ns
  Clock Uncertainty:      0.215ns  ((TSJ^2 + DJ^2)^1/2) / 2 + PE
    Total System Jitter     (TSJ):    0.071ns
    Discrete Jitter          (DJ):    0.175ns
    Phase Error              (PE):    0.120ns

    Location             Delay type                Incr(ns)  Path(ns)    Netlist Resource(s)
  -------------------------------------------------------------------    -------------------
                         (clock clk_out1_clk_wiz_0 rise edge)
                                                      0.000     0.000 r  
    BUFGCTRL_X0Y1        BUFG                         0.000     0.000 r  clk_IBUF_BUFG_inst/O
                         net (fo=116, routed)         2.106     2.106    video1/mmcm_adv_inst_display_clocks/inst/clk_in1
    MMCME2_ADV_X1Y0      MMCME2_ADV (Prop_mmcme2_adv_CLKIN1_CLKOUT0)
                                                     -4.900    -2.793 r  video1/mmcm_adv_inst_display_clocks/inst/mmcm_adv_inst/CLKOUT0
                         net (fo=1, routed)           2.697    -0.096    video1/mmcm_adv_inst_display_clocks/inst/clk_out1_clk_wiz_0
    BUFGCTRL_X0Y2        BUFG (Prop_bufg_I_O)         0.096    -0.000 r  video1/mmcm_adv_inst_display_clocks/inst/clkout1_buf/O
                         net (fo=64, routed)          1.819     1.819    video1/inst_dvid/clk_out1
    SLICE_X160Y129       FDRE                                         r  video1/inst_dvid/latched_blue_reg[1]/C
  -------------------------------------------------------------------    -------------------
    SLICE_X160Y129       FDRE (Prop_fdre_C_Q)         0.419     2.238 r  video1/inst_dvid/latched_blue_reg[1]/Q
                         net (fo=4, routed)           1.826     4.065    video1/inst_dvid/latched_blue[1]
    SLICE_X162Y129       LUT3 (Prop_lut3_I2_O)        0.328     4.393 r  video1/inst_dvid/shift_blue[7]_i_1/O
                         net (fo=1, routed)           0.000     4.393    video1/inst_dvid/shift_blue_0[7]
    SLICE_X162Y129       FDRE                                         r  video1/inst_dvid/shift_blue_reg[7]/D
  -------------------------------------------------------------------    -------------------

                         (clock clk_out2_clk_wiz_0 rise edge)
                                                      8.000     8.000 r  
    BUFGCTRL_X0Y1        BUFG                         0.000     8.000 r  clk_IBUF_BUFG_inst/O
                         net (fo=116, routed)         1.972     9.972    video1/mmcm_adv_inst_display_clocks/inst/clk_in1
    MMCME2_ADV_X1Y0      MMCME2_ADV (Prop_mmcme2_adv_CLKIN1_CLKOUT1)
                                                     -4.637     5.335 r  video1/mmcm_adv_inst_display_clocks/inst/mmcm_adv_inst/CLKOUT1
                         net (fo=1, routed)           2.574     7.909    video1/mmcm_adv_inst_display_clocks/inst/clk_out2_clk_wiz_0
    BUFGCTRL_X0Y0        BUFG (Prop_bufg_I_O)         0.091     8.000 r  video1/mmcm_adv_inst_display_clocks/inst/clkout2_buf/O
                         net (fo=44, routed)          1.702     9.702    video1/inst_dvid/clk_out2
    SLICE_X162Y129       FDRE                                         r  video1/inst_dvid/shift_blue_reg[7]/C
                         clock pessimism             -0.128     9.574    
                         clock uncertainty           -0.215     9.360    
    SLICE_X162Y129       FDRE (Setup_fdre_C_D)        0.118     9.478    video1/inst_dvid/shift_blue_reg[7]
  -------------------------------------------------------------------
                         required time                          9.478    
                         arrival time                          -4.393    
  -------------------------------------------------------------------
                         slack                                  5.085    

Slack (MET) :             5.086ns  (required time - arrival time)
  Source:                 video1/inst_dvid/latched_green_reg[1]/C
                            (rising edge-triggered cell FDRE clocked by clk_out1_clk_wiz_0  {rise@0.000ns fall@20.000ns period=40.000ns})
  Destination:            video1/inst_dvid/shift_green_reg[0]/D
                            (rising edge-triggered cell FDRE clocked by clk_out2_clk_wiz_0  {rise@0.000ns fall@4.000ns period=8.000ns})
  Path Group:             clk_out2_clk_wiz_0
  Path Type:              Setup (Max at Slow Process Corner)
  Requirement:            8.000ns  (clk_out2_clk_wiz_0 rise@8.000ns - clk_out1_clk_wiz_0 rise@0.000ns)
  Data Path Delay:        2.483ns  (logic 0.580ns (23.363%)  route 1.903ns (76.637%))
  Logic Levels:           1  (LUT3=1)
  Clock Path Skew:        -0.246ns (DCD - SCD + CPR)
    Destination Clock Delay (DCD):    1.706ns = ( 9.706 - 8.000 ) 
    Source Clock Delay      (SCD):    1.824ns
    Clock Pessimism Removal (CPR):    -0.128ns
  Clock Uncertainty:      0.215ns  ((TSJ^2 + DJ^2)^1/2) / 2 + PE
    Total System Jitter     (TSJ):    0.071ns
    Discrete Jitter          (DJ):    0.175ns
    Phase Error              (PE):    0.120ns

    Location             Delay type                Incr(ns)  Path(ns)    Netlist Resource(s)
  -------------------------------------------------------------------    -------------------
                         (clock clk_out1_clk_wiz_0 rise edge)
                                                      0.000     0.000 r  
    BUFGCTRL_X0Y1        BUFG                         0.000     0.000 r  clk_IBUF_BUFG_inst/O
                         net (fo=116, routed)         2.106     2.106    video1/mmcm_adv_inst_display_clocks/inst/clk_in1
    MMCME2_ADV_X1Y0      MMCME2_ADV (Prop_mmcme2_adv_CLKIN1_CLKOUT0)
                                                     -4.900    -2.793 r  video1/mmcm_adv_inst_display_clocks/inst/mmcm_adv_inst/CLKOUT0
                         net (fo=1, routed)           2.697    -0.096    video1/mmcm_adv_inst_display_clocks/inst/clk_out1_clk_wiz_0
    BUFGCTRL_X0Y2        BUFG (Prop_bufg_I_O)         0.096    -0.000 r  video1/mmcm_adv_inst_display_clocks/inst/clkout1_buf/O
                         net (fo=64, routed)          1.824     1.824    video1/inst_dvid/clk_out1
    SLICE_X160Y133       FDRE                                         r  video1/inst_dvid/latched_green_reg[1]/C
  -------------------------------------------------------------------    -------------------
    SLICE_X160Y133       FDRE (Prop_fdre_C_Q)         0.456     2.280 r  video1/inst_dvid/latched_green_reg[1]/Q
                         net (fo=5, routed)           1.903     4.183    video1/inst_dvid/latched_green[1]
    SLICE_X161Y133       LUT3 (Prop_lut3_I2_O)        0.124     4.307 r  video1/inst_dvid/shift_green[0]_i_1/O
                         net (fo=1, routed)           0.000     4.307    video1/inst_dvid/shift_green_1[0]
    SLICE_X161Y133       FDRE                                         r  video1/inst_dvid/shift_green_reg[0]/D
  -------------------------------------------------------------------    -------------------

                         (clock clk_out2_clk_wiz_0 rise edge)
                                                      8.000     8.000 r  
    BUFGCTRL_X0Y1        BUFG                         0.000     8.000 r  clk_IBUF_BUFG_inst/O
                         net (fo=116, routed)         1.972     9.972    video1/mmcm_adv_inst_display_clocks/inst/clk_in1
    MMCME2_ADV_X1Y0      MMCME2_ADV (Prop_mmcme2_adv_CLKIN1_CLKOUT1)
                                                     -4.637     5.335 r  video1/mmcm_adv_inst_display_clocks/inst/mmcm_adv_inst/CLKOUT1
                         net (fo=1, routed)           2.574     7.909    video1/mmcm_adv_inst_display_clocks/inst/clk_out2_clk_wiz_0
    BUFGCTRL_X0Y0        BUFG (Prop_bufg_I_O)         0.091     8.000 r  video1/mmcm_adv_inst_display_clocks/inst/clkout2_buf/O
                         net (fo=44, routed)          1.706     9.706    video1/inst_dvid/clk_out2
    SLICE_X161Y133       FDRE                                         r  video1/inst_dvid/shift_green_reg[0]/C
                         clock pessimism             -0.128     9.578    
                         clock uncertainty           -0.215     9.364    
    SLICE_X161Y133       FDRE (Setup_fdre_C_D)        0.029     9.393    video1/inst_dvid/shift_green_reg[0]
  -------------------------------------------------------------------
                         required time                          9.393    
                         arrival time                          -4.307    
  -------------------------------------------------------------------
                         slack                                  5.086    





Min Delay Paths
--------------------------------------------------------------------------------------
Slack (MET) :             0.142ns  (arrival time - required time)
  Source:                 video1/inst_dvid/latched_blue_reg[4]/C
                            (rising edge-triggered cell FDRE clocked by clk_out1_clk_wiz_0  {rise@0.000ns fall@20.000ns period=40.000ns})
  Destination:            video1/inst_dvid/shift_blue_reg[6]/D
                            (rising edge-triggered cell FDRE clocked by clk_out2_clk_wiz_0  {rise@0.000ns fall@4.000ns period=8.000ns})
  Path Group:             clk_out2_clk_wiz_0
  Path Type:              Hold (Min at Fast Process Corner)
  Requirement:            0.000ns  (clk_out2_clk_wiz_0 rise@0.000ns - clk_out1_clk_wiz_0 rise@0.000ns)
  Data Path Delay:        0.838ns  (logic 0.187ns (22.325%)  route 0.651ns (77.675%))
  Logic Levels:           1  (LUT3=1)
  Clock Path Skew:        0.350ns (DCD - SCD - CPR)
    Destination Clock Delay (DCD):    0.908ns
    Source Clock Delay      (SCD):    0.638ns
    Clock Pessimism Removal (CPR):    -0.080ns
  Clock Uncertainty:      0.215ns  ((TSJ^2 + DJ^2)^1/2) / 2 + PE
    Total System Jitter     (TSJ):    0.071ns
    Discrete Jitter          (DJ):    0.175ns
    Phase Error              (PE):    0.120ns

    Location             Delay type                Incr(ns)  Path(ns)    Netlist Resource(s)
  -------------------------------------------------------------------    -------------------
                         (clock clk_out1_clk_wiz_0 rise edge)
                                                      0.000     0.000 r  
    BUFGCTRL_X0Y1        BUFG                         0.000     0.000 r  clk_IBUF_BUFG_inst/O
                         net (fo=116, routed)         0.745     0.745    video1/mmcm_adv_inst_display_clocks/inst/clk_in1
    MMCME2_ADV_X1Y0      MMCME2_ADV (Prop_mmcme2_adv_CLKIN1_CLKOUT0)
                                                     -1.683    -0.938 r  video1/mmcm_adv_inst_display_clocks/inst/mmcm_adv_inst/CLKOUT0
                         net (fo=1, routed)           0.912    -0.026    video1/mmcm_adv_inst_display_clocks/inst/clk_out1_clk_wiz_0
    BUFGCTRL_X0Y2        BUFG (Prop_bufg_I_O)         0.026    -0.000 r  video1/mmcm_adv_inst_display_clocks/inst/clkout1_buf/O
                         net (fo=64, routed)          0.638     0.638    video1/inst_dvid/clk_out1
    SLICE_X161Y127       FDRE                                         r  video1/inst_dvid/latched_blue_reg[4]/C
  -------------------------------------------------------------------    -------------------
    SLICE_X161Y127       FDRE (Prop_fdre_C_Q)         0.141     0.779 r  video1/inst_dvid/latched_blue_reg[4]/Q
                         net (fo=2, routed)           0.651     1.429    video1/inst_dvid/latched_blue[4]
    SLICE_X158Y128       LUT3 (Prop_lut3_I2_O)        0.046     1.475 r  video1/inst_dvid/shift_blue[6]_i_1/O
                         net (fo=1, routed)           0.000     1.475    video1/inst_dvid/shift_blue_0[6]
    SLICE_X158Y128       FDRE                                         r  video1/inst_dvid/shift_blue_reg[6]/D
  -------------------------------------------------------------------    -------------------

                         (clock clk_out2_clk_wiz_0 rise edge)
                                                      0.000     0.000 r  
    BUFGCTRL_X0Y1        BUFG                         0.000     0.000 r  clk_IBUF_BUFG_inst/O
                         net (fo=116, routed)         1.022     1.022    video1/mmcm_adv_inst_display_clocks/inst/clk_in1
    MMCME2_ADV_X1Y0      MMCME2_ADV (Prop_mmcme2_adv_CLKIN1_CLKOUT1)
                                                     -2.040    -1.018 r  video1/mmcm_adv_inst_display_clocks/inst/mmcm_adv_inst/CLKOUT1
                         net (fo=1, routed)           0.989    -0.029    video1/mmcm_adv_inst_display_clocks/inst/clk_out2_clk_wiz_0
    BUFGCTRL_X0Y0        BUFG (Prop_bufg_I_O)         0.029    -0.000 r  video1/mmcm_adv_inst_display_clocks/inst/clkout2_buf/O
                         net (fo=44, routed)          0.908     0.908    video1/inst_dvid/clk_out2
    SLICE_X158Y128       FDRE                                         r  video1/inst_dvid/shift_blue_reg[6]/C
                         clock pessimism              0.080     0.988    
                         clock uncertainty            0.215     1.202    
    SLICE_X158Y128       FDRE (Hold_fdre_C_D)         0.131     1.333    video1/inst_dvid/shift_blue_reg[6]
  -------------------------------------------------------------------
                         required time                         -1.333    
                         arrival time                           1.475    
  -------------------------------------------------------------------
                         slack                                  0.142    

Slack (MET) :             0.151ns  (arrival time - required time)
  Source:                 video1/inst_dvid/latched_blue_reg[1]/C
                            (rising edge-triggered cell FDRE clocked by clk_out1_clk_wiz_0  {rise@0.000ns fall@20.000ns period=40.000ns})
  Destination:            video1/inst_dvid/shift_blue_reg[3]/D
                            (rising edge-triggered cell FDRE clocked by clk_out2_clk_wiz_0  {rise@0.000ns fall@4.000ns period=8.000ns})
  Path Group:             clk_out2_clk_wiz_0
  Path Type:              Hold (Min at Fast Process Corner)
  Requirement:            0.000ns  (clk_out2_clk_wiz_0 rise@0.000ns - clk_out1_clk_wiz_0 rise@0.000ns)
  Data Path Delay:        0.848ns  (logic 0.229ns (27.008%)  route 0.619ns (72.992%))
  Logic Levels:           1  (LUT3=1)
  Clock Path Skew:        0.351ns (DCD - SCD - CPR)
    Destination Clock Delay (DCD):    0.910ns
    Source Clock Delay      (SCD):    0.639ns
    Clock Pessimism Removal (CPR):    -0.080ns
  Clock Uncertainty:      0.215ns  ((TSJ^2 + DJ^2)^1/2) / 2 + PE
    Total System Jitter     (TSJ):    0.071ns
    Discrete Jitter          (DJ):    0.175ns
    Phase Error              (PE):    0.120ns

    Location             Delay type                Incr(ns)  Path(ns)    Netlist Resource(s)
  -------------------------------------------------------------------    -------------------
                         (clock clk_out1_clk_wiz_0 rise edge)
                                                      0.000     0.000 r  
    BUFGCTRL_X0Y1        BUFG                         0.000     0.000 r  clk_IBUF_BUFG_inst/O
                         net (fo=116, routed)         0.745     0.745    video1/mmcm_adv_inst_display_clocks/inst/clk_in1
    MMCME2_ADV_X1Y0      MMCME2_ADV (Prop_mmcme2_adv_CLKIN1_CLKOUT0)
                                                     -1.683    -0.938 r  video1/mmcm_adv_inst_display_clocks/inst/mmcm_adv_inst/CLKOUT0
                         net (fo=1, routed)           0.912    -0.026    video1/mmcm_adv_inst_display_clocks/inst/clk_out1_clk_wiz_0
    BUFGCTRL_X0Y2        BUFG (Prop_bufg_I_O)         0.026    -0.000 r  video1/mmcm_adv_inst_display_clocks/inst/clkout1_buf/O
                         net (fo=64, routed)          0.639     0.639    video1/inst_dvid/clk_out1
    SLICE_X160Y129       FDRE                                         r  video1/inst_dvid/latched_blue_reg[1]/C
  -------------------------------------------------------------------    -------------------
    SLICE_X160Y129       FDRE (Prop_fdre_C_Q)         0.128     0.767 r  video1/inst_dvid/latched_blue_reg[1]/Q
                         net (fo=4, routed)           0.619     1.385    video1/inst_dvid/latched_blue[1]
    SLICE_X162Y129       LUT3 (Prop_lut3_I2_O)        0.101     1.486 r  video1/inst_dvid/shift_blue[3]_i_1/O
                         net (fo=1, routed)           0.000     1.486    video1/inst_dvid/shift_blue_0[3]
    SLICE_X162Y129       FDRE                                         r  video1/inst_dvid/shift_blue_reg[3]/D
  -------------------------------------------------------------------    -------------------

                         (clock clk_out2_clk_wiz_0 rise edge)
                                                      0.000     0.000 r  
    BUFGCTRL_X0Y1        BUFG                         0.000     0.000 r  clk_IBUF_BUFG_inst/O
                         net (fo=116, routed)         1.022     1.022    video1/mmcm_adv_inst_display_clocks/inst/clk_in1
    MMCME2_ADV_X1Y0      MMCME2_ADV (Prop_mmcme2_adv_CLKIN1_CLKOUT1)
                                                     -2.040    -1.018 r  video1/mmcm_adv_inst_display_clocks/inst/mmcm_adv_inst/CLKOUT1
                         net (fo=1, routed)           0.989    -0.029    video1/mmcm_adv_inst_display_clocks/inst/clk_out2_clk_wiz_0
    BUFGCTRL_X0Y0        BUFG (Prop_bufg_I_O)         0.029    -0.000 r  video1/mmcm_adv_inst_display_clocks/inst/clkout2_buf/O
                         net (fo=44, routed)          0.910     0.910    video1/inst_dvid/clk_out2
    SLICE_X162Y129       FDRE                                         r  video1/inst_dvid/shift_blue_reg[3]/C
                         clock pessimism              0.080     0.990    
                         clock uncertainty            0.215     1.204    
    SLICE_X162Y129       FDRE (Hold_fdre_C_D)         0.131     1.335    video1/inst_dvid/shift_blue_reg[3]
  -------------------------------------------------------------------
                         required time                         -1.335    
                         arrival time                           1.486    
  -------------------------------------------------------------------
                         slack                                  0.151    

Slack (MET) :             0.152ns  (arrival time - required time)
  Source:                 video1/inst_dvid/latched_blue_reg[4]/C
                            (rising edge-triggered cell FDRE clocked by clk_out1_clk_wiz_0  {rise@0.000ns fall@20.000ns period=40.000ns})
  Destination:            video1/inst_dvid/shift_blue_reg[4]/D
                            (rising edge-triggered cell FDRE clocked by clk_out2_clk_wiz_0  {rise@0.000ns fall@4.000ns period=8.000ns})
  Path Group:             clk_out2_clk_wiz_0
  Path Type:              Hold (Min at Fast Process Corner)
  Requirement:            0.000ns  (clk_out2_clk_wiz_0 rise@0.000ns - clk_out1_clk_wiz_0 rise@0.000ns)
  Data Path Delay:        0.837ns  (logic 0.186ns (22.232%)  route 0.651ns (77.768%))
  Logic Levels:           1  (LUT3=1)
  Clock Path Skew:        0.350ns (DCD - SCD - CPR)
    Destination Clock Delay (DCD):    0.908ns
    Source Clock Delay      (SCD):    0.638ns
    Clock Pessimism Removal (CPR):    -0.080ns
  Clock Uncertainty:      0.215ns  ((TSJ^2 + DJ^2)^1/2) / 2 + PE
    Total System Jitter     (TSJ):    0.071ns
    Discrete Jitter          (DJ):    0.175ns
    Phase Error              (PE):    0.120ns

    Location             Delay type                Incr(ns)  Path(ns)    Netlist Resource(s)
  -------------------------------------------------------------------    -------------------
                         (clock clk_out1_clk_wiz_0 rise edge)
                                                      0.000     0.000 r  
    BUFGCTRL_X0Y1        BUFG                         0.000     0.000 r  clk_IBUF_BUFG_inst/O
                         net (fo=116, routed)         0.745     0.745    video1/mmcm_adv_inst_display_clocks/inst/clk_in1
    MMCME2_ADV_X1Y0      MMCME2_ADV (Prop_mmcme2_adv_CLKIN1_CLKOUT0)
                                                     -1.683    -0.938 r  video1/mmcm_adv_inst_display_clocks/inst/mmcm_adv_inst/CLKOUT0
                         net (fo=1, routed)           0.912    -0.026    video1/mmcm_adv_inst_display_clocks/inst/clk_out1_clk_wiz_0
    BUFGCTRL_X0Y2        BUFG (Prop_bufg_I_O)         0.026    -0.000 r  video1/mmcm_adv_inst_display_clocks/inst/clkout1_buf/O
                         net (fo=64, routed)          0.638     0.638    video1/inst_dvid/clk_out1
    SLICE_X161Y127       FDRE                                         r  video1/inst_dvid/latched_blue_reg[4]/C
  -------------------------------------------------------------------    -------------------
    SLICE_X161Y127       FDRE (Prop_fdre_C_Q)         0.141     0.779 r  video1/inst_dvid/latched_blue_reg[4]/Q
                         net (fo=2, routed)           0.651     1.429    video1/inst_dvid/latched_blue[4]
    SLICE_X158Y128       LUT3 (Prop_lut3_I2_O)        0.045     1.474 r  video1/inst_dvid/shift_blue[4]_i_1/O
                         net (fo=1, routed)           0.000     1.474    video1/inst_dvid/shift_blue_0[4]
    SLICE_X158Y128       FDRE                                         r  video1/inst_dvid/shift_blue_reg[4]/D
  -------------------------------------------------------------------    -------------------

                         (clock clk_out2_clk_wiz_0 rise edge)
                                                      0.000     0.000 r  
    BUFGCTRL_X0Y1        BUFG                         0.000     0.000 r  clk_IBUF_BUFG_inst/O
                         net (fo=116, routed)         1.022     1.022    video1/mmcm_adv_inst_display_clocks/inst/clk_in1
    MMCME2_ADV_X1Y0      MMCME2_ADV (Prop_mmcme2_adv_CLKIN1_CLKOUT1)
                                                     -2.040    -1.018 r  video1/mmcm_adv_inst_display_clocks/inst/mmcm_adv_inst/CLKOUT1
                         net (fo=1, routed)           0.989    -0.029    video1/mmcm_adv_inst_display_clocks/inst/clk_out2_clk_wiz_0
    BUFGCTRL_X0Y0        BUFG (Prop_bufg_I_O)         0.029    -0.000 r  video1/mmcm_adv_inst_display_clocks/inst/clkout2_buf/O
                         net (fo=44, routed)          0.908     0.908    video1/inst_dvid/clk_out2
    SLICE_X158Y128       FDRE                                         r  video1/inst_dvid/shift_blue_reg[4]/C
                         clock pessimism              0.080     0.988    
                         clock uncertainty            0.215     1.202    
    SLICE_X158Y128       FDRE (Hold_fdre_C_D)         0.120     1.322    video1/inst_dvid/shift_blue_reg[4]
  -------------------------------------------------------------------
                         required time                         -1.322    
                         arrival time                           1.474    
  -------------------------------------------------------------------
                         slack                                  0.152    

Slack (MET) :             0.161ns  (arrival time - required time)
  Source:                 video1/inst_dvid/latched_green_reg[8]/C
                            (rising edge-triggered cell FDRE clocked by clk_out1_clk_wiz_0  {rise@0.000ns fall@20.000ns period=40.000ns})
  Destination:            video1/inst_dvid/shift_green_reg[8]/D
                            (rising edge-triggered cell FDRE clocked by clk_out2_clk_wiz_0  {rise@0.000ns fall@4.000ns period=8.000ns})
  Path Group:             clk_out2_clk_wiz_0
  Path Type:              Hold (Min at Fast Process Corner)
  Requirement:            0.000ns  (clk_out2_clk_wiz_0 rise@0.000ns - clk_out1_clk_wiz_0 rise@0.000ns)
  Data Path Delay:        0.797ns  (logic 0.141ns (17.692%)  route 0.656ns (82.308%))
  Logic Levels:           0  
  Clock Path Skew:        0.351ns (DCD - SCD - CPR)
    Destination Clock Delay (DCD):    0.911ns
    Source Clock Delay      (SCD):    0.640ns
    Clock Pessimism Removal (CPR):    -0.080ns
  Clock Uncertainty:      0.215ns  ((TSJ^2 + DJ^2)^1/2) / 2 + PE
    Total System Jitter     (TSJ):    0.071ns
    Discrete Jitter          (DJ):    0.175ns
    Phase Error              (PE):    0.120ns

    Location             Delay type                Incr(ns)  Path(ns)    Netlist Resource(s)
  -------------------------------------------------------------------    -------------------
                         (clock clk_out1_clk_wiz_0 rise edge)
                                                      0.000     0.000 r  
    BUFGCTRL_X0Y1        BUFG                         0.000     0.000 r  clk_IBUF_BUFG_inst/O
                         net (fo=116, routed)         0.745     0.745    video1/mmcm_adv_inst_display_clocks/inst/clk_in1
    MMCME2_ADV_X1Y0      MMCME2_ADV (Prop_mmcme2_adv_CLKIN1_CLKOUT0)
                                                     -1.683    -0.938 r  video1/mmcm_adv_inst_display_clocks/inst/mmcm_adv_inst/CLKOUT0
                         net (fo=1, routed)           0.912    -0.026    video1/mmcm_adv_inst_display_clocks/inst/clk_out1_clk_wiz_0
    BUFGCTRL_X0Y2        BUFG (Prop_bufg_I_O)         0.026    -0.000 r  video1/mmcm_adv_inst_display_clocks/inst/clkout1_buf/O
                         net (fo=64, routed)          0.640     0.640    video1/inst_dvid/clk_out1
    SLICE_X160Y130       FDRE                                         r  video1/inst_dvid/latched_green_reg[8]/C
  -------------------------------------------------------------------    -------------------
    SLICE_X160Y130       FDRE (Prop_fdre_C_Q)         0.141     0.781 r  video1/inst_dvid/latched_green_reg[8]/Q
                         net (fo=1, routed)           0.656     1.437    video1/inst_dvid/latched_green[8]
    SLICE_X161Y130       FDRE                                         r  video1/inst_dvid/shift_green_reg[8]/D
  -------------------------------------------------------------------    -------------------

                         (clock clk_out2_clk_wiz_0 rise edge)
                                                      0.000     0.000 r  
    BUFGCTRL_X0Y1        BUFG                         0.000     0.000 r  clk_IBUF_BUFG_inst/O
                         net (fo=116, routed)         1.022     1.022    video1/mmcm_adv_inst_display_clocks/inst/clk_in1
    MMCME2_ADV_X1Y0      MMCME2_ADV (Prop_mmcme2_adv_CLKIN1_CLKOUT1)
                                                     -2.040    -1.018 r  video1/mmcm_adv_inst_display_clocks/inst/mmcm_adv_inst/CLKOUT1
                         net (fo=1, routed)           0.989    -0.029    video1/mmcm_adv_inst_display_clocks/inst/clk_out2_clk_wiz_0
    BUFGCTRL_X0Y0        BUFG (Prop_bufg_I_O)         0.029    -0.000 r  video1/mmcm_adv_inst_display_clocks/inst/clkout2_buf/O
                         net (fo=44, routed)          0.911     0.911    video1/inst_dvid/clk_out2
    SLICE_X161Y130       FDRE                                         r  video1/inst_dvid/shift_green_reg[8]/C
                         clock pessimism              0.080     0.991    
                         clock uncertainty            0.215     1.205    
    SLICE_X161Y130       FDRE (Hold_fdre_C_D)         0.070     1.275    video1/inst_dvid/shift_green_reg[8]
  -------------------------------------------------------------------
                         required time                         -1.275    
                         arrival time                           1.437    
  -------------------------------------------------------------------
                         slack                                  0.161    

Slack (MET) :             0.162ns  (arrival time - required time)
  Source:                 video1/inst_dvid/latched_green_reg[9]/C
                            (rising edge-triggered cell FDRE clocked by clk_out1_clk_wiz_0  {rise@0.000ns fall@20.000ns period=40.000ns})
  Destination:            video1/inst_dvid/shift_green_reg[9]/D
                            (rising edge-triggered cell FDRE clocked by clk_out2_clk_wiz_0  {rise@0.000ns fall@4.000ns period=8.000ns})
  Path Group:             clk_out2_clk_wiz_0
  Path Type:              Hold (Min at Fast Process Corner)
  Requirement:            0.000ns  (clk_out2_clk_wiz_0 rise@0.000ns - clk_out1_clk_wiz_0 rise@0.000ns)
  Data Path Delay:        0.794ns  (logic 0.141ns (17.758%)  route 0.653ns (82.242%))
  Logic Levels:           0  
  Clock Path Skew:        0.351ns (DCD - SCD - CPR)
    Destination Clock Delay (DCD):    0.911ns
    Source Clock Delay      (SCD):    0.640ns
    Clock Pessimism Removal (CPR):    -0.080ns
  Clock Uncertainty:      0.215ns  ((TSJ^2 + DJ^2)^1/2) / 2 + PE
    Total System Jitter     (TSJ):    0.071ns
    Discrete Jitter          (DJ):    0.175ns
    Phase Error              (PE):    0.120ns

    Location             Delay type                Incr(ns)  Path(ns)    Netlist Resource(s)
  -------------------------------------------------------------------    -------------------
                         (clock clk_out1_clk_wiz_0 rise edge)
                                                      0.000     0.000 r  
    BUFGCTRL_X0Y1        BUFG                         0.000     0.000 r  clk_IBUF_BUFG_inst/O
                         net (fo=116, routed)         0.745     0.745    video1/mmcm_adv_inst_display_clocks/inst/clk_in1
    MMCME2_ADV_X1Y0      MMCME2_ADV (Prop_mmcme2_adv_CLKIN1_CLKOUT0)
                                                     -1.683    -0.938 r  video1/mmcm_adv_inst_display_clocks/inst/mmcm_adv_inst/CLKOUT0
                         net (fo=1, routed)           0.912    -0.026    video1/mmcm_adv_inst_display_clocks/inst/clk_out1_clk_wiz_0
    BUFGCTRL_X0Y2        BUFG (Prop_bufg_I_O)         0.026    -0.000 r  video1/mmcm_adv_inst_display_clocks/inst/clkout1_buf/O
                         net (fo=64, routed)          0.640     0.640    video1/inst_dvid/clk_out1
    SLICE_X160Y130       FDRE                                         r  video1/inst_dvid/latched_green_reg[9]/C
  -------------------------------------------------------------------    -------------------
    SLICE_X160Y130       FDRE (Prop_fdre_C_Q)         0.141     0.781 r  video1/inst_dvid/latched_green_reg[9]/Q
                         net (fo=1, routed)           0.653     1.434    video1/inst_dvid/latched_green[9]
    SLICE_X161Y130       FDRE                                         r  video1/inst_dvid/shift_green_reg[9]/D
  -------------------------------------------------------------------    -------------------

                         (clock clk_out2_clk_wiz_0 rise edge)
                                                      0.000     0.000 r  
    BUFGCTRL_X0Y1        BUFG                         0.000     0.000 r  clk_IBUF_BUFG_inst/O
                         net (fo=116, routed)         1.022     1.022    video1/mmcm_adv_inst_display_clocks/inst/clk_in1
    MMCME2_ADV_X1Y0      MMCME2_ADV (Prop_mmcme2_adv_CLKIN1_CLKOUT1)
                                                     -2.040    -1.018 r  video1/mmcm_adv_inst_display_clocks/inst/mmcm_adv_inst/CLKOUT1
                         net (fo=1, routed)           0.989    -0.029    video1/mmcm_adv_inst_display_clocks/inst/clk_out2_clk_wiz_0
    BUFGCTRL_X0Y0        BUFG (Prop_bufg_I_O)         0.029    -0.000 r  video1/mmcm_adv_inst_display_clocks/inst/clkout2_buf/O
                         net (fo=44, routed)          0.911     0.911    video1/inst_dvid/clk_out2
    SLICE_X161Y130       FDRE                                         r  video1/inst_dvid/shift_green_reg[9]/C
                         clock pessimism              0.080     0.991    
                         clock uncertainty            0.215     1.205    
    SLICE_X161Y130       FDRE (Hold_fdre_C_D)         0.066     1.271    video1/inst_dvid/shift_green_reg[9]
  -------------------------------------------------------------------
                         required time                         -1.271    
                         arrival time                           1.434    
  -------------------------------------------------------------------
                         slack                                  0.162    

Slack (MET) :             0.181ns  (arrival time - required time)
  Source:                 video1/inst_dvid/latched_blue_reg[9]/C
                            (rising edge-triggered cell FDRE clocked by clk_out1_clk_wiz_0  {rise@0.000ns fall@20.000ns period=40.000ns})
  Destination:            video1/inst_dvid/shift_blue_reg[9]/D
                            (rising edge-triggered cell FDRE clocked by clk_out2_clk_wiz_0  {rise@0.000ns fall@4.000ns period=8.000ns})
  Path Group:             clk_out2_clk_wiz_0
  Path Type:              Hold (Min at Fast Process Corner)
  Requirement:            0.000ns  (clk_out2_clk_wiz_0 rise@0.000ns - clk_out1_clk_wiz_0 rise@0.000ns)
  Data Path Delay:        0.764ns  (logic 0.128ns (16.762%)  route 0.636ns (83.238%))
  Logic Levels:           0  
  Clock Path Skew:        0.352ns (DCD - SCD - CPR)
    Destination Clock Delay (DCD):    0.910ns
    Source Clock Delay      (SCD):    0.638ns
    Clock Pessimism Removal (CPR):    -0.080ns
  Clock Uncertainty:      0.215ns  ((TSJ^2 + DJ^2)^1/2) / 2 + PE
    Total System Jitter     (TSJ):    0.071ns
    Discrete Jitter          (DJ):    0.175ns
    Phase Error              (PE):    0.120ns

    Location             Delay type                Incr(ns)  Path(ns)    Netlist Resource(s)
  -------------------------------------------------------------------    -------------------
                         (clock clk_out1_clk_wiz_0 rise edge)
                                                      0.000     0.000 r  
    BUFGCTRL_X0Y1        BUFG                         0.000     0.000 r  clk_IBUF_BUFG_inst/O
                         net (fo=116, routed)         0.745     0.745    video1/mmcm_adv_inst_display_clocks/inst/clk_in1
    MMCME2_ADV_X1Y0      MMCME2_ADV (Prop_mmcme2_adv_CLKIN1_CLKOUT0)
                                                     -1.683    -0.938 r  video1/mmcm_adv_inst_display_clocks/inst/mmcm_adv_inst/CLKOUT0
                         net (fo=1, routed)           0.912    -0.026    video1/mmcm_adv_inst_display_clocks/inst/clk_out1_clk_wiz_0
    BUFGCTRL_X0Y2        BUFG (Prop_bufg_I_O)         0.026    -0.000 r  video1/mmcm_adv_inst_display_clocks/inst/clkout1_buf/O
                         net (fo=64, routed)          0.638     0.638    video1/inst_dvid/clk_out1
    SLICE_X160Y127       FDRE                                         r  video1/inst_dvid/latched_blue_reg[9]/C
  -------------------------------------------------------------------    -------------------
    SLICE_X160Y127       FDRE (Prop_fdre_C_Q)         0.128     0.766 r  video1/inst_dvid/latched_blue_reg[9]/Q
                         net (fo=1, routed)           0.636     1.401    video1/inst_dvid/latched_blue[9]
    SLICE_X161Y129       FDRE                                         r  video1/inst_dvid/shift_blue_reg[9]/D
  -------------------------------------------------------------------    -------------------

                         (clock clk_out2_clk_wiz_0 rise edge)
                                                      0.000     0.000 r  
    BUFGCTRL_X0Y1        BUFG                         0.000     0.000 r  clk_IBUF_BUFG_inst/O
                         net (fo=116, routed)         1.022     1.022    video1/mmcm_adv_inst_display_clocks/inst/clk_in1
    MMCME2_ADV_X1Y0      MMCME2_ADV (Prop_mmcme2_adv_CLKIN1_CLKOUT1)
                                                     -2.040    -1.018 r  video1/mmcm_adv_inst_display_clocks/inst/mmcm_adv_inst/CLKOUT1
                         net (fo=1, routed)           0.989    -0.029    video1/mmcm_adv_inst_display_clocks/inst/clk_out2_clk_wiz_0
    BUFGCTRL_X0Y0        BUFG (Prop_bufg_I_O)         0.029    -0.000 r  video1/mmcm_adv_inst_display_clocks/inst/clkout2_buf/O
                         net (fo=44, routed)          0.910     0.910    video1/inst_dvid/clk_out2
    SLICE_X161Y129       FDRE                                         r  video1/inst_dvid/shift_blue_reg[9]/C
                         clock pessimism              0.080     0.990    
                         clock uncertainty            0.215     1.204    
    SLICE_X161Y129       FDRE (Hold_fdre_C_D)         0.016     1.220    video1/inst_dvid/shift_blue_reg[9]
  -------------------------------------------------------------------
                         required time                         -1.220    
                         arrival time                           1.401    
  -------------------------------------------------------------------
                         slack                                  0.181    

Slack (MET) :             0.222ns  (arrival time - required time)
  Source:                 video1/inst_dvid/latched_blue_reg[2]/C
                            (rising edge-triggered cell FDRE clocked by clk_out1_clk_wiz_0  {rise@0.000ns fall@20.000ns period=40.000ns})
  Destination:            video1/inst_dvid/shift_blue_reg[2]/D
                            (rising edge-triggered cell FDRE clocked by clk_out2_clk_wiz_0  {rise@0.000ns fall@4.000ns period=8.000ns})
  Path Group:             clk_out2_clk_wiz_0
  Path Type:              Hold (Min at Fast Process Corner)
  Requirement:            0.000ns  (clk_out2_clk_wiz_0 rise@0.000ns - clk_out1_clk_wiz_0 rise@0.000ns)
  Data Path Delay:        0.909ns  (logic 0.226ns (24.873%)  route 0.683ns (75.127%))
  Logic Levels:           1  (LUT3=1)
  Clock Path Skew:        0.351ns (DCD - SCD - CPR)
    Destination Clock Delay (DCD):    0.910ns
    Source Clock Delay      (SCD):    0.639ns
    Clock Pessimism Removal (CPR):    -0.080ns
  Clock Uncertainty:      0.215ns  ((TSJ^2 + DJ^2)^1/2) / 2 + PE
    Total System Jitter     (TSJ):    0.071ns
    Discrete Jitter          (DJ):    0.175ns
    Phase Error              (PE):    0.120ns

    Location             Delay type                Incr(ns)  Path(ns)    Netlist Resource(s)
  -------------------------------------------------------------------    -------------------
                         (clock clk_out1_clk_wiz_0 rise edge)
                                                      0.000     0.000 r  
    BUFGCTRL_X0Y1        BUFG                         0.000     0.000 r  clk_IBUF_BUFG_inst/O
                         net (fo=116, routed)         0.745     0.745    video1/mmcm_adv_inst_display_clocks/inst/clk_in1
    MMCME2_ADV_X1Y0      MMCME2_ADV (Prop_mmcme2_adv_CLKIN1_CLKOUT0)
                                                     -1.683    -0.938 r  video1/mmcm_adv_inst_display_clocks/inst/mmcm_adv_inst/CLKOUT0
                         net (fo=1, routed)           0.912    -0.026    video1/mmcm_adv_inst_display_clocks/inst/clk_out1_clk_wiz_0
    BUFGCTRL_X0Y2        BUFG (Prop_bufg_I_O)         0.026    -0.000 r  video1/mmcm_adv_inst_display_clocks/inst/clkout1_buf/O
                         net (fo=64, routed)          0.639     0.639    video1/inst_dvid/clk_out1
    SLICE_X160Y129       FDRE                                         r  video1/inst_dvid/latched_blue_reg[2]/C
  -------------------------------------------------------------------    -------------------
    SLICE_X160Y129       FDRE (Prop_fdre_C_Q)         0.128     0.767 r  video1/inst_dvid/latched_blue_reg[2]/Q
                         net (fo=1, routed)           0.683     1.449    video1/inst_dvid/latched_blue[2]
    SLICE_X162Y129       LUT3 (Prop_lut3_I2_O)        0.098     1.547 r  video1/inst_dvid/shift_blue[2]_i_1/O
                         net (fo=1, routed)           0.000     1.547    video1/inst_dvid/shift_blue_0[2]
    SLICE_X162Y129       FDRE                                         r  video1/inst_dvid/shift_blue_reg[2]/D
  -------------------------------------------------------------------    -------------------

                         (clock clk_out2_clk_wiz_0 rise edge)
                                                      0.000     0.000 r  
    BUFGCTRL_X0Y1        BUFG                         0.000     0.000 r  clk_IBUF_BUFG_inst/O
                         net (fo=116, routed)         1.022     1.022    video1/mmcm_adv_inst_display_clocks/inst/clk_in1
    MMCME2_ADV_X1Y0      MMCME2_ADV (Prop_mmcme2_adv_CLKIN1_CLKOUT1)
                                                     -2.040    -1.018 r  video1/mmcm_adv_inst_display_clocks/inst/mmcm_adv_inst/CLKOUT1
                         net (fo=1, routed)           0.989    -0.029    video1/mmcm_adv_inst_display_clocks/inst/clk_out2_clk_wiz_0
    BUFGCTRL_X0Y0        BUFG (Prop_bufg_I_O)         0.029    -0.000 r  video1/mmcm_adv_inst_display_clocks/inst/clkout2_buf/O
                         net (fo=44, routed)          0.910     0.910    video1/inst_dvid/clk_out2
    SLICE_X162Y129       FDRE                                         r  video1/inst_dvid/shift_blue_reg[2]/C
                         clock pessimism              0.080     0.990    
                         clock uncertainty            0.215     1.204    
    SLICE_X162Y129       FDRE (Hold_fdre_C_D)         0.121     1.325    video1/inst_dvid/shift_blue_reg[2]
  -------------------------------------------------------------------
                         required time                         -1.325    
                         arrival time                           1.547    
  -------------------------------------------------------------------
                         slack                                  0.222    

Slack (MET) :             0.241ns  (arrival time - required time)
  Source:                 video1/inst_dvid/latched_green_reg[1]/C
                            (rising edge-triggered cell FDRE clocked by clk_out1_clk_wiz_0  {rise@0.000ns fall@20.000ns period=40.000ns})
  Destination:            video1/inst_dvid/shift_green_reg[5]/D
                            (rising edge-triggered cell FDRE clocked by clk_out2_clk_wiz_0  {rise@0.000ns fall@4.000ns period=8.000ns})
  Path Group:             clk_out2_clk_wiz_0
  Path Type:              Hold (Min at Fast Process Corner)
  Requirement:            0.000ns  (clk_out2_clk_wiz_0 rise@0.000ns - clk_out1_clk_wiz_0 rise@0.000ns)
  Data Path Delay:        0.914ns  (logic 0.186ns (20.361%)  route 0.728ns (79.639%))
  Logic Levels:           1  (LUT3=1)
  Clock Path Skew:        0.351ns (DCD - SCD - CPR)
    Destination Clock Delay (DCD):    0.914ns
    Source Clock Delay      (SCD):    0.643ns
    Clock Pessimism Removal (CPR):    -0.080ns
  Clock Uncertainty:      0.215ns  ((TSJ^2 + DJ^2)^1/2) / 2 + PE
    Total System Jitter     (TSJ):    0.071ns
    Discrete Jitter          (DJ):    0.175ns
    Phase Error              (PE):    0.120ns

    Location             Delay type                Incr(ns)  Path(ns)    Netlist Resource(s)
  -------------------------------------------------------------------    -------------------
                         (clock clk_out1_clk_wiz_0 rise edge)
                                                      0.000     0.000 r  
    BUFGCTRL_X0Y1        BUFG                         0.000     0.000 r  clk_IBUF_BUFG_inst/O
                         net (fo=116, routed)         0.745     0.745    video1/mmcm_adv_inst_display_clocks/inst/clk_in1
    MMCME2_ADV_X1Y0      MMCME2_ADV (Prop_mmcme2_adv_CLKIN1_CLKOUT0)
                                                     -1.683    -0.938 r  video1/mmcm_adv_inst_display_clocks/inst/mmcm_adv_inst/CLKOUT0
                         net (fo=1, routed)           0.912    -0.026    video1/mmcm_adv_inst_display_clocks/inst/clk_out1_clk_wiz_0
    BUFGCTRL_X0Y2        BUFG (Prop_bufg_I_O)         0.026    -0.000 r  video1/mmcm_adv_inst_display_clocks/inst/clkout1_buf/O
                         net (fo=64, routed)          0.643     0.643    video1/inst_dvid/clk_out1
    SLICE_X160Y133       FDRE                                         r  video1/inst_dvid/latched_green_reg[1]/C
  -------------------------------------------------------------------    -------------------
    SLICE_X160Y133       FDRE (Prop_fdre_C_Q)         0.141     0.784 r  video1/inst_dvid/latched_green_reg[1]/Q
                         net (fo=5, routed)           0.728     1.511    video1/inst_dvid/latched_green[1]
    SLICE_X161Y133       LUT3 (Prop_lut3_I2_O)        0.045     1.556 r  video1/inst_dvid/shift_green[5]_i_1/O
                         net (fo=1, routed)           0.000     1.556    video1/inst_dvid/shift_green_1[5]
    SLICE_X161Y133       FDRE                                         r  video1/inst_dvid/shift_green_reg[5]/D
  -------------------------------------------------------------------    -------------------

                         (clock clk_out2_clk_wiz_0 rise edge)
                                                      0.000     0.000 r  
    BUFGCTRL_X0Y1        BUFG                         0.000     0.000 r  clk_IBUF_BUFG_inst/O
                         net (fo=116, routed)         1.022     1.022    video1/mmcm_adv_inst_display_clocks/inst/clk_in1
    MMCME2_ADV_X1Y0      MMCME2_ADV (Prop_mmcme2_adv_CLKIN1_CLKOUT1)
                                                     -2.040    -1.018 r  video1/mmcm_adv_inst_display_clocks/inst/mmcm_adv_inst/CLKOUT1
                         net (fo=1, routed)           0.989    -0.029    video1/mmcm_adv_inst_display_clocks/inst/clk_out2_clk_wiz_0
    BUFGCTRL_X0Y0        BUFG (Prop_bufg_I_O)         0.029    -0.000 r  video1/mmcm_adv_inst_display_clocks/inst/clkout2_buf/O
                         net (fo=44, routed)          0.914     0.914    video1/inst_dvid/clk_out2
    SLICE_X161Y133       FDRE                                         r  video1/inst_dvid/shift_green_reg[5]/C
                         clock pessimism              0.080     0.994    
                         clock uncertainty            0.215     1.208    
    SLICE_X161Y133       FDRE (Hold_fdre_C_D)         0.107     1.315    video1/inst_dvid/shift_green_reg[5]
  -------------------------------------------------------------------
                         required time                         -1.315    
                         arrival time                           1.556    
  -------------------------------------------------------------------
                         slack                                  0.241    

Slack (MET) :             0.247ns  (arrival time - required time)
  Source:                 video1/inst_dvid/latched_green_reg[2]/C
                            (rising edge-triggered cell FDRE clocked by clk_out1_clk_wiz_0  {rise@0.000ns fall@20.000ns period=40.000ns})
  Destination:            video1/inst_dvid/shift_green_reg[4]/D
                            (rising edge-triggered cell FDRE clocked by clk_out2_clk_wiz_0  {rise@0.000ns fall@4.000ns period=8.000ns})
  Path Group:             clk_out2_clk_wiz_0
  Path Type:              Hold (Min at Fast Process Corner)
  Requirement:            0.000ns  (clk_out2_clk_wiz_0 rise@0.000ns - clk_out1_clk_wiz_0 rise@0.000ns)
  Data Path Delay:        0.920ns  (logic 0.184ns (20.004%)  route 0.736ns (79.996%))
  Logic Levels:           1  (LUT3=1)
  Clock Path Skew:        0.351ns (DCD - SCD - CPR)
    Destination Clock Delay (DCD):    0.914ns
    Source Clock Delay      (SCD):    0.643ns
    Clock Pessimism Removal (CPR):    -0.080ns
  Clock Uncertainty:      0.215ns  ((TSJ^2 + DJ^2)^1/2) / 2 + PE
    Total System Jitter     (TSJ):    0.071ns
    Discrete Jitter          (DJ):    0.175ns
    Phase Error              (PE):    0.120ns

    Location             Delay type                Incr(ns)  Path(ns)    Netlist Resource(s)
  -------------------------------------------------------------------    -------------------
                         (clock clk_out1_clk_wiz_0 rise edge)
                                                      0.000     0.000 r  
    BUFGCTRL_X0Y1        BUFG                         0.000     0.000 r  clk_IBUF_BUFG_inst/O
                         net (fo=116, routed)         0.745     0.745    video1/mmcm_adv_inst_display_clocks/inst/clk_in1
    MMCME2_ADV_X1Y0      MMCME2_ADV (Prop_mmcme2_adv_CLKIN1_CLKOUT0)
                                                     -1.683    -0.938 r  video1/mmcm_adv_inst_display_clocks/inst/mmcm_adv_inst/CLKOUT0
                         net (fo=1, routed)           0.912    -0.026    video1/mmcm_adv_inst_display_clocks/inst/clk_out1_clk_wiz_0
    BUFGCTRL_X0Y2        BUFG (Prop_bufg_I_O)         0.026    -0.000 r  video1/mmcm_adv_inst_display_clocks/inst/clkout1_buf/O
                         net (fo=64, routed)          0.643     0.643    video1/inst_dvid/clk_out1
    SLICE_X160Y133       FDRE                                         r  video1/inst_dvid/latched_green_reg[2]/C
  -------------------------------------------------------------------    -------------------
    SLICE_X160Y133       FDRE (Prop_fdre_C_Q)         0.141     0.784 r  video1/inst_dvid/latched_green_reg[2]/Q
                         net (fo=3, routed)           0.736     1.519    video1/inst_dvid/latched_green[2]
    SLICE_X161Y133       LUT3 (Prop_lut3_I2_O)        0.043     1.562 r  video1/inst_dvid/shift_green[4]_i_1/O
                         net (fo=1, routed)           0.000     1.562    video1/inst_dvid/shift_green_1[4]
    SLICE_X161Y133       FDRE                                         r  video1/inst_dvid/shift_green_reg[4]/D
  -------------------------------------------------------------------    -------------------

                         (clock clk_out2_clk_wiz_0 rise edge)
                                                      0.000     0.000 r  
    BUFGCTRL_X0Y1        BUFG                         0.000     0.000 r  clk_IBUF_BUFG_inst/O
                         net (fo=116, routed)         1.022     1.022    video1/mmcm_adv_inst_display_clocks/inst/clk_in1
    MMCME2_ADV_X1Y0      MMCME2_ADV (Prop_mmcme2_adv_CLKIN1_CLKOUT1)
                                                     -2.040    -1.018 r  video1/mmcm_adv_inst_display_clocks/inst/mmcm_adv_inst/CLKOUT1
                         net (fo=1, routed)           0.989    -0.029    video1/mmcm_adv_inst_display_clocks/inst/clk_out2_clk_wiz_0
    BUFGCTRL_X0Y0        BUFG (Prop_bufg_I_O)         0.029    -0.000 r  video1/mmcm_adv_inst_display_clocks/inst/clkout2_buf/O
                         net (fo=44, routed)          0.914     0.914    video1/inst_dvid/clk_out2
    SLICE_X161Y133       FDRE                                         r  video1/inst_dvid/shift_green_reg[4]/C
                         clock pessimism              0.080     0.994    
                         clock uncertainty            0.215     1.208    
    SLICE_X161Y133       FDRE (Hold_fdre_C_D)         0.107     1.315    video1/inst_dvid/shift_green_reg[4]
  -------------------------------------------------------------------
                         required time                         -1.315    
                         arrival time                           1.562    
  -------------------------------------------------------------------
                         slack                                  0.247    

Slack (MET) :             0.252ns  (arrival time - required time)
  Source:                 video1/inst_dvid/latched_red_reg[8]/C
                            (rising edge-triggered cell FDRE clocked by clk_out1_clk_wiz_0  {rise@0.000ns fall@20.000ns period=40.000ns})
  Destination:            video1/inst_dvid/shift_red_reg[8]/D
                            (rising edge-triggered cell FDRE clocked by clk_out2_clk_wiz_0  {rise@0.000ns fall@4.000ns period=8.000ns})
  Path Group:             clk_out2_clk_wiz_0
  Path Type:              Hold (Min at Fast Process Corner)
  Requirement:            0.000ns  (clk_out2_clk_wiz_0 rise@0.000ns - clk_out1_clk_wiz_0 rise@0.000ns)
  Data Path Delay:        0.888ns  (logic 0.141ns (15.871%)  route 0.747ns (84.129%))
  Logic Levels:           0  
  Clock Path Skew:        0.352ns (DCD - SCD - CPR)
    Destination Clock Delay (DCD):    0.911ns
    Source Clock Delay      (SCD):    0.639ns
    Clock Pessimism Removal (CPR):    -0.080ns
  Clock Uncertainty:      0.215ns  ((TSJ^2 + DJ^2)^1/2) / 2 + PE
    Total System Jitter     (TSJ):    0.071ns
    Discrete Jitter          (DJ):    0.175ns
    Phase Error              (PE):    0.120ns

    Location             Delay type                Incr(ns)  Path(ns)    Netlist Resource(s)
  -------------------------------------------------------------------    -------------------
                         (clock clk_out1_clk_wiz_0 rise edge)
                                                      0.000     0.000 r  
    BUFGCTRL_X0Y1        BUFG                         0.000     0.000 r  clk_IBUF_BUFG_inst/O
                         net (fo=116, routed)         0.745     0.745    video1/mmcm_adv_inst_display_clocks/inst/clk_in1
    MMCME2_ADV_X1Y0      MMCME2_ADV (Prop_mmcme2_adv_CLKIN1_CLKOUT0)
                                                     -1.683    -0.938 r  video1/mmcm_adv_inst_display_clocks/inst/mmcm_adv_inst/CLKOUT0
                         net (fo=1, routed)           0.912    -0.026    video1/mmcm_adv_inst_display_clocks/inst/clk_out1_clk_wiz_0
    BUFGCTRL_X0Y2        BUFG (Prop_bufg_I_O)         0.026    -0.000 r  video1/mmcm_adv_inst_display_clocks/inst/clkout1_buf/O
                         net (fo=64, routed)          0.639     0.639    video1/inst_dvid/clk_out1
    SLICE_X160Y129       FDRE                                         r  video1/inst_dvid/latched_red_reg[8]/C
  -------------------------------------------------------------------    -------------------
    SLICE_X160Y129       FDRE (Prop_fdre_C_Q)         0.141     0.780 r  video1/inst_dvid/latched_red_reg[8]/Q
                         net (fo=1, routed)           0.747     1.527    video1/inst_dvid/latched_red[8]
    SLICE_X161Y130       FDRE                                         r  video1/inst_dvid/shift_red_reg[8]/D
  -------------------------------------------------------------------    -------------------

                         (clock clk_out2_clk_wiz_0 rise edge)
                                                      0.000     0.000 r  
    BUFGCTRL_X0Y1        BUFG                         0.000     0.000 r  clk_IBUF_BUFG_inst/O
                         net (fo=116, routed)         1.022     1.022    video1/mmcm_adv_inst_display_clocks/inst/clk_in1
    MMCME2_ADV_X1Y0      MMCME2_ADV (Prop_mmcme2_adv_CLKIN1_CLKOUT1)
                                                     -2.040    -1.018 r  video1/mmcm_adv_inst_display_clocks/inst/mmcm_adv_inst/CLKOUT1
                         net (fo=1, routed)           0.989    -0.029    video1/mmcm_adv_inst_display_clocks/inst/clk_out2_clk_wiz_0
    BUFGCTRL_X0Y0        BUFG (Prop_bufg_I_O)         0.029    -0.000 r  video1/mmcm_adv_inst_display_clocks/inst/clkout2_buf/O
                         net (fo=44, routed)          0.911     0.911    video1/inst_dvid/clk_out2
    SLICE_X161Y130       FDRE                                         r  video1/inst_dvid/shift_red_reg[8]/C
                         clock pessimism              0.080     0.991    
                         clock uncertainty            0.215     1.205    
    SLICE_X161Y130       FDRE (Hold_fdre_C_D)         0.070     1.275    video1/inst_dvid/shift_red_reg[8]
  -------------------------------------------------------------------
                         required time                         -1.275    
                         arrival time                           1.527    
  -------------------------------------------------------------------
                         slack                                  0.252    





--------------------------------------------------------------------------------------
Path Group:  (none)
From Clock:  
  To Clock:  

Max Delay           238 Endpoints
Min Delay           238 Endpoints
--------------------------------------------------------------------------------------


Max Delay Paths
--------------------------------------------------------------------------------------
Slack:                    inf
  Source:                 btn[4]
                            (input port)
  Destination:            trigger_v_stepper/debouncer_down/counter_reg[20]/R
  Path Group:             (none)
  Path Type:              Max at Slow Process Corner
  Data Path Delay:        11.889ns  (logic 1.193ns (10.038%)  route 10.696ns (89.962%))
  Logic Levels:           2  (IBUF=1 LUT4=1)

    Location             Delay type                Incr(ns)  Path(ns)    Netlist Resource(s)
  -------------------------------------------------------------------    -------------------
    F15                                               0.000     0.000 r  btn[4] (IN)
                         net (fo=0)                   0.000     0.000    btn[4]
    F15                  IBUF (Prop_ibuf_I_O)         1.069     1.069 r  btn_IBUF[4]_inst/O
                         net (fo=3, routed)           9.438    10.507    trigger_v_stepper/debouncer_down/btn_IBUF[0]
    SLICE_X140Y123       LUT4 (Prop_lut4_I1_O)        0.124    10.631 r  trigger_v_stepper/debouncer_down/counter[0]_i_1__2/O
                         net (fo=21, routed)          1.258    11.889    trigger_v_stepper/debouncer_down/counter[0]_i_1__2_n_0
    SLICE_X143Y127       FDRE                                         r  trigger_v_stepper/debouncer_down/counter_reg[20]/R
  -------------------------------------------------------------------    -------------------

Slack:                    inf
  Source:                 btn[4]
                            (input port)
  Destination:            trigger_v_stepper/debouncer_down/counter_reg[16]/R
  Path Group:             (none)
  Path Type:              Max at Slow Process Corner
  Data Path Delay:        11.751ns  (logic 1.193ns (10.156%)  route 10.558ns (89.844%))
  Logic Levels:           2  (IBUF=1 LUT4=1)

    Location             Delay type                Incr(ns)  Path(ns)    Netlist Resource(s)
  -------------------------------------------------------------------    -------------------
    F15                                               0.000     0.000 r  btn[4] (IN)
                         net (fo=0)                   0.000     0.000    btn[4]
    F15                  IBUF (Prop_ibuf_I_O)         1.069     1.069 r  btn_IBUF[4]_inst/O
                         net (fo=3, routed)           9.438    10.507    trigger_v_stepper/debouncer_down/btn_IBUF[0]
    SLICE_X140Y123       LUT4 (Prop_lut4_I1_O)        0.124    10.631 r  trigger_v_stepper/debouncer_down/counter[0]_i_1__2/O
                         net (fo=21, routed)          1.120    11.751    trigger_v_stepper/debouncer_down/counter[0]_i_1__2_n_0
    SLICE_X143Y126       FDRE                                         r  trigger_v_stepper/debouncer_down/counter_reg[16]/R
  -------------------------------------------------------------------    -------------------

Slack:                    inf
  Source:                 btn[4]
                            (input port)
  Destination:            trigger_v_stepper/debouncer_down/counter_reg[17]/R
  Path Group:             (none)
  Path Type:              Max at Slow Process Corner
  Data Path Delay:        11.751ns  (logic 1.193ns (10.156%)  route 10.558ns (89.844%))
  Logic Levels:           2  (IBUF=1 LUT4=1)

    Location             Delay type                Incr(ns)  Path(ns)    Netlist Resource(s)
  -------------------------------------------------------------------    -------------------
    F15                                               0.000     0.000 r  btn[4] (IN)
                         net (fo=0)                   0.000     0.000    btn[4]
    F15                  IBUF (Prop_ibuf_I_O)         1.069     1.069 r  btn_IBUF[4]_inst/O
                         net (fo=3, routed)           9.438    10.507    trigger_v_stepper/debouncer_down/btn_IBUF[0]
    SLICE_X140Y123       LUT4 (Prop_lut4_I1_O)        0.124    10.631 r  trigger_v_stepper/debouncer_down/counter[0]_i_1__2/O
                         net (fo=21, routed)          1.120    11.751    trigger_v_stepper/debouncer_down/counter[0]_i_1__2_n_0
    SLICE_X143Y126       FDRE                                         r  trigger_v_stepper/debouncer_down/counter_reg[17]/R
  -------------------------------------------------------------------    -------------------

Slack:                    inf
  Source:                 btn[4]
                            (input port)
  Destination:            trigger_v_stepper/debouncer_down/counter_reg[18]/R
  Path Group:             (none)
  Path Type:              Max at Slow Process Corner
  Data Path Delay:        11.751ns  (logic 1.193ns (10.156%)  route 10.558ns (89.844%))
  Logic Levels:           2  (IBUF=1 LUT4=1)

    Location             Delay type                Incr(ns)  Path(ns)    Netlist Resource(s)
  -------------------------------------------------------------------    -------------------
    F15                                               0.000     0.000 r  btn[4] (IN)
                         net (fo=0)                   0.000     0.000    btn[4]
    F15                  IBUF (Prop_ibuf_I_O)         1.069     1.069 r  btn_IBUF[4]_inst/O
                         net (fo=3, routed)           9.438    10.507    trigger_v_stepper/debouncer_down/btn_IBUF[0]
    SLICE_X140Y123       LUT4 (Prop_lut4_I1_O)        0.124    10.631 r  trigger_v_stepper/debouncer_down/counter[0]_i_1__2/O
                         net (fo=21, routed)          1.120    11.751    trigger_v_stepper/debouncer_down/counter[0]_i_1__2_n_0
    SLICE_X143Y126       FDRE                                         r  trigger_v_stepper/debouncer_down/counter_reg[18]/R
  -------------------------------------------------------------------    -------------------

Slack:                    inf
  Source:                 btn[4]
                            (input port)
  Destination:            trigger_v_stepper/debouncer_down/counter_reg[19]/R
  Path Group:             (none)
  Path Type:              Max at Slow Process Corner
  Data Path Delay:        11.751ns  (logic 1.193ns (10.156%)  route 10.558ns (89.844%))
  Logic Levels:           2  (IBUF=1 LUT4=1)

    Location             Delay type                Incr(ns)  Path(ns)    Netlist Resource(s)
  -------------------------------------------------------------------    -------------------
    F15                                               0.000     0.000 r  btn[4] (IN)
                         net (fo=0)                   0.000     0.000    btn[4]
    F15                  IBUF (Prop_ibuf_I_O)         1.069     1.069 r  btn_IBUF[4]_inst/O
                         net (fo=3, routed)           9.438    10.507    trigger_v_stepper/debouncer_down/btn_IBUF[0]
    SLICE_X140Y123       LUT4 (Prop_lut4_I1_O)        0.124    10.631 r  trigger_v_stepper/debouncer_down/counter[0]_i_1__2/O
                         net (fo=21, routed)          1.120    11.751    trigger_v_stepper/debouncer_down/counter[0]_i_1__2_n_0
    SLICE_X143Y126       FDRE                                         r  trigger_v_stepper/debouncer_down/counter_reg[19]/R
  -------------------------------------------------------------------    -------------------

Slack:                    inf
  Source:                 btn[4]
                            (input port)
  Destination:            trigger_v_stepper/debouncer_down/counter_reg[12]/R
  Path Group:             (none)
  Path Type:              Max at Slow Process Corner
  Data Path Delay:        11.603ns  (logic 1.193ns (10.286%)  route 10.409ns (89.714%))
  Logic Levels:           2  (IBUF=1 LUT4=1)

    Location             Delay type                Incr(ns)  Path(ns)    Netlist Resource(s)
  -------------------------------------------------------------------    -------------------
    F15                                               0.000     0.000 r  btn[4] (IN)
                         net (fo=0)                   0.000     0.000    btn[4]
    F15                  IBUF (Prop_ibuf_I_O)         1.069     1.069 r  btn_IBUF[4]_inst/O
                         net (fo=3, routed)           9.438    10.507    trigger_v_stepper/debouncer_down/btn_IBUF[0]
    SLICE_X140Y123       LUT4 (Prop_lut4_I1_O)        0.124    10.631 r  trigger_v_stepper/debouncer_down/counter[0]_i_1__2/O
                         net (fo=21, routed)          0.971    11.603    trigger_v_stepper/debouncer_down/counter[0]_i_1__2_n_0
    SLICE_X143Y125       FDRE                                         r  trigger_v_stepper/debouncer_down/counter_reg[12]/R
  -------------------------------------------------------------------    -------------------

Slack:                    inf
  Source:                 btn[4]
                            (input port)
  Destination:            trigger_v_stepper/debouncer_down/counter_reg[13]/R
  Path Group:             (none)
  Path Type:              Max at Slow Process Corner
  Data Path Delay:        11.603ns  (logic 1.193ns (10.286%)  route 10.409ns (89.714%))
  Logic Levels:           2  (IBUF=1 LUT4=1)

    Location             Delay type                Incr(ns)  Path(ns)    Netlist Resource(s)
  -------------------------------------------------------------------    -------------------
    F15                                               0.000     0.000 r  btn[4] (IN)
                         net (fo=0)                   0.000     0.000    btn[4]
    F15                  IBUF (Prop_ibuf_I_O)         1.069     1.069 r  btn_IBUF[4]_inst/O
                         net (fo=3, routed)           9.438    10.507    trigger_v_stepper/debouncer_down/btn_IBUF[0]
    SLICE_X140Y123       LUT4 (Prop_lut4_I1_O)        0.124    10.631 r  trigger_v_stepper/debouncer_down/counter[0]_i_1__2/O
                         net (fo=21, routed)          0.971    11.603    trigger_v_stepper/debouncer_down/counter[0]_i_1__2_n_0
    SLICE_X143Y125       FDRE                                         r  trigger_v_stepper/debouncer_down/counter_reg[13]/R
  -------------------------------------------------------------------    -------------------

Slack:                    inf
  Source:                 btn[4]
                            (input port)
  Destination:            trigger_v_stepper/debouncer_down/counter_reg[14]/R
  Path Group:             (none)
  Path Type:              Max at Slow Process Corner
  Data Path Delay:        11.603ns  (logic 1.193ns (10.286%)  route 10.409ns (89.714%))
  Logic Levels:           2  (IBUF=1 LUT4=1)

    Location             Delay type                Incr(ns)  Path(ns)    Netlist Resource(s)
  -------------------------------------------------------------------    -------------------
    F15                                               0.000     0.000 r  btn[4] (IN)
                         net (fo=0)                   0.000     0.000    btn[4]
    F15                  IBUF (Prop_ibuf_I_O)         1.069     1.069 r  btn_IBUF[4]_inst/O
                         net (fo=3, routed)           9.438    10.507    trigger_v_stepper/debouncer_down/btn_IBUF[0]
    SLICE_X140Y123       LUT4 (Prop_lut4_I1_O)        0.124    10.631 r  trigger_v_stepper/debouncer_down/counter[0]_i_1__2/O
                         net (fo=21, routed)          0.971    11.603    trigger_v_stepper/debouncer_down/counter[0]_i_1__2_n_0
    SLICE_X143Y125       FDRE                                         r  trigger_v_stepper/debouncer_down/counter_reg[14]/R
  -------------------------------------------------------------------    -------------------

Slack:                    inf
  Source:                 btn[4]
                            (input port)
  Destination:            trigger_v_stepper/debouncer_down/counter_reg[15]/R
  Path Group:             (none)
  Path Type:              Max at Slow Process Corner
  Data Path Delay:        11.603ns  (logic 1.193ns (10.286%)  route 10.409ns (89.714%))
  Logic Levels:           2  (IBUF=1 LUT4=1)

    Location             Delay type                Incr(ns)  Path(ns)    Netlist Resource(s)
  -------------------------------------------------------------------    -------------------
    F15                                               0.000     0.000 r  btn[4] (IN)
                         net (fo=0)                   0.000     0.000    btn[4]
    F15                  IBUF (Prop_ibuf_I_O)         1.069     1.069 r  btn_IBUF[4]_inst/O
                         net (fo=3, routed)           9.438    10.507    trigger_v_stepper/debouncer_down/btn_IBUF[0]
    SLICE_X140Y123       LUT4 (Prop_lut4_I1_O)        0.124    10.631 r  trigger_v_stepper/debouncer_down/counter[0]_i_1__2/O
                         net (fo=21, routed)          0.971    11.603    trigger_v_stepper/debouncer_down/counter[0]_i_1__2_n_0
    SLICE_X143Y125       FDRE                                         r  trigger_v_stepper/debouncer_down/counter_reg[15]/R
  -------------------------------------------------------------------    -------------------

Slack:                    inf
  Source:                 btn[4]
                            (input port)
  Destination:            trigger_v_stepper/debouncer_down/counter_reg[10]/R
  Path Group:             (none)
  Path Type:              Max at Slow Process Corner
  Data Path Delay:        11.426ns  (logic 1.193ns (10.444%)  route 10.233ns (89.556%))
  Logic Levels:           2  (IBUF=1 LUT4=1)

    Location             Delay type                Incr(ns)  Path(ns)    Netlist Resource(s)
  -------------------------------------------------------------------    -------------------
    F15                                               0.000     0.000 r  btn[4] (IN)
                         net (fo=0)                   0.000     0.000    btn[4]
    F15                  IBUF (Prop_ibuf_I_O)         1.069     1.069 r  btn_IBUF[4]_inst/O
                         net (fo=3, routed)           9.438    10.507    trigger_v_stepper/debouncer_down/btn_IBUF[0]
    SLICE_X140Y123       LUT4 (Prop_lut4_I1_O)        0.124    10.631 r  trigger_v_stepper/debouncer_down/counter[0]_i_1__2/O
                         net (fo=21, routed)          0.795    11.426    trigger_v_stepper/debouncer_down/counter[0]_i_1__2_n_0
    SLICE_X143Y124       FDRE                                         r  trigger_v_stepper/debouncer_down/counter_reg[10]/R
  -------------------------------------------------------------------    -------------------





Min Delay Paths
--------------------------------------------------------------------------------------
Slack:                    inf
  Source:                 trigger_t_stepper/prev_up_reg/C
                            (rising edge-triggered cell FDRE)
  Destination:            trigger_t_stepper/process_q_reg[9]/D
  Path Group:             (none)
  Path Type:              Min at Fast Process Corner
  Data Path Delay:        0.303ns  (logic 0.209ns (68.930%)  route 0.094ns (31.070%))
  Logic Levels:           2  (FDRE=1 LUT6=1)

    Location             Delay type                Incr(ns)  Path(ns)    Netlist Resource(s)
  -------------------------------------------------------------------    -------------------
    SLICE_X150Y112       FDRE                         0.000     0.000 r  trigger_t_stepper/prev_up_reg/C
    SLICE_X150Y112       FDRE (Prop_fdre_C_Q)         0.164     0.164 r  trigger_t_stepper/prev_up_reg/Q
                         net (fo=2, routed)           0.094     0.258    trigger_t_stepper/debouncer_up/prev_up
    SLICE_X151Y112       LUT6 (Prop_lut6_I1_O)        0.045     0.303 r  trigger_t_stepper/debouncer_up/process_q[9]_i_1/O
                         net (fo=1, routed)           0.000     0.303    trigger_t_stepper/debouncer_up_n_11
    SLICE_X151Y112       FDRE                                         r  trigger_t_stepper/process_q_reg[9]/D
  -------------------------------------------------------------------    -------------------

Slack:                    inf
  Source:                 trigger_t_stepper/process_q_reg[4]/C
                            (rising edge-triggered cell FDRE)
  Destination:            trigger_t_stepper/process_q_reg[4]/D
  Path Group:             (none)
  Path Type:              Min at Fast Process Corner
  Data Path Delay:        0.323ns  (logic 0.186ns (57.505%)  route 0.137ns (42.495%))
  Logic Levels:           2  (FDRE=1 LUT6=1)

    Location             Delay type                Incr(ns)  Path(ns)    Netlist Resource(s)
  -------------------------------------------------------------------    -------------------
    SLICE_X153Y111       FDRE                         0.000     0.000 r  trigger_t_stepper/process_q_reg[4]/C
    SLICE_X153Y111       FDRE (Prop_fdre_C_Q)         0.141     0.141 r  trigger_t_stepper/process_q_reg[4]/Q
                         net (fo=8, routed)           0.137     0.278    trigger_t_stepper/debouncer_up/process_q_reg[4]_0
    SLICE_X153Y111       LUT6 (Prop_lut6_I0_O)        0.045     0.323 r  trigger_t_stepper/debouncer_up/process_q[4]_i_1/O
                         net (fo=1, routed)           0.000     0.323    trigger_t_stepper/debouncer_up_n_9
    SLICE_X153Y111       FDRE                                         r  trigger_t_stepper/process_q_reg[4]/D
  -------------------------------------------------------------------    -------------------

Slack:                    inf
  Source:                 trigger_t_stepper/debouncer_down/btn_out_reg/C
                            (rising edge-triggered cell FDRE)
  Destination:            trigger_t_stepper/prev_down_reg/D
  Path Group:             (none)
  Path Type:              Min at Fast Process Corner
  Data Path Delay:        0.341ns  (logic 0.141ns (41.381%)  route 0.200ns (58.619%))
  Logic Levels:           1  (FDRE=1)

    Location             Delay type                Incr(ns)  Path(ns)    Netlist Resource(s)
  -------------------------------------------------------------------    -------------------
    SLICE_X147Y113       FDRE                         0.000     0.000 r  trigger_t_stepper/debouncer_down/btn_out_reg/C
    SLICE_X147Y113       FDRE (Prop_fdre_C_Q)         0.141     0.141 r  trigger_t_stepper/debouncer_down/btn_out_reg/Q
                         net (fo=2, routed)           0.200     0.341    trigger_t_stepper/down_debounced
    SLICE_X151Y110       FDRE                                         r  trigger_t_stepper/prev_down_reg/D
  -------------------------------------------------------------------    -------------------

Slack:                    inf
  Source:                 trigger_v_stepper/debouncer_up/btn_out_reg/C
                            (rising edge-triggered cell FDRE)
  Destination:            trigger_v_stepper/prev_up_reg/D
  Path Group:             (none)
  Path Type:              Min at Fast Process Corner
  Data Path Delay:        0.345ns  (logic 0.164ns (47.484%)  route 0.181ns (52.516%))
  Logic Levels:           1  (FDRE=1)

    Location             Delay type                Incr(ns)  Path(ns)    Netlist Resource(s)
  -------------------------------------------------------------------    -------------------
    SLICE_X142Y115       FDRE                         0.000     0.000 r  trigger_v_stepper/debouncer_up/btn_out_reg/C
    SLICE_X142Y115       FDRE (Prop_fdre_C_Q)         0.164     0.164 r  trigger_v_stepper/debouncer_up/btn_out_reg/Q
                         net (fo=2, routed)           0.181     0.345    trigger_v_stepper/up_debounced
    SLICE_X142Y115       FDRE                                         r  trigger_v_stepper/prev_up_reg/D
  -------------------------------------------------------------------    -------------------

Slack:                    inf
  Source:                 trigger_v_stepper/process_q_reg[7]/C
                            (rising edge-triggered cell FDRE)
  Destination:            trigger_v_stepper/process_q_reg[8]/D
  Path Group:             (none)
  Path Type:              Min at Fast Process Corner
  Data Path Delay:        0.348ns  (logic 0.186ns (53.501%)  route 0.162ns (46.499%))
  Logic Levels:           2  (FDRE=1 LUT6=1)

    Location             Delay type                Incr(ns)  Path(ns)    Netlist Resource(s)
  -------------------------------------------------------------------    -------------------
    SLICE_X143Y114       FDRE                         0.000     0.000 r  trigger_v_stepper/process_q_reg[7]/C
    SLICE_X143Y114       FDRE (Prop_fdre_C_Q)         0.141     0.141 r  trigger_v_stepper/process_q_reg[7]/Q
                         net (fo=7, routed)           0.162     0.303    trigger_v_stepper/debouncer_up/Q[4]
    SLICE_X143Y113       LUT6 (Prop_lut6_I4_O)        0.045     0.348 r  trigger_v_stepper/debouncer_up/process_q[8]_i_1__0/O
                         net (fo=1, routed)           0.000     0.348    trigger_v_stepper/debouncer_up_n_10
    SLICE_X143Y113       FDRE                                         r  trigger_v_stepper/process_q_reg[8]/D
  -------------------------------------------------------------------    -------------------

Slack:                    inf
  Source:                 trigger_v_stepper/debouncer_down/btn_out_reg/C
                            (rising edge-triggered cell FDRE)
  Destination:            trigger_v_stepper/prev_down_reg/D
  Path Group:             (none)
  Path Type:              Min at Fast Process Corner
  Data Path Delay:        0.350ns  (logic 0.164ns (46.913%)  route 0.186ns (53.087%))
  Logic Levels:           1  (FDRE=1)

    Location             Delay type                Incr(ns)  Path(ns)    Netlist Resource(s)
  -------------------------------------------------------------------    -------------------
    SLICE_X140Y118       FDRE                         0.000     0.000 r  trigger_v_stepper/debouncer_down/btn_out_reg/C
    SLICE_X140Y118       FDRE (Prop_fdre_C_Q)         0.164     0.164 r  trigger_v_stepper/debouncer_down/btn_out_reg/Q
                         net (fo=2, routed)           0.186     0.350    trigger_v_stepper/down_debounced
    SLICE_X141Y114       FDRE                                         r  trigger_v_stepper/prev_down_reg/D
  -------------------------------------------------------------------    -------------------

Slack:                    inf
  Source:                 trigger_t_stepper/process_q_reg[3]/C
                            (rising edge-triggered cell FDRE)
  Destination:            trigger_t_stepper/process_q_reg[3]/D
  Path Group:             (none)
  Path Type:              Min at Fast Process Corner
  Data Path Delay:        0.363ns  (logic 0.186ns (51.172%)  route 0.177ns (48.828%))
  Logic Levels:           2  (FDRE=1 LUT6=1)

    Location             Delay type                Incr(ns)  Path(ns)    Netlist Resource(s)
  -------------------------------------------------------------------    -------------------
    SLICE_X153Y111       FDRE                         0.000     0.000 r  trigger_t_stepper/process_q_reg[3]/C
    SLICE_X153Y111       FDRE (Prop_fdre_C_Q)         0.141     0.141 r  trigger_t_stepper/process_q_reg[3]/Q
                         net (fo=10, routed)          0.177     0.318    trigger_t_stepper/debouncer_up/process_q_reg[3]_0
    SLICE_X153Y111       LUT6 (Prop_lut6_I0_O)        0.045     0.363 r  trigger_t_stepper/debouncer_up/process_q[3]_i_1/O
                         net (fo=1, routed)           0.000     0.363    trigger_t_stepper/debouncer_up_n_10
    SLICE_X153Y111       FDRE                                         r  trigger_t_stepper/process_q_reg[3]/D
  -------------------------------------------------------------------    -------------------

Slack:                    inf
  Source:                 trigger_t_stepper/debouncer_down/counter_reg[11]/C
                            (rising edge-triggered cell FDRE)
  Destination:            trigger_t_stepper/debouncer_down/counter_reg[11]/D
  Path Group:             (none)
  Path Type:              Min at Fast Process Corner
  Data Path Delay:        0.366ns  (logic 0.249ns (67.994%)  route 0.117ns (32.006%))
  Logic Levels:           2  (CARRY4=1 FDRE=1)

    Location             Delay type                Incr(ns)  Path(ns)    Netlist Resource(s)
  -------------------------------------------------------------------    -------------------
    SLICE_X141Y120       FDRE                         0.000     0.000 r  trigger_t_stepper/debouncer_down/counter_reg[11]/C
    SLICE_X141Y120       FDRE (Prop_fdre_C_Q)         0.141     0.141 r  trigger_t_stepper/debouncer_down/counter_reg[11]/Q
                         net (fo=2, routed)           0.117     0.258    trigger_t_stepper/debouncer_down/counter_reg[11]
    SLICE_X141Y120       CARRY4 (Prop_carry4_S[3]_O[3])
                                                      0.108     0.366 r  trigger_t_stepper/debouncer_down/counter_reg[8]_i_1__0/O[3]
                         net (fo=1, routed)           0.000     0.366    trigger_t_stepper/debouncer_down/counter_reg[8]_i_1__0_n_4
    SLICE_X141Y120       FDRE                                         r  trigger_t_stepper/debouncer_down/counter_reg[11]/D
  -------------------------------------------------------------------    -------------------

Slack:                    inf
  Source:                 trigger_t_stepper/process_q_reg[6]/C
                            (rising edge-triggered cell FDRE)
  Destination:            trigger_t_stepper/process_q_reg[6]/D
  Path Group:             (none)
  Path Type:              Min at Fast Process Corner
  Data Path Delay:        0.366ns  (logic 0.186ns (50.768%)  route 0.180ns (49.232%))
  Logic Levels:           2  (FDRE=1 LUT6=1)

    Location             Delay type                Incr(ns)  Path(ns)    Netlist Resource(s)
  -------------------------------------------------------------------    -------------------
    SLICE_X153Y110       FDRE                         0.000     0.000 r  trigger_t_stepper/process_q_reg[6]/C
    SLICE_X153Y110       FDRE (Prop_fdre_C_Q)         0.141     0.141 r  trigger_t_stepper/process_q_reg[6]/Q
                         net (fo=9, routed)           0.180     0.321    trigger_t_stepper/debouncer_up/Q[2]
    SLICE_X153Y110       LUT6 (Prop_lut6_I0_O)        0.045     0.366 r  trigger_t_stepper/debouncer_up/process_q[6]_i_1__0/O
                         net (fo=1, routed)           0.000     0.366    trigger_t_stepper/debouncer_up_n_3
    SLICE_X153Y110       FDRE                                         r  trigger_t_stepper/process_q_reg[6]/D
  -------------------------------------------------------------------    -------------------

Slack:                    inf
  Source:                 trigger_v_stepper/debouncer_down/counter_reg[7]/C
                            (rising edge-triggered cell FDRE)
  Destination:            trigger_v_stepper/debouncer_down/counter_reg[7]/D
  Path Group:             (none)
  Path Type:              Min at Fast Process Corner
  Data Path Delay:        0.367ns  (logic 0.249ns (67.829%)  route 0.118ns (32.171%))
  Logic Levels:           2  (CARRY4=1 FDRE=1)

    Location             Delay type                Incr(ns)  Path(ns)    Netlist Resource(s)
  -------------------------------------------------------------------    -------------------
    SLICE_X143Y123       FDRE                         0.000     0.000 r  trigger_v_stepper/debouncer_down/counter_reg[7]/C
    SLICE_X143Y123       FDRE (Prop_fdre_C_Q)         0.141     0.141 r  trigger_v_stepper/debouncer_down/counter_reg[7]/Q
                         net (fo=2, routed)           0.118     0.259    trigger_v_stepper/debouncer_down/counter_reg[7]
    SLICE_X143Y123       CARRY4 (Prop_carry4_S[3]_O[3])
                                                      0.108     0.367 r  trigger_v_stepper/debouncer_down/counter_reg[4]_i_1__2/O[3]
                         net (fo=1, routed)           0.000     0.367    trigger_v_stepper/debouncer_down/counter_reg[4]_i_1__2_n_4
    SLICE_X143Y123       FDRE                                         r  trigger_v_stepper/debouncer_down/counter_reg[7]/D
  -------------------------------------------------------------------    -------------------





--------------------------------------------------------------------------------------
Path Group:  (none)
From Clock:  clk_out2_clk_wiz_0
  To Clock:  

Max Delay             8 Endpoints
Min Delay             8 Endpoints
--------------------------------------------------------------------------------------


Max Delay Paths
--------------------------------------------------------------------------------------
Slack:                    inf
  Source:                 video1/inst_dvid/ODDR2_red/C
                            (falling edge-triggered cell ODDR clocked by clk_out2_clk_wiz_0  {rise@0.000ns fall@4.000ns period=8.000ns})
  Destination:            tmdsb[2]
                            (output port)
  Path Group:             (none)
  Path Type:              Max at Slow Process Corner
  Data Path Delay:        2.370ns  (logic 2.369ns (99.958%)  route 0.001ns (0.042%))
  Logic Levels:           1  (OBUFDS=1)
  Clock Uncertainty:      0.166ns  ((TSJ^2 + DJ^2)^1/2) / 2 + PE
    Total System Jitter     (TSJ):    0.050ns
    Discrete Jitter          (DJ):    0.125ns
    Phase Error              (PE):    0.099ns

    Location             Delay type                Incr(ns)  Path(ns)    Netlist Resource(s)
  -------------------------------------------------------------------    -------------------
                         (clock clk_out2_clk_wiz_0 fall edge)
                                                      4.000     4.000 f  
    BUFGCTRL_X0Y1        BUFG                         0.000     4.000 f  clk_IBUF_BUFG_inst/O
                         net (fo=116, routed)         2.106     6.106    video1/mmcm_adv_inst_display_clocks/inst/clk_in1
    MMCME2_ADV_X1Y0      MMCME2_ADV (Prop_mmcme2_adv_CLKIN1_CLKOUT1)
                                                     -4.900     1.207 f  video1/mmcm_adv_inst_display_clocks/inst/mmcm_adv_inst/CLKOUT1
                         net (fo=1, routed)           2.697     3.904    video1/mmcm_adv_inst_display_clocks/inst/clk_out2_clk_wiz_0
    BUFGCTRL_X0Y0        BUFG (Prop_bufg_I_O)         0.096     4.000 f  video1/mmcm_adv_inst_display_clocks/inst/clkout2_buf/O
                         net (fo=44, routed)          1.831     5.831    video1/inst_dvid/clk_out2
    OLOGIC_X1Y134        ODDR                                         f  video1/inst_dvid/ODDR2_red/C
  -------------------------------------------------------------------    -------------------
    OLOGIC_X1Y134        ODDR (Prop_oddr_C_Q)         0.472     6.303 r  video1/inst_dvid/ODDR2_red/Q
                         net (fo=1, routed)           0.001     6.304    video1/red_s
    AB3                  OBUFDS (Prop_obufds_I_OB)    1.897     8.201 r  video1/OBUFDS_green/OB
                         net (fo=0)                   0.000     8.201    tmdsb[2]
    AB2                                                               r  tmdsb[2] (OUT)
  -------------------------------------------------------------------    -------------------

Slack:                    inf
  Source:                 video1/inst_dvid/ODDR2_green/C
                            (falling edge-triggered cell ODDR clocked by clk_out2_clk_wiz_0  {rise@0.000ns fall@4.000ns period=8.000ns})
  Destination:            tmdsb[1]
                            (output port)
  Path Group:             (none)
  Path Type:              Max at Slow Process Corner
  Data Path Delay:        2.369ns  (logic 2.368ns (99.958%)  route 0.001ns (0.042%))
  Logic Levels:           1  (OBUFDS=1)
  Clock Uncertainty:      0.166ns  ((TSJ^2 + DJ^2)^1/2) / 2 + PE
    Total System Jitter     (TSJ):    0.050ns
    Discrete Jitter          (DJ):    0.125ns
    Phase Error              (PE):    0.099ns

    Location             Delay type                Incr(ns)  Path(ns)    Netlist Resource(s)
  -------------------------------------------------------------------    -------------------
                         (clock clk_out2_clk_wiz_0 fall edge)
                                                      4.000     4.000 f  
    BUFGCTRL_X0Y1        BUFG                         0.000     4.000 f  clk_IBUF_BUFG_inst/O
                         net (fo=116, routed)         2.106     6.106    video1/mmcm_adv_inst_display_clocks/inst/clk_in1
    MMCME2_ADV_X1Y0      MMCME2_ADV (Prop_mmcme2_adv_CLKIN1_CLKOUT1)
                                                     -4.900     1.207 f  video1/mmcm_adv_inst_display_clocks/inst/mmcm_adv_inst/CLKOUT1
                         net (fo=1, routed)           2.697     3.904    video1/mmcm_adv_inst_display_clocks/inst/clk_out2_clk_wiz_0
    BUFGCTRL_X0Y0        BUFG (Prop_bufg_I_O)         0.096     4.000 f  video1/mmcm_adv_inst_display_clocks/inst/clkout2_buf/O
                         net (fo=44, routed)          1.832     5.832    video1/inst_dvid/clk_out2
    OLOGIC_X1Y136        ODDR                                         f  video1/inst_dvid/ODDR2_green/C
  -------------------------------------------------------------------    -------------------
    OLOGIC_X1Y136        ODDR (Prop_oddr_C_Q)         0.472     6.304 r  video1/inst_dvid/ODDR2_green/Q
                         net (fo=1, routed)           0.001     6.305    video1/green_s
    AA1                  OBUFDS (Prop_obufds_I_OB)    1.896     8.201 r  video1/OBUFDS_red/OB
                         net (fo=0)                   0.000     8.201    tmdsb[1]
    AB1                                                               r  tmdsb[1] (OUT)
  -------------------------------------------------------------------    -------------------

Slack:                    inf
  Source:                 video1/inst_dvid/ODDR2_red/C
                            (falling edge-triggered cell ODDR clocked by clk_out2_clk_wiz_0  {rise@0.000ns fall@4.000ns period=8.000ns})
  Destination:            tmds[2]
                            (output port)
  Path Group:             (none)
  Path Type:              Max at Slow Process Corner
  Data Path Delay:        2.369ns  (logic 2.368ns (99.958%)  route 0.001ns (0.042%))
  Logic Levels:           1  (OBUFDS=1)
  Clock Uncertainty:      0.166ns  ((TSJ^2 + DJ^2)^1/2) / 2 + PE
    Total System Jitter     (TSJ):    0.050ns
    Discrete Jitter          (DJ):    0.125ns
    Phase Error              (PE):    0.099ns

    Location             Delay type                Incr(ns)  Path(ns)    Netlist Resource(s)
  -------------------------------------------------------------------    -------------------
                         (clock clk_out2_clk_wiz_0 fall edge)
                                                      4.000     4.000 f  
    BUFGCTRL_X0Y1        BUFG                         0.000     4.000 f  clk_IBUF_BUFG_inst/O
                         net (fo=116, routed)         2.106     6.106    video1/mmcm_adv_inst_display_clocks/inst/clk_in1
    MMCME2_ADV_X1Y0      MMCME2_ADV (Prop_mmcme2_adv_CLKIN1_CLKOUT1)
                                                     -4.900     1.207 f  video1/mmcm_adv_inst_display_clocks/inst/mmcm_adv_inst/CLKOUT1
                         net (fo=1, routed)           2.697     3.904    video1/mmcm_adv_inst_display_clocks/inst/clk_out2_clk_wiz_0
    BUFGCTRL_X0Y0        BUFG (Prop_bufg_I_O)         0.096     4.000 f  video1/mmcm_adv_inst_display_clocks/inst/clkout2_buf/O
                         net (fo=44, routed)          1.831     5.831    video1/inst_dvid/clk_out2
    OLOGIC_X1Y134        ODDR                                         f  video1/inst_dvid/ODDR2_red/C
  -------------------------------------------------------------------    -------------------
    OLOGIC_X1Y134        ODDR (Prop_oddr_C_Q)         0.472     6.303 r  video1/inst_dvid/ODDR2_red/Q
                         net (fo=1, routed)           0.001     6.304    video1/red_s
    AB3                  OBUFDS (Prop_obufds_I_O)     1.896     8.200 r  video1/OBUFDS_green/O
                         net (fo=0)                   0.000     8.200    tmds[2]
    AB3                                                               r  tmds[2] (OUT)
  -------------------------------------------------------------------    -------------------

Slack:                    inf
  Source:                 video1/inst_dvid/ODDR2_green/C
                            (falling edge-triggered cell ODDR clocked by clk_out2_clk_wiz_0  {rise@0.000ns fall@4.000ns period=8.000ns})
  Destination:            tmds[1]
                            (output port)
  Path Group:             (none)
  Path Type:              Max at Slow Process Corner
  Data Path Delay:        2.368ns  (logic 2.367ns (99.958%)  route 0.001ns (0.042%))
  Logic Levels:           1  (OBUFDS=1)
  Clock Uncertainty:      0.166ns  ((TSJ^2 + DJ^2)^1/2) / 2 + PE
    Total System Jitter     (TSJ):    0.050ns
    Discrete Jitter          (DJ):    0.125ns
    Phase Error              (PE):    0.099ns

    Location             Delay type                Incr(ns)  Path(ns)    Netlist Resource(s)
  -------------------------------------------------------------------    -------------------
                         (clock clk_out2_clk_wiz_0 fall edge)
                                                      4.000     4.000 f  
    BUFGCTRL_X0Y1        BUFG                         0.000     4.000 f  clk_IBUF_BUFG_inst/O
                         net (fo=116, routed)         2.106     6.106    video1/mmcm_adv_inst_display_clocks/inst/clk_in1
    MMCME2_ADV_X1Y0      MMCME2_ADV (Prop_mmcme2_adv_CLKIN1_CLKOUT1)
                                                     -4.900     1.207 f  video1/mmcm_adv_inst_display_clocks/inst/mmcm_adv_inst/CLKOUT1
                         net (fo=1, routed)           2.697     3.904    video1/mmcm_adv_inst_display_clocks/inst/clk_out2_clk_wiz_0
    BUFGCTRL_X0Y0        BUFG (Prop_bufg_I_O)         0.096     4.000 f  video1/mmcm_adv_inst_display_clocks/inst/clkout2_buf/O
                         net (fo=44, routed)          1.832     5.832    video1/inst_dvid/clk_out2
    OLOGIC_X1Y136        ODDR                                         f  video1/inst_dvid/ODDR2_green/C
  -------------------------------------------------------------------    -------------------
    OLOGIC_X1Y136        ODDR (Prop_oddr_C_Q)         0.472     6.304 r  video1/inst_dvid/ODDR2_green/Q
                         net (fo=1, routed)           0.001     6.305    video1/green_s
    AA1                  OBUFDS (Prop_obufds_I_O)     1.895     8.200 r  video1/OBUFDS_red/O
                         net (fo=0)                   0.000     8.200    tmds[1]
    AA1                                                               r  tmds[1] (OUT)
  -------------------------------------------------------------------    -------------------

Slack:                    inf
  Source:                 video1/inst_dvid/ODDR2_blue/C
                            (falling edge-triggered cell ODDR clocked by clk_out2_clk_wiz_0  {rise@0.000ns fall@4.000ns period=8.000ns})
  Destination:            tmdsb[0]
                            (output port)
  Path Group:             (none)
  Path Type:              Max at Slow Process Corner
  Data Path Delay:        2.358ns  (logic 2.357ns (99.958%)  route 0.001ns (0.042%))
  Logic Levels:           1  (OBUFDS=1)
  Clock Uncertainty:      0.166ns  ((TSJ^2 + DJ^2)^1/2) / 2 + PE
    Total System Jitter     (TSJ):    0.050ns
    Discrete Jitter          (DJ):    0.125ns
    Phase Error              (PE):    0.099ns

    Location             Delay type                Incr(ns)  Path(ns)    Netlist Resource(s)
  -------------------------------------------------------------------    -------------------
                         (clock clk_out2_clk_wiz_0 fall edge)
                                                      4.000     4.000 f  
    BUFGCTRL_X0Y1        BUFG                         0.000     4.000 f  clk_IBUF_BUFG_inst/O
                         net (fo=116, routed)         2.106     6.106    video1/mmcm_adv_inst_display_clocks/inst/clk_in1
    MMCME2_ADV_X1Y0      MMCME2_ADV (Prop_mmcme2_adv_CLKIN1_CLKOUT1)
                                                     -4.900     1.207 f  video1/mmcm_adv_inst_display_clocks/inst/mmcm_adv_inst/CLKOUT1
                         net (fo=1, routed)           2.697     3.904    video1/mmcm_adv_inst_display_clocks/inst/clk_out2_clk_wiz_0
    BUFGCTRL_X0Y0        BUFG (Prop_bufg_I_O)         0.096     4.000 f  video1/mmcm_adv_inst_display_clocks/inst/clkout2_buf/O
                         net (fo=44, routed)          1.835     5.835    video1/inst_dvid/clk_out2
    OLOGIC_X1Y140        ODDR                                         f  video1/inst_dvid/ODDR2_blue/C
  -------------------------------------------------------------------    -------------------
    OLOGIC_X1Y140        ODDR (Prop_oddr_C_Q)         0.472     6.307 r  video1/inst_dvid/ODDR2_blue/Q
                         net (fo=1, routed)           0.001     6.308    video1/blue_s
    W1                   OBUFDS (Prop_obufds_I_OB)    1.885     8.193 r  video1/OBUFDS_blue/OB
                         net (fo=0)                   0.000     8.193    tmdsb[0]
    Y1                                                                r  tmdsb[0] (OUT)
  -------------------------------------------------------------------    -------------------

Slack:                    inf
  Source:                 video1/inst_dvid/ODDR2_blue/C
                            (falling edge-triggered cell ODDR clocked by clk_out2_clk_wiz_0  {rise@0.000ns fall@4.000ns period=8.000ns})
  Destination:            tmds[0]
                            (output port)
  Path Group:             (none)
  Path Type:              Max at Slow Process Corner
  Data Path Delay:        2.357ns  (logic 2.356ns (99.958%)  route 0.001ns (0.042%))
  Logic Levels:           1  (OBUFDS=1)
  Clock Uncertainty:      0.166ns  ((TSJ^2 + DJ^2)^1/2) / 2 + PE
    Total System Jitter     (TSJ):    0.050ns
    Discrete Jitter          (DJ):    0.125ns
    Phase Error              (PE):    0.099ns

    Location             Delay type                Incr(ns)  Path(ns)    Netlist Resource(s)
  -------------------------------------------------------------------    -------------------
                         (clock clk_out2_clk_wiz_0 fall edge)
                                                      4.000     4.000 f  
    BUFGCTRL_X0Y1        BUFG                         0.000     4.000 f  clk_IBUF_BUFG_inst/O
                         net (fo=116, routed)         2.106     6.106    video1/mmcm_adv_inst_display_clocks/inst/clk_in1
    MMCME2_ADV_X1Y0      MMCME2_ADV (Prop_mmcme2_adv_CLKIN1_CLKOUT1)
                                                     -4.900     1.207 f  video1/mmcm_adv_inst_display_clocks/inst/mmcm_adv_inst/CLKOUT1
                         net (fo=1, routed)           2.697     3.904    video1/mmcm_adv_inst_display_clocks/inst/clk_out2_clk_wiz_0
    BUFGCTRL_X0Y0        BUFG (Prop_bufg_I_O)         0.096     4.000 f  video1/mmcm_adv_inst_display_clocks/inst/clkout2_buf/O
                         net (fo=44, routed)          1.835     5.835    video1/inst_dvid/clk_out2
    OLOGIC_X1Y140        ODDR                                         f  video1/inst_dvid/ODDR2_blue/C
  -------------------------------------------------------------------    -------------------
    OLOGIC_X1Y140        ODDR (Prop_oddr_C_Q)         0.472     6.307 r  video1/inst_dvid/ODDR2_blue/Q
                         net (fo=1, routed)           0.001     6.308    video1/blue_s
    W1                   OBUFDS (Prop_obufds_I_O)     1.884     8.192 r  video1/OBUFDS_blue/O
                         net (fo=0)                   0.000     8.192    tmds[0]
    W1                                                                r  tmds[0] (OUT)
  -------------------------------------------------------------------    -------------------

Slack:                    inf
  Source:                 video1/inst_dvid/ODDR2_clock/C
                            (falling edge-triggered cell ODDR clocked by clk_out2_clk_wiz_0  {rise@0.000ns fall@4.000ns period=8.000ns})
  Destination:            tmdsb[3]
                            (output port)
  Path Group:             (none)
  Path Type:              Max at Slow Process Corner
  Data Path Delay:        2.341ns  (logic 2.340ns (99.957%)  route 0.001ns (0.043%))
  Logic Levels:           1  (OBUFDS=1)
  Clock Uncertainty:      0.166ns  ((TSJ^2 + DJ^2)^1/2) / 2 + PE
    Total System Jitter     (TSJ):    0.050ns
    Discrete Jitter          (DJ):    0.125ns
    Phase Error              (PE):    0.099ns

    Location             Delay type                Incr(ns)  Path(ns)    Netlist Resource(s)
  -------------------------------------------------------------------    -------------------
                         (clock clk_out2_clk_wiz_0 fall edge)
                                                      4.000     4.000 f  
    BUFGCTRL_X0Y1        BUFG                         0.000     4.000 f  clk_IBUF_BUFG_inst/O
                         net (fo=116, routed)         2.106     6.106    video1/mmcm_adv_inst_display_clocks/inst/clk_in1
    MMCME2_ADV_X1Y0      MMCME2_ADV (Prop_mmcme2_adv_CLKIN1_CLKOUT1)
                                                     -4.900     1.207 f  video1/mmcm_adv_inst_display_clocks/inst/mmcm_adv_inst/CLKOUT1
                         net (fo=1, routed)           2.697     3.904    video1/mmcm_adv_inst_display_clocks/inst/clk_out2_clk_wiz_0
    BUFGCTRL_X0Y0        BUFG (Prop_bufg_I_O)         0.096     4.000 f  video1/mmcm_adv_inst_display_clocks/inst/clkout2_buf/O
                         net (fo=44, routed)          1.838     5.838    video1/inst_dvid/clk_out2
    OLOGIC_X1Y148        ODDR                                         f  video1/inst_dvid/ODDR2_clock/C
  -------------------------------------------------------------------    -------------------
    OLOGIC_X1Y148        ODDR (Prop_oddr_C_Q)         0.472     6.310 r  video1/inst_dvid/ODDR2_clock/Q
                         net (fo=1, routed)           0.001     6.311    video1/clock_s
    T1                   OBUFDS (Prop_obufds_I_OB)    1.868     8.179 r  video1/OBUFDS_clock/OB
                         net (fo=0)                   0.000     8.179    tmdsb[3]
    U1                                                                r  tmdsb[3] (OUT)
  -------------------------------------------------------------------    -------------------

Slack:                    inf
  Source:                 video1/inst_dvid/ODDR2_clock/C
                            (falling edge-triggered cell ODDR clocked by clk_out2_clk_wiz_0  {rise@0.000ns fall@4.000ns period=8.000ns})
  Destination:            tmds[3]
                            (output port)
  Path Group:             (none)
  Path Type:              Max at Slow Process Corner
  Data Path Delay:        2.340ns  (logic 2.339ns (99.957%)  route 0.001ns (0.043%))
  Logic Levels:           1  (OBUFDS=1)
  Clock Uncertainty:      0.166ns  ((TSJ^2 + DJ^2)^1/2) / 2 + PE
    Total System Jitter     (TSJ):    0.050ns
    Discrete Jitter          (DJ):    0.125ns
    Phase Error              (PE):    0.099ns

    Location             Delay type                Incr(ns)  Path(ns)    Netlist Resource(s)
  -------------------------------------------------------------------    -------------------
                         (clock clk_out2_clk_wiz_0 fall edge)
                                                      4.000     4.000 f  
    BUFGCTRL_X0Y1        BUFG                         0.000     4.000 f  clk_IBUF_BUFG_inst/O
                         net (fo=116, routed)         2.106     6.106    video1/mmcm_adv_inst_display_clocks/inst/clk_in1
    MMCME2_ADV_X1Y0      MMCME2_ADV (Prop_mmcme2_adv_CLKIN1_CLKOUT1)
                                                     -4.900     1.207 f  video1/mmcm_adv_inst_display_clocks/inst/mmcm_adv_inst/CLKOUT1
                         net (fo=1, routed)           2.697     3.904    video1/mmcm_adv_inst_display_clocks/inst/clk_out2_clk_wiz_0
    BUFGCTRL_X0Y0        BUFG (Prop_bufg_I_O)         0.096     4.000 f  video1/mmcm_adv_inst_display_clocks/inst/clkout2_buf/O
                         net (fo=44, routed)          1.838     5.838    video1/inst_dvid/clk_out2
    OLOGIC_X1Y148        ODDR                                         f  video1/inst_dvid/ODDR2_clock/C
  -------------------------------------------------------------------    -------------------
    OLOGIC_X1Y148        ODDR (Prop_oddr_C_Q)         0.472     6.310 r  video1/inst_dvid/ODDR2_clock/Q
                         net (fo=1, routed)           0.001     6.311    video1/clock_s
    T1                   OBUFDS (Prop_obufds_I_O)     1.867     8.178 r  video1/OBUFDS_clock/O
                         net (fo=0)                   0.000     8.178    tmds[3]
    T1                                                                r  tmds[3] (OUT)
  -------------------------------------------------------------------    -------------------





Min Delay Paths
--------------------------------------------------------------------------------------
Slack:                    inf
  Source:                 video1/inst_dvid/ODDR2_clock/C
                            (rising edge-triggered cell ODDR clocked by clk_out2_clk_wiz_0  {rise@0.000ns fall@4.000ns period=8.000ns})
  Destination:            tmds[3]
                            (output port)
  Path Group:             (none)
  Path Type:              Min at Fast Process Corner
  Data Path Delay:        0.994ns  (logic 0.993ns (99.899%)  route 0.001ns (0.101%))
  Logic Levels:           1  (OBUFDS=1)
  Clock Uncertainty:      0.166ns  ((TSJ^2 + DJ^2)^1/2) / 2 + PE
    Total System Jitter     (TSJ):    0.050ns
    Discrete Jitter          (DJ):    0.125ns
    Phase Error              (PE):    0.099ns

    Location             Delay type                Incr(ns)  Path(ns)    Netlist Resource(s)
  -------------------------------------------------------------------    -------------------
                         (clock clk_out2_clk_wiz_0 rise edge)
                                                      0.000     0.000 r  
    BUFGCTRL_X0Y1        BUFG                         0.000     0.000 r  clk_IBUF_BUFG_inst/O
                         net (fo=116, routed)         0.745     0.745    video1/mmcm_adv_inst_display_clocks/inst/clk_in1
    MMCME2_ADV_X1Y0      MMCME2_ADV (Prop_mmcme2_adv_CLKIN1_CLKOUT1)
                                                     -1.683    -0.938 r  video1/mmcm_adv_inst_display_clocks/inst/mmcm_adv_inst/CLKOUT1
                         net (fo=1, routed)           0.912    -0.026    video1/mmcm_adv_inst_display_clocks/inst/clk_out2_clk_wiz_0
    BUFGCTRL_X0Y0        BUFG (Prop_bufg_I_O)         0.026    -0.000 r  video1/mmcm_adv_inst_display_clocks/inst/clkout2_buf/O
                         net (fo=44, routed)          0.640     0.640    video1/inst_dvid/clk_out2
    OLOGIC_X1Y148        ODDR                                         r  video1/inst_dvid/ODDR2_clock/C
  -------------------------------------------------------------------    -------------------
    OLOGIC_X1Y148        ODDR (Prop_oddr_C_Q)         0.177     0.817 r  video1/inst_dvid/ODDR2_clock/Q
                         net (fo=1, routed)           0.001     0.818    video1/clock_s
    T1                   OBUFDS (Prop_obufds_I_O)     0.816     1.634 r  video1/OBUFDS_clock/O
                         net (fo=0)                   0.000     1.634    tmds[3]
    T1                                                                r  tmds[3] (OUT)
  -------------------------------------------------------------------    -------------------

Slack:                    inf
  Source:                 video1/inst_dvid/ODDR2_clock/C
                            (rising edge-triggered cell ODDR clocked by clk_out2_clk_wiz_0  {rise@0.000ns fall@4.000ns period=8.000ns})
  Destination:            tmdsb[3]
                            (output port)
  Path Group:             (none)
  Path Type:              Min at Fast Process Corner
  Data Path Delay:        0.995ns  (logic 0.994ns (99.899%)  route 0.001ns (0.101%))
  Logic Levels:           1  (OBUFDS=1)
  Clock Uncertainty:      0.166ns  ((TSJ^2 + DJ^2)^1/2) / 2 + PE
    Total System Jitter     (TSJ):    0.050ns
    Discrete Jitter          (DJ):    0.125ns
    Phase Error              (PE):    0.099ns

    Location             Delay type                Incr(ns)  Path(ns)    Netlist Resource(s)
  -------------------------------------------------------------------    -------------------
                         (clock clk_out2_clk_wiz_0 rise edge)
                                                      0.000     0.000 r  
    BUFGCTRL_X0Y1        BUFG                         0.000     0.000 r  clk_IBUF_BUFG_inst/O
                         net (fo=116, routed)         0.745     0.745    video1/mmcm_adv_inst_display_clocks/inst/clk_in1
    MMCME2_ADV_X1Y0      MMCME2_ADV (Prop_mmcme2_adv_CLKIN1_CLKOUT1)
                                                     -1.683    -0.938 r  video1/mmcm_adv_inst_display_clocks/inst/mmcm_adv_inst/CLKOUT1
                         net (fo=1, routed)           0.912    -0.026    video1/mmcm_adv_inst_display_clocks/inst/clk_out2_clk_wiz_0
    BUFGCTRL_X0Y0        BUFG (Prop_bufg_I_O)         0.026    -0.000 r  video1/mmcm_adv_inst_display_clocks/inst/clkout2_buf/O
                         net (fo=44, routed)          0.640     0.640    video1/inst_dvid/clk_out2
    OLOGIC_X1Y148        ODDR                                         r  video1/inst_dvid/ODDR2_clock/C
  -------------------------------------------------------------------    -------------------
    OLOGIC_X1Y148        ODDR (Prop_oddr_C_Q)         0.177     0.817 r  video1/inst_dvid/ODDR2_clock/Q
                         net (fo=1, routed)           0.001     0.818    video1/clock_s
    T1                   OBUFDS (Prop_obufds_I_OB)    0.817     1.635 r  video1/OBUFDS_clock/OB
                         net (fo=0)                   0.000     1.635    tmdsb[3]
    U1                                                                r  tmdsb[3] (OUT)
  -------------------------------------------------------------------    -------------------

Slack:                    inf
  Source:                 video1/inst_dvid/ODDR2_blue/C
                            (rising edge-triggered cell ODDR clocked by clk_out2_clk_wiz_0  {rise@0.000ns fall@4.000ns period=8.000ns})
  Destination:            tmds[0]
                            (output port)
  Path Group:             (none)
  Path Type:              Min at Fast Process Corner
  Data Path Delay:        1.010ns  (logic 1.009ns (99.901%)  route 0.001ns (0.099%))
  Logic Levels:           1  (OBUFDS=1)
  Clock Uncertainty:      0.166ns  ((TSJ^2 + DJ^2)^1/2) / 2 + PE
    Total System Jitter     (TSJ):    0.050ns
    Discrete Jitter          (DJ):    0.125ns
    Phase Error              (PE):    0.099ns

    Location             Delay type                Incr(ns)  Path(ns)    Netlist Resource(s)
  -------------------------------------------------------------------    -------------------
                         (clock clk_out2_clk_wiz_0 rise edge)
                                                      0.000     0.000 r  
    BUFGCTRL_X0Y1        BUFG                         0.000     0.000 r  clk_IBUF_BUFG_inst/O
                         net (fo=116, routed)         0.745     0.745    video1/mmcm_adv_inst_display_clocks/inst/clk_in1
    MMCME2_ADV_X1Y0      MMCME2_ADV (Prop_mmcme2_adv_CLKIN1_CLKOUT1)
                                                     -1.683    -0.938 r  video1/mmcm_adv_inst_display_clocks/inst/mmcm_adv_inst/CLKOUT1
                         net (fo=1, routed)           0.912    -0.026    video1/mmcm_adv_inst_display_clocks/inst/clk_out2_clk_wiz_0
    BUFGCTRL_X0Y0        BUFG (Prop_bufg_I_O)         0.026    -0.000 r  video1/mmcm_adv_inst_display_clocks/inst/clkout2_buf/O
                         net (fo=44, routed)          0.638     0.638    video1/inst_dvid/clk_out2
    OLOGIC_X1Y140        ODDR                                         r  video1/inst_dvid/ODDR2_blue/C
  -------------------------------------------------------------------    -------------------
    OLOGIC_X1Y140        ODDR (Prop_oddr_C_Q)         0.177     0.815 r  video1/inst_dvid/ODDR2_blue/Q
                         net (fo=1, routed)           0.001     0.816    video1/blue_s
    W1                   OBUFDS (Prop_obufds_I_O)     0.832     1.648 r  video1/OBUFDS_blue/O
                         net (fo=0)                   0.000     1.648    tmds[0]
    W1                                                                r  tmds[0] (OUT)
  -------------------------------------------------------------------    -------------------

Slack:                    inf
  Source:                 video1/inst_dvid/ODDR2_blue/C
                            (rising edge-triggered cell ODDR clocked by clk_out2_clk_wiz_0  {rise@0.000ns fall@4.000ns period=8.000ns})
  Destination:            tmdsb[0]
                            (output port)
  Path Group:             (none)
  Path Type:              Min at Fast Process Corner
  Data Path Delay:        1.011ns  (logic 1.010ns (99.901%)  route 0.001ns (0.099%))
  Logic Levels:           1  (OBUFDS=1)
  Clock Uncertainty:      0.166ns  ((TSJ^2 + DJ^2)^1/2) / 2 + PE
    Total System Jitter     (TSJ):    0.050ns
    Discrete Jitter          (DJ):    0.125ns
    Phase Error              (PE):    0.099ns

    Location             Delay type                Incr(ns)  Path(ns)    Netlist Resource(s)
  -------------------------------------------------------------------    -------------------
                         (clock clk_out2_clk_wiz_0 rise edge)
                                                      0.000     0.000 r  
    BUFGCTRL_X0Y1        BUFG                         0.000     0.000 r  clk_IBUF_BUFG_inst/O
                         net (fo=116, routed)         0.745     0.745    video1/mmcm_adv_inst_display_clocks/inst/clk_in1
    MMCME2_ADV_X1Y0      MMCME2_ADV (Prop_mmcme2_adv_CLKIN1_CLKOUT1)
                                                     -1.683    -0.938 r  video1/mmcm_adv_inst_display_clocks/inst/mmcm_adv_inst/CLKOUT1
                         net (fo=1, routed)           0.912    -0.026    video1/mmcm_adv_inst_display_clocks/inst/clk_out2_clk_wiz_0
    BUFGCTRL_X0Y0        BUFG (Prop_bufg_I_O)         0.026    -0.000 r  video1/mmcm_adv_inst_display_clocks/inst/clkout2_buf/O
                         net (fo=44, routed)          0.638     0.638    video1/inst_dvid/clk_out2
    OLOGIC_X1Y140        ODDR                                         r  video1/inst_dvid/ODDR2_blue/C
  -------------------------------------------------------------------    -------------------
    OLOGIC_X1Y140        ODDR (Prop_oddr_C_Q)         0.177     0.815 r  video1/inst_dvid/ODDR2_blue/Q
                         net (fo=1, routed)           0.001     0.816    video1/blue_s
    W1                   OBUFDS (Prop_obufds_I_OB)    0.833     1.649 r  video1/OBUFDS_blue/OB
                         net (fo=0)                   0.000     1.649    tmdsb[0]
    Y1                                                                r  tmdsb[0] (OUT)
  -------------------------------------------------------------------    -------------------

Slack:                    inf
  Source:                 video1/inst_dvid/ODDR2_green/C
                            (rising edge-triggered cell ODDR clocked by clk_out2_clk_wiz_0  {rise@0.000ns fall@4.000ns period=8.000ns})
  Destination:            tmds[1]
                            (output port)
  Path Group:             (none)
  Path Type:              Min at Fast Process Corner
  Data Path Delay:        1.022ns  (logic 1.021ns (99.902%)  route 0.001ns (0.098%))
  Logic Levels:           1  (OBUFDS=1)
  Clock Uncertainty:      0.166ns  ((TSJ^2 + DJ^2)^1/2) / 2 + PE
    Total System Jitter     (TSJ):    0.050ns
    Discrete Jitter          (DJ):    0.125ns
    Phase Error              (PE):    0.099ns

    Location             Delay type                Incr(ns)  Path(ns)    Netlist Resource(s)
  -------------------------------------------------------------------    -------------------
                         (clock clk_out2_clk_wiz_0 rise edge)
                                                      0.000     0.000 r  
    BUFGCTRL_X0Y1        BUFG                         0.000     0.000 r  clk_IBUF_BUFG_inst/O
                         net (fo=116, routed)         0.745     0.745    video1/mmcm_adv_inst_display_clocks/inst/clk_in1
    MMCME2_ADV_X1Y0      MMCME2_ADV (Prop_mmcme2_adv_CLKIN1_CLKOUT1)
                                                     -1.683    -0.938 r  video1/mmcm_adv_inst_display_clocks/inst/mmcm_adv_inst/CLKOUT1
                         net (fo=1, routed)           0.912    -0.026    video1/mmcm_adv_inst_display_clocks/inst/clk_out2_clk_wiz_0
    BUFGCTRL_X0Y0        BUFG (Prop_bufg_I_O)         0.026    -0.000 r  video1/mmcm_adv_inst_display_clocks/inst/clkout2_buf/O
                         net (fo=44, routed)          0.636     0.636    video1/inst_dvid/clk_out2
    OLOGIC_X1Y136        ODDR                                         r  video1/inst_dvid/ODDR2_green/C
  -------------------------------------------------------------------    -------------------
    OLOGIC_X1Y136        ODDR (Prop_oddr_C_Q)         0.177     0.813 r  video1/inst_dvid/ODDR2_green/Q
                         net (fo=1, routed)           0.001     0.814    video1/green_s
    AA1                  OBUFDS (Prop_obufds_I_O)     0.844     1.657 r  video1/OBUFDS_red/O
                         net (fo=0)                   0.000     1.657    tmds[1]
    AA1                                                               r  tmds[1] (OUT)
  -------------------------------------------------------------------    -------------------

Slack:                    inf
  Source:                 video1/inst_dvid/ODDR2_green/C
                            (rising edge-triggered cell ODDR clocked by clk_out2_clk_wiz_0  {rise@0.000ns fall@4.000ns period=8.000ns})
  Destination:            tmdsb[1]
                            (output port)
  Path Group:             (none)
  Path Type:              Min at Fast Process Corner
  Data Path Delay:        1.023ns  (logic 1.022ns (99.902%)  route 0.001ns (0.098%))
  Logic Levels:           1  (OBUFDS=1)
  Clock Uncertainty:      0.166ns  ((TSJ^2 + DJ^2)^1/2) / 2 + PE
    Total System Jitter     (TSJ):    0.050ns
    Discrete Jitter          (DJ):    0.125ns
    Phase Error              (PE):    0.099ns

    Location             Delay type                Incr(ns)  Path(ns)    Netlist Resource(s)
  -------------------------------------------------------------------    -------------------
                         (clock clk_out2_clk_wiz_0 rise edge)
                                                      0.000     0.000 r  
    BUFGCTRL_X0Y1        BUFG                         0.000     0.000 r  clk_IBUF_BUFG_inst/O
                         net (fo=116, routed)         0.745     0.745    video1/mmcm_adv_inst_display_clocks/inst/clk_in1
    MMCME2_ADV_X1Y0      MMCME2_ADV (Prop_mmcme2_adv_CLKIN1_CLKOUT1)
                                                     -1.683    -0.938 r  video1/mmcm_adv_inst_display_clocks/inst/mmcm_adv_inst/CLKOUT1
                         net (fo=1, routed)           0.912    -0.026    video1/mmcm_adv_inst_display_clocks/inst/clk_out2_clk_wiz_0
    BUFGCTRL_X0Y0        BUFG (Prop_bufg_I_O)         0.026    -0.000 r  video1/mmcm_adv_inst_display_clocks/inst/clkout2_buf/O
                         net (fo=44, routed)          0.636     0.636    video1/inst_dvid/clk_out2
    OLOGIC_X1Y136        ODDR                                         r  video1/inst_dvid/ODDR2_green/C
  -------------------------------------------------------------------    -------------------
    OLOGIC_X1Y136        ODDR (Prop_oddr_C_Q)         0.177     0.813 r  video1/inst_dvid/ODDR2_green/Q
                         net (fo=1, routed)           0.001     0.814    video1/green_s
    AA1                  OBUFDS (Prop_obufds_I_OB)    0.845     1.658 r  video1/OBUFDS_red/OB
                         net (fo=0)                   0.000     1.658    tmdsb[1]
    AB1                                                               r  tmdsb[1] (OUT)
  -------------------------------------------------------------------    -------------------

Slack:                    inf
  Source:                 video1/inst_dvid/ODDR2_red/C
                            (rising edge-triggered cell ODDR clocked by clk_out2_clk_wiz_0  {rise@0.000ns fall@4.000ns period=8.000ns})
  Destination:            tmds[2]
                            (output port)
  Path Group:             (none)
  Path Type:              Min at Fast Process Corner
  Data Path Delay:        1.023ns  (logic 1.022ns (99.902%)  route 0.001ns (0.098%))
  Logic Levels:           1  (OBUFDS=1)
  Clock Uncertainty:      0.166ns  ((TSJ^2 + DJ^2)^1/2) / 2 + PE
    Total System Jitter     (TSJ):    0.050ns
    Discrete Jitter          (DJ):    0.125ns
    Phase Error              (PE):    0.099ns

    Location             Delay type                Incr(ns)  Path(ns)    Netlist Resource(s)
  -------------------------------------------------------------------    -------------------
                         (clock clk_out2_clk_wiz_0 rise edge)
                                                      0.000     0.000 r  
    BUFGCTRL_X0Y1        BUFG                         0.000     0.000 r  clk_IBUF_BUFG_inst/O
                         net (fo=116, routed)         0.745     0.745    video1/mmcm_adv_inst_display_clocks/inst/clk_in1
    MMCME2_ADV_X1Y0      MMCME2_ADV (Prop_mmcme2_adv_CLKIN1_CLKOUT1)
                                                     -1.683    -0.938 r  video1/mmcm_adv_inst_display_clocks/inst/mmcm_adv_inst/CLKOUT1
                         net (fo=1, routed)           0.912    -0.026    video1/mmcm_adv_inst_display_clocks/inst/clk_out2_clk_wiz_0
    BUFGCTRL_X0Y0        BUFG (Prop_bufg_I_O)         0.026    -0.000 r  video1/mmcm_adv_inst_display_clocks/inst/clkout2_buf/O
                         net (fo=44, routed)          0.636     0.636    video1/inst_dvid/clk_out2
    OLOGIC_X1Y134        ODDR                                         r  video1/inst_dvid/ODDR2_red/C
  -------------------------------------------------------------------    -------------------
    OLOGIC_X1Y134        ODDR (Prop_oddr_C_Q)         0.177     0.813 r  video1/inst_dvid/ODDR2_red/Q
                         net (fo=1, routed)           0.001     0.814    video1/red_s
    AB3                  OBUFDS (Prop_obufds_I_O)     0.845     1.659 r  video1/OBUFDS_green/O
                         net (fo=0)                   0.000     1.659    tmds[2]
    AB3                                                               r  tmds[2] (OUT)
  -------------------------------------------------------------------    -------------------

Slack:                    inf
  Source:                 video1/inst_dvid/ODDR2_red/C
                            (rising edge-triggered cell ODDR clocked by clk_out2_clk_wiz_0  {rise@0.000ns fall@4.000ns period=8.000ns})
  Destination:            tmdsb[2]
                            (output port)
  Path Group:             (none)
  Path Type:              Min at Fast Process Corner
  Data Path Delay:        1.024ns  (logic 1.023ns (99.902%)  route 0.001ns (0.098%))
  Logic Levels:           1  (OBUFDS=1)
  Clock Uncertainty:      0.166ns  ((TSJ^2 + DJ^2)^1/2) / 2 + PE
    Total System Jitter     (TSJ):    0.050ns
    Discrete Jitter          (DJ):    0.125ns
    Phase Error              (PE):    0.099ns

    Location             Delay type                Incr(ns)  Path(ns)    Netlist Resource(s)
  -------------------------------------------------------------------    -------------------
                         (clock clk_out2_clk_wiz_0 rise edge)
                                                      0.000     0.000 r  
    BUFGCTRL_X0Y1        BUFG                         0.000     0.000 r  clk_IBUF_BUFG_inst/O
                         net (fo=116, routed)         0.745     0.745    video1/mmcm_adv_inst_display_clocks/inst/clk_in1
    MMCME2_ADV_X1Y0      MMCME2_ADV (Prop_mmcme2_adv_CLKIN1_CLKOUT1)
                                                     -1.683    -0.938 r  video1/mmcm_adv_inst_display_clocks/inst/mmcm_adv_inst/CLKOUT1
                         net (fo=1, routed)           0.912    -0.026    video1/mmcm_adv_inst_display_clocks/inst/clk_out2_clk_wiz_0
    BUFGCTRL_X0Y0        BUFG (Prop_bufg_I_O)         0.026    -0.000 r  video1/mmcm_adv_inst_display_clocks/inst/clkout2_buf/O
                         net (fo=44, routed)          0.636     0.636    video1/inst_dvid/clk_out2
    OLOGIC_X1Y134        ODDR                                         r  video1/inst_dvid/ODDR2_red/C
  -------------------------------------------------------------------    -------------------
    OLOGIC_X1Y134        ODDR (Prop_oddr_C_Q)         0.177     0.813 r  video1/inst_dvid/ODDR2_red/Q
                         net (fo=1, routed)           0.001     0.814    video1/red_s
    AB3                  OBUFDS (Prop_obufds_I_OB)    0.846     1.660 r  video1/OBUFDS_green/OB
                         net (fo=0)                   0.000     1.660    tmdsb[2]
    AB2                                                               r  tmdsb[2] (OUT)
  -------------------------------------------------------------------    -------------------





--------------------------------------------------------------------------------------
Path Group:  (none)
From Clock:  clkfbout_clk_wiz_0
  To Clock:  

Max Delay             1 Endpoint
Min Delay             1 Endpoint
--------------------------------------------------------------------------------------


Max Delay Paths
--------------------------------------------------------------------------------------
Slack:                    inf
  Source:                 video1/mmcm_adv_inst_display_clocks/inst/mmcm_adv_inst/CLKFBOUT
                            (clock source 'clkfbout_clk_wiz_0'  {rise@0.000ns fall@5.000ns period=10.000ns})
  Destination:            video1/mmcm_adv_inst_display_clocks/inst/mmcm_adv_inst/CLKFBIN
  Path Group:             (none)
  Path Type:              Max at Slow Process Corner
  Data Path Delay:        4.900ns  (logic 0.096ns (1.959%)  route 4.804ns (98.041%))
  Logic Levels:           1  (BUFG=1)
  Clock Uncertainty:      0.148ns  ((TSJ^2 + DJ^2)^1/2) / 2 + PE
    Total System Jitter     (TSJ):    0.050ns
    Discrete Jitter          (DJ):    0.086ns
    Phase Error              (PE):    0.099ns

    Location             Delay type                Incr(ns)  Path(ns)    Netlist Resource(s)
  -------------------------------------------------------------------    -------------------
                         (clock clkfbout_clk_wiz_0 fall edge)
                                                      5.000     5.000 f  
    BUFGCTRL_X0Y1        BUFG                         0.000     5.000 f  clk_IBUF_BUFG_inst/O
                         net (fo=116, routed)         2.106     7.106    video1/mmcm_adv_inst_display_clocks/inst/clk_in1
  -------------------------------------------------------------------    -------------------
    MMCME2_ADV_X1Y0      MMCME2_ADV (Prop_mmcme2_adv_CLKIN1_CLKFBOUT)
                                                     -4.900     2.207 f  video1/mmcm_adv_inst_display_clocks/inst/mmcm_adv_inst/CLKFBOUT
                         net (fo=1, routed)           2.697     4.904    video1/mmcm_adv_inst_display_clocks/inst/clkfbout_clk_wiz_0
    BUFGCTRL_X0Y3        BUFG (Prop_bufg_I_O)         0.096     5.000 f  video1/mmcm_adv_inst_display_clocks/inst/clkf_buf/O
                         net (fo=1, routed)           2.106     7.106    video1/mmcm_adv_inst_display_clocks/inst/clkfbout_buf_clk_wiz_0
    MMCME2_ADV_X1Y0      MMCME2_ADV                                   f  video1/mmcm_adv_inst_display_clocks/inst/mmcm_adv_inst/CLKFBIN
  -------------------------------------------------------------------    -------------------





Min Delay Paths
--------------------------------------------------------------------------------------
Slack:                    inf
  Source:                 video1/mmcm_adv_inst_display_clocks/inst/mmcm_adv_inst/CLKFBOUT
                            (clock source 'clkfbout_clk_wiz_0'  {rise@0.000ns fall@5.000ns period=10.000ns})
  Destination:            video1/mmcm_adv_inst_display_clocks/inst/mmcm_adv_inst/CLKFBIN
  Path Group:             (none)
  Path Type:              Min at Fast Process Corner
  Data Path Delay:        1.683ns  (logic 0.026ns (1.545%)  route 1.657ns (98.455%))
  Logic Levels:           1  (BUFG=1)
  Clock Uncertainty:      0.148ns  ((TSJ^2 + DJ^2)^1/2) / 2 + PE
    Total System Jitter     (TSJ):    0.050ns
    Discrete Jitter          (DJ):    0.086ns
    Phase Error              (PE):    0.099ns

    Location             Delay type                Incr(ns)  Path(ns)    Netlist Resource(s)
  -------------------------------------------------------------------    -------------------
                         (clock clkfbout_clk_wiz_0 rise edge)
                                                      0.000     0.000 r  
    BUFGCTRL_X0Y1        BUFG                         0.000     0.000 r  clk_IBUF_BUFG_inst/O
                         net (fo=116, routed)         0.745     0.745    video1/mmcm_adv_inst_display_clocks/inst/clk_in1
  -------------------------------------------------------------------    -------------------
    MMCME2_ADV_X1Y0      MMCME2_ADV (Prop_mmcme2_adv_CLKIN1_CLKFBOUT)
                                                     -1.683    -0.938 r  video1/mmcm_adv_inst_display_clocks/inst/mmcm_adv_inst/CLKFBOUT
                         net (fo=1, routed)           0.912    -0.026    video1/mmcm_adv_inst_display_clocks/inst/clkfbout_clk_wiz_0
    BUFGCTRL_X0Y3        BUFG (Prop_bufg_I_O)         0.026    -0.000 r  video1/mmcm_adv_inst_display_clocks/inst/clkf_buf/O
                         net (fo=1, routed)           0.745     0.745    video1/mmcm_adv_inst_display_clocks/inst/clkfbout_buf_clk_wiz_0
    MMCME2_ADV_X1Y0      MMCME2_ADV                                   r  video1/mmcm_adv_inst_display_clocks/inst/mmcm_adv_inst/CLKFBIN
  -------------------------------------------------------------------    -------------------





--------------------------------------------------------------------------------------
Path Group:  (none)
From Clock:  
  To Clock:  clk_out1_clk_wiz_0

Max Delay            44 Endpoints
Min Delay            44 Endpoints
--------------------------------------------------------------------------------------


Max Delay Paths
--------------------------------------------------------------------------------------
Slack:                    inf
  Source:                 sw[1]
                            (input port)
  Destination:            video1/inst_dvid/TDMS_encoder_green/encoded_reg[1]/D
                            (rising edge-triggered cell FDRE clocked by clk_out1_clk_wiz_0  {rise@0.000ns fall@20.000ns period=40.000ns})
  Path Group:             (none)
  Path Type:              Setup (Max at Slow Process Corner)
  Data Path Delay:        10.958ns  (logic 1.563ns (14.269%)  route 9.394ns (85.731%))
  Logic Levels:           5  (IBUF=1 LUT4=1 LUT5=1 LUT6=2)
  Clock Path Skew:        1.705ns (DCD - SCD + CPR)
    Destination Clock Delay (DCD):    1.705ns
    Source Clock Delay      (SCD):    0.000ns
    Clock Pessimism Removal (CPR):    0.000ns
  Clock Uncertainty:      0.190ns  ((TSJ^2 + DJ^2)^1/2) / 2 + PE
    Total System Jitter     (TSJ):    0.050ns
    Discrete Jitter          (DJ):    0.175ns
    Phase Error              (PE):    0.099ns

    Location             Delay type                Incr(ns)  Path(ns)    Netlist Resource(s)
  -------------------------------------------------------------------    -------------------
    F21                                               0.000     0.000 r  sw[1] (IN)
                         net (fo=0)                   0.000     0.000    sw[1]
    F21                  IBUF (Prop_ibuf_I_O)         1.067     1.067 r  sw_IBUF[1]_inst/O
                         net (fo=3, routed)           6.495     7.563    video1/Inst_vga/vga_signal_generator1/vertical_counter/led_OBUF[1]
    SLICE_X154Y122       LUT4 (Prop_lut4_I2_O)        0.124     7.687 f  video1/Inst_vga/vga_signal_generator1/vertical_counter/dc_bias[3]_i_21/O
                         net (fo=1, routed)           0.452     8.139    video1/Inst_vga/vga_signal_generator1/vertical_counter/dc_bias[3]_i_21_n_0
    SLICE_X154Y122       LUT5 (Prop_lut5_I0_O)        0.124     8.263 r  video1/Inst_vga/vga_signal_generator1/vertical_counter/dc_bias[3]_i_5/O
                         net (fo=4, routed)           1.098     9.361    video1/Inst_vga/vga_signal_generator1/vertical_counter/dc_bias[3]_i_5_n_0
    SLICE_X158Y123       LUT6 (Prop_lut6_I5_O)        0.124     9.485 r  video1/Inst_vga/vga_signal_generator1/vertical_counter/dc_bias[3]_i_3/O
                         net (fo=7, routed)           0.964    10.449    video1/inst_dvid/TDMS_encoder_green/pixel[color][1]
    SLICE_X160Y132       LUT6 (Prop_lut6_I5_O)        0.124    10.573 r  video1/inst_dvid/TDMS_encoder_green/encoded[1]_i_1/O
                         net (fo=2, routed)           0.385    10.958    video1/inst_dvid/TDMS_encoder_green/encoded[1]_i_1_n_0
    SLICE_X160Y132       FDRE                                         r  video1/inst_dvid/TDMS_encoder_green/encoded_reg[1]/D
  -------------------------------------------------------------------    -------------------

                         (clock clk_out1_clk_wiz_0 rise edge)
                                                      0.000     0.000 r  
    BUFGCTRL_X0Y1        BUFG                         0.000     0.000 r  clk_IBUF_BUFG_inst/O
                         net (fo=116, routed)         1.972     1.972    video1/mmcm_adv_inst_display_clocks/inst/clk_in1
    MMCME2_ADV_X1Y0      MMCME2_ADV (Prop_mmcme2_adv_CLKIN1_CLKOUT0)
                                                     -4.637    -2.665 r  video1/mmcm_adv_inst_display_clocks/inst/mmcm_adv_inst/CLKOUT0
                         net (fo=1, routed)           2.574    -0.091    video1/mmcm_adv_inst_display_clocks/inst/clk_out1_clk_wiz_0
    BUFGCTRL_X0Y2        BUFG (Prop_bufg_I_O)         0.091     0.000 r  video1/mmcm_adv_inst_display_clocks/inst/clkout1_buf/O
                         net (fo=64, routed)          1.705     1.705    video1/inst_dvid/TDMS_encoder_green/clk_out1
    SLICE_X160Y132       FDRE                                         r  video1/inst_dvid/TDMS_encoder_green/encoded_reg[1]/C

Slack:                    inf
  Source:                 sw[1]
                            (input port)
  Destination:            video1/inst_dvid/TDMS_encoder_red/dc_bias_reg[1]/D
                            (rising edge-triggered cell FDRE clocked by clk_out1_clk_wiz_0  {rise@0.000ns fall@20.000ns period=40.000ns})
  Path Group:             (none)
  Path Type:              Setup (Max at Slow Process Corner)
  Data Path Delay:        10.690ns  (logic 1.591ns (14.888%)  route 9.098ns (85.112%))
  Logic Levels:           5  (IBUF=1 LUT4=2 LUT5=1 LUT6=1)
  Clock Path Skew:        1.701ns (DCD - SCD + CPR)
    Destination Clock Delay (DCD):    1.701ns
    Source Clock Delay      (SCD):    0.000ns
    Clock Pessimism Removal (CPR):    0.000ns
  Clock Uncertainty:      0.190ns  ((TSJ^2 + DJ^2)^1/2) / 2 + PE
    Total System Jitter     (TSJ):    0.050ns
    Discrete Jitter          (DJ):    0.175ns
    Phase Error              (PE):    0.099ns

    Location             Delay type                Incr(ns)  Path(ns)    Netlist Resource(s)
  -------------------------------------------------------------------    -------------------
    F21                                               0.000     0.000 f  sw[1] (IN)
                         net (fo=0)                   0.000     0.000    sw[1]
    F21                  IBUF (Prop_ibuf_I_O)         1.067     1.067 f  sw_IBUF[1]_inst/O
                         net (fo=3, routed)           6.495     7.563    video1/Inst_vga/vga_signal_generator1/vertical_counter/led_OBUF[1]
    SLICE_X154Y122       LUT4 (Prop_lut4_I2_O)        0.124     7.687 r  video1/Inst_vga/vga_signal_generator1/vertical_counter/dc_bias[3]_i_21/O
                         net (fo=1, routed)           0.452     8.139    video1/Inst_vga/vga_signal_generator1/vertical_counter/dc_bias[3]_i_21_n_0
    SLICE_X154Y122       LUT5 (Prop_lut5_I0_O)        0.124     8.263 f  video1/Inst_vga/vga_signal_generator1/vertical_counter/dc_bias[3]_i_5/O
                         net (fo=4, routed)           1.079     9.342    video1/Inst_vga/vga_signal_generator1/vertical_counter/dc_bias[3]_i_5_n_0
    SLICE_X158Y123       LUT6 (Prop_lut6_I2_O)        0.124     9.466 r  video1/Inst_vga/vga_signal_generator1/vertical_counter/dc_bias[3]_i_2__1/O
                         net (fo=14, routed)          1.072    10.538    video1/inst_dvid/TDMS_encoder_red/pixel[color][0]
    SLICE_X161Y128       LUT4 (Prop_lut4_I3_O)        0.152    10.690 r  video1/inst_dvid/TDMS_encoder_red/dc_bias[1]_i_1__1/O
                         net (fo=1, routed)           0.000    10.690    video1/inst_dvid/TDMS_encoder_red/dc_bias[1]_i_1__1_n_0
    SLICE_X161Y128       FDRE                                         r  video1/inst_dvid/TDMS_encoder_red/dc_bias_reg[1]/D
  -------------------------------------------------------------------    -------------------

                         (clock clk_out1_clk_wiz_0 rise edge)
                                                      0.000     0.000 r  
    BUFGCTRL_X0Y1        BUFG                         0.000     0.000 r  clk_IBUF_BUFG_inst/O
                         net (fo=116, routed)         1.972     1.972    video1/mmcm_adv_inst_display_clocks/inst/clk_in1
    MMCME2_ADV_X1Y0      MMCME2_ADV (Prop_mmcme2_adv_CLKIN1_CLKOUT0)
                                                     -4.637    -2.665 r  video1/mmcm_adv_inst_display_clocks/inst/mmcm_adv_inst/CLKOUT0
                         net (fo=1, routed)           2.574    -0.091    video1/mmcm_adv_inst_display_clocks/inst/clk_out1_clk_wiz_0
    BUFGCTRL_X0Y2        BUFG (Prop_bufg_I_O)         0.091     0.000 r  video1/mmcm_adv_inst_display_clocks/inst/clkout1_buf/O
                         net (fo=64, routed)          1.701     1.701    video1/inst_dvid/TDMS_encoder_red/clk_out1
    SLICE_X161Y128       FDRE                                         r  video1/inst_dvid/TDMS_encoder_red/dc_bias_reg[1]/C

Slack:                    inf
  Source:                 sw[1]
                            (input port)
  Destination:            video1/inst_dvid/TDMS_encoder_red/dc_bias_reg[3]/D
                            (rising edge-triggered cell FDRE clocked by clk_out1_clk_wiz_0  {rise@0.000ns fall@20.000ns period=40.000ns})
  Path Group:             (none)
  Path Type:              Setup (Max at Slow Process Corner)
  Data Path Delay:        10.689ns  (logic 1.591ns (14.889%)  route 9.097ns (85.111%))
  Logic Levels:           5  (IBUF=1 LUT4=1 LUT5=2 LUT6=1)
  Clock Path Skew:        1.701ns (DCD - SCD + CPR)
    Destination Clock Delay (DCD):    1.701ns
    Source Clock Delay      (SCD):    0.000ns
    Clock Pessimism Removal (CPR):    0.000ns
  Clock Uncertainty:      0.190ns  ((TSJ^2 + DJ^2)^1/2) / 2 + PE
    Total System Jitter     (TSJ):    0.050ns
    Discrete Jitter          (DJ):    0.175ns
    Phase Error              (PE):    0.099ns

    Location             Delay type                Incr(ns)  Path(ns)    Netlist Resource(s)
  -------------------------------------------------------------------    -------------------
    F21                                               0.000     0.000 f  sw[1] (IN)
                         net (fo=0)                   0.000     0.000    sw[1]
    F21                  IBUF (Prop_ibuf_I_O)         1.067     1.067 f  sw_IBUF[1]_inst/O
                         net (fo=3, routed)           6.495     7.563    video1/Inst_vga/vga_signal_generator1/vertical_counter/led_OBUF[1]
    SLICE_X154Y122       LUT4 (Prop_lut4_I2_O)        0.124     7.687 r  video1/Inst_vga/vga_signal_generator1/vertical_counter/dc_bias[3]_i_21/O
                         net (fo=1, routed)           0.452     8.139    video1/Inst_vga/vga_signal_generator1/vertical_counter/dc_bias[3]_i_21_n_0
    SLICE_X154Y122       LUT5 (Prop_lut5_I0_O)        0.124     8.263 f  video1/Inst_vga/vga_signal_generator1/vertical_counter/dc_bias[3]_i_5/O
                         net (fo=4, routed)           1.079     9.342    video1/Inst_vga/vga_signal_generator1/vertical_counter/dc_bias[3]_i_5_n_0
    SLICE_X158Y123       LUT6 (Prop_lut6_I2_O)        0.124     9.466 r  video1/Inst_vga/vga_signal_generator1/vertical_counter/dc_bias[3]_i_2__1/O
                         net (fo=14, routed)          1.071    10.537    video1/inst_dvid/TDMS_encoder_red/pixel[color][0]
    SLICE_X161Y128       LUT5 (Prop_lut5_I4_O)        0.152    10.689 r  video1/inst_dvid/TDMS_encoder_red/dc_bias[3]_i_1__1/O
                         net (fo=1, routed)           0.000    10.689    video1/inst_dvid/TDMS_encoder_red/dc_bias[3]_i_1__1_n_0
    SLICE_X161Y128       FDRE                                         r  video1/inst_dvid/TDMS_encoder_red/dc_bias_reg[3]/D
  -------------------------------------------------------------------    -------------------

                         (clock clk_out1_clk_wiz_0 rise edge)
                                                      0.000     0.000 r  
    BUFGCTRL_X0Y1        BUFG                         0.000     0.000 r  clk_IBUF_BUFG_inst/O
                         net (fo=116, routed)         1.972     1.972    video1/mmcm_adv_inst_display_clocks/inst/clk_in1
    MMCME2_ADV_X1Y0      MMCME2_ADV (Prop_mmcme2_adv_CLKIN1_CLKOUT0)
                                                     -4.637    -2.665 r  video1/mmcm_adv_inst_display_clocks/inst/mmcm_adv_inst/CLKOUT0
                         net (fo=1, routed)           2.574    -0.091    video1/mmcm_adv_inst_display_clocks/inst/clk_out1_clk_wiz_0
    BUFGCTRL_X0Y2        BUFG (Prop_bufg_I_O)         0.091     0.000 r  video1/mmcm_adv_inst_display_clocks/inst/clkout1_buf/O
                         net (fo=64, routed)          1.701     1.701    video1/inst_dvid/TDMS_encoder_red/clk_out1
    SLICE_X161Y128       FDRE                                         r  video1/inst_dvid/TDMS_encoder_red/dc_bias_reg[3]/C

Slack:                    inf
  Source:                 sw[1]
                            (input port)
  Destination:            video1/inst_dvid/TDMS_encoder_red/dc_bias_reg[2]/D
                            (rising edge-triggered cell FDRE clocked by clk_out1_clk_wiz_0  {rise@0.000ns fall@20.000ns period=40.000ns})
  Path Group:             (none)
  Path Type:              Setup (Max at Slow Process Corner)
  Data Path Delay:        10.661ns  (logic 1.563ns (14.666%)  route 9.097ns (85.334%))
  Logic Levels:           5  (IBUF=1 LUT4=1 LUT5=2 LUT6=1)
  Clock Path Skew:        1.701ns (DCD - SCD + CPR)
    Destination Clock Delay (DCD):    1.701ns
    Source Clock Delay      (SCD):    0.000ns
    Clock Pessimism Removal (CPR):    0.000ns
  Clock Uncertainty:      0.190ns  ((TSJ^2 + DJ^2)^1/2) / 2 + PE
    Total System Jitter     (TSJ):    0.050ns
    Discrete Jitter          (DJ):    0.175ns
    Phase Error              (PE):    0.099ns

    Location             Delay type                Incr(ns)  Path(ns)    Netlist Resource(s)
  -------------------------------------------------------------------    -------------------
    F21                                               0.000     0.000 f  sw[1] (IN)
                         net (fo=0)                   0.000     0.000    sw[1]
    F21                  IBUF (Prop_ibuf_I_O)         1.067     1.067 f  sw_IBUF[1]_inst/O
                         net (fo=3, routed)           6.495     7.563    video1/Inst_vga/vga_signal_generator1/vertical_counter/led_OBUF[1]
    SLICE_X154Y122       LUT4 (Prop_lut4_I2_O)        0.124     7.687 r  video1/Inst_vga/vga_signal_generator1/vertical_counter/dc_bias[3]_i_21/O
                         net (fo=1, routed)           0.452     8.139    video1/Inst_vga/vga_signal_generator1/vertical_counter/dc_bias[3]_i_21_n_0
    SLICE_X154Y122       LUT5 (Prop_lut5_I0_O)        0.124     8.263 f  video1/Inst_vga/vga_signal_generator1/vertical_counter/dc_bias[3]_i_5/O
                         net (fo=4, routed)           1.079     9.342    video1/Inst_vga/vga_signal_generator1/vertical_counter/dc_bias[3]_i_5_n_0
    SLICE_X158Y123       LUT6 (Prop_lut6_I2_O)        0.124     9.466 r  video1/Inst_vga/vga_signal_generator1/vertical_counter/dc_bias[3]_i_2__1/O
                         net (fo=14, routed)          1.071    10.537    video1/inst_dvid/TDMS_encoder_red/pixel[color][0]
    SLICE_X161Y128       LUT5 (Prop_lut5_I4_O)        0.124    10.661 r  video1/inst_dvid/TDMS_encoder_red/dc_bias[2]_i_1__1/O
                         net (fo=1, routed)           0.000    10.661    video1/inst_dvid/TDMS_encoder_red/dc_bias[2]_i_1__1_n_0
    SLICE_X161Y128       FDRE                                         r  video1/inst_dvid/TDMS_encoder_red/dc_bias_reg[2]/D
  -------------------------------------------------------------------    -------------------

                         (clock clk_out1_clk_wiz_0 rise edge)
                                                      0.000     0.000 r  
    BUFGCTRL_X0Y1        BUFG                         0.000     0.000 r  clk_IBUF_BUFG_inst/O
                         net (fo=116, routed)         1.972     1.972    video1/mmcm_adv_inst_display_clocks/inst/clk_in1
    MMCME2_ADV_X1Y0      MMCME2_ADV (Prop_mmcme2_adv_CLKIN1_CLKOUT0)
                                                     -4.637    -2.665 r  video1/mmcm_adv_inst_display_clocks/inst/mmcm_adv_inst/CLKOUT0
                         net (fo=1, routed)           2.574    -0.091    video1/mmcm_adv_inst_display_clocks/inst/clk_out1_clk_wiz_0
    BUFGCTRL_X0Y2        BUFG (Prop_bufg_I_O)         0.091     0.000 r  video1/mmcm_adv_inst_display_clocks/inst/clkout1_buf/O
                         net (fo=64, routed)          1.701     1.701    video1/inst_dvid/TDMS_encoder_red/clk_out1
    SLICE_X161Y128       FDRE                                         r  video1/inst_dvid/TDMS_encoder_red/dc_bias_reg[2]/C

Slack:                    inf
  Source:                 sw[1]
                            (input port)
  Destination:            video1/inst_dvid/TDMS_encoder_red/encoded_reg[9]/D
                            (rising edge-triggered cell FDRE clocked by clk_out1_clk_wiz_0  {rise@0.000ns fall@20.000ns period=40.000ns})
  Path Group:             (none)
  Path Type:              Setup (Max at Slow Process Corner)
  Data Path Delay:        10.613ns  (logic 1.592ns (15.005%)  route 9.021ns (84.995%))
  Logic Levels:           5  (IBUF=1 LUT3=1 LUT4=1 LUT5=1 LUT6=1)
  Clock Path Skew:        1.702ns (DCD - SCD + CPR)
    Destination Clock Delay (DCD):    1.702ns
    Source Clock Delay      (SCD):    0.000ns
    Clock Pessimism Removal (CPR):    0.000ns
  Clock Uncertainty:      0.190ns  ((TSJ^2 + DJ^2)^1/2) / 2 + PE
    Total System Jitter     (TSJ):    0.050ns
    Discrete Jitter          (DJ):    0.175ns
    Phase Error              (PE):    0.099ns

    Location             Delay type                Incr(ns)  Path(ns)    Netlist Resource(s)
  -------------------------------------------------------------------    -------------------
    F21                                               0.000     0.000 f  sw[1] (IN)
                         net (fo=0)                   0.000     0.000    sw[1]
    F21                  IBUF (Prop_ibuf_I_O)         1.067     1.067 f  sw_IBUF[1]_inst/O
                         net (fo=3, routed)           6.495     7.563    video1/Inst_vga/vga_signal_generator1/vertical_counter/led_OBUF[1]
    SLICE_X154Y122       LUT4 (Prop_lut4_I2_O)        0.124     7.687 r  video1/Inst_vga/vga_signal_generator1/vertical_counter/dc_bias[3]_i_21/O
                         net (fo=1, routed)           0.452     8.139    video1/Inst_vga/vga_signal_generator1/vertical_counter/dc_bias[3]_i_21_n_0
    SLICE_X154Y122       LUT5 (Prop_lut5_I0_O)        0.124     8.263 f  video1/Inst_vga/vga_signal_generator1/vertical_counter/dc_bias[3]_i_5/O
                         net (fo=4, routed)           1.079     9.342    video1/Inst_vga/vga_signal_generator1/vertical_counter/dc_bias[3]_i_5_n_0
    SLICE_X158Y123       LUT6 (Prop_lut6_I2_O)        0.124     9.466 r  video1/Inst_vga/vga_signal_generator1/vertical_counter/dc_bias[3]_i_2__1/O
                         net (fo=14, routed)          0.995    10.460    video1/inst_dvid/TDMS_encoder_red/pixel[color][0]
    SLICE_X160Y129       LUT3 (Prop_lut3_I0_O)        0.153    10.613 r  video1/inst_dvid/TDMS_encoder_red/encoded[9]_i_1/O
                         net (fo=1, routed)           0.000    10.613    video1/inst_dvid/TDMS_encoder_red/encoded[9]_i_1_n_0
    SLICE_X160Y129       FDRE                                         r  video1/inst_dvid/TDMS_encoder_red/encoded_reg[9]/D
  -------------------------------------------------------------------    -------------------

                         (clock clk_out1_clk_wiz_0 rise edge)
                                                      0.000     0.000 r  
    BUFGCTRL_X0Y1        BUFG                         0.000     0.000 r  clk_IBUF_BUFG_inst/O
                         net (fo=116, routed)         1.972     1.972    video1/mmcm_adv_inst_display_clocks/inst/clk_in1
    MMCME2_ADV_X1Y0      MMCME2_ADV (Prop_mmcme2_adv_CLKIN1_CLKOUT0)
                                                     -4.637    -2.665 r  video1/mmcm_adv_inst_display_clocks/inst/mmcm_adv_inst/CLKOUT0
                         net (fo=1, routed)           2.574    -0.091    video1/mmcm_adv_inst_display_clocks/inst/clk_out1_clk_wiz_0
    BUFGCTRL_X0Y2        BUFG (Prop_bufg_I_O)         0.091     0.000 r  video1/mmcm_adv_inst_display_clocks/inst/clkout1_buf/O
                         net (fo=64, routed)          1.702     1.702    video1/inst_dvid/TDMS_encoder_red/clk_out1
    SLICE_X160Y129       FDRE                                         r  video1/inst_dvid/TDMS_encoder_red/encoded_reg[9]/C

Slack:                    inf
  Source:                 sw[1]
                            (input port)
  Destination:            video1/inst_dvid/TDMS_encoder_red/encoded_reg[8]/D
                            (rising edge-triggered cell FDRE clocked by clk_out1_clk_wiz_0  {rise@0.000ns fall@20.000ns period=40.000ns})
  Path Group:             (none)
  Path Type:              Setup (Max at Slow Process Corner)
  Data Path Delay:        10.584ns  (logic 1.563ns (14.772%)  route 9.021ns (85.228%))
  Logic Levels:           5  (IBUF=1 LUT2=1 LUT4=1 LUT5=1 LUT6=1)
  Clock Path Skew:        1.702ns (DCD - SCD + CPR)
    Destination Clock Delay (DCD):    1.702ns
    Source Clock Delay      (SCD):    0.000ns
    Clock Pessimism Removal (CPR):    0.000ns
  Clock Uncertainty:      0.190ns  ((TSJ^2 + DJ^2)^1/2) / 2 + PE
    Total System Jitter     (TSJ):    0.050ns
    Discrete Jitter          (DJ):    0.175ns
    Phase Error              (PE):    0.099ns

    Location             Delay type                Incr(ns)  Path(ns)    Netlist Resource(s)
  -------------------------------------------------------------------    -------------------
    F21                                               0.000     0.000 r  sw[1] (IN)
                         net (fo=0)                   0.000     0.000    sw[1]
    F21                  IBUF (Prop_ibuf_I_O)         1.067     1.067 r  sw_IBUF[1]_inst/O
                         net (fo=3, routed)           6.495     7.563    video1/Inst_vga/vga_signal_generator1/vertical_counter/led_OBUF[1]
    SLICE_X154Y122       LUT4 (Prop_lut4_I2_O)        0.124     7.687 f  video1/Inst_vga/vga_signal_generator1/vertical_counter/dc_bias[3]_i_21/O
                         net (fo=1, routed)           0.452     8.139    video1/Inst_vga/vga_signal_generator1/vertical_counter/dc_bias[3]_i_21_n_0
    SLICE_X154Y122       LUT5 (Prop_lut5_I0_O)        0.124     8.263 r  video1/Inst_vga/vga_signal_generator1/vertical_counter/dc_bias[3]_i_5/O
                         net (fo=4, routed)           1.079     9.342    video1/Inst_vga/vga_signal_generator1/vertical_counter/dc_bias[3]_i_5_n_0
    SLICE_X158Y123       LUT6 (Prop_lut6_I2_O)        0.124     9.466 f  video1/Inst_vga/vga_signal_generator1/vertical_counter/dc_bias[3]_i_2__1/O
                         net (fo=14, routed)          0.995    10.460    video1/inst_dvid/TDMS_encoder_red/pixel[color][0]
    SLICE_X160Y129       LUT2 (Prop_lut2_I0_O)        0.124    10.584 r  video1/inst_dvid/TDMS_encoder_red/encoded[8]_i_1/O
                         net (fo=1, routed)           0.000    10.584    video1/inst_dvid/TDMS_encoder_red/encoded[8]_i_1_n_0
    SLICE_X160Y129       FDRE                                         r  video1/inst_dvid/TDMS_encoder_red/encoded_reg[8]/D
  -------------------------------------------------------------------    -------------------

                         (clock clk_out1_clk_wiz_0 rise edge)
                                                      0.000     0.000 r  
    BUFGCTRL_X0Y1        BUFG                         0.000     0.000 r  clk_IBUF_BUFG_inst/O
                         net (fo=116, routed)         1.972     1.972    video1/mmcm_adv_inst_display_clocks/inst/clk_in1
    MMCME2_ADV_X1Y0      MMCME2_ADV (Prop_mmcme2_adv_CLKIN1_CLKOUT0)
                                                     -4.637    -2.665 r  video1/mmcm_adv_inst_display_clocks/inst/mmcm_adv_inst/CLKOUT0
                         net (fo=1, routed)           2.574    -0.091    video1/mmcm_adv_inst_display_clocks/inst/clk_out1_clk_wiz_0
    BUFGCTRL_X0Y2        BUFG (Prop_bufg_I_O)         0.091     0.000 r  video1/mmcm_adv_inst_display_clocks/inst/clkout1_buf/O
                         net (fo=64, routed)          1.702     1.702    video1/inst_dvid/TDMS_encoder_red/clk_out1
    SLICE_X160Y129       FDRE                                         r  video1/inst_dvid/TDMS_encoder_red/encoded_reg[8]/C

Slack:                    inf
  Source:                 sw[1]
                            (input port)
  Destination:            video1/inst_dvid/TDMS_encoder_green/encoded_reg[2]/D
                            (rising edge-triggered cell FDSE clocked by clk_out1_clk_wiz_0  {rise@0.000ns fall@20.000ns period=40.000ns})
  Path Group:             (none)
  Path Type:              Setup (Max at Slow Process Corner)
  Data Path Delay:        10.573ns  (logic 1.563ns (14.788%)  route 9.009ns (85.212%))
  Logic Levels:           5  (IBUF=1 LUT4=1 LUT5=1 LUT6=2)
  Clock Path Skew:        1.705ns (DCD - SCD + CPR)
    Destination Clock Delay (DCD):    1.705ns
    Source Clock Delay      (SCD):    0.000ns
    Clock Pessimism Removal (CPR):    0.000ns
  Clock Uncertainty:      0.190ns  ((TSJ^2 + DJ^2)^1/2) / 2 + PE
    Total System Jitter     (TSJ):    0.050ns
    Discrete Jitter          (DJ):    0.175ns
    Phase Error              (PE):    0.099ns

    Location             Delay type                Incr(ns)  Path(ns)    Netlist Resource(s)
  -------------------------------------------------------------------    -------------------
    F21                                               0.000     0.000 r  sw[1] (IN)
                         net (fo=0)                   0.000     0.000    sw[1]
    F21                  IBUF (Prop_ibuf_I_O)         1.067     1.067 r  sw_IBUF[1]_inst/O
                         net (fo=3, routed)           6.495     7.563    video1/Inst_vga/vga_signal_generator1/vertical_counter/led_OBUF[1]
    SLICE_X154Y122       LUT4 (Prop_lut4_I2_O)        0.124     7.687 f  video1/Inst_vga/vga_signal_generator1/vertical_counter/dc_bias[3]_i_21/O
                         net (fo=1, routed)           0.452     8.139    video1/Inst_vga/vga_signal_generator1/vertical_counter/dc_bias[3]_i_21_n_0
    SLICE_X154Y122       LUT5 (Prop_lut5_I0_O)        0.124     8.263 r  video1/Inst_vga/vga_signal_generator1/vertical_counter/dc_bias[3]_i_5/O
                         net (fo=4, routed)           1.098     9.361    video1/Inst_vga/vga_signal_generator1/vertical_counter/dc_bias[3]_i_5_n_0
    SLICE_X158Y123       LUT6 (Prop_lut6_I5_O)        0.124     9.485 r  video1/Inst_vga/vga_signal_generator1/vertical_counter/dc_bias[3]_i_3/O
                         net (fo=7, routed)           0.964    10.449    video1/inst_dvid/TDMS_encoder_green/pixel[color][1]
    SLICE_X160Y132       LUT6 (Prop_lut6_I5_O)        0.124    10.573 r  video1/inst_dvid/TDMS_encoder_green/encoded[1]_i_1/O
                         net (fo=2, routed)           0.000    10.573    video1/inst_dvid/TDMS_encoder_green/encoded[1]_i_1_n_0
    SLICE_X160Y132       FDSE                                         r  video1/inst_dvid/TDMS_encoder_green/encoded_reg[2]/D
  -------------------------------------------------------------------    -------------------

                         (clock clk_out1_clk_wiz_0 rise edge)
                                                      0.000     0.000 r  
    BUFGCTRL_X0Y1        BUFG                         0.000     0.000 r  clk_IBUF_BUFG_inst/O
                         net (fo=116, routed)         1.972     1.972    video1/mmcm_adv_inst_display_clocks/inst/clk_in1
    MMCME2_ADV_X1Y0      MMCME2_ADV (Prop_mmcme2_adv_CLKIN1_CLKOUT0)
                                                     -4.637    -2.665 r  video1/mmcm_adv_inst_display_clocks/inst/mmcm_adv_inst/CLKOUT0
                         net (fo=1, routed)           2.574    -0.091    video1/mmcm_adv_inst_display_clocks/inst/clk_out1_clk_wiz_0
    BUFGCTRL_X0Y2        BUFG (Prop_bufg_I_O)         0.091     0.000 r  video1/mmcm_adv_inst_display_clocks/inst/clkout1_buf/O
                         net (fo=64, routed)          1.705     1.705    video1/inst_dvid/TDMS_encoder_green/clk_out1
    SLICE_X160Y132       FDSE                                         r  video1/inst_dvid/TDMS_encoder_green/encoded_reg[2]/C

Slack:                    inf
  Source:                 sw[1]
                            (input port)
  Destination:            video1/inst_dvid/TDMS_encoder_green/dc_bias_reg[0]/D
                            (rising edge-triggered cell FDRE clocked by clk_out1_clk_wiz_0  {rise@0.000ns fall@20.000ns period=40.000ns})
  Path Group:             (none)
  Path Type:              Setup (Max at Slow Process Corner)
  Data Path Delay:        10.569ns  (logic 1.563ns (14.794%)  route 9.005ns (85.206%))
  Logic Levels:           5  (IBUF=1 LUT4=1 LUT5=1 LUT6=2)
  Clock Path Skew:        1.705ns (DCD - SCD + CPR)
    Destination Clock Delay (DCD):    1.705ns
    Source Clock Delay      (SCD):    0.000ns
    Clock Pessimism Removal (CPR):    0.000ns
  Clock Uncertainty:      0.190ns  ((TSJ^2 + DJ^2)^1/2) / 2 + PE
    Total System Jitter     (TSJ):    0.050ns
    Discrete Jitter          (DJ):    0.175ns
    Phase Error              (PE):    0.099ns

    Location             Delay type                Incr(ns)  Path(ns)    Netlist Resource(s)
  -------------------------------------------------------------------    -------------------
    F21                                               0.000     0.000 r  sw[1] (IN)
                         net (fo=0)                   0.000     0.000    sw[1]
    F21                  IBUF (Prop_ibuf_I_O)         1.067     1.067 r  sw_IBUF[1]_inst/O
                         net (fo=3, routed)           6.495     7.563    video1/Inst_vga/vga_signal_generator1/vertical_counter/led_OBUF[1]
    SLICE_X154Y122       LUT4 (Prop_lut4_I2_O)        0.124     7.687 f  video1/Inst_vga/vga_signal_generator1/vertical_counter/dc_bias[3]_i_21/O
                         net (fo=1, routed)           0.452     8.139    video1/Inst_vga/vga_signal_generator1/vertical_counter/dc_bias[3]_i_21_n_0
    SLICE_X154Y122       LUT5 (Prop_lut5_I0_O)        0.124     8.263 r  video1/Inst_vga/vga_signal_generator1/vertical_counter/dc_bias[3]_i_5/O
                         net (fo=4, routed)           1.098     9.361    video1/Inst_vga/vga_signal_generator1/vertical_counter/dc_bias[3]_i_5_n_0
    SLICE_X158Y123       LUT6 (Prop_lut6_I5_O)        0.124     9.485 r  video1/Inst_vga/vga_signal_generator1/vertical_counter/dc_bias[3]_i_3/O
                         net (fo=7, routed)           0.960    10.445    video1/inst_dvid/TDMS_encoder_green/pixel[color][1]
    SLICE_X160Y132       LUT6 (Prop_lut6_I5_O)        0.124    10.569 r  video1/inst_dvid/TDMS_encoder_green/dc_bias[0]_i_1/O
                         net (fo=1, routed)           0.000    10.569    video1/inst_dvid/TDMS_encoder_green/dc_bias[0]_i_1_n_0
    SLICE_X160Y132       FDRE                                         r  video1/inst_dvid/TDMS_encoder_green/dc_bias_reg[0]/D
  -------------------------------------------------------------------    -------------------

                         (clock clk_out1_clk_wiz_0 rise edge)
                                                      0.000     0.000 r  
    BUFGCTRL_X0Y1        BUFG                         0.000     0.000 r  clk_IBUF_BUFG_inst/O
                         net (fo=116, routed)         1.972     1.972    video1/mmcm_adv_inst_display_clocks/inst/clk_in1
    MMCME2_ADV_X1Y0      MMCME2_ADV (Prop_mmcme2_adv_CLKIN1_CLKOUT0)
                                                     -4.637    -2.665 r  video1/mmcm_adv_inst_display_clocks/inst/mmcm_adv_inst/CLKOUT0
                         net (fo=1, routed)           2.574    -0.091    video1/mmcm_adv_inst_display_clocks/inst/clk_out1_clk_wiz_0
    BUFGCTRL_X0Y2        BUFG (Prop_bufg_I_O)         0.091     0.000 r  video1/mmcm_adv_inst_display_clocks/inst/clkout1_buf/O
                         net (fo=64, routed)          1.705     1.705    video1/inst_dvid/TDMS_encoder_green/clk_out1
    SLICE_X160Y132       FDRE                                         r  video1/inst_dvid/TDMS_encoder_green/dc_bias_reg[0]/C

Slack:                    inf
  Source:                 sw[1]
                            (input port)
  Destination:            video1/inst_dvid/TDMS_encoder_blue/encoded_reg[9]/D
                            (rising edge-triggered cell FDRE clocked by clk_out1_clk_wiz_0  {rise@0.000ns fall@20.000ns period=40.000ns})
  Path Group:             (none)
  Path Type:              Setup (Max at Slow Process Corner)
  Data Path Delay:        10.568ns  (logic 1.563ns (14.795%)  route 9.004ns (85.205%))
  Logic Levels:           5  (IBUF=1 LUT4=1 LUT5=1 LUT6=2)
  Clock Path Skew:        1.699ns (DCD - SCD + CPR)
    Destination Clock Delay (DCD):    1.699ns
    Source Clock Delay      (SCD):    0.000ns
    Clock Pessimism Removal (CPR):    0.000ns
  Clock Uncertainty:      0.190ns  ((TSJ^2 + DJ^2)^1/2) / 2 + PE
    Total System Jitter     (TSJ):    0.050ns
    Discrete Jitter          (DJ):    0.175ns
    Phase Error              (PE):    0.099ns

    Location             Delay type                Incr(ns)  Path(ns)    Netlist Resource(s)
  -------------------------------------------------------------------    -------------------
    F21                                               0.000     0.000 f  sw[1] (IN)
                         net (fo=0)                   0.000     0.000    sw[1]
    F21                  IBUF (Prop_ibuf_I_O)         1.067     1.067 f  sw_IBUF[1]_inst/O
                         net (fo=3, routed)           6.495     7.563    video1/Inst_vga/vga_signal_generator1/vertical_counter/led_OBUF[1]
    SLICE_X154Y122       LUT4 (Prop_lut4_I2_O)        0.124     7.687 r  video1/Inst_vga/vga_signal_generator1/vertical_counter/dc_bias[3]_i_21/O
                         net (fo=1, routed)           0.452     8.139    video1/Inst_vga/vga_signal_generator1/vertical_counter/dc_bias[3]_i_21_n_0
    SLICE_X154Y122       LUT5 (Prop_lut5_I0_O)        0.124     8.263 f  video1/Inst_vga/vga_signal_generator1/vertical_counter/dc_bias[3]_i_5/O
                         net (fo=4, routed)           1.079     9.342    video1/Inst_vga/vga_signal_generator1/vertical_counter/dc_bias[3]_i_5_n_0
    SLICE_X158Y123       LUT6 (Prop_lut6_I2_O)        0.124     9.466 r  video1/Inst_vga/vga_signal_generator1/vertical_counter/dc_bias[3]_i_2__1/O
                         net (fo=14, routed)          0.978    10.444    video1/inst_dvid/TDMS_encoder_blue/pixel[color][1]
    SLICE_X160Y127       LUT6 (Prop_lut6_I2_O)        0.124    10.568 r  video1/inst_dvid/TDMS_encoder_blue/encoded[9]_i_1/O
                         net (fo=1, routed)           0.000    10.568    video1/inst_dvid/TDMS_encoder_blue/encoded[9]_i_1_n_0
    SLICE_X160Y127       FDRE                                         r  video1/inst_dvid/TDMS_encoder_blue/encoded_reg[9]/D
  -------------------------------------------------------------------    -------------------

                         (clock clk_out1_clk_wiz_0 rise edge)
                                                      0.000     0.000 r  
    BUFGCTRL_X0Y1        BUFG                         0.000     0.000 r  clk_IBUF_BUFG_inst/O
                         net (fo=116, routed)         1.972     1.972    video1/mmcm_adv_inst_display_clocks/inst/clk_in1
    MMCME2_ADV_X1Y0      MMCME2_ADV (Prop_mmcme2_adv_CLKIN1_CLKOUT0)
                                                     -4.637    -2.665 r  video1/mmcm_adv_inst_display_clocks/inst/mmcm_adv_inst/CLKOUT0
                         net (fo=1, routed)           2.574    -0.091    video1/mmcm_adv_inst_display_clocks/inst/clk_out1_clk_wiz_0
    BUFGCTRL_X0Y2        BUFG (Prop_bufg_I_O)         0.091     0.000 r  video1/mmcm_adv_inst_display_clocks/inst/clkout1_buf/O
                         net (fo=64, routed)          1.699     1.699    video1/inst_dvid/TDMS_encoder_blue/clk_out1
    SLICE_X160Y127       FDRE                                         r  video1/inst_dvid/TDMS_encoder_blue/encoded_reg[9]/C

Slack:                    inf
  Source:                 sw[1]
                            (input port)
  Destination:            video1/inst_dvid/TDMS_encoder_green/encoded_reg[8]/D
                            (rising edge-triggered cell FDRE clocked by clk_out1_clk_wiz_0  {rise@0.000ns fall@20.000ns period=40.000ns})
  Path Group:             (none)
  Path Type:              Setup (Max at Slow Process Corner)
  Data Path Delay:        10.417ns  (logic 1.563ns (15.010%)  route 8.853ns (84.990%))
  Logic Levels:           5  (IBUF=1 LUT2=1 LUT4=1 LUT5=1 LUT6=1)
  Clock Path Skew:        1.702ns (DCD - SCD + CPR)
    Destination Clock Delay (DCD):    1.702ns
    Source Clock Delay      (SCD):    0.000ns
    Clock Pessimism Removal (CPR):    0.000ns
  Clock Uncertainty:      0.190ns  ((TSJ^2 + DJ^2)^1/2) / 2 + PE
    Total System Jitter     (TSJ):    0.050ns
    Discrete Jitter          (DJ):    0.175ns
    Phase Error              (PE):    0.099ns

    Location             Delay type                Incr(ns)  Path(ns)    Netlist Resource(s)
  -------------------------------------------------------------------    -------------------
    F21                                               0.000     0.000 f  sw[1] (IN)
                         net (fo=0)                   0.000     0.000    sw[1]
    F21                  IBUF (Prop_ibuf_I_O)         1.067     1.067 f  sw_IBUF[1]_inst/O
                         net (fo=3, routed)           6.495     7.563    video1/Inst_vga/vga_signal_generator1/vertical_counter/led_OBUF[1]
    SLICE_X154Y122       LUT4 (Prop_lut4_I2_O)        0.124     7.687 r  video1/Inst_vga/vga_signal_generator1/vertical_counter/dc_bias[3]_i_21/O
                         net (fo=1, routed)           0.452     8.139    video1/Inst_vga/vga_signal_generator1/vertical_counter/dc_bias[3]_i_21_n_0
    SLICE_X154Y122       LUT5 (Prop_lut5_I0_O)        0.124     8.263 f  video1/Inst_vga/vga_signal_generator1/vertical_counter/dc_bias[3]_i_5/O
                         net (fo=4, routed)           1.098     9.361    video1/Inst_vga/vga_signal_generator1/vertical_counter/dc_bias[3]_i_5_n_0
    SLICE_X158Y123       LUT6 (Prop_lut6_I5_O)        0.124     9.485 f  video1/Inst_vga/vga_signal_generator1/vertical_counter/dc_bias[3]_i_3/O
                         net (fo=7, routed)           0.808    10.293    video1/inst_dvid/TDMS_encoder_green/pixel[color][1]
    SLICE_X160Y130       LUT2 (Prop_lut2_I0_O)        0.124    10.417 r  video1/inst_dvid/TDMS_encoder_green/encoded[8]_i_1/O
                         net (fo=1, routed)           0.000    10.417    video1/inst_dvid/TDMS_encoder_green/encoded[8]_i_1_n_0
    SLICE_X160Y130       FDRE                                         r  video1/inst_dvid/TDMS_encoder_green/encoded_reg[8]/D
  -------------------------------------------------------------------    -------------------

                         (clock clk_out1_clk_wiz_0 rise edge)
                                                      0.000     0.000 r  
    BUFGCTRL_X0Y1        BUFG                         0.000     0.000 r  clk_IBUF_BUFG_inst/O
                         net (fo=116, routed)         1.972     1.972    video1/mmcm_adv_inst_display_clocks/inst/clk_in1
    MMCME2_ADV_X1Y0      MMCME2_ADV (Prop_mmcme2_adv_CLKIN1_CLKOUT0)
                                                     -4.637    -2.665 r  video1/mmcm_adv_inst_display_clocks/inst/mmcm_adv_inst/CLKOUT0
                         net (fo=1, routed)           2.574    -0.091    video1/mmcm_adv_inst_display_clocks/inst/clk_out1_clk_wiz_0
    BUFGCTRL_X0Y2        BUFG (Prop_bufg_I_O)         0.091     0.000 r  video1/mmcm_adv_inst_display_clocks/inst/clkout1_buf/O
                         net (fo=64, routed)          1.702     1.702    video1/inst_dvid/TDMS_encoder_green/clk_out1
    SLICE_X160Y130       FDRE                                         r  video1/inst_dvid/TDMS_encoder_green/encoded_reg[8]/C





Min Delay Paths
--------------------------------------------------------------------------------------
Slack:                    inf
  Source:                 trigger_t_stepper/process_q_reg[4]/C
                            (rising edge-triggered cell FDRE)
  Destination:            video1/inst_dvid/TDMS_encoder_blue/dc_bias_reg[2]/D
                            (rising edge-triggered cell FDRE clocked by clk_out1_clk_wiz_0  {rise@0.000ns fall@20.000ns period=40.000ns})
  Path Group:             (none)
  Path Type:              Hold (Min at Fast Process Corner)
  Data Path Delay:        1.943ns  (logic 0.727ns (37.423%)  route 1.216ns (62.577%))
  Logic Levels:           11  (CARRY4=5 FDRE=1 LUT2=1 LUT5=1 LUT6=3)
  Clock Uncertainty:      0.190ns  ((TSJ^2 + DJ^2)^1/2) / 2 + PE
    Total System Jitter     (TSJ):    0.050ns
    Discrete Jitter          (DJ):    0.175ns
    Phase Error              (PE):    0.099ns

    Location             Delay type                Incr(ns)  Path(ns)    Netlist Resource(s)
  -------------------------------------------------------------------    -------------------
    SLICE_X153Y111       FDRE                         0.000     0.000 r  trigger_t_stepper/process_q_reg[4]/C
    SLICE_X153Y111       FDRE (Prop_fdre_C_Q)         0.141     0.141 r  trigger_t_stepper/process_q_reg[4]/Q
                         net (fo=8, routed)           0.111     0.252    video1/Inst_vga/vga_signal_generator1/horizontal_counter/time_trigger_value[4]
    SLICE_X152Y111       LUT2 (Prop_lut2_I1_O)        0.045     0.297 r  video1/Inst_vga/vga_signal_generator1/horizontal_counter/dc_bias[3]_i_561/O
                         net (fo=1, routed)           0.000     0.297    video1/Inst_vga/color_mapper1/dc_bias[3]_i_283_1[0]
    SLICE_X152Y111       CARRY4 (Prop_carry4_S[0]_O[0])
                                                      0.070     0.367 r  video1/Inst_vga/color_mapper1/dc_bias_reg[3]_i_435/O[0]
                         net (fo=3, routed)           0.133     0.500    video1/Inst_vga/color_mapper1/dc_bias_reg[3]_i_435_n_7
    SLICE_X154Y112       LUT6 (Prop_lut6_I2_O)        0.105     0.605 r  video1/Inst_vga/color_mapper1/dc_bias[3]_i_283/O
                         net (fo=1, routed)           0.000     0.605    video1/Inst_vga/color_mapper1/dc_bias[3]_i_283_n_0
    SLICE_X154Y112       CARRY4 (Prop_carry4_S[2]_CO[3])
                                                      0.111     0.716 r  video1/Inst_vga/color_mapper1/dc_bias_reg[3]_i_181/CO[3]
                         net (fo=1, routed)           0.000     0.716    video1/Inst_vga/color_mapper1/dc_bias_reg[3]_i_181_n_0
    SLICE_X154Y113       CARRY4 (Prop_carry4_CI_CO[3])
                                                      0.040     0.756 r  video1/Inst_vga/color_mapper1/dc_bias_reg[3]_i_129/CO[3]
                         net (fo=1, routed)           0.000     0.756    video1/Inst_vga/color_mapper1/dc_bias_reg[3]_i_129_n_0
    SLICE_X154Y114       CARRY4 (Prop_carry4_CI_CO[3])
                                                      0.040     0.796 r  video1/Inst_vga/color_mapper1/dc_bias_reg[3]_i_62/CO[3]
                         net (fo=1, routed)           0.000     0.796    video1/Inst_vga/color_mapper1/dc_bias_reg[3]_i_62_n_0
    SLICE_X154Y115       CARRY4 (Prop_carry4_CI_CO[3])
                                                      0.040     0.836 r  video1/Inst_vga/color_mapper1/dc_bias_reg[3]_i_25/CO[3]
                         net (fo=1, routed)           0.309     1.145    video1/Inst_vga/vga_signal_generator1/vertical_counter/dc_bias[3]_i_2_2[0]
    SLICE_X156Y115       LUT5 (Prop_lut5_I0_O)        0.045     1.190 r  video1/Inst_vga/vga_signal_generator1/vertical_counter/dc_bias[3]_i_6/O
                         net (fo=4, routed)           0.410     1.601    video1/Inst_vga/vga_signal_generator1/vertical_counter/dc_bias[3]_i_6_n_0
    SLICE_X158Y123       LUT6 (Prop_lut6_I3_O)        0.045     1.646 r  video1/Inst_vga/vga_signal_generator1/vertical_counter/dc_bias[3]_i_2__1/O
                         net (fo=14, routed)          0.252     1.898    video1/inst_dvid/TDMS_encoder_blue/pixel[color][1]
    SLICE_X160Y126       LUT6 (Prop_lut6_I5_O)        0.045     1.943 r  video1/inst_dvid/TDMS_encoder_blue/dc_bias[2]_i_1__0/O
                         net (fo=1, routed)           0.000     1.943    video1/inst_dvid/TDMS_encoder_blue/dc_bias[2]_i_1__0_n_0
    SLICE_X160Y126       FDRE                                         r  video1/inst_dvid/TDMS_encoder_blue/dc_bias_reg[2]/D
  -------------------------------------------------------------------    -------------------

                         (clock clk_out1_clk_wiz_0 rise edge)
                                                      0.000     0.000 r  
    BUFGCTRL_X0Y1        BUFG                         0.000     0.000 r  clk_IBUF_BUFG_inst/O
                         net (fo=116, routed)         1.022     1.022    video1/mmcm_adv_inst_display_clocks/inst/clk_in1
    MMCME2_ADV_X1Y0      MMCME2_ADV (Prop_mmcme2_adv_CLKIN1_CLKOUT0)
                                                     -2.040    -1.018 r  video1/mmcm_adv_inst_display_clocks/inst/mmcm_adv_inst/CLKOUT0
                         net (fo=1, routed)           0.989    -0.029    video1/mmcm_adv_inst_display_clocks/inst/clk_out1_clk_wiz_0
    BUFGCTRL_X0Y2        BUFG (Prop_bufg_I_O)         0.029    -0.000 r  video1/mmcm_adv_inst_display_clocks/inst/clkout1_buf/O
                         net (fo=64, routed)          0.906     0.906    video1/inst_dvid/TDMS_encoder_blue/clk_out1
    SLICE_X160Y126       FDRE                                         r  video1/inst_dvid/TDMS_encoder_blue/dc_bias_reg[2]/C

Slack:                    inf
  Source:                 trigger_t_stepper/process_q_reg[4]/C
                            (rising edge-triggered cell FDRE)
  Destination:            video1/inst_dvid/TDMS_encoder_blue/dc_bias_reg[0]/D
                            (rising edge-triggered cell FDRE clocked by clk_out1_clk_wiz_0  {rise@0.000ns fall@20.000ns period=40.000ns})
  Path Group:             (none)
  Path Type:              Hold (Min at Fast Process Corner)
  Data Path Delay:        1.944ns  (logic 0.727ns (37.406%)  route 1.217ns (62.594%))
  Logic Levels:           11  (CARRY4=5 FDRE=1 LUT2=1 LUT5=1 LUT6=3)
  Clock Uncertainty:      0.190ns  ((TSJ^2 + DJ^2)^1/2) / 2 + PE
    Total System Jitter     (TSJ):    0.050ns
    Discrete Jitter          (DJ):    0.175ns
    Phase Error              (PE):    0.099ns

    Location             Delay type                Incr(ns)  Path(ns)    Netlist Resource(s)
  -------------------------------------------------------------------    -------------------
    SLICE_X153Y111       FDRE                         0.000     0.000 r  trigger_t_stepper/process_q_reg[4]/C
    SLICE_X153Y111       FDRE (Prop_fdre_C_Q)         0.141     0.141 r  trigger_t_stepper/process_q_reg[4]/Q
                         net (fo=8, routed)           0.111     0.252    video1/Inst_vga/vga_signal_generator1/horizontal_counter/time_trigger_value[4]
    SLICE_X152Y111       LUT2 (Prop_lut2_I1_O)        0.045     0.297 r  video1/Inst_vga/vga_signal_generator1/horizontal_counter/dc_bias[3]_i_561/O
                         net (fo=1, routed)           0.000     0.297    video1/Inst_vga/color_mapper1/dc_bias[3]_i_283_1[0]
    SLICE_X152Y111       CARRY4 (Prop_carry4_S[0]_O[0])
                                                      0.070     0.367 r  video1/Inst_vga/color_mapper1/dc_bias_reg[3]_i_435/O[0]
                         net (fo=3, routed)           0.133     0.500    video1/Inst_vga/color_mapper1/dc_bias_reg[3]_i_435_n_7
    SLICE_X154Y112       LUT6 (Prop_lut6_I2_O)        0.105     0.605 r  video1/Inst_vga/color_mapper1/dc_bias[3]_i_283/O
                         net (fo=1, routed)           0.000     0.605    video1/Inst_vga/color_mapper1/dc_bias[3]_i_283_n_0
    SLICE_X154Y112       CARRY4 (Prop_carry4_S[2]_CO[3])
                                                      0.111     0.716 r  video1/Inst_vga/color_mapper1/dc_bias_reg[3]_i_181/CO[3]
                         net (fo=1, routed)           0.000     0.716    video1/Inst_vga/color_mapper1/dc_bias_reg[3]_i_181_n_0
    SLICE_X154Y113       CARRY4 (Prop_carry4_CI_CO[3])
                                                      0.040     0.756 r  video1/Inst_vga/color_mapper1/dc_bias_reg[3]_i_129/CO[3]
                         net (fo=1, routed)           0.000     0.756    video1/Inst_vga/color_mapper1/dc_bias_reg[3]_i_129_n_0
    SLICE_X154Y114       CARRY4 (Prop_carry4_CI_CO[3])
                                                      0.040     0.796 r  video1/Inst_vga/color_mapper1/dc_bias_reg[3]_i_62/CO[3]
                         net (fo=1, routed)           0.000     0.796    video1/Inst_vga/color_mapper1/dc_bias_reg[3]_i_62_n_0
    SLICE_X154Y115       CARRY4 (Prop_carry4_CI_CO[3])
                                                      0.040     0.836 r  video1/Inst_vga/color_mapper1/dc_bias_reg[3]_i_25/CO[3]
                         net (fo=1, routed)           0.309     1.145    video1/Inst_vga/vga_signal_generator1/vertical_counter/dc_bias[3]_i_2_2[0]
    SLICE_X156Y115       LUT5 (Prop_lut5_I0_O)        0.045     1.190 r  video1/Inst_vga/vga_signal_generator1/vertical_counter/dc_bias[3]_i_6/O
                         net (fo=4, routed)           0.410     1.601    video1/Inst_vga/vga_signal_generator1/vertical_counter/dc_bias[3]_i_6_n_0
    SLICE_X158Y123       LUT6 (Prop_lut6_I3_O)        0.045     1.646 r  video1/Inst_vga/vga_signal_generator1/vertical_counter/dc_bias[3]_i_2__1/O
                         net (fo=14, routed)          0.253     1.899    video1/inst_dvid/TDMS_encoder_blue/pixel[color][1]
    SLICE_X160Y126       LUT6 (Prop_lut6_I5_O)        0.045     1.944 r  video1/inst_dvid/TDMS_encoder_blue/dc_bias[0]_i_1__0/O
                         net (fo=1, routed)           0.000     1.944    video1/inst_dvid/TDMS_encoder_blue/dc_bias[0]_i_1__0_n_0
    SLICE_X160Y126       FDRE                                         r  video1/inst_dvid/TDMS_encoder_blue/dc_bias_reg[0]/D
  -------------------------------------------------------------------    -------------------

                         (clock clk_out1_clk_wiz_0 rise edge)
                                                      0.000     0.000 r  
    BUFGCTRL_X0Y1        BUFG                         0.000     0.000 r  clk_IBUF_BUFG_inst/O
                         net (fo=116, routed)         1.022     1.022    video1/mmcm_adv_inst_display_clocks/inst/clk_in1
    MMCME2_ADV_X1Y0      MMCME2_ADV (Prop_mmcme2_adv_CLKIN1_CLKOUT0)
                                                     -2.040    -1.018 r  video1/mmcm_adv_inst_display_clocks/inst/mmcm_adv_inst/CLKOUT0
                         net (fo=1, routed)           0.989    -0.029    video1/mmcm_adv_inst_display_clocks/inst/clk_out1_clk_wiz_0
    BUFGCTRL_X0Y2        BUFG (Prop_bufg_I_O)         0.029    -0.000 r  video1/mmcm_adv_inst_display_clocks/inst/clkout1_buf/O
                         net (fo=64, routed)          0.906     0.906    video1/inst_dvid/TDMS_encoder_blue/clk_out1
    SLICE_X160Y126       FDRE                                         r  video1/inst_dvid/TDMS_encoder_blue/dc_bias_reg[0]/C

Slack:                    inf
  Source:                 trigger_t_stepper/process_q_reg[4]/C
                            (rising edge-triggered cell FDRE)
  Destination:            video1/inst_dvid/TDMS_encoder_blue/dc_bias_reg[1]/D
                            (rising edge-triggered cell FDRE clocked by clk_out1_clk_wiz_0  {rise@0.000ns fall@20.000ns period=40.000ns})
  Path Group:             (none)
  Path Type:              Hold (Min at Fast Process Corner)
  Data Path Delay:        1.944ns  (logic 0.727ns (37.403%)  route 1.217ns (62.597%))
  Logic Levels:           11  (CARRY4=5 FDRE=1 LUT2=1 LUT5=1 LUT6=3)
  Clock Uncertainty:      0.190ns  ((TSJ^2 + DJ^2)^1/2) / 2 + PE
    Total System Jitter     (TSJ):    0.050ns
    Discrete Jitter          (DJ):    0.175ns
    Phase Error              (PE):    0.099ns

    Location             Delay type                Incr(ns)  Path(ns)    Netlist Resource(s)
  -------------------------------------------------------------------    -------------------
    SLICE_X153Y111       FDRE                         0.000     0.000 r  trigger_t_stepper/process_q_reg[4]/C
    SLICE_X153Y111       FDRE (Prop_fdre_C_Q)         0.141     0.141 r  trigger_t_stepper/process_q_reg[4]/Q
                         net (fo=8, routed)           0.111     0.252    video1/Inst_vga/vga_signal_generator1/horizontal_counter/time_trigger_value[4]
    SLICE_X152Y111       LUT2 (Prop_lut2_I1_O)        0.045     0.297 r  video1/Inst_vga/vga_signal_generator1/horizontal_counter/dc_bias[3]_i_561/O
                         net (fo=1, routed)           0.000     0.297    video1/Inst_vga/color_mapper1/dc_bias[3]_i_283_1[0]
    SLICE_X152Y111       CARRY4 (Prop_carry4_S[0]_O[0])
                                                      0.070     0.367 r  video1/Inst_vga/color_mapper1/dc_bias_reg[3]_i_435/O[0]
                         net (fo=3, routed)           0.133     0.500    video1/Inst_vga/color_mapper1/dc_bias_reg[3]_i_435_n_7
    SLICE_X154Y112       LUT6 (Prop_lut6_I2_O)        0.105     0.605 r  video1/Inst_vga/color_mapper1/dc_bias[3]_i_283/O
                         net (fo=1, routed)           0.000     0.605    video1/Inst_vga/color_mapper1/dc_bias[3]_i_283_n_0
    SLICE_X154Y112       CARRY4 (Prop_carry4_S[2]_CO[3])
                                                      0.111     0.716 r  video1/Inst_vga/color_mapper1/dc_bias_reg[3]_i_181/CO[3]
                         net (fo=1, routed)           0.000     0.716    video1/Inst_vga/color_mapper1/dc_bias_reg[3]_i_181_n_0
    SLICE_X154Y113       CARRY4 (Prop_carry4_CI_CO[3])
                                                      0.040     0.756 r  video1/Inst_vga/color_mapper1/dc_bias_reg[3]_i_129/CO[3]
                         net (fo=1, routed)           0.000     0.756    video1/Inst_vga/color_mapper1/dc_bias_reg[3]_i_129_n_0
    SLICE_X154Y114       CARRY4 (Prop_carry4_CI_CO[3])
                                                      0.040     0.796 r  video1/Inst_vga/color_mapper1/dc_bias_reg[3]_i_62/CO[3]
                         net (fo=1, routed)           0.000     0.796    video1/Inst_vga/color_mapper1/dc_bias_reg[3]_i_62_n_0
    SLICE_X154Y115       CARRY4 (Prop_carry4_CI_CO[3])
                                                      0.040     0.836 r  video1/Inst_vga/color_mapper1/dc_bias_reg[3]_i_25/CO[3]
                         net (fo=1, routed)           0.309     1.145    video1/Inst_vga/vga_signal_generator1/vertical_counter/dc_bias[3]_i_2_2[0]
    SLICE_X156Y115       LUT5 (Prop_lut5_I0_O)        0.045     1.190 r  video1/Inst_vga/vga_signal_generator1/vertical_counter/dc_bias[3]_i_6/O
                         net (fo=4, routed)           0.410     1.601    video1/Inst_vga/vga_signal_generator1/vertical_counter/dc_bias[3]_i_6_n_0
    SLICE_X158Y123       LUT6 (Prop_lut6_I3_O)        0.045     1.646 r  video1/Inst_vga/vga_signal_generator1/vertical_counter/dc_bias[3]_i_2__1/O
                         net (fo=14, routed)          0.253     1.899    video1/inst_dvid/TDMS_encoder_blue/pixel[color][1]
    SLICE_X160Y126       LUT6 (Prop_lut6_I5_O)        0.045     1.944 r  video1/inst_dvid/TDMS_encoder_blue/dc_bias[1]_i_1__0/O
                         net (fo=1, routed)           0.000     1.944    video1/inst_dvid/TDMS_encoder_blue/dc_bias[1]_i_1__0_n_0
    SLICE_X160Y126       FDRE                                         r  video1/inst_dvid/TDMS_encoder_blue/dc_bias_reg[1]/D
  -------------------------------------------------------------------    -------------------

                         (clock clk_out1_clk_wiz_0 rise edge)
                                                      0.000     0.000 r  
    BUFGCTRL_X0Y1        BUFG                         0.000     0.000 r  clk_IBUF_BUFG_inst/O
                         net (fo=116, routed)         1.022     1.022    video1/mmcm_adv_inst_display_clocks/inst/clk_in1
    MMCME2_ADV_X1Y0      MMCME2_ADV (Prop_mmcme2_adv_CLKIN1_CLKOUT0)
                                                     -2.040    -1.018 r  video1/mmcm_adv_inst_display_clocks/inst/mmcm_adv_inst/CLKOUT0
                         net (fo=1, routed)           0.989    -0.029    video1/mmcm_adv_inst_display_clocks/inst/clk_out1_clk_wiz_0
    BUFGCTRL_X0Y2        BUFG (Prop_bufg_I_O)         0.029    -0.000 r  video1/mmcm_adv_inst_display_clocks/inst/clkout1_buf/O
                         net (fo=64, routed)          0.906     0.906    video1/inst_dvid/TDMS_encoder_blue/clk_out1
    SLICE_X160Y126       FDRE                                         r  video1/inst_dvid/TDMS_encoder_blue/dc_bias_reg[1]/C

Slack:                    inf
  Source:                 trigger_t_stepper/process_q_reg[4]/C
                            (rising edge-triggered cell FDRE)
  Destination:            video1/inst_dvid/TDMS_encoder_blue/dc_bias_reg[3]/D
                            (rising edge-triggered cell FDRE clocked by clk_out1_clk_wiz_0  {rise@0.000ns fall@20.000ns period=40.000ns})
  Path Group:             (none)
  Path Type:              Hold (Min at Fast Process Corner)
  Data Path Delay:        1.947ns  (logic 0.727ns (37.337%)  route 1.220ns (62.663%))
  Logic Levels:           11  (CARRY4=5 FDRE=1 LUT2=1 LUT5=1 LUT6=3)
  Clock Uncertainty:      0.190ns  ((TSJ^2 + DJ^2)^1/2) / 2 + PE
    Total System Jitter     (TSJ):    0.050ns
    Discrete Jitter          (DJ):    0.175ns
    Phase Error              (PE):    0.099ns

    Location             Delay type                Incr(ns)  Path(ns)    Netlist Resource(s)
  -------------------------------------------------------------------    -------------------
    SLICE_X153Y111       FDRE                         0.000     0.000 r  trigger_t_stepper/process_q_reg[4]/C
    SLICE_X153Y111       FDRE (Prop_fdre_C_Q)         0.141     0.141 r  trigger_t_stepper/process_q_reg[4]/Q
                         net (fo=8, routed)           0.111     0.252    video1/Inst_vga/vga_signal_generator1/horizontal_counter/time_trigger_value[4]
    SLICE_X152Y111       LUT2 (Prop_lut2_I1_O)        0.045     0.297 r  video1/Inst_vga/vga_signal_generator1/horizontal_counter/dc_bias[3]_i_561/O
                         net (fo=1, routed)           0.000     0.297    video1/Inst_vga/color_mapper1/dc_bias[3]_i_283_1[0]
    SLICE_X152Y111       CARRY4 (Prop_carry4_S[0]_O[0])
                                                      0.070     0.367 r  video1/Inst_vga/color_mapper1/dc_bias_reg[3]_i_435/O[0]
                         net (fo=3, routed)           0.133     0.500    video1/Inst_vga/color_mapper1/dc_bias_reg[3]_i_435_n_7
    SLICE_X154Y112       LUT6 (Prop_lut6_I2_O)        0.105     0.605 r  video1/Inst_vga/color_mapper1/dc_bias[3]_i_283/O
                         net (fo=1, routed)           0.000     0.605    video1/Inst_vga/color_mapper1/dc_bias[3]_i_283_n_0
    SLICE_X154Y112       CARRY4 (Prop_carry4_S[2]_CO[3])
                                                      0.111     0.716 r  video1/Inst_vga/color_mapper1/dc_bias_reg[3]_i_181/CO[3]
                         net (fo=1, routed)           0.000     0.716    video1/Inst_vga/color_mapper1/dc_bias_reg[3]_i_181_n_0
    SLICE_X154Y113       CARRY4 (Prop_carry4_CI_CO[3])
                                                      0.040     0.756 r  video1/Inst_vga/color_mapper1/dc_bias_reg[3]_i_129/CO[3]
                         net (fo=1, routed)           0.000     0.756    video1/Inst_vga/color_mapper1/dc_bias_reg[3]_i_129_n_0
    SLICE_X154Y114       CARRY4 (Prop_carry4_CI_CO[3])
                                                      0.040     0.796 r  video1/Inst_vga/color_mapper1/dc_bias_reg[3]_i_62/CO[3]
                         net (fo=1, routed)           0.000     0.796    video1/Inst_vga/color_mapper1/dc_bias_reg[3]_i_62_n_0
    SLICE_X154Y115       CARRY4 (Prop_carry4_CI_CO[3])
                                                      0.040     0.836 r  video1/Inst_vga/color_mapper1/dc_bias_reg[3]_i_25/CO[3]
                         net (fo=1, routed)           0.309     1.145    video1/Inst_vga/vga_signal_generator1/vertical_counter/dc_bias[3]_i_2_2[0]
    SLICE_X156Y115       LUT5 (Prop_lut5_I0_O)        0.045     1.190 r  video1/Inst_vga/vga_signal_generator1/vertical_counter/dc_bias[3]_i_6/O
                         net (fo=4, routed)           0.410     1.601    video1/Inst_vga/vga_signal_generator1/vertical_counter/dc_bias[3]_i_6_n_0
    SLICE_X158Y123       LUT6 (Prop_lut6_I3_O)        0.045     1.646 r  video1/Inst_vga/vga_signal_generator1/vertical_counter/dc_bias[3]_i_2__1/O
                         net (fo=14, routed)          0.257     1.902    video1/inst_dvid/TDMS_encoder_blue/pixel[color][1]
    SLICE_X160Y128       LUT6 (Prop_lut6_I5_O)        0.045     1.947 r  video1/inst_dvid/TDMS_encoder_blue/dc_bias[3]_i_1__0/O
                         net (fo=1, routed)           0.000     1.947    video1/inst_dvid/TDMS_encoder_blue/dc_bias[3]_i_1__0_n_0
    SLICE_X160Y128       FDRE                                         r  video1/inst_dvid/TDMS_encoder_blue/dc_bias_reg[3]/D
  -------------------------------------------------------------------    -------------------

                         (clock clk_out1_clk_wiz_0 rise edge)
                                                      0.000     0.000 r  
    BUFGCTRL_X0Y1        BUFG                         0.000     0.000 r  clk_IBUF_BUFG_inst/O
                         net (fo=116, routed)         1.022     1.022    video1/mmcm_adv_inst_display_clocks/inst/clk_in1
    MMCME2_ADV_X1Y0      MMCME2_ADV (Prop_mmcme2_adv_CLKIN1_CLKOUT0)
                                                     -2.040    -1.018 r  video1/mmcm_adv_inst_display_clocks/inst/mmcm_adv_inst/CLKOUT0
                         net (fo=1, routed)           0.989    -0.029    video1/mmcm_adv_inst_display_clocks/inst/clk_out1_clk_wiz_0
    BUFGCTRL_X0Y2        BUFG (Prop_bufg_I_O)         0.029    -0.000 r  video1/mmcm_adv_inst_display_clocks/inst/clkout1_buf/O
                         net (fo=64, routed)          0.909     0.909    video1/inst_dvid/TDMS_encoder_blue/clk_out1
    SLICE_X160Y128       FDRE                                         r  video1/inst_dvid/TDMS_encoder_blue/dc_bias_reg[3]/C

Slack:                    inf
  Source:                 trigger_t_stepper/process_q_reg[4]/C
                            (rising edge-triggered cell FDRE)
  Destination:            video1/inst_dvid/TDMS_encoder_blue/encoded_reg[9]/D
                            (rising edge-triggered cell FDRE clocked by clk_out1_clk_wiz_0  {rise@0.000ns fall@20.000ns period=40.000ns})
  Path Group:             (none)
  Path Type:              Hold (Min at Fast Process Corner)
  Data Path Delay:        1.952ns  (logic 0.727ns (37.246%)  route 1.225ns (62.754%))
  Logic Levels:           11  (CARRY4=5 FDRE=1 LUT2=1 LUT5=1 LUT6=3)
  Clock Uncertainty:      0.190ns  ((TSJ^2 + DJ^2)^1/2) / 2 + PE
    Total System Jitter     (TSJ):    0.050ns
    Discrete Jitter          (DJ):    0.175ns
    Phase Error              (PE):    0.099ns

    Location             Delay type                Incr(ns)  Path(ns)    Netlist Resource(s)
  -------------------------------------------------------------------    -------------------
    SLICE_X153Y111       FDRE                         0.000     0.000 r  trigger_t_stepper/process_q_reg[4]/C
    SLICE_X153Y111       FDRE (Prop_fdre_C_Q)         0.141     0.141 r  trigger_t_stepper/process_q_reg[4]/Q
                         net (fo=8, routed)           0.111     0.252    video1/Inst_vga/vga_signal_generator1/horizontal_counter/time_trigger_value[4]
    SLICE_X152Y111       LUT2 (Prop_lut2_I1_O)        0.045     0.297 r  video1/Inst_vga/vga_signal_generator1/horizontal_counter/dc_bias[3]_i_561/O
                         net (fo=1, routed)           0.000     0.297    video1/Inst_vga/color_mapper1/dc_bias[3]_i_283_1[0]
    SLICE_X152Y111       CARRY4 (Prop_carry4_S[0]_O[0])
                                                      0.070     0.367 r  video1/Inst_vga/color_mapper1/dc_bias_reg[3]_i_435/O[0]
                         net (fo=3, routed)           0.133     0.500    video1/Inst_vga/color_mapper1/dc_bias_reg[3]_i_435_n_7
    SLICE_X154Y112       LUT6 (Prop_lut6_I2_O)        0.105     0.605 r  video1/Inst_vga/color_mapper1/dc_bias[3]_i_283/O
                         net (fo=1, routed)           0.000     0.605    video1/Inst_vga/color_mapper1/dc_bias[3]_i_283_n_0
    SLICE_X154Y112       CARRY4 (Prop_carry4_S[2]_CO[3])
                                                      0.111     0.716 r  video1/Inst_vga/color_mapper1/dc_bias_reg[3]_i_181/CO[3]
                         net (fo=1, routed)           0.000     0.716    video1/Inst_vga/color_mapper1/dc_bias_reg[3]_i_181_n_0
    SLICE_X154Y113       CARRY4 (Prop_carry4_CI_CO[3])
                                                      0.040     0.756 r  video1/Inst_vga/color_mapper1/dc_bias_reg[3]_i_129/CO[3]
                         net (fo=1, routed)           0.000     0.756    video1/Inst_vga/color_mapper1/dc_bias_reg[3]_i_129_n_0
    SLICE_X154Y114       CARRY4 (Prop_carry4_CI_CO[3])
                                                      0.040     0.796 r  video1/Inst_vga/color_mapper1/dc_bias_reg[3]_i_62/CO[3]
                         net (fo=1, routed)           0.000     0.796    video1/Inst_vga/color_mapper1/dc_bias_reg[3]_i_62_n_0
    SLICE_X154Y115       CARRY4 (Prop_carry4_CI_CO[3])
                                                      0.040     0.836 f  video1/Inst_vga/color_mapper1/dc_bias_reg[3]_i_25/CO[3]
                         net (fo=1, routed)           0.309     1.145    video1/Inst_vga/vga_signal_generator1/vertical_counter/dc_bias[3]_i_2_2[0]
    SLICE_X156Y115       LUT5 (Prop_lut5_I0_O)        0.045     1.190 f  video1/Inst_vga/vga_signal_generator1/vertical_counter/dc_bias[3]_i_6/O
                         net (fo=4, routed)           0.421     1.612    video1/Inst_vga/vga_signal_generator1/vertical_counter/dc_bias[3]_i_6_n_0
    SLICE_X158Y123       LUT6 (Prop_lut6_I5_O)        0.045     1.657 r  video1/Inst_vga/vga_signal_generator1/vertical_counter/dc_bias[3]_i_2__0/O
                         net (fo=10, routed)          0.250     1.907    video1/inst_dvid/TDMS_encoder_blue/pixel[color][0]
    SLICE_X160Y127       LUT6 (Prop_lut6_I3_O)        0.045     1.952 r  video1/inst_dvid/TDMS_encoder_blue/encoded[9]_i_1/O
                         net (fo=1, routed)           0.000     1.952    video1/inst_dvid/TDMS_encoder_blue/encoded[9]_i_1_n_0
    SLICE_X160Y127       FDRE                                         r  video1/inst_dvid/TDMS_encoder_blue/encoded_reg[9]/D
  -------------------------------------------------------------------    -------------------

                         (clock clk_out1_clk_wiz_0 rise edge)
                                                      0.000     0.000 r  
    BUFGCTRL_X0Y1        BUFG                         0.000     0.000 r  clk_IBUF_BUFG_inst/O
                         net (fo=116, routed)         1.022     1.022    video1/mmcm_adv_inst_display_clocks/inst/clk_in1
    MMCME2_ADV_X1Y0      MMCME2_ADV (Prop_mmcme2_adv_CLKIN1_CLKOUT0)
                                                     -2.040    -1.018 r  video1/mmcm_adv_inst_display_clocks/inst/mmcm_adv_inst/CLKOUT0
                         net (fo=1, routed)           0.989    -0.029    video1/mmcm_adv_inst_display_clocks/inst/clk_out1_clk_wiz_0
    BUFGCTRL_X0Y2        BUFG (Prop_bufg_I_O)         0.029    -0.000 r  video1/mmcm_adv_inst_display_clocks/inst/clkout1_buf/O
                         net (fo=64, routed)          0.908     0.908    video1/inst_dvid/TDMS_encoder_blue/clk_out1
    SLICE_X160Y127       FDRE                                         r  video1/inst_dvid/TDMS_encoder_blue/encoded_reg[9]/C

Slack:                    inf
  Source:                 trigger_t_stepper/process_q_reg[4]/C
                            (rising edge-triggered cell FDRE)
  Destination:            video1/inst_dvid/TDMS_encoder_green/dc_bias_reg[2]/D
                            (rising edge-triggered cell FDRE clocked by clk_out1_clk_wiz_0  {rise@0.000ns fall@20.000ns period=40.000ns})
  Path Group:             (none)
  Path Type:              Hold (Min at Fast Process Corner)
  Data Path Delay:        1.989ns  (logic 0.727ns (36.559%)  route 1.262ns (63.441%))
  Logic Levels:           11  (CARRY4=5 FDRE=1 LUT2=1 LUT5=1 LUT6=3)
  Clock Uncertainty:      0.190ns  ((TSJ^2 + DJ^2)^1/2) / 2 + PE
    Total System Jitter     (TSJ):    0.050ns
    Discrete Jitter          (DJ):    0.175ns
    Phase Error              (PE):    0.099ns

    Location             Delay type                Incr(ns)  Path(ns)    Netlist Resource(s)
  -------------------------------------------------------------------    -------------------
    SLICE_X153Y111       FDRE                         0.000     0.000 r  trigger_t_stepper/process_q_reg[4]/C
    SLICE_X153Y111       FDRE (Prop_fdre_C_Q)         0.141     0.141 r  trigger_t_stepper/process_q_reg[4]/Q
                         net (fo=8, routed)           0.111     0.252    video1/Inst_vga/vga_signal_generator1/horizontal_counter/time_trigger_value[4]
    SLICE_X152Y111       LUT2 (Prop_lut2_I1_O)        0.045     0.297 r  video1/Inst_vga/vga_signal_generator1/horizontal_counter/dc_bias[3]_i_561/O
                         net (fo=1, routed)           0.000     0.297    video1/Inst_vga/color_mapper1/dc_bias[3]_i_283_1[0]
    SLICE_X152Y111       CARRY4 (Prop_carry4_S[0]_O[0])
                                                      0.070     0.367 r  video1/Inst_vga/color_mapper1/dc_bias_reg[3]_i_435/O[0]
                         net (fo=3, routed)           0.133     0.500    video1/Inst_vga/color_mapper1/dc_bias_reg[3]_i_435_n_7
    SLICE_X154Y112       LUT6 (Prop_lut6_I2_O)        0.105     0.605 r  video1/Inst_vga/color_mapper1/dc_bias[3]_i_283/O
                         net (fo=1, routed)           0.000     0.605    video1/Inst_vga/color_mapper1/dc_bias[3]_i_283_n_0
    SLICE_X154Y112       CARRY4 (Prop_carry4_S[2]_CO[3])
                                                      0.111     0.716 r  video1/Inst_vga/color_mapper1/dc_bias_reg[3]_i_181/CO[3]
                         net (fo=1, routed)           0.000     0.716    video1/Inst_vga/color_mapper1/dc_bias_reg[3]_i_181_n_0
    SLICE_X154Y113       CARRY4 (Prop_carry4_CI_CO[3])
                                                      0.040     0.756 r  video1/Inst_vga/color_mapper1/dc_bias_reg[3]_i_129/CO[3]
                         net (fo=1, routed)           0.000     0.756    video1/Inst_vga/color_mapper1/dc_bias_reg[3]_i_129_n_0
    SLICE_X154Y114       CARRY4 (Prop_carry4_CI_CO[3])
                                                      0.040     0.796 r  video1/Inst_vga/color_mapper1/dc_bias_reg[3]_i_62/CO[3]
                         net (fo=1, routed)           0.000     0.796    video1/Inst_vga/color_mapper1/dc_bias_reg[3]_i_62_n_0
    SLICE_X154Y115       CARRY4 (Prop_carry4_CI_CO[3])
                                                      0.040     0.836 r  video1/Inst_vga/color_mapper1/dc_bias_reg[3]_i_25/CO[3]
                         net (fo=1, routed)           0.309     1.145    video1/Inst_vga/vga_signal_generator1/vertical_counter/dc_bias[3]_i_2_2[0]
    SLICE_X156Y115       LUT5 (Prop_lut5_I0_O)        0.045     1.190 r  video1/Inst_vga/vga_signal_generator1/vertical_counter/dc_bias[3]_i_6/O
                         net (fo=4, routed)           0.394     1.585    video1/Inst_vga/vga_signal_generator1/vertical_counter/dc_bias[3]_i_6_n_0
    SLICE_X158Y123       LUT6 (Prop_lut6_I0_O)        0.045     1.630 r  video1/Inst_vga/vga_signal_generator1/vertical_counter/dc_bias[3]_i_3/O
                         net (fo=7, routed)           0.314     1.944    video1/inst_dvid/TDMS_encoder_green/pixel[color][1]
    SLICE_X158Y132       LUT6 (Prop_lut6_I5_O)        0.045     1.989 r  video1/inst_dvid/TDMS_encoder_green/dc_bias[2]_i_1/O
                         net (fo=1, routed)           0.000     1.989    video1/inst_dvid/TDMS_encoder_green/dc_bias[2]_i_1_n_0
    SLICE_X158Y132       FDRE                                         r  video1/inst_dvid/TDMS_encoder_green/dc_bias_reg[2]/D
  -------------------------------------------------------------------    -------------------

                         (clock clk_out1_clk_wiz_0 rise edge)
                                                      0.000     0.000 r  
    BUFGCTRL_X0Y1        BUFG                         0.000     0.000 r  clk_IBUF_BUFG_inst/O
                         net (fo=116, routed)         1.022     1.022    video1/mmcm_adv_inst_display_clocks/inst/clk_in1
    MMCME2_ADV_X1Y0      MMCME2_ADV (Prop_mmcme2_adv_CLKIN1_CLKOUT0)
                                                     -2.040    -1.018 r  video1/mmcm_adv_inst_display_clocks/inst/mmcm_adv_inst/CLKOUT0
                         net (fo=1, routed)           0.989    -0.029    video1/mmcm_adv_inst_display_clocks/inst/clk_out1_clk_wiz_0
    BUFGCTRL_X0Y2        BUFG (Prop_bufg_I_O)         0.029    -0.000 r  video1/mmcm_adv_inst_display_clocks/inst/clkout1_buf/O
                         net (fo=64, routed)          0.912     0.912    video1/inst_dvid/TDMS_encoder_green/clk_out1
    SLICE_X158Y132       FDRE                                         r  video1/inst_dvid/TDMS_encoder_green/dc_bias_reg[2]/C

Slack:                    inf
  Source:                 trigger_t_stepper/process_q_reg[4]/C
                            (rising edge-triggered cell FDRE)
  Destination:            video1/inst_dvid/TDMS_encoder_green/dc_bias_reg[3]/D
                            (rising edge-triggered cell FDRE clocked by clk_out1_clk_wiz_0  {rise@0.000ns fall@20.000ns period=40.000ns})
  Path Group:             (none)
  Path Type:              Hold (Min at Fast Process Corner)
  Data Path Delay:        1.989ns  (logic 0.727ns (36.559%)  route 1.262ns (63.441%))
  Logic Levels:           11  (CARRY4=5 FDRE=1 LUT2=1 LUT5=1 LUT6=3)
  Clock Uncertainty:      0.190ns  ((TSJ^2 + DJ^2)^1/2) / 2 + PE
    Total System Jitter     (TSJ):    0.050ns
    Discrete Jitter          (DJ):    0.175ns
    Phase Error              (PE):    0.099ns

    Location             Delay type                Incr(ns)  Path(ns)    Netlist Resource(s)
  -------------------------------------------------------------------    -------------------
    SLICE_X153Y111       FDRE                         0.000     0.000 r  trigger_t_stepper/process_q_reg[4]/C
    SLICE_X153Y111       FDRE (Prop_fdre_C_Q)         0.141     0.141 r  trigger_t_stepper/process_q_reg[4]/Q
                         net (fo=8, routed)           0.111     0.252    video1/Inst_vga/vga_signal_generator1/horizontal_counter/time_trigger_value[4]
    SLICE_X152Y111       LUT2 (Prop_lut2_I1_O)        0.045     0.297 r  video1/Inst_vga/vga_signal_generator1/horizontal_counter/dc_bias[3]_i_561/O
                         net (fo=1, routed)           0.000     0.297    video1/Inst_vga/color_mapper1/dc_bias[3]_i_283_1[0]
    SLICE_X152Y111       CARRY4 (Prop_carry4_S[0]_O[0])
                                                      0.070     0.367 r  video1/Inst_vga/color_mapper1/dc_bias_reg[3]_i_435/O[0]
                         net (fo=3, routed)           0.133     0.500    video1/Inst_vga/color_mapper1/dc_bias_reg[3]_i_435_n_7
    SLICE_X154Y112       LUT6 (Prop_lut6_I2_O)        0.105     0.605 r  video1/Inst_vga/color_mapper1/dc_bias[3]_i_283/O
                         net (fo=1, routed)           0.000     0.605    video1/Inst_vga/color_mapper1/dc_bias[3]_i_283_n_0
    SLICE_X154Y112       CARRY4 (Prop_carry4_S[2]_CO[3])
                                                      0.111     0.716 r  video1/Inst_vga/color_mapper1/dc_bias_reg[3]_i_181/CO[3]
                         net (fo=1, routed)           0.000     0.716    video1/Inst_vga/color_mapper1/dc_bias_reg[3]_i_181_n_0
    SLICE_X154Y113       CARRY4 (Prop_carry4_CI_CO[3])
                                                      0.040     0.756 r  video1/Inst_vga/color_mapper1/dc_bias_reg[3]_i_129/CO[3]
                         net (fo=1, routed)           0.000     0.756    video1/Inst_vga/color_mapper1/dc_bias_reg[3]_i_129_n_0
    SLICE_X154Y114       CARRY4 (Prop_carry4_CI_CO[3])
                                                      0.040     0.796 r  video1/Inst_vga/color_mapper1/dc_bias_reg[3]_i_62/CO[3]
                         net (fo=1, routed)           0.000     0.796    video1/Inst_vga/color_mapper1/dc_bias_reg[3]_i_62_n_0
    SLICE_X154Y115       CARRY4 (Prop_carry4_CI_CO[3])
                                                      0.040     0.836 r  video1/Inst_vga/color_mapper1/dc_bias_reg[3]_i_25/CO[3]
                         net (fo=1, routed)           0.309     1.145    video1/Inst_vga/vga_signal_generator1/vertical_counter/dc_bias[3]_i_2_2[0]
    SLICE_X156Y115       LUT5 (Prop_lut5_I0_O)        0.045     1.190 r  video1/Inst_vga/vga_signal_generator1/vertical_counter/dc_bias[3]_i_6/O
                         net (fo=4, routed)           0.394     1.585    video1/Inst_vga/vga_signal_generator1/vertical_counter/dc_bias[3]_i_6_n_0
    SLICE_X158Y123       LUT6 (Prop_lut6_I0_O)        0.045     1.630 r  video1/Inst_vga/vga_signal_generator1/vertical_counter/dc_bias[3]_i_3/O
                         net (fo=7, routed)           0.314     1.944    video1/inst_dvid/TDMS_encoder_green/pixel[color][1]
    SLICE_X158Y132       LUT6 (Prop_lut6_I5_O)        0.045     1.989 r  video1/inst_dvid/TDMS_encoder_green/dc_bias[3]_i_1/O
                         net (fo=1, routed)           0.000     1.989    video1/inst_dvid/TDMS_encoder_green/dc_bias[3]_i_1_n_0
    SLICE_X158Y132       FDRE                                         r  video1/inst_dvid/TDMS_encoder_green/dc_bias_reg[3]/D
  -------------------------------------------------------------------    -------------------

                         (clock clk_out1_clk_wiz_0 rise edge)
                                                      0.000     0.000 r  
    BUFGCTRL_X0Y1        BUFG                         0.000     0.000 r  clk_IBUF_BUFG_inst/O
                         net (fo=116, routed)         1.022     1.022    video1/mmcm_adv_inst_display_clocks/inst/clk_in1
    MMCME2_ADV_X1Y0      MMCME2_ADV (Prop_mmcme2_adv_CLKIN1_CLKOUT0)
                                                     -2.040    -1.018 r  video1/mmcm_adv_inst_display_clocks/inst/mmcm_adv_inst/CLKOUT0
                         net (fo=1, routed)           0.989    -0.029    video1/mmcm_adv_inst_display_clocks/inst/clk_out1_clk_wiz_0
    BUFGCTRL_X0Y2        BUFG (Prop_bufg_I_O)         0.029    -0.000 r  video1/mmcm_adv_inst_display_clocks/inst/clkout1_buf/O
                         net (fo=64, routed)          0.912     0.912    video1/inst_dvid/TDMS_encoder_green/clk_out1
    SLICE_X158Y132       FDRE                                         r  video1/inst_dvid/TDMS_encoder_green/dc_bias_reg[3]/C

Slack:                    inf
  Source:                 trigger_t_stepper/process_q_reg[4]/C
                            (rising edge-triggered cell FDRE)
  Destination:            video1/inst_dvid/TDMS_encoder_green/dc_bias_reg[1]/D
                            (rising edge-triggered cell FDRE clocked by clk_out1_clk_wiz_0  {rise@0.000ns fall@20.000ns period=40.000ns})
  Path Group:             (none)
  Path Type:              Hold (Min at Fast Process Corner)
  Data Path Delay:        1.991ns  (logic 0.727ns (36.523%)  route 1.264ns (63.477%))
  Logic Levels:           11  (CARRY4=5 FDRE=1 LUT2=1 LUT5=1 LUT6=3)
  Clock Uncertainty:      0.190ns  ((TSJ^2 + DJ^2)^1/2) / 2 + PE
    Total System Jitter     (TSJ):    0.050ns
    Discrete Jitter          (DJ):    0.175ns
    Phase Error              (PE):    0.099ns

    Location             Delay type                Incr(ns)  Path(ns)    Netlist Resource(s)
  -------------------------------------------------------------------    -------------------
    SLICE_X153Y111       FDRE                         0.000     0.000 r  trigger_t_stepper/process_q_reg[4]/C
    SLICE_X153Y111       FDRE (Prop_fdre_C_Q)         0.141     0.141 r  trigger_t_stepper/process_q_reg[4]/Q
                         net (fo=8, routed)           0.111     0.252    video1/Inst_vga/vga_signal_generator1/horizontal_counter/time_trigger_value[4]
    SLICE_X152Y111       LUT2 (Prop_lut2_I1_O)        0.045     0.297 r  video1/Inst_vga/vga_signal_generator1/horizontal_counter/dc_bias[3]_i_561/O
                         net (fo=1, routed)           0.000     0.297    video1/Inst_vga/color_mapper1/dc_bias[3]_i_283_1[0]
    SLICE_X152Y111       CARRY4 (Prop_carry4_S[0]_O[0])
                                                      0.070     0.367 r  video1/Inst_vga/color_mapper1/dc_bias_reg[3]_i_435/O[0]
                         net (fo=3, routed)           0.133     0.500    video1/Inst_vga/color_mapper1/dc_bias_reg[3]_i_435_n_7
    SLICE_X154Y112       LUT6 (Prop_lut6_I2_O)        0.105     0.605 r  video1/Inst_vga/color_mapper1/dc_bias[3]_i_283/O
                         net (fo=1, routed)           0.000     0.605    video1/Inst_vga/color_mapper1/dc_bias[3]_i_283_n_0
    SLICE_X154Y112       CARRY4 (Prop_carry4_S[2]_CO[3])
                                                      0.111     0.716 r  video1/Inst_vga/color_mapper1/dc_bias_reg[3]_i_181/CO[3]
                         net (fo=1, routed)           0.000     0.716    video1/Inst_vga/color_mapper1/dc_bias_reg[3]_i_181_n_0
    SLICE_X154Y113       CARRY4 (Prop_carry4_CI_CO[3])
                                                      0.040     0.756 r  video1/Inst_vga/color_mapper1/dc_bias_reg[3]_i_129/CO[3]
                         net (fo=1, routed)           0.000     0.756    video1/Inst_vga/color_mapper1/dc_bias_reg[3]_i_129_n_0
    SLICE_X154Y114       CARRY4 (Prop_carry4_CI_CO[3])
                                                      0.040     0.796 r  video1/Inst_vga/color_mapper1/dc_bias_reg[3]_i_62/CO[3]
                         net (fo=1, routed)           0.000     0.796    video1/Inst_vga/color_mapper1/dc_bias_reg[3]_i_62_n_0
    SLICE_X154Y115       CARRY4 (Prop_carry4_CI_CO[3])
                                                      0.040     0.836 r  video1/Inst_vga/color_mapper1/dc_bias_reg[3]_i_25/CO[3]
                         net (fo=1, routed)           0.309     1.145    video1/Inst_vga/vga_signal_generator1/vertical_counter/dc_bias[3]_i_2_2[0]
    SLICE_X156Y115       LUT5 (Prop_lut5_I0_O)        0.045     1.190 r  video1/Inst_vga/vga_signal_generator1/vertical_counter/dc_bias[3]_i_6/O
                         net (fo=4, routed)           0.394     1.585    video1/Inst_vga/vga_signal_generator1/vertical_counter/dc_bias[3]_i_6_n_0
    SLICE_X158Y123       LUT6 (Prop_lut6_I0_O)        0.045     1.630 r  video1/Inst_vga/vga_signal_generator1/vertical_counter/dc_bias[3]_i_3/O
                         net (fo=7, routed)           0.316     1.946    video1/inst_dvid/TDMS_encoder_green/pixel[color][1]
    SLICE_X158Y132       LUT6 (Prop_lut6_I5_O)        0.045     1.991 r  video1/inst_dvid/TDMS_encoder_green/dc_bias[1]_i_1/O
                         net (fo=1, routed)           0.000     1.991    video1/inst_dvid/TDMS_encoder_green/dc_bias[1]_i_1_n_0
    SLICE_X158Y132       FDRE                                         r  video1/inst_dvid/TDMS_encoder_green/dc_bias_reg[1]/D
  -------------------------------------------------------------------    -------------------

                         (clock clk_out1_clk_wiz_0 rise edge)
                                                      0.000     0.000 r  
    BUFGCTRL_X0Y1        BUFG                         0.000     0.000 r  clk_IBUF_BUFG_inst/O
                         net (fo=116, routed)         1.022     1.022    video1/mmcm_adv_inst_display_clocks/inst/clk_in1
    MMCME2_ADV_X1Y0      MMCME2_ADV (Prop_mmcme2_adv_CLKIN1_CLKOUT0)
                                                     -2.040    -1.018 r  video1/mmcm_adv_inst_display_clocks/inst/mmcm_adv_inst/CLKOUT0
                         net (fo=1, routed)           0.989    -0.029    video1/mmcm_adv_inst_display_clocks/inst/clk_out1_clk_wiz_0
    BUFGCTRL_X0Y2        BUFG (Prop_bufg_I_O)         0.029    -0.000 r  video1/mmcm_adv_inst_display_clocks/inst/clkout1_buf/O
                         net (fo=64, routed)          0.912     0.912    video1/inst_dvid/TDMS_encoder_green/clk_out1
    SLICE_X158Y132       FDRE                                         r  video1/inst_dvid/TDMS_encoder_green/dc_bias_reg[1]/C

Slack:                    inf
  Source:                 trigger_t_stepper/process_q_reg[4]/C
                            (rising edge-triggered cell FDRE)
  Destination:            video1/inst_dvid/TDMS_encoder_blue/encoded_reg[2]/D
                            (rising edge-triggered cell FDRE clocked by clk_out1_clk_wiz_0  {rise@0.000ns fall@20.000ns period=40.000ns})
  Path Group:             (none)
  Path Type:              Hold (Min at Fast Process Corner)
  Data Path Delay:        2.002ns  (logic 0.727ns (36.313%)  route 1.275ns (63.687%))
  Logic Levels:           11  (CARRY4=5 FDRE=1 LUT2=1 LUT5=1 LUT6=3)
  Clock Uncertainty:      0.190ns  ((TSJ^2 + DJ^2)^1/2) / 2 + PE
    Total System Jitter     (TSJ):    0.050ns
    Discrete Jitter          (DJ):    0.175ns
    Phase Error              (PE):    0.099ns

    Location             Delay type                Incr(ns)  Path(ns)    Netlist Resource(s)
  -------------------------------------------------------------------    -------------------
    SLICE_X153Y111       FDRE                         0.000     0.000 r  trigger_t_stepper/process_q_reg[4]/C
    SLICE_X153Y111       FDRE (Prop_fdre_C_Q)         0.141     0.141 r  trigger_t_stepper/process_q_reg[4]/Q
                         net (fo=8, routed)           0.111     0.252    video1/Inst_vga/vga_signal_generator1/horizontal_counter/time_trigger_value[4]
    SLICE_X152Y111       LUT2 (Prop_lut2_I1_O)        0.045     0.297 r  video1/Inst_vga/vga_signal_generator1/horizontal_counter/dc_bias[3]_i_561/O
                         net (fo=1, routed)           0.000     0.297    video1/Inst_vga/color_mapper1/dc_bias[3]_i_283_1[0]
    SLICE_X152Y111       CARRY4 (Prop_carry4_S[0]_O[0])
                                                      0.070     0.367 r  video1/Inst_vga/color_mapper1/dc_bias_reg[3]_i_435/O[0]
                         net (fo=3, routed)           0.133     0.500    video1/Inst_vga/color_mapper1/dc_bias_reg[3]_i_435_n_7
    SLICE_X154Y112       LUT6 (Prop_lut6_I2_O)        0.105     0.605 r  video1/Inst_vga/color_mapper1/dc_bias[3]_i_283/O
                         net (fo=1, routed)           0.000     0.605    video1/Inst_vga/color_mapper1/dc_bias[3]_i_283_n_0
    SLICE_X154Y112       CARRY4 (Prop_carry4_S[2]_CO[3])
                                                      0.111     0.716 r  video1/Inst_vga/color_mapper1/dc_bias_reg[3]_i_181/CO[3]
                         net (fo=1, routed)           0.000     0.716    video1/Inst_vga/color_mapper1/dc_bias_reg[3]_i_181_n_0
    SLICE_X154Y113       CARRY4 (Prop_carry4_CI_CO[3])
                                                      0.040     0.756 r  video1/Inst_vga/color_mapper1/dc_bias_reg[3]_i_129/CO[3]
                         net (fo=1, routed)           0.000     0.756    video1/Inst_vga/color_mapper1/dc_bias_reg[3]_i_129_n_0
    SLICE_X154Y114       CARRY4 (Prop_carry4_CI_CO[3])
                                                      0.040     0.796 r  video1/Inst_vga/color_mapper1/dc_bias_reg[3]_i_62/CO[3]
                         net (fo=1, routed)           0.000     0.796    video1/Inst_vga/color_mapper1/dc_bias_reg[3]_i_62_n_0
    SLICE_X154Y115       CARRY4 (Prop_carry4_CI_CO[3])
                                                      0.040     0.836 r  video1/Inst_vga/color_mapper1/dc_bias_reg[3]_i_25/CO[3]
                         net (fo=1, routed)           0.309     1.145    video1/Inst_vga/vga_signal_generator1/vertical_counter/dc_bias[3]_i_2_2[0]
    SLICE_X156Y115       LUT5 (Prop_lut5_I0_O)        0.045     1.190 r  video1/Inst_vga/vga_signal_generator1/vertical_counter/dc_bias[3]_i_6/O
                         net (fo=4, routed)           0.410     1.601    video1/Inst_vga/vga_signal_generator1/vertical_counter/dc_bias[3]_i_6_n_0
    SLICE_X158Y123       LUT6 (Prop_lut6_I3_O)        0.045     1.646 r  video1/Inst_vga/vga_signal_generator1/vertical_counter/dc_bias[3]_i_2__1/O
                         net (fo=14, routed)          0.312     1.957    video1/Inst_vga/vga_signal_generator1/vertical_counter/processQ_reg[9]_7
    SLICE_X160Y129       LUT6 (Prop_lut6_I4_O)        0.045     2.002 r  video1/Inst_vga/vga_signal_generator1/vertical_counter/encoded[2]_i_1/O
                         net (fo=1, routed)           0.000     2.002    video1/inst_dvid/TDMS_encoder_blue/encoded_reg[4]_0[2]
    SLICE_X160Y129       FDRE                                         r  video1/inst_dvid/TDMS_encoder_blue/encoded_reg[2]/D
  -------------------------------------------------------------------    -------------------

                         (clock clk_out1_clk_wiz_0 rise edge)
                                                      0.000     0.000 r  
    BUFGCTRL_X0Y1        BUFG                         0.000     0.000 r  clk_IBUF_BUFG_inst/O
                         net (fo=116, routed)         1.022     1.022    video1/mmcm_adv_inst_display_clocks/inst/clk_in1
    MMCME2_ADV_X1Y0      MMCME2_ADV (Prop_mmcme2_adv_CLKIN1_CLKOUT0)
                                                     -2.040    -1.018 r  video1/mmcm_adv_inst_display_clocks/inst/mmcm_adv_inst/CLKOUT0
                         net (fo=1, routed)           0.989    -0.029    video1/mmcm_adv_inst_display_clocks/inst/clk_out1_clk_wiz_0
    BUFGCTRL_X0Y2        BUFG (Prop_bufg_I_O)         0.029    -0.000 r  video1/mmcm_adv_inst_display_clocks/inst/clkout1_buf/O
                         net (fo=64, routed)          0.910     0.910    video1/inst_dvid/TDMS_encoder_blue/clk_out1
    SLICE_X160Y129       FDRE                                         r  video1/inst_dvid/TDMS_encoder_blue/encoded_reg[2]/C

Slack:                    inf
  Source:                 trigger_t_stepper/process_q_reg[4]/C
                            (rising edge-triggered cell FDRE)
  Destination:            video1/inst_dvid/TDMS_encoder_blue/encoded_reg[1]/D
                            (rising edge-triggered cell FDRE clocked by clk_out1_clk_wiz_0  {rise@0.000ns fall@20.000ns period=40.000ns})
  Path Group:             (none)
  Path Type:              Hold (Min at Fast Process Corner)
  Data Path Delay:        2.003ns  (logic 0.727ns (36.295%)  route 1.276ns (63.705%))
  Logic Levels:           11  (CARRY4=5 FDRE=1 LUT2=1 LUT5=1 LUT6=3)
  Clock Uncertainty:      0.190ns  ((TSJ^2 + DJ^2)^1/2) / 2 + PE
    Total System Jitter     (TSJ):    0.050ns
    Discrete Jitter          (DJ):    0.175ns
    Phase Error              (PE):    0.099ns

    Location             Delay type                Incr(ns)  Path(ns)    Netlist Resource(s)
  -------------------------------------------------------------------    -------------------
    SLICE_X153Y111       FDRE                         0.000     0.000 r  trigger_t_stepper/process_q_reg[4]/C
    SLICE_X153Y111       FDRE (Prop_fdre_C_Q)         0.141     0.141 r  trigger_t_stepper/process_q_reg[4]/Q
                         net (fo=8, routed)           0.111     0.252    video1/Inst_vga/vga_signal_generator1/horizontal_counter/time_trigger_value[4]
    SLICE_X152Y111       LUT2 (Prop_lut2_I1_O)        0.045     0.297 r  video1/Inst_vga/vga_signal_generator1/horizontal_counter/dc_bias[3]_i_561/O
                         net (fo=1, routed)           0.000     0.297    video1/Inst_vga/color_mapper1/dc_bias[3]_i_283_1[0]
    SLICE_X152Y111       CARRY4 (Prop_carry4_S[0]_O[0])
                                                      0.070     0.367 r  video1/Inst_vga/color_mapper1/dc_bias_reg[3]_i_435/O[0]
                         net (fo=3, routed)           0.133     0.500    video1/Inst_vga/color_mapper1/dc_bias_reg[3]_i_435_n_7
    SLICE_X154Y112       LUT6 (Prop_lut6_I2_O)        0.105     0.605 r  video1/Inst_vga/color_mapper1/dc_bias[3]_i_283/O
                         net (fo=1, routed)           0.000     0.605    video1/Inst_vga/color_mapper1/dc_bias[3]_i_283_n_0
    SLICE_X154Y112       CARRY4 (Prop_carry4_S[2]_CO[3])
                                                      0.111     0.716 r  video1/Inst_vga/color_mapper1/dc_bias_reg[3]_i_181/CO[3]
                         net (fo=1, routed)           0.000     0.716    video1/Inst_vga/color_mapper1/dc_bias_reg[3]_i_181_n_0
    SLICE_X154Y113       CARRY4 (Prop_carry4_CI_CO[3])
                                                      0.040     0.756 r  video1/Inst_vga/color_mapper1/dc_bias_reg[3]_i_129/CO[3]
                         net (fo=1, routed)           0.000     0.756    video1/Inst_vga/color_mapper1/dc_bias_reg[3]_i_129_n_0
    SLICE_X154Y114       CARRY4 (Prop_carry4_CI_CO[3])
                                                      0.040     0.796 r  video1/Inst_vga/color_mapper1/dc_bias_reg[3]_i_62/CO[3]
                         net (fo=1, routed)           0.000     0.796    video1/Inst_vga/color_mapper1/dc_bias_reg[3]_i_62_n_0
    SLICE_X154Y115       CARRY4 (Prop_carry4_CI_CO[3])
                                                      0.040     0.836 r  video1/Inst_vga/color_mapper1/dc_bias_reg[3]_i_25/CO[3]
                         net (fo=1, routed)           0.309     1.145    video1/Inst_vga/vga_signal_generator1/vertical_counter/dc_bias[3]_i_2_2[0]
    SLICE_X156Y115       LUT5 (Prop_lut5_I0_O)        0.045     1.190 r  video1/Inst_vga/vga_signal_generator1/vertical_counter/dc_bias[3]_i_6/O
                         net (fo=4, routed)           0.410     1.601    video1/Inst_vga/vga_signal_generator1/vertical_counter/dc_bias[3]_i_6_n_0
    SLICE_X158Y123       LUT6 (Prop_lut6_I3_O)        0.045     1.646 r  video1/Inst_vga/vga_signal_generator1/vertical_counter/dc_bias[3]_i_2__1/O
                         net (fo=14, routed)          0.313     1.958    video1/Inst_vga/vga_signal_generator1/vertical_counter/processQ_reg[9]_7
    SLICE_X160Y129       LUT6 (Prop_lut6_I4_O)        0.045     2.003 r  video1/Inst_vga/vga_signal_generator1/vertical_counter/encoded[1]_i_1__0/O
                         net (fo=1, routed)           0.000     2.003    video1/inst_dvid/TDMS_encoder_blue/encoded_reg[4]_0[1]
    SLICE_X160Y129       FDRE                                         r  video1/inst_dvid/TDMS_encoder_blue/encoded_reg[1]/D
  -------------------------------------------------------------------    -------------------

                         (clock clk_out1_clk_wiz_0 rise edge)
                                                      0.000     0.000 r  
    BUFGCTRL_X0Y1        BUFG                         0.000     0.000 r  clk_IBUF_BUFG_inst/O
                         net (fo=116, routed)         1.022     1.022    video1/mmcm_adv_inst_display_clocks/inst/clk_in1
    MMCME2_ADV_X1Y0      MMCME2_ADV (Prop_mmcme2_adv_CLKIN1_CLKOUT0)
                                                     -2.040    -1.018 r  video1/mmcm_adv_inst_display_clocks/inst/mmcm_adv_inst/CLKOUT0
                         net (fo=1, routed)           0.989    -0.029    video1/mmcm_adv_inst_display_clocks/inst/clk_out1_clk_wiz_0
    BUFGCTRL_X0Y2        BUFG (Prop_bufg_I_O)         0.029    -0.000 r  video1/mmcm_adv_inst_display_clocks/inst/clkout1_buf/O
                         net (fo=64, routed)          0.910     0.910    video1/inst_dvid/TDMS_encoder_blue/clk_out1
    SLICE_X160Y129       FDRE                                         r  video1/inst_dvid/TDMS_encoder_blue/encoded_reg[1]/C





