TRACE::2026-03-04.02:55:02::SCWPlatform::Trying to open the hw design at C:/Users/C27Jayden.Randolph/ece383_wksp/design_1_wrapper_1/hw/design_1_wrapper.xsa
TRACE::2026-03-04.02:55:02::SCWPlatform::DSA given C:/Users/C27Jayden.Randolph/ece383_wksp/design_1_wrapper_1/hw/design_1_wrapper.xsa
TRACE::2026-03-04.02:55:02::SCWPlatform::DSA absoulate path C:/Users/C27Jayden.Randolph/ece383_wksp/design_1_wrapper_1/hw/design_1_wrapper.xsa
TRACE::2026-03-04.02:55:02::SCWPlatform::DSA directory C:/Users/C27Jayden.Randolph/ece383_wksp/design_1_wrapper_1/hw
TRACE::2026-03-04.02:55:02::SCWPlatform:: Platform Path C:/Users/C27Jayden.Randolph/ece383_wksp/design_1_wrapper_1/hw/design_1_wrapper.xsa
TRACE::2026-03-04.02:55:02::SCWPlatform:: Unique name xilinx:nexys_video::0.0
TRACE::2026-03-04.02:55:02::SCWPlatform::Do not have an existing db opened. 
TRACE::2026-03-04.02:55:02::SCWPlatform::Opened new HwDB with name design_1_wrapper_0
TRACE::2026-03-04.02:55:02::SCWWriter::formatted JSON is {
	"platformName":	"design_1_wrapper_1",
	"sprVersion":	"2.0",
	"mode":	"gui",
	"dsaType":	"Fixed",
	"platformDesc":	"design_1_wrapper_1",
	"platHandOff":	"C:/Users/C27Jayden.Randolph/ece383_wksp/ublaze1/design_1_wrapper.xsa",
	"platIntHandOff":	"<platformDir>/hw/design_1_wrapper.xsa",
	"deviceType":	"FPGA",
	"platIsPrebuiltAutogen":	"false",
	"platIsNoBootBsp":	"false",
	"hasFsblMakeHasChanges":	"false",
	"hasPmufwMakeHasChanges":	"false",
	"platPreBuiltFlag":	false,
	"platformSamplesDir":	""
}
TRACE::2026-03-04.02:55:02::SCWWriter::formatted JSON is {
	"platformName":	"design_1_wrapper_1",
	"sprVersion":	"2.0",
	"mode":	"gui",
	"dsaType":	"Fixed",
	"platformDesc":	"design_1_wrapper_1",
	"platHandOff":	"C:/Users/C27Jayden.Randolph/ece383_wksp/ublaze1/design_1_wrapper.xsa",
	"platIntHandOff":	"<platformDir>/hw/design_1_wrapper.xsa",
	"deviceType":	"FPGA",
	"platIsPrebuiltAutogen":	"false",
	"platIsNoBootBsp":	"false",
	"hasFsblMakeHasChanges":	"false",
	"hasPmufwMakeHasChanges":	"false",
	"platPreBuiltFlag":	false,
	"platformSamplesDir":	"",
	"platActiveSys":	"design_1_wrapper_1",
	"systems":	[{
			"systemName":	"design_1_wrapper_1",
			"systemDesc":	"design_1_wrapper_1",
			"sysIsBootAutoGen":	"true",
			"systemDispName":	"design_1_wrapper_1"
		}]
}
TRACE::2026-03-04.02:55:02::SCWPlatform::Boot application domains not present, creating them
TRACE::2026-03-04.02:55:02::SCWPlatform::Pure FPGA device, no boot application will be created.
TRACE::2026-03-04.02:55:02::SCWWriter::formatted JSON is {
	"platformName":	"design_1_wrapper_1",
	"sprVersion":	"2.0",
	"mode":	"gui",
	"dsaType":	"Fixed",
	"platformDesc":	"design_1_wrapper_1",
	"platHandOff":	"C:/Users/C27Jayden.Randolph/ece383_wksp/ublaze1/design_1_wrapper.xsa",
	"platIntHandOff":	"<platformDir>/hw/design_1_wrapper.xsa",
	"deviceType":	"FPGA",
	"platIsPrebuiltAutogen":	"false",
	"platIsNoBootBsp":	"false",
	"hasFsblMakeHasChanges":	"false",
	"hasPmufwMakeHasChanges":	"false",
	"platPreBuiltFlag":	false,
	"platformSamplesDir":	"",
	"platActiveSys":	"design_1_wrapper_1",
	"systems":	[{
			"systemName":	"design_1_wrapper_1",
			"systemDesc":	"design_1_wrapper_1",
			"sysIsBootAutoGen":	"true",
			"systemDispName":	"design_1_wrapper_1"
		}]
}
TRACE::2026-03-04.02:55:02::SCWWriter::formatted JSON is {
	"platformName":	"design_1_wrapper_1",
	"sprVersion":	"2.0",
	"mode":	"gui",
	"dsaType":	"Fixed",
	"platformDesc":	"design_1_wrapper_1",
	"platHandOff":	"C:/Users/C27Jayden.Randolph/ece383_wksp/ublaze1/design_1_wrapper.xsa",
	"platIntHandOff":	"<platformDir>/hw/design_1_wrapper.xsa",
	"deviceType":	"FPGA",
	"platIsPrebuiltAutogen":	"false",
	"platIsNoBootBsp":	"false",
	"hasFsblMakeHasChanges":	"false",
	"hasPmufwMakeHasChanges":	"false",
	"platPreBuiltFlag":	false,
	"platformSamplesDir":	"",
	"platActiveSys":	"design_1_wrapper_1",
	"systems":	[{
			"systemName":	"design_1_wrapper_1",
			"systemDesc":	"design_1_wrapper_1",
			"sysIsBootAutoGen":	"true",
			"systemDispName":	"design_1_wrapper_1"
		}]
}
TRACE::2026-03-04.02:55:02::SCWPlatform::Trying to open the hw design at C:/Users/C27Jayden.Randolph/ece383_wksp/design_1_wrapper_1/hw/design_1_wrapper.xsa
TRACE::2026-03-04.02:55:02::SCWPlatform::DSA given C:/Users/C27Jayden.Randolph/ece383_wksp/design_1_wrapper_1/hw/design_1_wrapper.xsa
TRACE::2026-03-04.02:55:02::SCWPlatform::DSA absoulate path C:/Users/C27Jayden.Randolph/ece383_wksp/design_1_wrapper_1/hw/design_1_wrapper.xsa
TRACE::2026-03-04.02:55:02::SCWPlatform::DSA directory C:/Users/C27Jayden.Randolph/ece383_wksp/design_1_wrapper_1/hw
TRACE::2026-03-04.02:55:02::SCWPlatform:: Platform Path C:/Users/C27Jayden.Randolph/ece383_wksp/design_1_wrapper_1/hw/design_1_wrapper.xsa
TRACE::2026-03-04.02:55:02::SCWPlatform:: Unique name xilinx:nexys_video::0.0
TRACE::2026-03-04.02:55:02::SCWPlatform::Trying to set the existing hwdb with name design_1_wrapper_0
TRACE::2026-03-04.02:55:02::SCWPlatform::Opened existing hwdb design_1_wrapper_0
TRACE::2026-03-04.02:55:02::SCWPlatform::Found the Hw Db part of the input DSA
TRACE::2026-03-04.02:55:03::SCWPlatform::Trying to open the hw design at C:/Users/C27Jayden.Randolph/ece383_wksp/design_1_wrapper_1/hw/design_1_wrapper.xsa
TRACE::2026-03-04.02:55:03::SCWPlatform::DSA given C:/Users/C27Jayden.Randolph/ece383_wksp/design_1_wrapper_1/hw/design_1_wrapper.xsa
TRACE::2026-03-04.02:55:03::SCWPlatform::DSA absoulate path C:/Users/C27Jayden.Randolph/ece383_wksp/design_1_wrapper_1/hw/design_1_wrapper.xsa
TRACE::2026-03-04.02:55:03::SCWPlatform::DSA directory C:/Users/C27Jayden.Randolph/ece383_wksp/design_1_wrapper_1/hw
TRACE::2026-03-04.02:55:03::SCWPlatform:: Platform Path C:/Users/C27Jayden.Randolph/ece383_wksp/design_1_wrapper_1/hw/design_1_wrapper.xsa
TRACE::2026-03-04.02:55:03::SCWPlatform:: Unique name xilinx:nexys_video::0.0
TRACE::2026-03-04.02:55:03::SCWPlatform::Trying to set the existing hwdb with name design_1_wrapper_0
TRACE::2026-03-04.02:55:03::SCWPlatform::Opened existing hwdb design_1_wrapper_0
TRACE::2026-03-04.02:55:03::SCWPlatform::Found the Hw Db part of the input DSA
TRACE::2026-03-04.02:55:03::SCWDomain::checking for install qemu data   : 
TRACE::2026-03-04.02:55:03::SCWPlatform::Trying to open the hw design at C:/Users/C27Jayden.Randolph/ece383_wksp/design_1_wrapper_1/hw/design_1_wrapper.xsa
TRACE::2026-03-04.02:55:03::SCWPlatform::DSA given C:/Users/C27Jayden.Randolph/ece383_wksp/design_1_wrapper_1/hw/design_1_wrapper.xsa
TRACE::2026-03-04.02:55:03::SCWPlatform::DSA absoulate path C:/Users/C27Jayden.Randolph/ece383_wksp/design_1_wrapper_1/hw/design_1_wrapper.xsa
TRACE::2026-03-04.02:55:03::SCWPlatform::DSA directory C:/Users/C27Jayden.Randolph/ece383_wksp/design_1_wrapper_1/hw
TRACE::2026-03-04.02:55:03::SCWPlatform:: Platform Path C:/Users/C27Jayden.Randolph/ece383_wksp/design_1_wrapper_1/hw/design_1_wrapper.xsa
TRACE::2026-03-04.02:55:03::SCWPlatform:: Unique name xilinx:nexys_video::0.0
TRACE::2026-03-04.02:55:03::SCWPlatform::Trying to set the existing hwdb with name design_1_wrapper_0
TRACE::2026-03-04.02:55:03::SCWPlatform::Opened existing hwdb design_1_wrapper_0
TRACE::2026-03-04.02:55:03::SCWPlatform::Found the Hw Db part of the input DSA
TRACE::2026-03-04.02:55:03::SCWPlatform::Trying to open the hw design at C:/Users/C27Jayden.Randolph/ece383_wksp/design_1_wrapper_1/hw/design_1_wrapper.xsa
TRACE::2026-03-04.02:55:03::SCWPlatform::DSA given C:/Users/C27Jayden.Randolph/ece383_wksp/design_1_wrapper_1/hw/design_1_wrapper.xsa
TRACE::2026-03-04.02:55:03::SCWPlatform::DSA absoulate path C:/Users/C27Jayden.Randolph/ece383_wksp/design_1_wrapper_1/hw/design_1_wrapper.xsa
TRACE::2026-03-04.02:55:03::SCWPlatform::DSA directory C:/Users/C27Jayden.Randolph/ece383_wksp/design_1_wrapper_1/hw
TRACE::2026-03-04.02:55:03::SCWPlatform:: Platform Path C:/Users/C27Jayden.Randolph/ece383_wksp/design_1_wrapper_1/hw/design_1_wrapper.xsa
TRACE::2026-03-04.02:55:03::SCWPlatform:: Unique name xilinx:nexys_video::0.0
TRACE::2026-03-04.02:55:03::SCWPlatform::Trying to set the existing hwdb with name design_1_wrapper_0
TRACE::2026-03-04.02:55:03::SCWPlatform::Opened existing hwdb design_1_wrapper_0
TRACE::2026-03-04.02:55:03::SCWPlatform::Found the Hw Db part of the input DSA
TRACE::2026-03-04.02:55:03::SCWPlatform::Trying to open the hw design at C:/Users/C27Jayden.Randolph/ece383_wksp/design_1_wrapper_1/hw/design_1_wrapper.xsa
TRACE::2026-03-04.02:55:03::SCWPlatform::DSA given C:/Users/C27Jayden.Randolph/ece383_wksp/design_1_wrapper_1/hw/design_1_wrapper.xsa
TRACE::2026-03-04.02:55:03::SCWPlatform::DSA absoulate path C:/Users/C27Jayden.Randolph/ece383_wksp/design_1_wrapper_1/hw/design_1_wrapper.xsa
TRACE::2026-03-04.02:55:03::SCWPlatform::DSA directory C:/Users/C27Jayden.Randolph/ece383_wksp/design_1_wrapper_1/hw
TRACE::2026-03-04.02:55:03::SCWPlatform:: Platform Path C:/Users/C27Jayden.Randolph/ece383_wksp/design_1_wrapper_1/hw/design_1_wrapper.xsa
TRACE::2026-03-04.02:55:03::SCWPlatform:: Unique name xilinx:nexys_video::0.0
TRACE::2026-03-04.02:55:03::SCWPlatform::Trying to set the existing hwdb with name design_1_wrapper_0
TRACE::2026-03-04.02:55:03::SCWPlatform::Opened existing hwdb design_1_wrapper_0
TRACE::2026-03-04.02:55:03::SCWPlatform::Found the Hw Db part of the input DSA
TRACE::2026-03-04.02:55:03::SCWMssOS::Checking the sw design at  C:/Users/C27Jayden.Randolph/ece383_wksp/design_1_wrapper_1/microblaze_0/standalone_microblaze_0/bsp/system.mss
TRACE::2026-03-04.02:55:03::SCWMssOS::DEBUG:  swdes dump  
TRACE::2026-03-04.02:55:03::SCWMssOS::No sw design opened at  C:/Users/C27Jayden.Randolph/ece383_wksp/design_1_wrapper_1/microblaze_0/standalone_microblaze_0/bsp/system.mss
TRACE::2026-03-04.02:55:03::SCWMssOS::mss does not exists at C:/Users/C27Jayden.Randolph/ece383_wksp/design_1_wrapper_1/microblaze_0/standalone_microblaze_0/bsp/system.mss
TRACE::2026-03-04.02:55:03::SCWMssOS::Creating sw design at  C:/Users/C27Jayden.Randolph/ece383_wksp/design_1_wrapper_1/microblaze_0/standalone_microblaze_0/bsp/system.mss
TRACE::2026-03-04.02:55:03::SCWMssOS::Adding the swdes entry, created swdb C:/Users/C27Jayden.Randolph/ece383_wksp/design_1_wrapper_1/microblaze_0/standalone_microblaze_0/bsp/system.mss with des name C:/Users/C27Jayden.Randolph/ece383_wksp/design_1_wrapper_1/microblaze_0/standalone_microblaze_0/bsp/system.mss
TRACE::2026-03-04.02:55:03::SCWMssOS::updating the scw layer changes to swdes at   C:/Users/C27Jayden.Randolph/ece383_wksp/design_1_wrapper_1/microblaze_0/standalone_microblaze_0/bsp/system.mss
TRACE::2026-03-04.02:55:03::SCWMssOS::Writing mss at C:/Users/C27Jayden.Randolph/ece383_wksp/design_1_wrapper_1/microblaze_0/standalone_microblaze_0/bsp/system.mss
TRACE::2026-03-04.02:55:03::SCWMssOS::Completed writing the mss file at C:/Users/C27Jayden.Randolph/ece383_wksp/design_1_wrapper_1/microblaze_0/standalone_microblaze_0/bsp
TRACE::2026-03-04.02:55:03::SCWMssOS::Picking up changes from newly written mss file into SCW Layer. 
TRACE::2026-03-04.02:55:03::SCWMssOS::Updated the changes from newly written mss file into SCW Layer. 
TRACE::2026-03-04.02:55:03::SCWMssOS::Completed writing the mss file at C:/Users/C27Jayden.Randolph/ece383_wksp/design_1_wrapper_1/microblaze_0/standalone_microblaze_0/bsp
TRACE::2026-03-04.02:55:03::SCWMssOS::Forcing BSP Sources regeneration.
TRACE::2026-03-04.02:55:08::SCWMssOS::Saving the mss changes C:/Users/C27Jayden.Randolph/ece383_wksp/design_1_wrapper_1/microblaze_0/standalone_microblaze_0/bsp/system.mss
TRACE::2026-03-04.02:55:08::SCWMssOS::Adding the swdes entry, mss present, able to open swdb C:/Users/C27Jayden.Randolph/ece383_wksp/design_1_wrapper_1/microblaze_0/standalone_microblaze_0/bsp/system.mss with des name system
TRACE::2026-03-04.02:55:08::SCWMssOS::Writing the mss file completed C:/Users/C27Jayden.Randolph/ece383_wksp/design_1_wrapper_1/microblaze_0/standalone_microblaze_0/bsp/system.mss
TRACE::2026-03-04.02:55:08::SCWMssOS::Commit changes completed.
TRACE::2026-03-04.02:55:08::SCWPlatform::Trying to open the hw design at C:/Users/C27Jayden.Randolph/ece383_wksp/design_1_wrapper_1/hw/design_1_wrapper.xsa
TRACE::2026-03-04.02:55:08::SCWPlatform::DSA given C:/Users/C27Jayden.Randolph/ece383_wksp/design_1_wrapper_1/hw/design_1_wrapper.xsa
TRACE::2026-03-04.02:55:08::SCWPlatform::DSA absoulate path C:/Users/C27Jayden.Randolph/ece383_wksp/design_1_wrapper_1/hw/design_1_wrapper.xsa
TRACE::2026-03-04.02:55:08::SCWPlatform::DSA directory C:/Users/C27Jayden.Randolph/ece383_wksp/design_1_wrapper_1/hw
TRACE::2026-03-04.02:55:08::SCWPlatform:: Platform Path C:/Users/C27Jayden.Randolph/ece383_wksp/design_1_wrapper_1/hw/design_1_wrapper.xsa
TRACE::2026-03-04.02:55:08::SCWPlatform:: Unique name xilinx:nexys_video::0.0
TRACE::2026-03-04.02:55:08::SCWPlatform::Trying to set the existing hwdb with name design_1_wrapper_0
TRACE::2026-03-04.02:55:08::SCWPlatform::Opened existing hwdb design_1_wrapper_0
TRACE::2026-03-04.02:55:08::SCWPlatform::Found the Hw Db part of the input DSA
TRACE::2026-03-04.02:55:08::SCWMssOS::Checking the sw design at  C:/Users/C27Jayden.Randolph/ece383_wksp/design_1_wrapper_1/microblaze_0/standalone_microblaze_0/bsp/system.mss
TRACE::2026-03-04.02:55:08::SCWMssOS::DEBUG:  swdes dump  C:/Users/C27Jayden.Randolph/ece383_wksp/design_1_wrapper_1/microblaze_0/standalone_microblaze_0/bsp/system.mss|system||

TRACE::2026-03-04.02:55:08::SCWMssOS::Sw design exists and opened at  C:/Users/C27Jayden.Randolph/ece383_wksp/design_1_wrapper_1/microblaze_0/standalone_microblaze_0/bsp/system.mss
TRACE::2026-03-04.02:55:08::SCWPlatform::Trying to open the hw design at C:/Users/C27Jayden.Randolph/ece383_wksp/design_1_wrapper_1/hw/design_1_wrapper.xsa
TRACE::2026-03-04.02:55:08::SCWPlatform::DSA given C:/Users/C27Jayden.Randolph/ece383_wksp/design_1_wrapper_1/hw/design_1_wrapper.xsa
TRACE::2026-03-04.02:55:08::SCWPlatform::DSA absoulate path C:/Users/C27Jayden.Randolph/ece383_wksp/design_1_wrapper_1/hw/design_1_wrapper.xsa
TRACE::2026-03-04.02:55:08::SCWPlatform::DSA directory C:/Users/C27Jayden.Randolph/ece383_wksp/design_1_wrapper_1/hw
TRACE::2026-03-04.02:55:08::SCWPlatform:: Platform Path C:/Users/C27Jayden.Randolph/ece383_wksp/design_1_wrapper_1/hw/design_1_wrapper.xsa
TRACE::2026-03-04.02:55:08::SCWPlatform:: Unique name xilinx:nexys_video::0.0
TRACE::2026-03-04.02:55:08::SCWPlatform::Trying to set the existing hwdb with name design_1_wrapper_0
TRACE::2026-03-04.02:55:08::SCWPlatform::Opened existing hwdb design_1_wrapper_0
TRACE::2026-03-04.02:55:08::SCWPlatform::Found the Hw Db part of the input DSA
TRACE::2026-03-04.02:55:08::SCWMssOS::Checking the sw design at  C:/Users/C27Jayden.Randolph/ece383_wksp/design_1_wrapper_1/microblaze_0/standalone_microblaze_0/bsp/system.mss
TRACE::2026-03-04.02:55:08::SCWMssOS::DEBUG:  swdes dump  C:/Users/C27Jayden.Randolph/ece383_wksp/design_1_wrapper_1/microblaze_0/standalone_microblaze_0/bsp/system.mss|system||

TRACE::2026-03-04.02:55:08::SCWMssOS::Sw design exists and opened at  C:/Users/C27Jayden.Randolph/ece383_wksp/design_1_wrapper_1/microblaze_0/standalone_microblaze_0/bsp/system.mss
TRACE::2026-03-04.02:55:08::SCWPlatform::Trying to open the hw design at C:/Users/C27Jayden.Randolph/ece383_wksp/design_1_wrapper_1/hw/design_1_wrapper.xsa
TRACE::2026-03-04.02:55:08::SCWPlatform::DSA given C:/Users/C27Jayden.Randolph/ece383_wksp/design_1_wrapper_1/hw/design_1_wrapper.xsa
TRACE::2026-03-04.02:55:08::SCWPlatform::DSA absoulate path C:/Users/C27Jayden.Randolph/ece383_wksp/design_1_wrapper_1/hw/design_1_wrapper.xsa
TRACE::2026-03-04.02:55:08::SCWPlatform::DSA directory C:/Users/C27Jayden.Randolph/ece383_wksp/design_1_wrapper_1/hw
TRACE::2026-03-04.02:55:08::SCWPlatform:: Platform Path C:/Users/C27Jayden.Randolph/ece383_wksp/design_1_wrapper_1/hw/design_1_wrapper.xsa
TRACE::2026-03-04.02:55:08::SCWPlatform:: Unique name xilinx:nexys_video::0.0
TRACE::2026-03-04.02:55:08::SCWPlatform::Trying to set the existing hwdb with name design_1_wrapper_0
TRACE::2026-03-04.02:55:08::SCWPlatform::Opened existing hwdb design_1_wrapper_0
TRACE::2026-03-04.02:55:08::SCWPlatform::Found the Hw Db part of the input DSA
TRACE::2026-03-04.02:55:08::SCWMssOS::Checking the sw design at  C:/Users/C27Jayden.Randolph/ece383_wksp/design_1_wrapper_1/microblaze_0/standalone_microblaze_0/bsp/system.mss
TRACE::2026-03-04.02:55:08::SCWMssOS::DEBUG:  swdes dump  C:/Users/C27Jayden.Randolph/ece383_wksp/design_1_wrapper_1/microblaze_0/standalone_microblaze_0/bsp/system.mss|system||

TRACE::2026-03-04.02:55:08::SCWMssOS::Sw design exists and opened at  C:/Users/C27Jayden.Randolph/ece383_wksp/design_1_wrapper_1/microblaze_0/standalone_microblaze_0/bsp/system.mss
TRACE::2026-03-04.02:55:08::SCWWriter::formatted JSON is {
	"platformName":	"design_1_wrapper_1",
	"sprVersion":	"2.0",
	"mode":	"gui",
	"dsaType":	"Fixed",
	"platformDesc":	"design_1_wrapper_1",
	"platHandOff":	"C:/Users/C27Jayden.Randolph/ece383_wksp/ublaze1/design_1_wrapper.xsa",
	"platIntHandOff":	"<platformDir>/hw/design_1_wrapper.xsa",
	"deviceType":	"FPGA",
	"platIsPrebuiltAutogen":	"false",
	"platIsNoBootBsp":	"false",
	"hasFsblMakeHasChanges":	"false",
	"hasPmufwMakeHasChanges":	"false",
	"platPreBuiltFlag":	false,
	"platformSamplesDir":	"",
	"platActiveSys":	"design_1_wrapper_1",
	"systems":	[{
			"systemName":	"design_1_wrapper_1",
			"systemDesc":	"design_1_wrapper_1",
			"sysIsBootAutoGen":	"true",
			"systemDispName":	"design_1_wrapper_1",
			"sysActiveDom":	"standalone_microblaze_0",
			"sysDefaultDom":	"standalone_microblaze_0",
			"domains":	[{
					"domainName":	"standalone_microblaze_0",
					"domainDispName":	"standalone_microblaze_0",
					"domainDesc":	"standalone_microblaze_0",
					"processors":	"microblaze_0",
					"os":	"standalone",
					"sdxOs":	"standalone",
					"debugEnable":	"False",
					"domRuntimes":	["cpp"],
					"swRepo":	"",
					"mssOsVer":	"9.2",
					"mssFile":	"",
					"md5Digest":	"27f266669af8a91a539307f7b404e8b4",
					"compatibleApp":	"hello_world",
					"domType":	"mssDomain",
					"arch":	"32-bit",
					"appSettings":	{
						"appCompilerFlags":	"",
						"appLinkerFlags":	""
					},
					"addedLibs":	[],
					"libOptions":	{
						"libsContainingOptions":	[]
					},
					"prebuiltLibs":	{
						"prebuiltIncPath":	[],
						"prebuiltLibPath":	[]
					},
					"isolation":	{
					}
				}]
		}]
}
LOG::2026-03-04.02:55:08::SCWPlatform::Started generating the artifacts platform design_1_wrapper_1
TRACE::2026-03-04.02:55:08::SCWPlatform::Sanity checking of platform is completed
LOG::2026-03-04.02:55:08::SCWPlatform::Started generating the artifacts for system configuration design_1_wrapper_1
LOG::2026-03-04.02:55:08::SCWSystem::Checking the domain standalone_microblaze_0
LOG::2026-03-04.02:55:08::SCWSystem::Not a boot domain 
LOG::2026-03-04.02:55:08::SCWSystem::Started Processing the domain standalone_microblaze_0
TRACE::2026-03-04.02:55:08::SCWDomain::Generating domain artifcats
TRACE::2026-03-04.02:55:08::SCWMssOS::Generating standalone artifcats
TRACE::2026-03-04.02:55:08::SCWMssOS:: Copying the user libraries. 
TRACE::2026-03-04.02:55:08::SCWPlatform::Trying to open the hw design at C:/Users/C27Jayden.Randolph/ece383_wksp/design_1_wrapper_1/hw/design_1_wrapper.xsa
TRACE::2026-03-04.02:55:08::SCWPlatform::DSA given C:/Users/C27Jayden.Randolph/ece383_wksp/design_1_wrapper_1/hw/design_1_wrapper.xsa
TRACE::2026-03-04.02:55:08::SCWPlatform::DSA absoulate path C:/Users/C27Jayden.Randolph/ece383_wksp/design_1_wrapper_1/hw/design_1_wrapper.xsa
TRACE::2026-03-04.02:55:08::SCWPlatform::DSA directory C:/Users/C27Jayden.Randolph/ece383_wksp/design_1_wrapper_1/hw
TRACE::2026-03-04.02:55:08::SCWPlatform:: Platform Path C:/Users/C27Jayden.Randolph/ece383_wksp/design_1_wrapper_1/hw/design_1_wrapper.xsa
TRACE::2026-03-04.02:55:08::SCWPlatform:: Unique name xilinx:nexys_video::0.0
TRACE::2026-03-04.02:55:08::SCWPlatform::Trying to set the existing hwdb with name design_1_wrapper_0
TRACE::2026-03-04.02:55:08::SCWPlatform::Opened existing hwdb design_1_wrapper_0
TRACE::2026-03-04.02:55:08::SCWPlatform::Found the Hw Db part of the input DSA
TRACE::2026-03-04.02:55:08::SCWMssOS::Checking the sw design at  C:/Users/C27Jayden.Randolph/ece383_wksp/design_1_wrapper_1/microblaze_0/standalone_microblaze_0/bsp/system.mss
TRACE::2026-03-04.02:55:08::SCWMssOS::DEBUG:  swdes dump  C:/Users/C27Jayden.Randolph/ece383_wksp/design_1_wrapper_1/microblaze_0/standalone_microblaze_0/bsp/system.mss|system||

TRACE::2026-03-04.02:55:08::SCWMssOS::Sw design exists and opened at  C:/Users/C27Jayden.Randolph/ece383_wksp/design_1_wrapper_1/microblaze_0/standalone_microblaze_0/bsp/system.mss
TRACE::2026-03-04.02:55:08::SCWMssOS::Completed writing the mss file at C:/Users/C27Jayden.Randolph/ece383_wksp/design_1_wrapper_1/microblaze_0/standalone_microblaze_0/bsp
TRACE::2026-03-04.02:55:08::SCWMssOS::Mss edits present, copying mssfile into export location C:/Users/C27Jayden.Randolph/ece383_wksp/design_1_wrapper_1/microblaze_0/standalone_microblaze_0/bsp/system.mss
TRACE::2026-03-04.02:55:08::SCWMssOS::bsp generated is upto date with the mss file. Skipping bsp generation.
TRACE::2026-03-04.02:55:08::SCWMssOS::BSP is already built. skipping the bsp build ... 
TRACE::2026-03-04.02:55:08::SCWDomain::Skipping the build for domain :  standalone_microblaze_0
TRACE::2026-03-04.02:55:08::SCWMssOS::skipping the bsp build ... 
TRACE::2026-03-04.02:55:08::SCWMssOS::Copying to export directory.
TRACE::2026-03-04.02:55:08::SCWMssOS:: Checking if to create the Supporting Applications
TRACE::2026-03-04.02:55:08::SCWMssOS:: No Linux domain exists, trying to generate FSBL 
LOG::2026-03-04.02:55:08::SCWSystem::Completed Processing the domain standalone_microblaze_0
LOG::2026-03-04.02:55:08::SCWSystem::Completed Processing the sysconfig design_1_wrapper_1
LOG::2026-03-04.02:55:08::SCWPlatform::Completed generating the artifacts for system configuration design_1_wrapper_1
TRACE::2026-03-04.02:55:08::SCWPlatform::Started preparing the platform 
TRACE::2026-03-04.02:55:08::SCWSystem::Writing the bif file for system config design_1_wrapper_1
TRACE::2026-03-04.02:55:08::SCWSystem::dir created 
TRACE::2026-03-04.02:55:08::SCWSystem::Writing the bif 
TRACE::2026-03-04.02:55:08::SCWPlatform::Started writing the spfm file 
TRACE::2026-03-04.02:55:08::SCWPlatform::Started writing the xpfm file 
TRACE::2026-03-04.02:55:08::SCWPlatform::Completed generating the platform
TRACE::2026-03-04.02:55:08::SCWMssOS::Saving the mss changes C:/Users/C27Jayden.Randolph/ece383_wksp/design_1_wrapper_1/microblaze_0/standalone_microblaze_0/bsp/system.mss
TRACE::2026-03-04.02:55:08::SCWMssOS::Found a swdesign opened with the mssfile.
TRACE::2026-03-04.02:55:08::SCWMssOS::Completed writemss as part of save.
TRACE::2026-03-04.02:55:08::SCWMssOS::Commit changes completed.
TRACE::2026-03-04.02:55:08::SCWPlatform::Trying to open the hw design at C:/Users/C27Jayden.Randolph/ece383_wksp/design_1_wrapper_1/hw/design_1_wrapper.xsa
TRACE::2026-03-04.02:55:08::SCWPlatform::DSA given C:/Users/C27Jayden.Randolph/ece383_wksp/design_1_wrapper_1/hw/design_1_wrapper.xsa
TRACE::2026-03-04.02:55:08::SCWPlatform::DSA absoulate path C:/Users/C27Jayden.Randolph/ece383_wksp/design_1_wrapper_1/hw/design_1_wrapper.xsa
TRACE::2026-03-04.02:55:08::SCWPlatform::DSA directory C:/Users/C27Jayden.Randolph/ece383_wksp/design_1_wrapper_1/hw
TRACE::2026-03-04.02:55:08::SCWPlatform:: Platform Path C:/Users/C27Jayden.Randolph/ece383_wksp/design_1_wrapper_1/hw/design_1_wrapper.xsa
TRACE::2026-03-04.02:55:08::SCWPlatform:: Unique name xilinx:nexys_video::0.0
TRACE::2026-03-04.02:55:08::SCWPlatform::Trying to set the existing hwdb with name design_1_wrapper_0
TRACE::2026-03-04.02:55:08::SCWPlatform::Opened existing hwdb design_1_wrapper_0
TRACE::2026-03-04.02:55:08::SCWPlatform::Found the Hw Db part of the input DSA
TRACE::2026-03-04.02:55:08::SCWMssOS::Checking the sw design at  C:/Users/C27Jayden.Randolph/ece383_wksp/design_1_wrapper_1/microblaze_0/standalone_microblaze_0/bsp/system.mss
TRACE::2026-03-04.02:55:08::SCWMssOS::DEBUG:  swdes dump  C:/Users/C27Jayden.Randolph/ece383_wksp/design_1_wrapper_1/microblaze_0/standalone_microblaze_0/bsp/system.mss|system||

TRACE::2026-03-04.02:55:08::SCWMssOS::Sw design exists and opened at  C:/Users/C27Jayden.Randolph/ece383_wksp/design_1_wrapper_1/microblaze_0/standalone_microblaze_0/bsp/system.mss
TRACE::2026-03-04.02:55:08::SCWPlatform::Trying to open the hw design at C:/Users/C27Jayden.Randolph/ece383_wksp/design_1_wrapper_1/hw/design_1_wrapper.xsa
TRACE::2026-03-04.02:55:08::SCWPlatform::DSA given C:/Users/C27Jayden.Randolph/ece383_wksp/design_1_wrapper_1/hw/design_1_wrapper.xsa
TRACE::2026-03-04.02:55:08::SCWPlatform::DSA absoulate path C:/Users/C27Jayden.Randolph/ece383_wksp/design_1_wrapper_1/hw/design_1_wrapper.xsa
TRACE::2026-03-04.02:55:08::SCWPlatform::DSA directory C:/Users/C27Jayden.Randolph/ece383_wksp/design_1_wrapper_1/hw
TRACE::2026-03-04.02:55:08::SCWPlatform:: Platform Path C:/Users/C27Jayden.Randolph/ece383_wksp/design_1_wrapper_1/hw/design_1_wrapper.xsa
TRACE::2026-03-04.02:55:08::SCWPlatform:: Unique name xilinx:nexys_video::0.0
TRACE::2026-03-04.02:55:09::SCWPlatform::Trying to set the existing hwdb with name design_1_wrapper_0
TRACE::2026-03-04.02:55:09::SCWPlatform::Opened existing hwdb design_1_wrapper_0
TRACE::2026-03-04.02:55:09::SCWPlatform::Found the Hw Db part of the input DSA
TRACE::2026-03-04.02:55:09::SCWMssOS::Checking the sw design at  C:/Users/C27Jayden.Randolph/ece383_wksp/design_1_wrapper_1/microblaze_0/standalone_microblaze_0/bsp/system.mss
TRACE::2026-03-04.02:55:09::SCWMssOS::DEBUG:  swdes dump  C:/Users/C27Jayden.Randolph/ece383_wksp/design_1_wrapper_1/microblaze_0/standalone_microblaze_0/bsp/system.mss|system||

TRACE::2026-03-04.02:55:09::SCWMssOS::Sw design exists and opened at  C:/Users/C27Jayden.Randolph/ece383_wksp/design_1_wrapper_1/microblaze_0/standalone_microblaze_0/bsp/system.mss
TRACE::2026-03-04.02:55:09::SCWPlatform::Trying to open the hw design at C:/Users/C27Jayden.Randolph/ece383_wksp/design_1_wrapper_1/hw/design_1_wrapper.xsa
TRACE::2026-03-04.02:55:09::SCWPlatform::DSA given C:/Users/C27Jayden.Randolph/ece383_wksp/design_1_wrapper_1/hw/design_1_wrapper.xsa
TRACE::2026-03-04.02:55:09::SCWPlatform::DSA absoulate path C:/Users/C27Jayden.Randolph/ece383_wksp/design_1_wrapper_1/hw/design_1_wrapper.xsa
TRACE::2026-03-04.02:55:09::SCWPlatform::DSA directory C:/Users/C27Jayden.Randolph/ece383_wksp/design_1_wrapper_1/hw
TRACE::2026-03-04.02:55:09::SCWPlatform:: Platform Path C:/Users/C27Jayden.Randolph/ece383_wksp/design_1_wrapper_1/hw/design_1_wrapper.xsa
TRACE::2026-03-04.02:55:09::SCWPlatform:: Unique name xilinx:nexys_video::0.0
TRACE::2026-03-04.02:55:09::SCWPlatform::Trying to set the existing hwdb with name design_1_wrapper_0
TRACE::2026-03-04.02:55:09::SCWPlatform::Opened existing hwdb design_1_wrapper_0
TRACE::2026-03-04.02:55:09::SCWPlatform::Found the Hw Db part of the input DSA
TRACE::2026-03-04.02:55:09::SCWMssOS::Checking the sw design at  C:/Users/C27Jayden.Randolph/ece383_wksp/design_1_wrapper_1/microblaze_0/standalone_microblaze_0/bsp/system.mss
TRACE::2026-03-04.02:55:09::SCWMssOS::DEBUG:  swdes dump  C:/Users/C27Jayden.Randolph/ece383_wksp/design_1_wrapper_1/microblaze_0/standalone_microblaze_0/bsp/system.mss|system||

TRACE::2026-03-04.02:55:09::SCWMssOS::Sw design exists and opened at  C:/Users/C27Jayden.Randolph/ece383_wksp/design_1_wrapper_1/microblaze_0/standalone_microblaze_0/bsp/system.mss
TRACE::2026-03-04.02:55:09::SCWWriter::formatted JSON is {
	"platformName":	"design_1_wrapper_1",
	"sprVersion":	"2.0",
	"mode":	"gui",
	"dsaType":	"Fixed",
	"platformDesc":	"design_1_wrapper_1",
	"platHandOff":	"C:/Users/C27Jayden.Randolph/ece383_wksp/ublaze1/design_1_wrapper.xsa",
	"platIntHandOff":	"<platformDir>/hw/design_1_wrapper.xsa",
	"deviceType":	"FPGA",
	"platIsPrebuiltAutogen":	"false",
	"platIsNoBootBsp":	"false",
	"hasFsblMakeHasChanges":	"false",
	"hasPmufwMakeHasChanges":	"false",
	"platPreBuiltFlag":	false,
	"platformSamplesDir":	"",
	"platActiveSys":	"design_1_wrapper_1",
	"systems":	[{
			"systemName":	"design_1_wrapper_1",
			"systemDesc":	"design_1_wrapper_1",
			"sysIsBootAutoGen":	"true",
			"systemDispName":	"design_1_wrapper_1",
			"sysActiveDom":	"standalone_microblaze_0",
			"sysDefaultDom":	"standalone_microblaze_0",
			"domains":	[{
					"domainName":	"standalone_microblaze_0",
					"domainDispName":	"standalone_microblaze_0",
					"domainDesc":	"standalone_microblaze_0",
					"processors":	"microblaze_0",
					"os":	"standalone",
					"sdxOs":	"standalone",
					"debugEnable":	"False",
					"domRuntimes":	["cpp"],
					"swRepo":	"",
					"mssOsVer":	"9.2",
					"mssFile":	"",
					"md5Digest":	"27f266669af8a91a539307f7b404e8b4",
					"compatibleApp":	"hello_world",
					"domType":	"mssDomain",
					"arch":	"32-bit",
					"appSettings":	{
						"appCompilerFlags":	"",
						"appLinkerFlags":	""
					},
					"addedLibs":	[],
					"libOptions":	{
						"libsContainingOptions":	[]
					},
					"prebuiltLibs":	{
						"prebuiltIncPath":	[],
						"prebuiltLibPath":	[]
					},
					"isolation":	{
					}
				}]
		}]
}
KEYINFO::2026-03-04.02:55:09::SCWPlatform::updated the xpfm file.
TRACE::2026-03-04.02:55:09::SCWPlatform::Trying to open the hw design at C:/Users/C27Jayden.Randolph/ece383_wksp/design_1_wrapper_1/hw/design_1_wrapper.xsa
TRACE::2026-03-04.02:55:09::SCWPlatform::DSA given C:/Users/C27Jayden.Randolph/ece383_wksp/design_1_wrapper_1/hw/design_1_wrapper.xsa
TRACE::2026-03-04.02:55:09::SCWPlatform::DSA absoulate path C:/Users/C27Jayden.Randolph/ece383_wksp/design_1_wrapper_1/hw/design_1_wrapper.xsa
TRACE::2026-03-04.02:55:09::SCWPlatform::DSA directory C:/Users/C27Jayden.Randolph/ece383_wksp/design_1_wrapper_1/hw
TRACE::2026-03-04.02:55:09::SCWPlatform:: Platform Path C:/Users/C27Jayden.Randolph/ece383_wksp/design_1_wrapper_1/hw/design_1_wrapper.xsa
TRACE::2026-03-04.02:55:09::SCWPlatform:: Unique name xilinx:nexys_video::0.0
TRACE::2026-03-04.02:55:09::SCWPlatform::Trying to set the existing hwdb with name design_1_wrapper_0
TRACE::2026-03-04.02:55:09::SCWPlatform::Opened existing hwdb design_1_wrapper_0
TRACE::2026-03-04.02:55:09::SCWPlatform::Found the Hw Db part of the input DSA
TRACE::2026-03-04.02:55:09::SCWMssOS::Checking the sw design at  C:/Users/C27Jayden.Randolph/ece383_wksp/design_1_wrapper_1/microblaze_0/standalone_microblaze_0/bsp/system.mss
TRACE::2026-03-04.02:55:09::SCWMssOS::DEBUG:  swdes dump  C:/Users/C27Jayden.Randolph/ece383_wksp/design_1_wrapper_1/microblaze_0/standalone_microblaze_0/bsp/system.mss|system||

TRACE::2026-03-04.02:55:09::SCWMssOS::Sw design exists and opened at  C:/Users/C27Jayden.Randolph/ece383_wksp/design_1_wrapper_1/microblaze_0/standalone_microblaze_0/bsp/system.mss
TRACE::2026-03-04.02:55:09::SCWMssOS::Saving the mss changes C:/Users/C27Jayden.Randolph/ece383_wksp/design_1_wrapper_1/microblaze_0/standalone_microblaze_0/bsp/system.mss
TRACE::2026-03-04.02:55:09::SCWMssOS::Found a swdesign opened with the mssfile.
TRACE::2026-03-04.02:55:09::SCWMssOS::Completed writemss as part of save.
TRACE::2026-03-04.02:55:09::SCWMssOS::Commit changes completed.
TRACE::2026-03-04.02:55:09::SCWPlatform::Trying to open the hw design at C:/Users/C27Jayden.Randolph/ece383_wksp/design_1_wrapper_1/hw/design_1_wrapper.xsa
TRACE::2026-03-04.02:55:09::SCWPlatform::DSA given C:/Users/C27Jayden.Randolph/ece383_wksp/design_1_wrapper_1/hw/design_1_wrapper.xsa
TRACE::2026-03-04.02:55:09::SCWPlatform::DSA absoulate path C:/Users/C27Jayden.Randolph/ece383_wksp/design_1_wrapper_1/hw/design_1_wrapper.xsa
TRACE::2026-03-04.02:55:09::SCWPlatform::DSA directory C:/Users/C27Jayden.Randolph/ece383_wksp/design_1_wrapper_1/hw
TRACE::2026-03-04.02:55:09::SCWPlatform:: Platform Path C:/Users/C27Jayden.Randolph/ece383_wksp/design_1_wrapper_1/hw/design_1_wrapper.xsa
TRACE::2026-03-04.02:55:09::SCWPlatform:: Unique name xilinx:nexys_video::0.0
TRACE::2026-03-04.02:55:09::SCWPlatform::Trying to set the existing hwdb with name design_1_wrapper_0
TRACE::2026-03-04.02:55:09::SCWPlatform::Opened existing hwdb design_1_wrapper_0
TRACE::2026-03-04.02:55:09::SCWPlatform::Found the Hw Db part of the input DSA
TRACE::2026-03-04.02:55:09::SCWMssOS::Checking the sw design at  C:/Users/C27Jayden.Randolph/ece383_wksp/design_1_wrapper_1/microblaze_0/standalone_microblaze_0/bsp/system.mss
TRACE::2026-03-04.02:55:09::SCWMssOS::DEBUG:  swdes dump  C:/Users/C27Jayden.Randolph/ece383_wksp/design_1_wrapper_1/microblaze_0/standalone_microblaze_0/bsp/system.mss|system||

TRACE::2026-03-04.02:55:09::SCWMssOS::Sw design exists and opened at  C:/Users/C27Jayden.Randolph/ece383_wksp/design_1_wrapper_1/microblaze_0/standalone_microblaze_0/bsp/system.mss
TRACE::2026-03-04.02:55:09::SCWPlatform::Trying to open the hw design at C:/Users/C27Jayden.Randolph/ece383_wksp/design_1_wrapper_1/hw/design_1_wrapper.xsa
TRACE::2026-03-04.02:55:09::SCWPlatform::DSA given C:/Users/C27Jayden.Randolph/ece383_wksp/design_1_wrapper_1/hw/design_1_wrapper.xsa
TRACE::2026-03-04.02:55:09::SCWPlatform::DSA absoulate path C:/Users/C27Jayden.Randolph/ece383_wksp/design_1_wrapper_1/hw/design_1_wrapper.xsa
TRACE::2026-03-04.02:55:09::SCWPlatform::DSA directory C:/Users/C27Jayden.Randolph/ece383_wksp/design_1_wrapper_1/hw
TRACE::2026-03-04.02:55:09::SCWPlatform:: Platform Path C:/Users/C27Jayden.Randolph/ece383_wksp/design_1_wrapper_1/hw/design_1_wrapper.xsa
TRACE::2026-03-04.02:55:09::SCWPlatform:: Unique name xilinx:nexys_video::0.0
TRACE::2026-03-04.02:55:09::SCWPlatform::Trying to set the existing hwdb with name design_1_wrapper_0
TRACE::2026-03-04.02:55:09::SCWPlatform::Opened existing hwdb design_1_wrapper_0
TRACE::2026-03-04.02:55:09::SCWPlatform::Found the Hw Db part of the input DSA
TRACE::2026-03-04.02:55:09::SCWMssOS::Checking the sw design at  C:/Users/C27Jayden.Randolph/ece383_wksp/design_1_wrapper_1/microblaze_0/standalone_microblaze_0/bsp/system.mss
TRACE::2026-03-04.02:55:09::SCWMssOS::DEBUG:  swdes dump  C:/Users/C27Jayden.Randolph/ece383_wksp/design_1_wrapper_1/microblaze_0/standalone_microblaze_0/bsp/system.mss|system||

TRACE::2026-03-04.02:55:09::SCWMssOS::Sw design exists and opened at  C:/Users/C27Jayden.Randolph/ece383_wksp/design_1_wrapper_1/microblaze_0/standalone_microblaze_0/bsp/system.mss
TRACE::2026-03-04.02:55:09::SCWPlatform::Trying to open the hw design at C:/Users/C27Jayden.Randolph/ece383_wksp/design_1_wrapper_1/hw/design_1_wrapper.xsa
TRACE::2026-03-04.02:55:09::SCWPlatform::DSA given C:/Users/C27Jayden.Randolph/ece383_wksp/design_1_wrapper_1/hw/design_1_wrapper.xsa
TRACE::2026-03-04.02:55:09::SCWPlatform::DSA absoulate path C:/Users/C27Jayden.Randolph/ece383_wksp/design_1_wrapper_1/hw/design_1_wrapper.xsa
TRACE::2026-03-04.02:55:09::SCWPlatform::DSA directory C:/Users/C27Jayden.Randolph/ece383_wksp/design_1_wrapper_1/hw
TRACE::2026-03-04.02:55:09::SCWPlatform:: Platform Path C:/Users/C27Jayden.Randolph/ece383_wksp/design_1_wrapper_1/hw/design_1_wrapper.xsa
TRACE::2026-03-04.02:55:09::SCWPlatform:: Unique name xilinx:nexys_video::0.0
TRACE::2026-03-04.02:55:09::SCWPlatform::Trying to set the existing hwdb with name design_1_wrapper_0
TRACE::2026-03-04.02:55:09::SCWPlatform::Opened existing hwdb design_1_wrapper_0
TRACE::2026-03-04.02:55:09::SCWPlatform::Found the Hw Db part of the input DSA
TRACE::2026-03-04.02:55:09::SCWMssOS::Checking the sw design at  C:/Users/C27Jayden.Randolph/ece383_wksp/design_1_wrapper_1/microblaze_0/standalone_microblaze_0/bsp/system.mss
TRACE::2026-03-04.02:55:09::SCWMssOS::DEBUG:  swdes dump  C:/Users/C27Jayden.Randolph/ece383_wksp/design_1_wrapper_1/microblaze_0/standalone_microblaze_0/bsp/system.mss|system||

TRACE::2026-03-04.02:55:09::SCWMssOS::Sw design exists and opened at  C:/Users/C27Jayden.Randolph/ece383_wksp/design_1_wrapper_1/microblaze_0/standalone_microblaze_0/bsp/system.mss
TRACE::2026-03-04.02:55:09::SCWWriter::formatted JSON is {
	"platformName":	"design_1_wrapper_1",
	"sprVersion":	"2.0",
	"mode":	"gui",
	"dsaType":	"Fixed",
	"platformDesc":	"design_1_wrapper_1",
	"platHandOff":	"C:/Users/C27Jayden.Randolph/ece383_wksp/ublaze1/design_1_wrapper.xsa",
	"platIntHandOff":	"<platformDir>/hw/design_1_wrapper.xsa",
	"deviceType":	"FPGA",
	"platIsPrebuiltAutogen":	"false",
	"platIsNoBootBsp":	"false",
	"hasFsblMakeHasChanges":	"false",
	"hasPmufwMakeHasChanges":	"false",
	"platPreBuiltFlag":	false,
	"platformSamplesDir":	"",
	"platActiveSys":	"design_1_wrapper_1",
	"systems":	[{
			"systemName":	"design_1_wrapper_1",
			"systemDesc":	"design_1_wrapper_1",
			"sysIsBootAutoGen":	"true",
			"systemDispName":	"design_1_wrapper_1",
			"sysActiveDom":	"standalone_microblaze_0",
			"sysDefaultDom":	"standalone_microblaze_0",
			"domains":	[{
					"domainName":	"standalone_microblaze_0",
					"domainDispName":	"standalone_microblaze_0",
					"domainDesc":	"standalone_microblaze_0",
					"processors":	"microblaze_0",
					"os":	"standalone",
					"sdxOs":	"standalone",
					"debugEnable":	"False",
					"domRuntimes":	["cpp"],
					"swRepo":	"",
					"mssOsVer":	"9.2",
					"mssFile":	"",
					"md5Digest":	"27f266669af8a91a539307f7b404e8b4",
					"compatibleApp":	"hello_world",
					"domType":	"mssDomain",
					"arch":	"32-bit",
					"appSettings":	{
						"appCompilerFlags":	"",
						"appLinkerFlags":	""
					},
					"addedLibs":	[],
					"libOptions":	{
						"libsContainingOptions":	[]
					},
					"prebuiltLibs":	{
						"prebuiltIncPath":	[],
						"prebuiltLibPath":	[]
					},
					"isolation":	{
					}
				}]
		}]
}
TRACE::2026-03-04.02:55:09::SCWPlatform::Trying to open the hw design at C:/Users/C27Jayden.Randolph/ece383_wksp/design_1_wrapper_1/hw/design_1_wrapper.xsa
TRACE::2026-03-04.02:55:09::SCWPlatform::DSA given C:/Users/C27Jayden.Randolph/ece383_wksp/design_1_wrapper_1/hw/design_1_wrapper.xsa
TRACE::2026-03-04.02:55:09::SCWPlatform::DSA absoulate path C:/Users/C27Jayden.Randolph/ece383_wksp/design_1_wrapper_1/hw/design_1_wrapper.xsa
TRACE::2026-03-04.02:55:09::SCWPlatform::DSA directory C:/Users/C27Jayden.Randolph/ece383_wksp/design_1_wrapper_1/hw
TRACE::2026-03-04.02:55:09::SCWPlatform:: Platform Path C:/Users/C27Jayden.Randolph/ece383_wksp/design_1_wrapper_1/hw/design_1_wrapper.xsa
TRACE::2026-03-04.02:55:09::SCWPlatform:: Unique name xilinx:nexys_video::0.0
TRACE::2026-03-04.02:55:09::SCWPlatform::Trying to set the existing hwdb with name design_1_wrapper_0
TRACE::2026-03-04.02:55:09::SCWPlatform::Opened existing hwdb design_1_wrapper_0
TRACE::2026-03-04.02:55:09::SCWPlatform::Found the Hw Db part of the input DSA
TRACE::2026-03-04.02:55:09::SCWMssOS::Checking the sw design at  C:/Users/C27Jayden.Randolph/ece383_wksp/design_1_wrapper_1/microblaze_0/standalone_microblaze_0/bsp/system.mss
TRACE::2026-03-04.02:55:09::SCWMssOS::DEBUG:  swdes dump  C:/Users/C27Jayden.Randolph/ece383_wksp/design_1_wrapper_1/microblaze_0/standalone_microblaze_0/bsp/system.mss|system||

TRACE::2026-03-04.02:55:09::SCWMssOS::Sw design exists and opened at  C:/Users/C27Jayden.Randolph/ece383_wksp/design_1_wrapper_1/microblaze_0/standalone_microblaze_0/bsp/system.mss
TRACE::2026-03-04.02:55:09::SCWPlatform::Trying to open the hw design at C:/Users/C27Jayden.Randolph/ece383_wksp/design_1_wrapper_1/hw/design_1_wrapper.xsa
TRACE::2026-03-04.02:55:09::SCWPlatform::DSA given C:/Users/C27Jayden.Randolph/ece383_wksp/design_1_wrapper_1/hw/design_1_wrapper.xsa
TRACE::2026-03-04.02:55:09::SCWPlatform::DSA absoulate path C:/Users/C27Jayden.Randolph/ece383_wksp/design_1_wrapper_1/hw/design_1_wrapper.xsa
TRACE::2026-03-04.02:55:09::SCWPlatform::DSA directory C:/Users/C27Jayden.Randolph/ece383_wksp/design_1_wrapper_1/hw
TRACE::2026-03-04.02:55:09::SCWPlatform:: Platform Path C:/Users/C27Jayden.Randolph/ece383_wksp/design_1_wrapper_1/hw/design_1_wrapper.xsa
TRACE::2026-03-04.02:55:09::SCWPlatform:: Unique name xilinx:nexys_video::0.0
TRACE::2026-03-04.02:55:09::SCWPlatform::Trying to set the existing hwdb with name design_1_wrapper_0
TRACE::2026-03-04.02:55:09::SCWPlatform::Opened existing hwdb design_1_wrapper_0
TRACE::2026-03-04.02:55:09::SCWPlatform::Found the Hw Db part of the input DSA
TRACE::2026-03-04.02:55:09::SCWMssOS::Checking the sw design at  C:/Users/C27Jayden.Randolph/ece383_wksp/design_1_wrapper_1/microblaze_0/standalone_microblaze_0/bsp/system.mss
TRACE::2026-03-04.02:55:09::SCWMssOS::DEBUG:  swdes dump  C:/Users/C27Jayden.Randolph/ece383_wksp/design_1_wrapper_1/microblaze_0/standalone_microblaze_0/bsp/system.mss|system||

TRACE::2026-03-04.02:55:09::SCWMssOS::Sw design exists and opened at  C:/Users/C27Jayden.Randolph/ece383_wksp/design_1_wrapper_1/microblaze_0/standalone_microblaze_0/bsp/system.mss
TRACE::2026-03-04.02:55:09::SCWMssOS::Saving the mss changes C:/Users/C27Jayden.Randolph/ece383_wksp/design_1_wrapper_1/microblaze_0/standalone_microblaze_0/bsp/system.mss
TRACE::2026-03-04.02:55:09::SCWMssOS::Found a swdesign opened with the mssfile.
TRACE::2026-03-04.02:55:09::SCWMssOS::Completed writemss as part of save.
TRACE::2026-03-04.02:55:09::SCWMssOS::Commit changes completed.
TRACE::2026-03-04.02:55:09::SCWPlatform::Trying to open the hw design at C:/Users/C27Jayden.Randolph/ece383_wksp/design_1_wrapper_1/hw/design_1_wrapper.xsa
TRACE::2026-03-04.02:55:09::SCWPlatform::DSA given C:/Users/C27Jayden.Randolph/ece383_wksp/design_1_wrapper_1/hw/design_1_wrapper.xsa
TRACE::2026-03-04.02:55:09::SCWPlatform::DSA absoulate path C:/Users/C27Jayden.Randolph/ece383_wksp/design_1_wrapper_1/hw/design_1_wrapper.xsa
TRACE::2026-03-04.02:55:09::SCWPlatform::DSA directory C:/Users/C27Jayden.Randolph/ece383_wksp/design_1_wrapper_1/hw
TRACE::2026-03-04.02:55:09::SCWPlatform:: Platform Path C:/Users/C27Jayden.Randolph/ece383_wksp/design_1_wrapper_1/hw/design_1_wrapper.xsa
TRACE::2026-03-04.02:55:09::SCWPlatform:: Unique name xilinx:nexys_video::0.0
TRACE::2026-03-04.02:55:09::SCWPlatform::Trying to set the existing hwdb with name design_1_wrapper_0
TRACE::2026-03-04.02:55:09::SCWPlatform::Opened existing hwdb design_1_wrapper_0
TRACE::2026-03-04.02:55:09::SCWPlatform::Found the Hw Db part of the input DSA
TRACE::2026-03-04.02:55:09::SCWMssOS::Checking the sw design at  C:/Users/C27Jayden.Randolph/ece383_wksp/design_1_wrapper_1/microblaze_0/standalone_microblaze_0/bsp/system.mss
TRACE::2026-03-04.02:55:09::SCWMssOS::DEBUG:  swdes dump  C:/Users/C27Jayden.Randolph/ece383_wksp/design_1_wrapper_1/microblaze_0/standalone_microblaze_0/bsp/system.mss|system||

TRACE::2026-03-04.02:55:09::SCWMssOS::Sw design exists and opened at  C:/Users/C27Jayden.Randolph/ece383_wksp/design_1_wrapper_1/microblaze_0/standalone_microblaze_0/bsp/system.mss
TRACE::2026-03-04.02:55:09::SCWPlatform::Trying to open the hw design at C:/Users/C27Jayden.Randolph/ece383_wksp/design_1_wrapper_1/hw/design_1_wrapper.xsa
TRACE::2026-03-04.02:55:09::SCWPlatform::DSA given C:/Users/C27Jayden.Randolph/ece383_wksp/design_1_wrapper_1/hw/design_1_wrapper.xsa
TRACE::2026-03-04.02:55:09::SCWPlatform::DSA absoulate path C:/Users/C27Jayden.Randolph/ece383_wksp/design_1_wrapper_1/hw/design_1_wrapper.xsa
TRACE::2026-03-04.02:55:09::SCWPlatform::DSA directory C:/Users/C27Jayden.Randolph/ece383_wksp/design_1_wrapper_1/hw
TRACE::2026-03-04.02:55:09::SCWPlatform:: Platform Path C:/Users/C27Jayden.Randolph/ece383_wksp/design_1_wrapper_1/hw/design_1_wrapper.xsa
TRACE::2026-03-04.02:55:09::SCWPlatform:: Unique name xilinx:nexys_video::0.0
TRACE::2026-03-04.02:55:09::SCWPlatform::Trying to set the existing hwdb with name design_1_wrapper_0
TRACE::2026-03-04.02:55:09::SCWPlatform::Opened existing hwdb design_1_wrapper_0
TRACE::2026-03-04.02:55:09::SCWPlatform::Found the Hw Db part of the input DSA
TRACE::2026-03-04.02:55:09::SCWMssOS::Checking the sw design at  C:/Users/C27Jayden.Randolph/ece383_wksp/design_1_wrapper_1/microblaze_0/standalone_microblaze_0/bsp/system.mss
TRACE::2026-03-04.02:55:09::SCWMssOS::DEBUG:  swdes dump  C:/Users/C27Jayden.Randolph/ece383_wksp/design_1_wrapper_1/microblaze_0/standalone_microblaze_0/bsp/system.mss|system||

TRACE::2026-03-04.02:55:09::SCWMssOS::Sw design exists and opened at  C:/Users/C27Jayden.Randolph/ece383_wksp/design_1_wrapper_1/microblaze_0/standalone_microblaze_0/bsp/system.mss
TRACE::2026-03-04.02:55:09::SCWPlatform::Trying to open the hw design at C:/Users/C27Jayden.Randolph/ece383_wksp/design_1_wrapper_1/hw/design_1_wrapper.xsa
TRACE::2026-03-04.02:55:09::SCWPlatform::DSA given C:/Users/C27Jayden.Randolph/ece383_wksp/design_1_wrapper_1/hw/design_1_wrapper.xsa
TRACE::2026-03-04.02:55:09::SCWPlatform::DSA absoulate path C:/Users/C27Jayden.Randolph/ece383_wksp/design_1_wrapper_1/hw/design_1_wrapper.xsa
TRACE::2026-03-04.02:55:09::SCWPlatform::DSA directory C:/Users/C27Jayden.Randolph/ece383_wksp/design_1_wrapper_1/hw
TRACE::2026-03-04.02:55:09::SCWPlatform:: Platform Path C:/Users/C27Jayden.Randolph/ece383_wksp/design_1_wrapper_1/hw/design_1_wrapper.xsa
TRACE::2026-03-04.02:55:09::SCWPlatform:: Unique name xilinx:nexys_video::0.0
TRACE::2026-03-04.02:55:09::SCWPlatform::Trying to set the existing hwdb with name design_1_wrapper_0
TRACE::2026-03-04.02:55:09::SCWPlatform::Opened existing hwdb design_1_wrapper_0
TRACE::2026-03-04.02:55:09::SCWPlatform::Found the Hw Db part of the input DSA
TRACE::2026-03-04.02:55:09::SCWMssOS::Checking the sw design at  C:/Users/C27Jayden.Randolph/ece383_wksp/design_1_wrapper_1/microblaze_0/standalone_microblaze_0/bsp/system.mss
TRACE::2026-03-04.02:55:09::SCWMssOS::DEBUG:  swdes dump  C:/Users/C27Jayden.Randolph/ece383_wksp/design_1_wrapper_1/microblaze_0/standalone_microblaze_0/bsp/system.mss|system||

TRACE::2026-03-04.02:55:09::SCWMssOS::Sw design exists and opened at  C:/Users/C27Jayden.Randolph/ece383_wksp/design_1_wrapper_1/microblaze_0/standalone_microblaze_0/bsp/system.mss
TRACE::2026-03-04.02:55:09::SCWWriter::formatted JSON is {
	"platformName":	"design_1_wrapper_1",
	"sprVersion":	"2.0",
	"mode":	"gui",
	"dsaType":	"Fixed",
	"platformDesc":	"design_1_wrapper_1",
	"platHandOff":	"C:/Users/C27Jayden.Randolph/ece383_wksp/ublaze1/design_1_wrapper.xsa",
	"platIntHandOff":	"<platformDir>/hw/design_1_wrapper.xsa",
	"deviceType":	"FPGA",
	"platIsPrebuiltAutogen":	"false",
	"platIsNoBootBsp":	"false",
	"hasFsblMakeHasChanges":	"false",
	"hasPmufwMakeHasChanges":	"false",
	"platPreBuiltFlag":	false,
	"platformSamplesDir":	"",
	"platActiveSys":	"design_1_wrapper_1",
	"systems":	[{
			"systemName":	"design_1_wrapper_1",
			"systemDesc":	"design_1_wrapper_1",
			"sysIsBootAutoGen":	"true",
			"systemDispName":	"design_1_wrapper_1",
			"sysActiveDom":	"standalone_microblaze_0",
			"sysDefaultDom":	"standalone_microblaze_0",
			"domains":	[{
					"domainName":	"standalone_microblaze_0",
					"domainDispName":	"standalone_microblaze_0",
					"domainDesc":	"standalone_microblaze_0",
					"processors":	"microblaze_0",
					"os":	"standalone",
					"sdxOs":	"standalone",
					"debugEnable":	"False",
					"domRuntimes":	["cpp"],
					"swRepo":	"",
					"mssOsVer":	"9.2",
					"mssFile":	"",
					"md5Digest":	"27f266669af8a91a539307f7b404e8b4",
					"compatibleApp":	"hello_world",
					"domType":	"mssDomain",
					"arch":	"32-bit",
					"appSettings":	{
						"appCompilerFlags":	"",
						"appLinkerFlags":	""
					},
					"addedLibs":	[],
					"libOptions":	{
						"libsContainingOptions":	[]
					},
					"prebuiltLibs":	{
						"prebuiltIncPath":	[],
						"prebuiltLibPath":	[]
					},
					"isolation":	{
					}
				}]
		}]
}
LOG::2026-03-04.02:55:09::SCWPlatform::Started generating the artifacts platform design_1_wrapper_1
TRACE::2026-03-04.02:55:09::SCWPlatform::Sanity checking of platform is completed
LOG::2026-03-04.02:55:09::SCWPlatform::Started generating the artifacts for system configuration design_1_wrapper_1
LOG::2026-03-04.02:55:09::SCWSystem::Started Processing the domain standalone_microblaze_0
TRACE::2026-03-04.02:55:09::SCWDomain::Generating domain artifcats
TRACE::2026-03-04.02:55:09::SCWMssOS::Generating standalone artifcats
TRACE::2026-03-04.02:55:09::SCWMssOS:: Copying the user libraries. 
TRACE::2026-03-04.02:55:09::SCWPlatform::Trying to open the hw design at C:/Users/C27Jayden.Randolph/ece383_wksp/design_1_wrapper_1/hw/design_1_wrapper.xsa
TRACE::2026-03-04.02:55:09::SCWPlatform::DSA given C:/Users/C27Jayden.Randolph/ece383_wksp/design_1_wrapper_1/hw/design_1_wrapper.xsa
TRACE::2026-03-04.02:55:09::SCWPlatform::DSA absoulate path C:/Users/C27Jayden.Randolph/ece383_wksp/design_1_wrapper_1/hw/design_1_wrapper.xsa
TRACE::2026-03-04.02:55:09::SCWPlatform::DSA directory C:/Users/C27Jayden.Randolph/ece383_wksp/design_1_wrapper_1/hw
TRACE::2026-03-04.02:55:09::SCWPlatform:: Platform Path C:/Users/C27Jayden.Randolph/ece383_wksp/design_1_wrapper_1/hw/design_1_wrapper.xsa
TRACE::2026-03-04.02:55:09::SCWPlatform:: Unique name xilinx:nexys_video::0.0
TRACE::2026-03-04.02:55:09::SCWPlatform::Trying to set the existing hwdb with name design_1_wrapper_0
TRACE::2026-03-04.02:55:09::SCWPlatform::Opened existing hwdb design_1_wrapper_0
TRACE::2026-03-04.02:55:09::SCWPlatform::Found the Hw Db part of the input DSA
TRACE::2026-03-04.02:55:09::SCWMssOS::Checking the sw design at  C:/Users/C27Jayden.Randolph/ece383_wksp/design_1_wrapper_1/microblaze_0/standalone_microblaze_0/bsp/system.mss
TRACE::2026-03-04.02:55:09::SCWMssOS::DEBUG:  swdes dump  C:/Users/C27Jayden.Randolph/ece383_wksp/design_1_wrapper_1/microblaze_0/standalone_microblaze_0/bsp/system.mss|system||

TRACE::2026-03-04.02:55:09::SCWMssOS::Sw design exists and opened at  C:/Users/C27Jayden.Randolph/ece383_wksp/design_1_wrapper_1/microblaze_0/standalone_microblaze_0/bsp/system.mss
TRACE::2026-03-04.02:55:09::SCWMssOS::Completed writing the mss file at C:/Users/C27Jayden.Randolph/ece383_wksp/design_1_wrapper_1/microblaze_0/standalone_microblaze_0/bsp
TRACE::2026-03-04.02:55:09::SCWMssOS::Mss edits present, copying mssfile into export location C:/Users/C27Jayden.Randolph/ece383_wksp/design_1_wrapper_1/microblaze_0/standalone_microblaze_0/bsp/system.mss
TRACE::2026-03-04.02:55:09::SCWMssOS::bsp generated is upto date with the mss file. Skipping bsp generation.
TRACE::2026-03-04.02:55:09::SCWMssOS::BSP is already built. skipping the bsp build ... 
TRACE::2026-03-04.02:55:09::SCWDomain::Building the domain as part of full build :  standalone_microblaze_0
TRACE::2026-03-04.02:55:09::SCWMssOS::skipping the bsp build ... 
TRACE::2026-03-04.02:55:09::SCWMssOS::Copying to export directory.
TRACE::2026-03-04.02:55:09::SCWMssOS:: Checking if to create the Supporting Applications
TRACE::2026-03-04.02:55:09::SCWMssOS:: No Linux domain exists, trying to generate FSBL 
LOG::2026-03-04.02:55:09::SCWSystem::Completed Processing the domain standalone_microblaze_0
LOG::2026-03-04.02:55:09::SCWSystem::Completed Processing the sysconfig design_1_wrapper_1
LOG::2026-03-04.02:55:09::SCWPlatform::Completed generating the artifacts for system configuration design_1_wrapper_1
TRACE::2026-03-04.02:55:09::SCWPlatform::Started preparing the platform 
TRACE::2026-03-04.02:55:09::SCWSystem::Writing the bif file for system config design_1_wrapper_1
TRACE::2026-03-04.02:55:09::SCWSystem::dir created 
TRACE::2026-03-04.02:55:09::SCWSystem::Writing the bif 
TRACE::2026-03-04.02:55:09::SCWPlatform::Started writing the spfm file 
TRACE::2026-03-04.02:55:09::SCWPlatform::Started writing the xpfm file 
TRACE::2026-03-04.02:55:09::SCWPlatform::Completed generating the platform
TRACE::2026-03-04.02:55:09::SCWMssOS::Saving the mss changes C:/Users/C27Jayden.Randolph/ece383_wksp/design_1_wrapper_1/microblaze_0/standalone_microblaze_0/bsp/system.mss
TRACE::2026-03-04.02:55:09::SCWMssOS::Found a swdesign opened with the mssfile.
TRACE::2026-03-04.02:55:09::SCWMssOS::Completed writemss as part of save.
TRACE::2026-03-04.02:55:09::SCWMssOS::Commit changes completed.
TRACE::2026-03-04.02:55:09::SCWPlatform::Trying to open the hw design at C:/Users/C27Jayden.Randolph/ece383_wksp/design_1_wrapper_1/hw/design_1_wrapper.xsa
TRACE::2026-03-04.02:55:09::SCWPlatform::DSA given C:/Users/C27Jayden.Randolph/ece383_wksp/design_1_wrapper_1/hw/design_1_wrapper.xsa
TRACE::2026-03-04.02:55:09::SCWPlatform::DSA absoulate path C:/Users/C27Jayden.Randolph/ece383_wksp/design_1_wrapper_1/hw/design_1_wrapper.xsa
TRACE::2026-03-04.02:55:09::SCWPlatform::DSA directory C:/Users/C27Jayden.Randolph/ece383_wksp/design_1_wrapper_1/hw
TRACE::2026-03-04.02:55:09::SCWPlatform:: Platform Path C:/Users/C27Jayden.Randolph/ece383_wksp/design_1_wrapper_1/hw/design_1_wrapper.xsa
TRACE::2026-03-04.02:55:09::SCWPlatform:: Unique name xilinx:nexys_video::0.0
TRACE::2026-03-04.02:55:09::SCWPlatform::Trying to set the existing hwdb with name design_1_wrapper_0
TRACE::2026-03-04.02:55:09::SCWPlatform::Opened existing hwdb design_1_wrapper_0
TRACE::2026-03-04.02:55:09::SCWPlatform::Found the Hw Db part of the input DSA
TRACE::2026-03-04.02:55:09::SCWMssOS::Checking the sw design at  C:/Users/C27Jayden.Randolph/ece383_wksp/design_1_wrapper_1/microblaze_0/standalone_microblaze_0/bsp/system.mss
TRACE::2026-03-04.02:55:09::SCWMssOS::DEBUG:  swdes dump  C:/Users/C27Jayden.Randolph/ece383_wksp/design_1_wrapper_1/microblaze_0/standalone_microblaze_0/bsp/system.mss|system||

TRACE::2026-03-04.02:55:09::SCWMssOS::Sw design exists and opened at  C:/Users/C27Jayden.Randolph/ece383_wksp/design_1_wrapper_1/microblaze_0/standalone_microblaze_0/bsp/system.mss
TRACE::2026-03-04.02:55:09::SCWPlatform::Trying to open the hw design at C:/Users/C27Jayden.Randolph/ece383_wksp/design_1_wrapper_1/hw/design_1_wrapper.xsa
TRACE::2026-03-04.02:55:09::SCWPlatform::DSA given C:/Users/C27Jayden.Randolph/ece383_wksp/design_1_wrapper_1/hw/design_1_wrapper.xsa
TRACE::2026-03-04.02:55:09::SCWPlatform::DSA absoulate path C:/Users/C27Jayden.Randolph/ece383_wksp/design_1_wrapper_1/hw/design_1_wrapper.xsa
TRACE::2026-03-04.02:55:09::SCWPlatform::DSA directory C:/Users/C27Jayden.Randolph/ece383_wksp/design_1_wrapper_1/hw
TRACE::2026-03-04.02:55:09::SCWPlatform:: Platform Path C:/Users/C27Jayden.Randolph/ece383_wksp/design_1_wrapper_1/hw/design_1_wrapper.xsa
TRACE::2026-03-04.02:55:09::SCWPlatform:: Unique name xilinx:nexys_video::0.0
TRACE::2026-03-04.02:55:09::SCWPlatform::Trying to set the existing hwdb with name design_1_wrapper_0
TRACE::2026-03-04.02:55:09::SCWPlatform::Opened existing hwdb design_1_wrapper_0
TRACE::2026-03-04.02:55:09::SCWPlatform::Found the Hw Db part of the input DSA
TRACE::2026-03-04.02:55:09::SCWMssOS::Checking the sw design at  C:/Users/C27Jayden.Randolph/ece383_wksp/design_1_wrapper_1/microblaze_0/standalone_microblaze_0/bsp/system.mss
TRACE::2026-03-04.02:55:09::SCWMssOS::DEBUG:  swdes dump  C:/Users/C27Jayden.Randolph/ece383_wksp/design_1_wrapper_1/microblaze_0/standalone_microblaze_0/bsp/system.mss|system||

TRACE::2026-03-04.02:55:09::SCWMssOS::Sw design exists and opened at  C:/Users/C27Jayden.Randolph/ece383_wksp/design_1_wrapper_1/microblaze_0/standalone_microblaze_0/bsp/system.mss
TRACE::2026-03-04.02:55:09::SCWPlatform::Trying to open the hw design at C:/Users/C27Jayden.Randolph/ece383_wksp/design_1_wrapper_1/hw/design_1_wrapper.xsa
TRACE::2026-03-04.02:55:09::SCWPlatform::DSA given C:/Users/C27Jayden.Randolph/ece383_wksp/design_1_wrapper_1/hw/design_1_wrapper.xsa
TRACE::2026-03-04.02:55:09::SCWPlatform::DSA absoulate path C:/Users/C27Jayden.Randolph/ece383_wksp/design_1_wrapper_1/hw/design_1_wrapper.xsa
TRACE::2026-03-04.02:55:09::SCWPlatform::DSA directory C:/Users/C27Jayden.Randolph/ece383_wksp/design_1_wrapper_1/hw
TRACE::2026-03-04.02:55:09::SCWPlatform:: Platform Path C:/Users/C27Jayden.Randolph/ece383_wksp/design_1_wrapper_1/hw/design_1_wrapper.xsa
TRACE::2026-03-04.02:55:09::SCWPlatform:: Unique name xilinx:nexys_video::0.0
TRACE::2026-03-04.02:55:09::SCWPlatform::Trying to set the existing hwdb with name design_1_wrapper_0
TRACE::2026-03-04.02:55:09::SCWPlatform::Opened existing hwdb design_1_wrapper_0
TRACE::2026-03-04.02:55:09::SCWPlatform::Found the Hw Db part of the input DSA
TRACE::2026-03-04.02:55:09::SCWMssOS::Checking the sw design at  C:/Users/C27Jayden.Randolph/ece383_wksp/design_1_wrapper_1/microblaze_0/standalone_microblaze_0/bsp/system.mss
TRACE::2026-03-04.02:55:09::SCWMssOS::DEBUG:  swdes dump  C:/Users/C27Jayden.Randolph/ece383_wksp/design_1_wrapper_1/microblaze_0/standalone_microblaze_0/bsp/system.mss|system||

TRACE::2026-03-04.02:55:09::SCWMssOS::Sw design exists and opened at  C:/Users/C27Jayden.Randolph/ece383_wksp/design_1_wrapper_1/microblaze_0/standalone_microblaze_0/bsp/system.mss
TRACE::2026-03-04.02:55:09::SCWWriter::formatted JSON is {
	"platformName":	"design_1_wrapper_1",
	"sprVersion":	"2.0",
	"mode":	"gui",
	"dsaType":	"Fixed",
	"platformDesc":	"design_1_wrapper_1",
	"platHandOff":	"C:/Users/C27Jayden.Randolph/ece383_wksp/ublaze1/design_1_wrapper.xsa",
	"platIntHandOff":	"<platformDir>/hw/design_1_wrapper.xsa",
	"deviceType":	"FPGA",
	"platIsPrebuiltAutogen":	"false",
	"platIsNoBootBsp":	"false",
	"hasFsblMakeHasChanges":	"false",
	"hasPmufwMakeHasChanges":	"false",
	"platPreBuiltFlag":	false,
	"platformSamplesDir":	"",
	"platActiveSys":	"design_1_wrapper_1",
	"systems":	[{
			"systemName":	"design_1_wrapper_1",
			"systemDesc":	"design_1_wrapper_1",
			"sysIsBootAutoGen":	"true",
			"systemDispName":	"design_1_wrapper_1",
			"sysActiveDom":	"standalone_microblaze_0",
			"sysDefaultDom":	"standalone_microblaze_0",
			"domains":	[{
					"domainName":	"standalone_microblaze_0",
					"domainDispName":	"standalone_microblaze_0",
					"domainDesc":	"standalone_microblaze_0",
					"processors":	"microblaze_0",
					"os":	"standalone",
					"sdxOs":	"standalone",
					"debugEnable":	"False",
					"domRuntimes":	["cpp"],
					"swRepo":	"",
					"mssOsVer":	"9.2",
					"mssFile":	"",
					"md5Digest":	"27f266669af8a91a539307f7b404e8b4",
					"compatibleApp":	"hello_world",
					"domType":	"mssDomain",
					"arch":	"32-bit",
					"appSettings":	{
						"appCompilerFlags":	"",
						"appLinkerFlags":	""
					},
					"addedLibs":	[],
					"libOptions":	{
						"libsContainingOptions":	[]
					},
					"prebuiltLibs":	{
						"prebuiltIncPath":	[],
						"prebuiltLibPath":	[]
					},
					"isolation":	{
					}
				}]
		}]
}
KEYINFO::2026-03-04.02:55:09::SCWPlatform::updated the xpfm file.
TRACE::2026-03-04.07:43:38::SCWPlatform::Trying to open the hw design at C:/Users/C27Jayden.Randolph/ece383_wksp/design_1_wrapper_1/hw/design_1_wrapper.xsa
TRACE::2026-03-04.07:43:38::SCWPlatform::DSA given C:/Users/C27Jayden.Randolph/ece383_wksp/design_1_wrapper_1/hw/design_1_wrapper.xsa
TRACE::2026-03-04.07:43:38::SCWPlatform::DSA absoulate path C:/Users/C27Jayden.Randolph/ece383_wksp/design_1_wrapper_1/hw/design_1_wrapper.xsa
TRACE::2026-03-04.07:43:38::SCWPlatform::DSA directory C:/Users/C27Jayden.Randolph/ece383_wksp/design_1_wrapper_1/hw
TRACE::2026-03-04.07:43:38::SCWPlatform:: Platform Path C:/Users/C27Jayden.Randolph/ece383_wksp/design_1_wrapper_1/hw/design_1_wrapper.xsa
TRACE::2026-03-04.07:43:38::SCWPlatform:: Unique name xilinx:nexys_video::0.0
TRACE::2026-03-04.07:43:38::SCWPlatform::Do not have an existing db opened. 
TRACE::2026-03-04.07:43:40::SCWPlatform::Opened new HwDB with name design_1_wrapper
TRACE::2026-03-04.07:43:40::SCWReader::Active system found as  design_1_wrapper_1
TRACE::2026-03-04.07:43:40::SCWReader::Handling sysconfig design_1_wrapper_1
TRACE::2026-03-04.07:43:40::SCWDomain::checking for install qemu data   : 
TRACE::2026-03-04.07:43:40::SCWPlatform::Trying to open the hw design at C:/Users/C27Jayden.Randolph/ece383_wksp/design_1_wrapper_1/hw/design_1_wrapper.xsa
TRACE::2026-03-04.07:43:40::SCWPlatform::DSA given C:/Users/C27Jayden.Randolph/ece383_wksp/design_1_wrapper_1/hw/design_1_wrapper.xsa
TRACE::2026-03-04.07:43:40::SCWPlatform::DSA absoulate path C:/Users/C27Jayden.Randolph/ece383_wksp/design_1_wrapper_1/hw/design_1_wrapper.xsa
TRACE::2026-03-04.07:43:40::SCWPlatform::DSA directory C:/Users/C27Jayden.Randolph/ece383_wksp/design_1_wrapper_1/hw
TRACE::2026-03-04.07:43:40::SCWPlatform:: Platform Path C:/Users/C27Jayden.Randolph/ece383_wksp/design_1_wrapper_1/hw/design_1_wrapper.xsa
TRACE::2026-03-04.07:43:40::SCWPlatform:: Unique name xilinx:nexys_video::0.0
TRACE::2026-03-04.07:43:40::SCWPlatform::Trying to set the existing hwdb with name design_1_wrapper
TRACE::2026-03-04.07:43:40::SCWPlatform::Opened existing hwdb design_1_wrapper
TRACE::2026-03-04.07:43:40::SCWPlatform::Found the Hw Db part of the input DSA
TRACE::2026-03-04.07:43:40::SCWPlatform::Trying to open the hw design at C:/Users/C27Jayden.Randolph/ece383_wksp/design_1_wrapper_1/hw/design_1_wrapper.xsa
TRACE::2026-03-04.07:43:40::SCWPlatform::DSA given C:/Users/C27Jayden.Randolph/ece383_wksp/design_1_wrapper_1/hw/design_1_wrapper.xsa
TRACE::2026-03-04.07:43:40::SCWPlatform::DSA absoulate path C:/Users/C27Jayden.Randolph/ece383_wksp/design_1_wrapper_1/hw/design_1_wrapper.xsa
TRACE::2026-03-04.07:43:40::SCWPlatform::DSA directory C:/Users/C27Jayden.Randolph/ece383_wksp/design_1_wrapper_1/hw
TRACE::2026-03-04.07:43:40::SCWPlatform:: Platform Path C:/Users/C27Jayden.Randolph/ece383_wksp/design_1_wrapper_1/hw/design_1_wrapper.xsa
TRACE::2026-03-04.07:43:40::SCWPlatform:: Unique name xilinx:nexys_video::0.0
TRACE::2026-03-04.07:43:40::SCWPlatform::Trying to set the existing hwdb with name design_1_wrapper
TRACE::2026-03-04.07:43:40::SCWPlatform::Opened existing hwdb design_1_wrapper
TRACE::2026-03-04.07:43:40::SCWPlatform::Found the Hw Db part of the input DSA
TRACE::2026-03-04.07:43:40::SCWPlatform::Trying to open the hw design at C:/Users/C27Jayden.Randolph/ece383_wksp/design_1_wrapper_1/hw/design_1_wrapper.xsa
TRACE::2026-03-04.07:43:40::SCWPlatform::DSA given C:/Users/C27Jayden.Randolph/ece383_wksp/design_1_wrapper_1/hw/design_1_wrapper.xsa
TRACE::2026-03-04.07:43:40::SCWPlatform::DSA absoulate path C:/Users/C27Jayden.Randolph/ece383_wksp/design_1_wrapper_1/hw/design_1_wrapper.xsa
TRACE::2026-03-04.07:43:40::SCWPlatform::DSA directory C:/Users/C27Jayden.Randolph/ece383_wksp/design_1_wrapper_1/hw
TRACE::2026-03-04.07:43:40::SCWPlatform:: Platform Path C:/Users/C27Jayden.Randolph/ece383_wksp/design_1_wrapper_1/hw/design_1_wrapper.xsa
TRACE::2026-03-04.07:43:40::SCWPlatform:: Unique name xilinx:nexys_video::0.0
TRACE::2026-03-04.07:43:40::SCWPlatform::Trying to set the existing hwdb with name design_1_wrapper
TRACE::2026-03-04.07:43:40::SCWPlatform::Opened existing hwdb design_1_wrapper
TRACE::2026-03-04.07:43:40::SCWPlatform::Found the Hw Db part of the input DSA
TRACE::2026-03-04.07:43:40::SCWPlatform::Trying to open the hw design at C:/Users/C27Jayden.Randolph/ece383_wksp/design_1_wrapper_1/hw/design_1_wrapper.xsa
TRACE::2026-03-04.07:43:40::SCWPlatform::DSA given C:/Users/C27Jayden.Randolph/ece383_wksp/design_1_wrapper_1/hw/design_1_wrapper.xsa
TRACE::2026-03-04.07:43:40::SCWPlatform::DSA absoulate path C:/Users/C27Jayden.Randolph/ece383_wksp/design_1_wrapper_1/hw/design_1_wrapper.xsa
TRACE::2026-03-04.07:43:40::SCWPlatform::DSA directory C:/Users/C27Jayden.Randolph/ece383_wksp/design_1_wrapper_1/hw
TRACE::2026-03-04.07:43:40::SCWPlatform:: Platform Path C:/Users/C27Jayden.Randolph/ece383_wksp/design_1_wrapper_1/hw/design_1_wrapper.xsa
TRACE::2026-03-04.07:43:40::SCWPlatform:: Unique name xilinx:nexys_video::0.0
TRACE::2026-03-04.07:43:40::SCWPlatform::Trying to set the existing hwdb with name design_1_wrapper
TRACE::2026-03-04.07:43:40::SCWPlatform::Opened existing hwdb design_1_wrapper
TRACE::2026-03-04.07:43:40::SCWPlatform::Found the Hw Db part of the input DSA
TRACE::2026-03-04.07:43:40::SCWMssOS::Checking the sw design at  C:/Users/C27Jayden.Randolph/ece383_wksp/design_1_wrapper_1/microblaze_0/standalone_microblaze_0/bsp/system.mss
TRACE::2026-03-04.07:43:40::SCWMssOS::DEBUG:  swdes dump  
TRACE::2026-03-04.07:43:40::SCWMssOS::No sw design opened at  C:/Users/C27Jayden.Randolph/ece383_wksp/design_1_wrapper_1/microblaze_0/standalone_microblaze_0/bsp/system.mss
TRACE::2026-03-04.07:43:40::SCWMssOS::mss exists loading the mss file  C:/Users/C27Jayden.Randolph/ece383_wksp/design_1_wrapper_1/microblaze_0/standalone_microblaze_0/bsp/system.mss
TRACE::2026-03-04.07:43:40::SCWMssOS::Opened the sw design from mss  C:/Users/C27Jayden.Randolph/ece383_wksp/design_1_wrapper_1/microblaze_0/standalone_microblaze_0/bsp/system.mss
TRACE::2026-03-04.07:43:40::SCWMssOS::Adding the swdes entry C:/Users/C27Jayden.Randolph/ece383_wksp/design_1_wrapper_1/microblaze_0/standalone_microblaze_0/bsp/system.mss with des name system
TRACE::2026-03-04.07:43:40::SCWMssOS::updating the scw layer about changes
TRACE::2026-03-04.07:43:40::SCWMssOS::Opened the sw design.  C:/Users/C27Jayden.Randolph/ece383_wksp/design_1_wrapper_1/microblaze_0/standalone_microblaze_0/bsp/system.mss
TRACE::2026-03-04.07:43:40::SCWMssOS::Saving the mss changes C:/Users/C27Jayden.Randolph/ece383_wksp/design_1_wrapper_1/microblaze_0/standalone_microblaze_0/bsp/system.mss
TRACE::2026-03-04.07:43:40::SCWMssOS::Found a swdesign opened with the mssfile.
TRACE::2026-03-04.07:43:40::SCWMssOS::Completed writemss as part of save.
TRACE::2026-03-04.07:43:40::SCWMssOS::Commit changes completed.
TRACE::2026-03-04.07:43:40::SCWReader::Adding prebuilt librarypaths as   
TRACE::2026-03-04.07:43:40::SCWReader::Adding prebuilt incpaths  as   
TRACE::2026-03-04.07:43:40::SCWPlatform::Trying to open the hw design at C:/Users/C27Jayden.Randolph/ece383_wksp/design_1_wrapper_1/hw/design_1_wrapper.xsa
TRACE::2026-03-04.07:43:40::SCWPlatform::DSA given C:/Users/C27Jayden.Randolph/ece383_wksp/design_1_wrapper_1/hw/design_1_wrapper.xsa
TRACE::2026-03-04.07:43:40::SCWPlatform::DSA absoulate path C:/Users/C27Jayden.Randolph/ece383_wksp/design_1_wrapper_1/hw/design_1_wrapper.xsa
TRACE::2026-03-04.07:43:40::SCWPlatform::DSA directory C:/Users/C27Jayden.Randolph/ece383_wksp/design_1_wrapper_1/hw
TRACE::2026-03-04.07:43:40::SCWPlatform:: Platform Path C:/Users/C27Jayden.Randolph/ece383_wksp/design_1_wrapper_1/hw/design_1_wrapper.xsa
TRACE::2026-03-04.07:43:40::SCWPlatform:: Unique name xilinx:nexys_video::0.0
TRACE::2026-03-04.07:43:40::SCWPlatform::Trying to set the existing hwdb with name design_1_wrapper
TRACE::2026-03-04.07:43:40::SCWPlatform::Opened existing hwdb design_1_wrapper
TRACE::2026-03-04.07:43:40::SCWPlatform::Found the Hw Db part of the input DSA
TRACE::2026-03-04.07:43:40::SCWMssOS::Checking the sw design at  C:/Users/C27Jayden.Randolph/ece383_wksp/design_1_wrapper_1/microblaze_0/standalone_microblaze_0/bsp/system.mss
TRACE::2026-03-04.07:43:40::SCWMssOS::DEBUG:  swdes dump  C:/Users/C27Jayden.Randolph/ece383_wksp/design_1_wrapper_1/microblaze_0/standalone_microblaze_0/bsp/system.mss|system||

TRACE::2026-03-04.07:43:40::SCWMssOS::Sw design exists and opened at  C:/Users/C27Jayden.Randolph/ece383_wksp/design_1_wrapper_1/microblaze_0/standalone_microblaze_0/bsp/system.mss
TRACE::2026-03-04.07:43:40::SCWReader::No isolation master present  
LOG::2026-03-04.07:43:40::SCWPlatform::Started generating the artifacts platform design_1_wrapper_1
TRACE::2026-03-04.07:43:40::SCWPlatform::Sanity checking of platform is completed
LOG::2026-03-04.07:43:40::SCWPlatform::Started generating the artifacts for system configuration design_1_wrapper_1
LOG::2026-03-04.07:43:40::SCWSystem::Checking the domain standalone_microblaze_0
LOG::2026-03-04.07:43:40::SCWSystem::Not a boot domain 
LOG::2026-03-04.07:43:40::SCWSystem::Started Processing the domain standalone_microblaze_0
TRACE::2026-03-04.07:43:40::SCWDomain::Generating domain artifcats
TRACE::2026-03-04.07:43:40::SCWMssOS::Generating standalone artifcats
TRACE::2026-03-04.07:43:40::SCWMssOS:: Copying the user libraries. 
TRACE::2026-03-04.07:43:40::SCWPlatform::Trying to open the hw design at C:/Users/C27Jayden.Randolph/ece383_wksp/design_1_wrapper_1/hw/design_1_wrapper.xsa
TRACE::2026-03-04.07:43:40::SCWPlatform::DSA given C:/Users/C27Jayden.Randolph/ece383_wksp/design_1_wrapper_1/hw/design_1_wrapper.xsa
TRACE::2026-03-04.07:43:40::SCWPlatform::DSA absoulate path C:/Users/C27Jayden.Randolph/ece383_wksp/design_1_wrapper_1/hw/design_1_wrapper.xsa
TRACE::2026-03-04.07:43:40::SCWPlatform::DSA directory C:/Users/C27Jayden.Randolph/ece383_wksp/design_1_wrapper_1/hw
TRACE::2026-03-04.07:43:40::SCWPlatform:: Platform Path C:/Users/C27Jayden.Randolph/ece383_wksp/design_1_wrapper_1/hw/design_1_wrapper.xsa
TRACE::2026-03-04.07:43:40::SCWPlatform:: Unique name xilinx:nexys_video::0.0
TRACE::2026-03-04.07:43:40::SCWPlatform::Trying to set the existing hwdb with name design_1_wrapper
TRACE::2026-03-04.07:43:40::SCWPlatform::Opened existing hwdb design_1_wrapper
TRACE::2026-03-04.07:43:40::SCWPlatform::Found the Hw Db part of the input DSA
TRACE::2026-03-04.07:43:40::SCWMssOS::Checking the sw design at  C:/Users/C27Jayden.Randolph/ece383_wksp/design_1_wrapper_1/microblaze_0/standalone_microblaze_0/bsp/system.mss
TRACE::2026-03-04.07:43:40::SCWMssOS::DEBUG:  swdes dump  C:/Users/C27Jayden.Randolph/ece383_wksp/design_1_wrapper_1/microblaze_0/standalone_microblaze_0/bsp/system.mss|system||

TRACE::2026-03-04.07:43:40::SCWMssOS::Sw design exists and opened at  C:/Users/C27Jayden.Randolph/ece383_wksp/design_1_wrapper_1/microblaze_0/standalone_microblaze_0/bsp/system.mss
TRACE::2026-03-04.07:43:40::SCWMssOS::Completed writing the mss file at C:/Users/C27Jayden.Randolph/ece383_wksp/design_1_wrapper_1/microblaze_0/standalone_microblaze_0/bsp
TRACE::2026-03-04.07:43:40::SCWMssOS::Mss edits present, copying mssfile into export location C:/Users/C27Jayden.Randolph/ece383_wksp/design_1_wrapper_1/microblaze_0/standalone_microblaze_0/bsp/system.mss
TRACE::2026-03-04.07:43:40::SCWMssOS::bsp generated is upto date with the mss file. Skipping bsp generation.
TRACE::2026-03-04.07:43:40::SCWMssOS::BSP is already built. skipping the bsp build ... 
TRACE::2026-03-04.07:43:40::SCWDomain::Building the domain as part of full build :  standalone_microblaze_0
TRACE::2026-03-04.07:43:40::SCWMssOS::doing bsp build ... 
TRACE::2026-03-04.07:43:40::SCWMssOS::System Command Ran  C: & cd  C:/Users/C27Jayden.Randolph/ece383_wksp/design_1_wrapper_1/microblaze_0/standalone_microblaze_0/bsp & make 
TRACE::2026-03-04.07:43:41::SCWMssOS::make --no-print-directory seq_libs

TRACE::2026-03-04.07:43:41::SCWMssOS::'Finished building libraries sequentially.'

TRACE::2026-03-04.07:43:41::SCWMssOS::make -j 14 --no-print-directory par_libs

TRACE::2026-03-04.07:43:41::SCWMssOS::"Running Make include in microblaze_0/libsrc/bram_v4_11/src"

TRACE::2026-03-04.07:43:41::SCWMssOS::make -C microblaze_0/libsrc/bram_v4_11/src -s include  "SHELL=CMD" "COMPILER=mb-gcc" "ASSEMBLER=mb-as" "ARCHIVER=mb-ar" "COMPIL
TRACE::2026-03-04.07:43:41::SCWMssOS::ER_FLAGS=  -O2 -c -mcpu=v11.0 -mlittle-endian -mxl-soft-mul" "EXTRA_COMPILER_FLAGS=-g -ffunction-sections -fdata-sections -Wall
TRACE::2026-03-04.07:43:41::SCWMssOS:: -Wextra -fno-tree-loop-distribute-patterns"

TRACE::2026-03-04.07:43:41::SCWMssOS::"Running Make include in microblaze_0/libsrc/cpu_v2_18/src"

TRACE::2026-03-04.07:43:41::SCWMssOS::make -C microblaze_0/libsrc/cpu_v2_18/src -s include  "SHELL=CMD" "COMPILER=mb-gcc" "ASSEMBLER=mb-as" "ARCHIVER=mb-ar" "COMPILE
TRACE::2026-03-04.07:43:41::SCWMssOS::R_FLAGS=  -O2 -c -mcpu=v11.0 -mlittle-endian -mxl-soft-mul" "EXTRA_COMPILER_FLAGS=-g -ffunction-sections -fdata-sections -Wall 
TRACE::2026-03-04.07:43:41::SCWMssOS::-Wextra -fno-tree-loop-distribute-patterns"

TRACE::2026-03-04.07:43:41::SCWMssOS::"Running Make include in microblaze_0/libsrc/standalone_v9_2/src"

TRACE::2026-03-04.07:43:41::SCWMssOS::make -C microblaze_0/libsrc/standalone_v9_2/src -s include  "SHELL=CMD" "COMPILER=mb-gcc" "ASSEMBLER=mb-as" "ARCHIVER=mb-ar" "C
TRACE::2026-03-04.07:43:41::SCWMssOS::OMPILER_FLAGS=  -O2 -c -mcpu=v11.0 -mlittle-endian -mxl-soft-mul" "EXTRA_COMPILER_FLAGS=-g -ffunction-sections -fdata-sections 
TRACE::2026-03-04.07:43:41::SCWMssOS::-Wall -Wextra -fno-tree-loop-distribute-patterns"

TRACE::2026-03-04.07:43:41::SCWMssOS::"Running Make include in microblaze_0/libsrc/uartlite_v3_11/src"

TRACE::2026-03-04.07:43:41::SCWMssOS::make -C microblaze_0/libsrc/uartlite_v3_11/src -s include  "SHELL=CMD" "COMPILER=mb-gcc" "ASSEMBLER=mb-as" "ARCHIVER=mb-ar" "CO
TRACE::2026-03-04.07:43:41::SCWMssOS::MPILER_FLAGS=  -O2 -c -mcpu=v11.0 -mlittle-endian -mxl-soft-mul" "EXTRA_COMPILER_FLAGS=-g -ffunction-sections -fdata-sections -
TRACE::2026-03-04.07:43:41::SCWMssOS::Wall -Wextra -fno-tree-loop-distribute-patterns"

TRACE::2026-03-04.07:43:44::SCWMssOS::"Running Make libs in microblaze_0/libsrc/bram_v4_11/src"

TRACE::2026-03-04.07:43:44::SCWMssOS::"Running Make libs in microblaze_0/libsrc/cpu_v2_18/src"

TRACE::2026-03-04.07:43:44::SCWMssOS::make -C microblaze_0/libsrc/bram_v4_11/src -s libs  "SHELL=CMD" "COMPILER=mb-gcc" "ASSEMBLER=mb-as" "ARCHIVER=mb-ar" "COMPILER_
TRACE::2026-03-04.07:43:44::SCWMssOS::FLAGS=  -O2 -c -mcpu=v11.0 -mlittle-endian -mxl-soft-mul" "EXTRA_COMPILER_FLAGS=-g -ffunction-sections -fdata-sections -Wall -W
TRACE::2026-03-04.07:43:44::SCWMssOS::extra -fno-tree-loop-distribute-patterns"

TRACE::2026-03-04.07:43:44::SCWMssOS::make -C microblaze_0/libsrc/cpu_v2_18/src -s libs  "SHELL=CMD" "COMPILER=mb-gcc" "ASSEMBLER=mb-as" "ARCHIVER=mb-ar" "COMPILER_F
TRACE::2026-03-04.07:43:44::SCWMssOS::LAGS=  -O2 -c -mcpu=v11.0 -mlittle-endian -mxl-soft-mul" "EXTRA_COMPILER_FLAGS=-g -ffunction-sections -fdata-sections -Wall -We
TRACE::2026-03-04.07:43:44::SCWMssOS::xtra -fno-tree-loop-distribute-patterns"

TRACE::2026-03-04.07:43:44::SCWMssOS::"Running Make libs in microblaze_0/libsrc/standalone_v9_2/src"

TRACE::2026-03-04.07:43:44::SCWMssOS::make -C microblaze_0/libsrc/standalone_v9_2/src -s libs  "SHELL=CMD" "COMPILER=mb-gcc" "ASSEMBLER=mb-as" "ARCHIVER=mb-ar" "COMP
TRACE::2026-03-04.07:43:44::SCWMssOS::ILER_FLAGS=  -O2 -c -mcpu=v11.0 -mlittle-endian -mxl-soft-mul" "EXTRA_COMPILER_FLAGS=-g -ffunction-sections -fdata-sections -Wa
TRACE::2026-03-04.07:43:44::SCWMssOS::ll -Wextra -fno-tree-loop-distribute-patterns"

TRACE::2026-03-04.07:43:44::SCWMssOS::"Running Make libs in microblaze_0/libsrc/uartlite_v3_11/src"

TRACE::2026-03-04.07:43:44::SCWMssOS::make -C microblaze_0/libsrc/uartlite_v3_11/src -s libs  "SHELL=CMD" "COMPILER=mb-gcc" "ASSEMBLER=mb-as" "ARCHIVER=mb-ar" "COMPI
TRACE::2026-03-04.07:43:44::SCWMssOS::LER_FLAGS=  -O2 -c -mcpu=v11.0 -mlittle-endian -mxl-soft-mul" "EXTRA_COMPILER_FLAGS=-g -ffunction-sections -fdata-sections -Wal
TRACE::2026-03-04.07:43:44::SCWMssOS::l -Wextra -fno-tree-loop-distribute-patterns"

TRACE::2026-03-04.07:43:52::SCWMssOS::"DEBUG NON_LTO_OBJECTS is ../../../lib/microblaze_interrupt_handler.o"

TRACE::2026-03-04.07:43:53::SCWMssOS::'Finished building libraries parallelly.'

TRACE::2026-03-04.07:43:53::SCWMssOS::make --no-print-directory archive

TRACE::2026-03-04.07:43:53::SCWMssOS::mb-ar -r  microblaze_0/lib/libxil.a microblaze_0/lib/_exit.o microblaze_0/lib/errno.o microblaze_0/lib/fcntl.o microblaze_0/lib
TRACE::2026-03-04.07:43:53::SCWMssOS::/hw_exception_handler.o microblaze_0/lib/inbyte.o microblaze_0/lib/microblaze_disable_dcache.o microblaze_0/lib/microblaze_disa
TRACE::2026-03-04.07:43:53::SCWMssOS::ble_exceptions.o microblaze_0/lib/microblaze_disable_icache.o microblaze_0/lib/microblaze_disable_interrupts.o microblaze_0/lib
TRACE::2026-03-04.07:43:53::SCWMssOS::/microblaze_enable_dcache.o microblaze_0/lib/microblaze_enable_exceptions.o microblaze_0/lib/microblaze_enable_icache.o microbl
TRACE::2026-03-04.07:43:53::SCWMssOS::aze_0/lib/microblaze_enable_interrupts.o microblaze_0/lib/microblaze_exception_handler.o microblaze_0/lib/microblaze_flush_cach
TRACE::2026-03-04.07:43:53::SCWMssOS::e_ext.o microblaze_0/lib/microblaze_flush_cache_ext_range.o microblaze_0/lib/microblaze_flush_dcache.o microblaze_0/lib/microbl
TRACE::2026-03-04.07:43:53::SCWMssOS::aze_flush_dcache_range.o microblaze_0/lib/microblaze_init_dcache_range.o microblaze_0/lib/microblaze_init_icache_range.o microb
TRACE::2026-03-04.07:43:53::SCWMssOS::laze_0/lib/microblaze_interrupt_handler.o microblaze_0/lib/microblaze_interrupts_g.o microblaze_0/lib/microblaze_invalidate_cac
TRACE::2026-03-04.07:43:53::SCWMssOS::he_ext.o microblaze_0/lib/microblaze_invalidate_cache_ext_range.o microblaze_0/lib/microblaze_invalidate_dcache.o microblaze_0/
TRACE::2026-03-04.07:43:53::SCWMssOS::lib/microblaze_invalidate_dcache_range.o microblaze_0/lib/microblaze_invalidate_icache.o microblaze_0/lib/microblaze_invalidate
TRACE::2026-03-04.07:43:53::SCWMssOS::_icache_range.o microblaze_0/lib/microblaze_scrub.o microblaze_0/lib/microblaze_selftest.o microblaze_0/lib/microblaze_sleep.o 
TRACE::2026-03-04.07:43:53::SCWMssOS::microblaze_0/lib/microblaze_update_dcache.o microblaze_0/lib/microblaze_update_icache.o microblaze_0/lib/outbyte.o microblaze_0
TRACE::2026-03-04.07:43:53::SCWMssOS::/lib/print.o microblaze_0/lib/pvr.o microblaze_0/lib/xbram.o microblaze_0/lib/xbram_g.o microblaze_0/lib/xbram_intr.o microblaz
TRACE::2026-03-04.07:43:53::SCWMssOS::e_0/lib/xbram_selftest.o microblaze_0/lib/xbram_sinit.o microblaze_0/lib/xil_assert.o microblaze_0/lib/xil_cache.o microblaze_0
TRACE::2026-03-04.07:43:53::SCWMssOS::/lib/xil_clocking.o microblaze_0/lib/xil_exception.o microblaze_0/lib/xil_mem.o microblaze_0/lib/xil_misc_psreset_api.o microbl
TRACE::2026-03-04.07:43:53::SCWMssOS::aze_0/lib/xil_printf.o microblaze_0/lib/xil_sleepcommon.o microblaze_0/lib/xil_sutil.o microblaze_0/lib/xil_testcache.o microbl
TRACE::2026-03-04.07:43:53::SCWMssOS::aze_0/lib/xil_testio.o microblaze_0/lib/xil_testmem.o microblaze_0/lib/xil_util.o microblaze_0/lib/xinterrupt_wrap.o microblaze
TRACE::2026-03-04.07:43:53::SCWMssOS::_0/lib/xio.o microblaze_0/lib/xplatform_info.o microblaze_0/lib/xpm_init.o microblaze_0/lib/xuartlite.o microblaze_0/lib/xuartl
TRACE::2026-03-04.07:43:53::SCWMssOS::ite_g.o microblaze_0/lib/xuartlite_intr.o microblaze_0/lib/xuartlite_l.o microblaze_0/lib/xuartlite_selftest.o microblaze_0/lib
TRACE::2026-03-04.07:43:53::SCWMssOS::/xuartlite_sinit.o microblaze_0/lib/xuartlite_stats.o

TRACE::2026-03-04.07:43:55::SCWMssOS::'Finished building libraries'

TRACE::2026-03-04.07:43:56::SCWMssOS::Copying to export directory.
TRACE::2026-03-04.07:43:58::SCWMssOS:: Checking if to create the Supporting Applications
TRACE::2026-03-04.07:43:58::SCWMssOS:: No Linux domain exists, trying to generate FSBL 
LOG::2026-03-04.07:43:58::SCWSystem::Completed Processing the domain standalone_microblaze_0
LOG::2026-03-04.07:43:58::SCWSystem::Completed Processing the sysconfig design_1_wrapper_1
LOG::2026-03-04.07:43:58::SCWPlatform::Completed generating the artifacts for system configuration design_1_wrapper_1
TRACE::2026-03-04.07:43:58::SCWPlatform::Started preparing the platform 
TRACE::2026-03-04.07:43:58::SCWSystem::Writing the bif file for system config design_1_wrapper_1
TRACE::2026-03-04.07:43:58::SCWSystem::dir created 
TRACE::2026-03-04.07:43:58::SCWSystem::Writing the bif 
TRACE::2026-03-04.07:43:58::SCWPlatform::Started writing the spfm file 
TRACE::2026-03-04.07:43:58::SCWPlatform::Started writing the xpfm file 
TRACE::2026-03-04.07:43:58::SCWPlatform::Completed generating the platform
TRACE::2026-03-04.07:43:58::SCWMssOS::Saving the mss changes C:/Users/C27Jayden.Randolph/ece383_wksp/design_1_wrapper_1/microblaze_0/standalone_microblaze_0/bsp/system.mss
TRACE::2026-03-04.07:43:58::SCWMssOS::Found a swdesign opened with the mssfile.
TRACE::2026-03-04.07:43:58::SCWMssOS::Completed writemss as part of save.
TRACE::2026-03-04.07:43:58::SCWMssOS::Commit changes completed.
TRACE::2026-03-04.07:43:58::SCWPlatform::Trying to open the hw design at C:/Users/C27Jayden.Randolph/ece383_wksp/design_1_wrapper_1/hw/design_1_wrapper.xsa
TRACE::2026-03-04.07:43:58::SCWPlatform::DSA given C:/Users/C27Jayden.Randolph/ece383_wksp/design_1_wrapper_1/hw/design_1_wrapper.xsa
TRACE::2026-03-04.07:43:58::SCWPlatform::DSA absoulate path C:/Users/C27Jayden.Randolph/ece383_wksp/design_1_wrapper_1/hw/design_1_wrapper.xsa
TRACE::2026-03-04.07:43:58::SCWPlatform::DSA directory C:/Users/C27Jayden.Randolph/ece383_wksp/design_1_wrapper_1/hw
TRACE::2026-03-04.07:43:58::SCWPlatform:: Platform Path C:/Users/C27Jayden.Randolph/ece383_wksp/design_1_wrapper_1/hw/design_1_wrapper.xsa
TRACE::2026-03-04.07:43:58::SCWPlatform:: Unique name xilinx:nexys_video::0.0
TRACE::2026-03-04.07:43:58::SCWPlatform::Trying to set the existing hwdb with name design_1_wrapper
TRACE::2026-03-04.07:43:58::SCWPlatform::Opened existing hwdb design_1_wrapper
TRACE::2026-03-04.07:43:58::SCWPlatform::Found the Hw Db part of the input DSA
TRACE::2026-03-04.07:43:58::SCWMssOS::Checking the sw design at  C:/Users/C27Jayden.Randolph/ece383_wksp/design_1_wrapper_1/microblaze_0/standalone_microblaze_0/bsp/system.mss
TRACE::2026-03-04.07:43:58::SCWMssOS::DEBUG:  swdes dump  C:/Users/C27Jayden.Randolph/ece383_wksp/design_1_wrapper_1/microblaze_0/standalone_microblaze_0/bsp/system.mss|system||

TRACE::2026-03-04.07:43:58::SCWMssOS::Sw design exists and opened at  C:/Users/C27Jayden.Randolph/ece383_wksp/design_1_wrapper_1/microblaze_0/standalone_microblaze_0/bsp/system.mss
TRACE::2026-03-04.07:43:58::SCWWriter::formatted JSON is {
	"platformName":	"design_1_wrapper_1",
	"sprVersion":	"2.0",
	"mode":	"gui",
	"dsaType":	"Fixed",
	"platformDesc":	"design_1_wrapper_1",
	"platHandOff":	"C:/Users/C27Jayden.Randolph/ece383_wksp/ublaze1/design_1_wrapper.xsa",
	"platIntHandOff":	"<platformDir>/hw/design_1_wrapper.xsa",
	"deviceType":	"FPGA",
	"platIsPrebuiltAutogen":	"false",
	"platIsNoBootBsp":	"false",
	"hasFsblMakeHasChanges":	"false",
	"hasPmufwMakeHasChanges":	"false",
	"platPreBuiltFlag":	false,
	"platformSamplesDir":	"",
	"platActiveSys":	"design_1_wrapper_1",
	"systems":	[{
			"systemName":	"design_1_wrapper_1",
			"systemDesc":	"design_1_wrapper_1",
			"sysIsBootAutoGen":	"true",
			"systemDispName":	"design_1_wrapper_1",
			"sysActiveDom":	"standalone_microblaze_0",
			"sysDefaultDom":	"standalone_microblaze_0",
			"domains":	[{
					"domainName":	"standalone_microblaze_0",
					"domainDispName":	"standalone_microblaze_0",
					"domainDesc":	"standalone_microblaze_0",
					"processors":	"microblaze_0",
					"os":	"standalone",
					"sdxOs":	"standalone",
					"debugEnable":	"False",
					"domRuntimes":	["cpp"],
					"swRepo":	"",
					"mssOsVer":	"9.2",
					"mssFile":	"",
					"md5Digest":	"27f266669af8a91a539307f7b404e8b4",
					"compatibleApp":	"",
					"domType":	"mssDomain",
					"arch":	"32-bit",
					"appSettings":	{
						"appCompilerFlags":	"",
						"appLinkerFlags":	""
					},
					"addedLibs":	[],
					"libOptions":	{
						"libsContainingOptions":	[]
					},
					"prebuiltLibs":	{
						"prebuiltIncPath":	[],
						"prebuiltLibPath":	[]
					},
					"isolation":	{
					}
				}]
		}]
}
KEYINFO::2026-03-04.07:43:58::SCWPlatform::updated the xpfm file.
TRACE::2026-03-04.07:43:58::SCWPlatform::Trying to open the hw design at C:/Users/C27Jayden.Randolph/ece383_wksp/design_1_wrapper_1/hw/design_1_wrapper.xsa
TRACE::2026-03-04.07:43:58::SCWPlatform::DSA given C:/Users/C27Jayden.Randolph/ece383_wksp/design_1_wrapper_1/hw/design_1_wrapper.xsa
TRACE::2026-03-04.07:43:58::SCWPlatform::DSA absoulate path C:/Users/C27Jayden.Randolph/ece383_wksp/design_1_wrapper_1/hw/design_1_wrapper.xsa
TRACE::2026-03-04.07:43:58::SCWPlatform::DSA directory C:/Users/C27Jayden.Randolph/ece383_wksp/design_1_wrapper_1/hw
TRACE::2026-03-04.07:43:58::SCWPlatform:: Platform Path C:/Users/C27Jayden.Randolph/ece383_wksp/design_1_wrapper_1/hw/design_1_wrapper.xsa
TRACE::2026-03-04.07:43:58::SCWPlatform:: Unique name xilinx:nexys_video::0.0
TRACE::2026-03-04.07:43:58::SCWPlatform::Trying to set the existing hwdb with name design_1_wrapper
TRACE::2026-03-04.07:43:58::SCWPlatform::Opened existing hwdb design_1_wrapper
TRACE::2026-03-04.07:43:58::SCWPlatform::Found the Hw Db part of the input DSA
TRACE::2026-03-04.07:43:58::SCWMssOS::Checking the sw design at  C:/Users/C27Jayden.Randolph/ece383_wksp/design_1_wrapper_1/microblaze_0/standalone_microblaze_0/bsp/system.mss
TRACE::2026-03-04.07:43:58::SCWMssOS::DEBUG:  swdes dump  C:/Users/C27Jayden.Randolph/ece383_wksp/design_1_wrapper_1/microblaze_0/standalone_microblaze_0/bsp/system.mss|system||

TRACE::2026-03-04.07:43:58::SCWMssOS::Sw design exists and opened at  C:/Users/C27Jayden.Randolph/ece383_wksp/design_1_wrapper_1/microblaze_0/standalone_microblaze_0/bsp/system.mss
TRACE::2026-03-04.07:51:43::SCWPlatform::Trying to open the hw design at C:/Users/C27Jayden.Randolph/ece383_wksp/design_1_wrapper_1/hw/design_1_wrapper.xsa
TRACE::2026-03-04.07:51:43::SCWPlatform::DSA given C:/Users/C27Jayden.Randolph/ece383_wksp/design_1_wrapper_1/hw/design_1_wrapper.xsa
TRACE::2026-03-04.07:51:43::SCWPlatform::DSA absoulate path C:/Users/C27Jayden.Randolph/ece383_wksp/design_1_wrapper_1/hw/design_1_wrapper.xsa
TRACE::2026-03-04.07:51:43::SCWPlatform::DSA directory C:/Users/C27Jayden.Randolph/ece383_wksp/design_1_wrapper_1/hw
TRACE::2026-03-04.07:51:43::SCWPlatform:: Platform Path C:/Users/C27Jayden.Randolph/ece383_wksp/design_1_wrapper_1/hw/design_1_wrapper.xsa
TRACE::2026-03-04.07:51:43::SCWPlatform:: Unique name xilinx:nexys_video::0.0
TRACE::2026-03-04.07:51:43::SCWPlatform::Do not have an existing db opened. 
TRACE::2026-03-04.07:51:44::SCWPlatform::Opened new HwDB with name design_1_wrapper
TRACE::2026-03-04.07:51:44::SCWReader::Active system found as  design_1_wrapper_1
TRACE::2026-03-04.07:51:44::SCWReader::Handling sysconfig design_1_wrapper_1
TRACE::2026-03-04.07:51:44::SCWDomain::checking for install qemu data   : 
TRACE::2026-03-04.07:51:44::SCWPlatform::Trying to open the hw design at C:/Users/C27Jayden.Randolph/ece383_wksp/design_1_wrapper_1/hw/design_1_wrapper.xsa
TRACE::2026-03-04.07:51:44::SCWPlatform::DSA given C:/Users/C27Jayden.Randolph/ece383_wksp/design_1_wrapper_1/hw/design_1_wrapper.xsa
TRACE::2026-03-04.07:51:44::SCWPlatform::DSA absoulate path C:/Users/C27Jayden.Randolph/ece383_wksp/design_1_wrapper_1/hw/design_1_wrapper.xsa
TRACE::2026-03-04.07:51:44::SCWPlatform::DSA directory C:/Users/C27Jayden.Randolph/ece383_wksp/design_1_wrapper_1/hw
TRACE::2026-03-04.07:51:44::SCWPlatform:: Platform Path C:/Users/C27Jayden.Randolph/ece383_wksp/design_1_wrapper_1/hw/design_1_wrapper.xsa
TRACE::2026-03-04.07:51:44::SCWPlatform:: Unique name xilinx:nexys_video::0.0
TRACE::2026-03-04.07:51:44::SCWPlatform::Trying to set the existing hwdb with name design_1_wrapper
TRACE::2026-03-04.07:51:44::SCWPlatform::Opened existing hwdb design_1_wrapper
TRACE::2026-03-04.07:51:44::SCWPlatform::Found the Hw Db part of the input DSA
TRACE::2026-03-04.07:51:44::SCWPlatform::Trying to open the hw design at C:/Users/C27Jayden.Randolph/ece383_wksp/design_1_wrapper_1/hw/design_1_wrapper.xsa
TRACE::2026-03-04.07:51:44::SCWPlatform::DSA given C:/Users/C27Jayden.Randolph/ece383_wksp/design_1_wrapper_1/hw/design_1_wrapper.xsa
TRACE::2026-03-04.07:51:44::SCWPlatform::DSA absoulate path C:/Users/C27Jayden.Randolph/ece383_wksp/design_1_wrapper_1/hw/design_1_wrapper.xsa
TRACE::2026-03-04.07:51:44::SCWPlatform::DSA directory C:/Users/C27Jayden.Randolph/ece383_wksp/design_1_wrapper_1/hw
TRACE::2026-03-04.07:51:44::SCWPlatform:: Platform Path C:/Users/C27Jayden.Randolph/ece383_wksp/design_1_wrapper_1/hw/design_1_wrapper.xsa
TRACE::2026-03-04.07:51:44::SCWPlatform:: Unique name xilinx:nexys_video::0.0
TRACE::2026-03-04.07:51:44::SCWPlatform::Trying to set the existing hwdb with name design_1_wrapper
TRACE::2026-03-04.07:51:44::SCWPlatform::Opened existing hwdb design_1_wrapper
TRACE::2026-03-04.07:51:44::SCWPlatform::Found the Hw Db part of the input DSA
TRACE::2026-03-04.07:51:44::SCWPlatform::Trying to open the hw design at C:/Users/C27Jayden.Randolph/ece383_wksp/design_1_wrapper_1/hw/design_1_wrapper.xsa
TRACE::2026-03-04.07:51:44::SCWPlatform::DSA given C:/Users/C27Jayden.Randolph/ece383_wksp/design_1_wrapper_1/hw/design_1_wrapper.xsa
TRACE::2026-03-04.07:51:44::SCWPlatform::DSA absoulate path C:/Users/C27Jayden.Randolph/ece383_wksp/design_1_wrapper_1/hw/design_1_wrapper.xsa
TRACE::2026-03-04.07:51:44::SCWPlatform::DSA directory C:/Users/C27Jayden.Randolph/ece383_wksp/design_1_wrapper_1/hw
TRACE::2026-03-04.07:51:44::SCWPlatform:: Platform Path C:/Users/C27Jayden.Randolph/ece383_wksp/design_1_wrapper_1/hw/design_1_wrapper.xsa
TRACE::2026-03-04.07:51:44::SCWPlatform:: Unique name xilinx:nexys_video::0.0
TRACE::2026-03-04.07:51:44::SCWPlatform::Trying to set the existing hwdb with name design_1_wrapper
TRACE::2026-03-04.07:51:44::SCWPlatform::Opened existing hwdb design_1_wrapper
TRACE::2026-03-04.07:51:44::SCWPlatform::Found the Hw Db part of the input DSA
TRACE::2026-03-04.07:51:44::SCWPlatform::Trying to open the hw design at C:/Users/C27Jayden.Randolph/ece383_wksp/design_1_wrapper_1/hw/design_1_wrapper.xsa
TRACE::2026-03-04.07:51:44::SCWPlatform::DSA given C:/Users/C27Jayden.Randolph/ece383_wksp/design_1_wrapper_1/hw/design_1_wrapper.xsa
TRACE::2026-03-04.07:51:44::SCWPlatform::DSA absoulate path C:/Users/C27Jayden.Randolph/ece383_wksp/design_1_wrapper_1/hw/design_1_wrapper.xsa
TRACE::2026-03-04.07:51:44::SCWPlatform::DSA directory C:/Users/C27Jayden.Randolph/ece383_wksp/design_1_wrapper_1/hw
TRACE::2026-03-04.07:51:44::SCWPlatform:: Platform Path C:/Users/C27Jayden.Randolph/ece383_wksp/design_1_wrapper_1/hw/design_1_wrapper.xsa
TRACE::2026-03-04.07:51:44::SCWPlatform:: Unique name xilinx:nexys_video::0.0
TRACE::2026-03-04.07:51:44::SCWPlatform::Trying to set the existing hwdb with name design_1_wrapper
TRACE::2026-03-04.07:51:44::SCWPlatform::Opened existing hwdb design_1_wrapper
TRACE::2026-03-04.07:51:44::SCWPlatform::Found the Hw Db part of the input DSA
TRACE::2026-03-04.07:51:44::SCWMssOS::Checking the sw design at  C:/Users/C27Jayden.Randolph/ece383_wksp/design_1_wrapper_1/microblaze_0/standalone_microblaze_0/bsp/system.mss
TRACE::2026-03-04.07:51:44::SCWMssOS::DEBUG:  swdes dump  
TRACE::2026-03-04.07:51:44::SCWMssOS::No sw design opened at  C:/Users/C27Jayden.Randolph/ece383_wksp/design_1_wrapper_1/microblaze_0/standalone_microblaze_0/bsp/system.mss
TRACE::2026-03-04.07:51:44::SCWMssOS::mss exists loading the mss file  C:/Users/C27Jayden.Randolph/ece383_wksp/design_1_wrapper_1/microblaze_0/standalone_microblaze_0/bsp/system.mss
TRACE::2026-03-04.07:51:44::SCWMssOS::Opened the sw design from mss  C:/Users/C27Jayden.Randolph/ece383_wksp/design_1_wrapper_1/microblaze_0/standalone_microblaze_0/bsp/system.mss
TRACE::2026-03-04.07:51:44::SCWMssOS::Adding the swdes entry C:/Users/C27Jayden.Randolph/ece383_wksp/design_1_wrapper_1/microblaze_0/standalone_microblaze_0/bsp/system.mss with des name system
TRACE::2026-03-04.07:51:44::SCWMssOS::updating the scw layer about changes
TRACE::2026-03-04.07:51:44::SCWMssOS::Opened the sw design.  C:/Users/C27Jayden.Randolph/ece383_wksp/design_1_wrapper_1/microblaze_0/standalone_microblaze_0/bsp/system.mss
TRACE::2026-03-04.07:51:44::SCWMssOS::Saving the mss changes C:/Users/C27Jayden.Randolph/ece383_wksp/design_1_wrapper_1/microblaze_0/standalone_microblaze_0/bsp/system.mss
TRACE::2026-03-04.07:51:44::SCWMssOS::Found a swdesign opened with the mssfile.
TRACE::2026-03-04.07:51:44::SCWMssOS::Completed writemss as part of save.
TRACE::2026-03-04.07:51:44::SCWMssOS::Commit changes completed.
TRACE::2026-03-04.07:51:44::SCWReader::Adding prebuilt librarypaths as   
TRACE::2026-03-04.07:51:44::SCWReader::Adding prebuilt incpaths  as   
TRACE::2026-03-04.07:51:44::SCWPlatform::Trying to open the hw design at C:/Users/C27Jayden.Randolph/ece383_wksp/design_1_wrapper_1/hw/design_1_wrapper.xsa
TRACE::2026-03-04.07:51:44::SCWPlatform::DSA given C:/Users/C27Jayden.Randolph/ece383_wksp/design_1_wrapper_1/hw/design_1_wrapper.xsa
TRACE::2026-03-04.07:51:44::SCWPlatform::DSA absoulate path C:/Users/C27Jayden.Randolph/ece383_wksp/design_1_wrapper_1/hw/design_1_wrapper.xsa
TRACE::2026-03-04.07:51:44::SCWPlatform::DSA directory C:/Users/C27Jayden.Randolph/ece383_wksp/design_1_wrapper_1/hw
TRACE::2026-03-04.07:51:44::SCWPlatform:: Platform Path C:/Users/C27Jayden.Randolph/ece383_wksp/design_1_wrapper_1/hw/design_1_wrapper.xsa
TRACE::2026-03-04.07:51:44::SCWPlatform:: Unique name xilinx:nexys_video::0.0
TRACE::2026-03-04.07:51:44::SCWPlatform::Trying to set the existing hwdb with name design_1_wrapper
TRACE::2026-03-04.07:51:44::SCWPlatform::Opened existing hwdb design_1_wrapper
TRACE::2026-03-04.07:51:44::SCWPlatform::Found the Hw Db part of the input DSA
TRACE::2026-03-04.07:51:44::SCWMssOS::Checking the sw design at  C:/Users/C27Jayden.Randolph/ece383_wksp/design_1_wrapper_1/microblaze_0/standalone_microblaze_0/bsp/system.mss
TRACE::2026-03-04.07:51:44::SCWMssOS::DEBUG:  swdes dump  C:/Users/C27Jayden.Randolph/ece383_wksp/design_1_wrapper_1/microblaze_0/standalone_microblaze_0/bsp/system.mss|system||

TRACE::2026-03-04.07:51:44::SCWMssOS::Sw design exists and opened at  C:/Users/C27Jayden.Randolph/ece383_wksp/design_1_wrapper_1/microblaze_0/standalone_microblaze_0/bsp/system.mss
TRACE::2026-03-04.07:51:44::SCWReader::No isolation master present  
LOG::2026-03-04.07:51:44::SCWPlatform::Started generating the artifacts platform design_1_wrapper_1
TRACE::2026-03-04.07:51:44::SCWPlatform::Sanity checking of platform is completed
LOG::2026-03-04.07:51:44::SCWPlatform::Started generating the artifacts for system configuration design_1_wrapper_1
LOG::2026-03-04.07:51:44::SCWSystem::Checking the domain standalone_microblaze_0
LOG::2026-03-04.07:51:44::SCWSystem::Not a boot domain 
LOG::2026-03-04.07:51:44::SCWSystem::Started Processing the domain standalone_microblaze_0
TRACE::2026-03-04.07:51:44::SCWDomain::Generating domain artifcats
TRACE::2026-03-04.07:51:44::SCWMssOS::Generating standalone artifcats
TRACE::2026-03-04.07:51:44::SCWMssOS:: Copying the user libraries. 
TRACE::2026-03-04.07:51:44::SCWPlatform::Trying to open the hw design at C:/Users/C27Jayden.Randolph/ece383_wksp/design_1_wrapper_1/hw/design_1_wrapper.xsa
TRACE::2026-03-04.07:51:44::SCWPlatform::DSA given C:/Users/C27Jayden.Randolph/ece383_wksp/design_1_wrapper_1/hw/design_1_wrapper.xsa
TRACE::2026-03-04.07:51:44::SCWPlatform::DSA absoulate path C:/Users/C27Jayden.Randolph/ece383_wksp/design_1_wrapper_1/hw/design_1_wrapper.xsa
TRACE::2026-03-04.07:51:44::SCWPlatform::DSA directory C:/Users/C27Jayden.Randolph/ece383_wksp/design_1_wrapper_1/hw
TRACE::2026-03-04.07:51:44::SCWPlatform:: Platform Path C:/Users/C27Jayden.Randolph/ece383_wksp/design_1_wrapper_1/hw/design_1_wrapper.xsa
TRACE::2026-03-04.07:51:44::SCWPlatform:: Unique name xilinx:nexys_video::0.0
TRACE::2026-03-04.07:51:44::SCWPlatform::Trying to set the existing hwdb with name design_1_wrapper
TRACE::2026-03-04.07:51:44::SCWPlatform::Opened existing hwdb design_1_wrapper
TRACE::2026-03-04.07:51:44::SCWPlatform::Found the Hw Db part of the input DSA
TRACE::2026-03-04.07:51:44::SCWMssOS::Checking the sw design at  C:/Users/C27Jayden.Randolph/ece383_wksp/design_1_wrapper_1/microblaze_0/standalone_microblaze_0/bsp/system.mss
TRACE::2026-03-04.07:51:44::SCWMssOS::DEBUG:  swdes dump  C:/Users/C27Jayden.Randolph/ece383_wksp/design_1_wrapper_1/microblaze_0/standalone_microblaze_0/bsp/system.mss|system||

TRACE::2026-03-04.07:51:44::SCWMssOS::Sw design exists and opened at  C:/Users/C27Jayden.Randolph/ece383_wksp/design_1_wrapper_1/microblaze_0/standalone_microblaze_0/bsp/system.mss
TRACE::2026-03-04.07:51:44::SCWMssOS::Completed writing the mss file at C:/Users/C27Jayden.Randolph/ece383_wksp/design_1_wrapper_1/microblaze_0/standalone_microblaze_0/bsp
TRACE::2026-03-04.07:51:44::SCWMssOS::Mss edits present, copying mssfile into export location C:/Users/C27Jayden.Randolph/ece383_wksp/design_1_wrapper_1/microblaze_0/standalone_microblaze_0/bsp/system.mss
TRACE::2026-03-04.07:51:44::SCWMssOS::bsp generated is upto date with the mss file. Skipping bsp generation.
TRACE::2026-03-04.07:51:44::SCWMssOS::BSP is already built. skipping the bsp build ... 
TRACE::2026-03-04.07:51:44::SCWDomain::Building the domain as part of full build :  standalone_microblaze_0
TRACE::2026-03-04.07:51:44::SCWMssOS::doing bsp build ... 
TRACE::2026-03-04.07:51:44::SCWMssOS::System Command Ran  C: & cd  C:/Users/C27Jayden.Randolph/ece383_wksp/design_1_wrapper_1/microblaze_0/standalone_microblaze_0/bsp & make 
TRACE::2026-03-04.07:51:45::SCWMssOS::make --no-print-directory seq_libs

TRACE::2026-03-04.07:51:45::SCWMssOS::'Finished building libraries sequentially.'

TRACE::2026-03-04.07:51:45::SCWMssOS::make -j 14 --no-print-directory par_libs

TRACE::2026-03-04.07:51:45::SCWMssOS::"Running Make include in microblaze_0/libsrc/bram_v4_11/src"

TRACE::2026-03-04.07:51:45::SCWMssOS::make -C microblaze_0/libsrc/bram_v4_11/src -s include  "SHELL=CMD" "COMPILER=mb-gcc" "ASSEMBLER=mb-as" "ARCHIVER=mb-ar" "COMPIL
TRACE::2026-03-04.07:51:45::SCWMssOS::ER_FLAGS=  -O2 -c -mcpu=v11.0 -mlittle-endian -mxl-soft-mul" "EXTRA_COMPILER_FLAGS=-g -ffunction-sections -fdata-sections -Wall
TRACE::2026-03-04.07:51:45::SCWMssOS:: -Wextra -fno-tree-loop-distribute-patterns"

TRACE::2026-03-04.07:51:45::SCWMssOS::"Running Make include in microblaze_0/libsrc/cpu_v2_18/src"

TRACE::2026-03-04.07:51:45::SCWMssOS::make -C microblaze_0/libsrc/cpu_v2_18/src -s include  "SHELL=CMD" "COMPILER=mb-gcc" "ASSEMBLER=mb-as" "ARCHIVER=mb-ar" "COMPILE
TRACE::2026-03-04.07:51:45::SCWMssOS::R_FLAGS=  -O2 -c -mcpu=v11.0 -mlittle-endian -mxl-soft-mul" "EXTRA_COMPILER_FLAGS=-g -ffunction-sections -fdata-sections -Wall 
TRACE::2026-03-04.07:51:45::SCWMssOS::-Wextra -fno-tree-loop-distribute-patterns"

TRACE::2026-03-04.07:51:45::SCWMssOS::"Running Make include in microblaze_0/libsrc/standalone_v9_2/src"

TRACE::2026-03-04.07:51:45::SCWMssOS::make -C microblaze_0/libsrc/standalone_v9_2/src -s include  "SHELL=CMD" "COMPILER=mb-gcc" "ASSEMBLER=mb-as" "ARCHIVER=mb-ar" "C
TRACE::2026-03-04.07:51:45::SCWMssOS::OMPILER_FLAGS=  -O2 -c -mcpu=v11.0 -mlittle-endian -mxl-soft-mul" "EXTRA_COMPILER_FLAGS=-g -ffunction-sections -fdata-sections 
TRACE::2026-03-04.07:51:45::SCWMssOS::-Wall -Wextra -fno-tree-loop-distribute-patterns"

TRACE::2026-03-04.07:51:45::SCWMssOS::"Running Make include in microblaze_0/libsrc/uartlite_v3_11/src"

TRACE::2026-03-04.07:51:45::SCWMssOS::make -C microblaze_0/libsrc/uartlite_v3_11/src -s include  "SHELL=CMD" "COMPILER=mb-gcc" "ASSEMBLER=mb-as" "ARCHIVER=mb-ar" "CO
TRACE::2026-03-04.07:51:45::SCWMssOS::MPILER_FLAGS=  -O2 -c -mcpu=v11.0 -mlittle-endian -mxl-soft-mul" "EXTRA_COMPILER_FLAGS=-g -ffunction-sections -fdata-sections -
TRACE::2026-03-04.07:51:45::SCWMssOS::Wall -Wextra -fno-tree-loop-distribute-patterns"

TRACE::2026-03-04.07:51:47::SCWMssOS::"Running Make libs in microblaze_0/libsrc/bram_v4_11/src"

TRACE::2026-03-04.07:51:47::SCWMssOS::make -C microblaze_0/libsrc/bram_v4_11/src -s libs  "SHELL=CMD" "COMPILER=mb-gcc" "ASSEMBLER=mb-as" "ARCHIVER=mb-ar" "COMPILER_
TRACE::2026-03-04.07:51:47::SCWMssOS::FLAGS=  -O2 -c -mcpu=v11.0 -mlittle-endian -mxl-soft-mul" "EXTRA_COMPILER_FLAGS=-g -ffunction-sections -fdata-sections -Wall -W
TRACE::2026-03-04.07:51:47::SCWMssOS::extra -fno-tree-loop-distribute-patterns"

TRACE::2026-03-04.07:51:47::SCWMssOS::"Running Make libs in microblaze_0/libsrc/cpu_v2_18/src"

TRACE::2026-03-04.07:51:47::SCWMssOS::make -C microblaze_0/libsrc/cpu_v2_18/src -s libs  "SHELL=CMD" "COMPILER=mb-gcc" "ASSEMBLER=mb-as" "ARCHIVER=mb-ar" "COMPILER_F
TRACE::2026-03-04.07:51:47::SCWMssOS::LAGS=  -O2 -c -mcpu=v11.0 -mlittle-endian -mxl-soft-mul" "EXTRA_COMPILER_FLAGS=-g -ffunction-sections -fdata-sections -Wall -We
TRACE::2026-03-04.07:51:47::SCWMssOS::xtra -fno-tree-loop-distribute-patterns"

TRACE::2026-03-04.07:51:47::SCWMssOS::"Running Make libs in microblaze_0/libsrc/standalone_v9_2/src"

TRACE::2026-03-04.07:51:47::SCWMssOS::make -C microblaze_0/libsrc/standalone_v9_2/src -s libs  "SHELL=CMD" "COMPILER=mb-gcc" "ASSEMBLER=mb-as" "ARCHIVER=mb-ar" "COMP
TRACE::2026-03-04.07:51:47::SCWMssOS::ILER_FLAGS=  -O2 -c -mcpu=v11.0 -mlittle-endian -mxl-soft-mul" "EXTRA_COMPILER_FLAGS=-g -ffunction-sections -fdata-sections -Wa
TRACE::2026-03-04.07:51:47::SCWMssOS::ll -Wextra -fno-tree-loop-distribute-patterns"

TRACE::2026-03-04.07:51:47::SCWMssOS::"Running Make libs in microblaze_0/libsrc/uartlite_v3_11/src"

TRACE::2026-03-04.07:51:47::SCWMssOS::make -C microblaze_0/libsrc/uartlite_v3_11/src -s libs  "SHELL=CMD" "COMPILER=mb-gcc" "ASSEMBLER=mb-as" "ARCHIVER=mb-ar" "COMPI
TRACE::2026-03-04.07:51:47::SCWMssOS::LER_FLAGS=  -O2 -c -mcpu=v11.0 -mlittle-endian -mxl-soft-mul" "EXTRA_COMPILER_FLAGS=-g -ffunction-sections -fdata-sections -Wal
TRACE::2026-03-04.07:51:47::SCWMssOS::l -Wextra -fno-tree-loop-distribute-patterns"

TRACE::2026-03-04.07:51:48::SCWMssOS::'Finished building libraries parallelly.'

TRACE::2026-03-04.07:51:48::SCWMssOS::make --no-print-directory archive

TRACE::2026-03-04.07:51:48::SCWMssOS::mb-ar -r  microblaze_0/lib/libxil.a microblaze_0/lib/_exit.o microblaze_0/lib/errno.o microblaze_0/lib/fcntl.o microblaze_0/lib
TRACE::2026-03-04.07:51:48::SCWMssOS::/hw_exception_handler.o microblaze_0/lib/inbyte.o microblaze_0/lib/microblaze_disable_dcache.o microblaze_0/lib/microblaze_disa
TRACE::2026-03-04.07:51:48::SCWMssOS::ble_exceptions.o microblaze_0/lib/microblaze_disable_icache.o microblaze_0/lib/microblaze_disable_interrupts.o microblaze_0/lib
TRACE::2026-03-04.07:51:48::SCWMssOS::/microblaze_enable_dcache.o microblaze_0/lib/microblaze_enable_exceptions.o microblaze_0/lib/microblaze_enable_icache.o microbl
TRACE::2026-03-04.07:51:48::SCWMssOS::aze_0/lib/microblaze_enable_interrupts.o microblaze_0/lib/microblaze_exception_handler.o microblaze_0/lib/microblaze_flush_cach
TRACE::2026-03-04.07:51:48::SCWMssOS::e_ext.o microblaze_0/lib/microblaze_flush_cache_ext_range.o microblaze_0/lib/microblaze_flush_dcache.o microblaze_0/lib/microbl
TRACE::2026-03-04.07:51:48::SCWMssOS::aze_flush_dcache_range.o microblaze_0/lib/microblaze_init_dcache_range.o microblaze_0/lib/microblaze_init_icache_range.o microb
TRACE::2026-03-04.07:51:48::SCWMssOS::laze_0/lib/microblaze_interrupt_handler.o microblaze_0/lib/microblaze_interrupts_g.o microblaze_0/lib/microblaze_invalidate_cac
TRACE::2026-03-04.07:51:48::SCWMssOS::he_ext.o microblaze_0/lib/microblaze_invalidate_cache_ext_range.o microblaze_0/lib/microblaze_invalidate_dcache.o microblaze_0/
TRACE::2026-03-04.07:51:48::SCWMssOS::lib/microblaze_invalidate_dcache_range.o microblaze_0/lib/microblaze_invalidate_icache.o microblaze_0/lib/microblaze_invalidate
TRACE::2026-03-04.07:51:48::SCWMssOS::_icache_range.o microblaze_0/lib/microblaze_scrub.o microblaze_0/lib/microblaze_selftest.o microblaze_0/lib/microblaze_sleep.o 
TRACE::2026-03-04.07:51:48::SCWMssOS::microblaze_0/lib/microblaze_update_dcache.o microblaze_0/lib/microblaze_update_icache.o microblaze_0/lib/outbyte.o microblaze_0
TRACE::2026-03-04.07:51:48::SCWMssOS::/lib/print.o microblaze_0/lib/pvr.o microblaze_0/lib/xbram.o microblaze_0/lib/xbram_g.o microblaze_0/lib/xbram_intr.o microblaz
TRACE::2026-03-04.07:51:48::SCWMssOS::e_0/lib/xbram_selftest.o microblaze_0/lib/xbram_sinit.o microblaze_0/lib/xil_assert.o microblaze_0/lib/xil_cache.o microblaze_0
TRACE::2026-03-04.07:51:48::SCWMssOS::/lib/xil_clocking.o microblaze_0/lib/xil_exception.o microblaze_0/lib/xil_mem.o microblaze_0/lib/xil_misc_psreset_api.o microbl
TRACE::2026-03-04.07:51:48::SCWMssOS::aze_0/lib/xil_printf.o microblaze_0/lib/xil_sleepcommon.o microblaze_0/lib/xil_sutil.o microblaze_0/lib/xil_testcache.o microbl
TRACE::2026-03-04.07:51:48::SCWMssOS::aze_0/lib/xil_testio.o microblaze_0/lib/xil_testmem.o microblaze_0/lib/xil_util.o microblaze_0/lib/xinterrupt_wrap.o microblaze
TRACE::2026-03-04.07:51:48::SCWMssOS::_0/lib/xio.o microblaze_0/lib/xplatform_info.o microblaze_0/lib/xpm_init.o microblaze_0/lib/xuartlite.o microblaze_0/lib/xuartl
TRACE::2026-03-04.07:51:48::SCWMssOS::ite_g.o microblaze_0/lib/xuartlite_intr.o microblaze_0/lib/xuartlite_l.o microblaze_0/lib/xuartlite_selftest.o microblaze_0/lib
TRACE::2026-03-04.07:51:48::SCWMssOS::/xuartlite_sinit.o microblaze_0/lib/xuartlite_stats.o

TRACE::2026-03-04.07:51:49::SCWMssOS::'Finished building libraries'

TRACE::2026-03-04.07:51:50::SCWMssOS::Copying to export directory.
TRACE::2026-03-04.07:51:50::SCWMssOS:: Checking if to create the Supporting Applications
TRACE::2026-03-04.07:51:50::SCWMssOS:: No Linux domain exists, trying to generate FSBL 
LOG::2026-03-04.07:51:50::SCWSystem::Completed Processing the domain standalone_microblaze_0
LOG::2026-03-04.07:51:50::SCWSystem::Completed Processing the sysconfig design_1_wrapper_1
LOG::2026-03-04.07:51:50::SCWPlatform::Completed generating the artifacts for system configuration design_1_wrapper_1
TRACE::2026-03-04.07:51:50::SCWPlatform::Started preparing the platform 
TRACE::2026-03-04.07:51:50::SCWSystem::Writing the bif file for system config design_1_wrapper_1
TRACE::2026-03-04.07:51:50::SCWSystem::dir created 
TRACE::2026-03-04.07:51:50::SCWSystem::Writing the bif 
TRACE::2026-03-04.07:51:50::SCWPlatform::Started writing the spfm file 
TRACE::2026-03-04.07:51:50::SCWPlatform::Started writing the xpfm file 
TRACE::2026-03-04.07:51:50::SCWPlatform::Completed generating the platform
TRACE::2026-03-04.07:51:50::SCWMssOS::Saving the mss changes C:/Users/C27Jayden.Randolph/ece383_wksp/design_1_wrapper_1/microblaze_0/standalone_microblaze_0/bsp/system.mss
TRACE::2026-03-04.07:51:50::SCWMssOS::Found a swdesign opened with the mssfile.
TRACE::2026-03-04.07:51:50::SCWMssOS::Completed writemss as part of save.
TRACE::2026-03-04.07:51:50::SCWMssOS::Commit changes completed.
TRACE::2026-03-04.07:51:50::SCWPlatform::Trying to open the hw design at C:/Users/C27Jayden.Randolph/ece383_wksp/design_1_wrapper_1/hw/design_1_wrapper.xsa
TRACE::2026-03-04.07:51:50::SCWPlatform::DSA given C:/Users/C27Jayden.Randolph/ece383_wksp/design_1_wrapper_1/hw/design_1_wrapper.xsa
TRACE::2026-03-04.07:51:50::SCWPlatform::DSA absoulate path C:/Users/C27Jayden.Randolph/ece383_wksp/design_1_wrapper_1/hw/design_1_wrapper.xsa
TRACE::2026-03-04.07:51:50::SCWPlatform::DSA directory C:/Users/C27Jayden.Randolph/ece383_wksp/design_1_wrapper_1/hw
TRACE::2026-03-04.07:51:50::SCWPlatform:: Platform Path C:/Users/C27Jayden.Randolph/ece383_wksp/design_1_wrapper_1/hw/design_1_wrapper.xsa
TRACE::2026-03-04.07:51:50::SCWPlatform:: Unique name xilinx:nexys_video::0.0
TRACE::2026-03-04.07:51:50::SCWPlatform::Trying to set the existing hwdb with name design_1_wrapper
TRACE::2026-03-04.07:51:50::SCWPlatform::Opened existing hwdb design_1_wrapper
TRACE::2026-03-04.07:51:50::SCWPlatform::Found the Hw Db part of the input DSA
TRACE::2026-03-04.07:51:50::SCWMssOS::Checking the sw design at  C:/Users/C27Jayden.Randolph/ece383_wksp/design_1_wrapper_1/microblaze_0/standalone_microblaze_0/bsp/system.mss
TRACE::2026-03-04.07:51:50::SCWMssOS::DEBUG:  swdes dump  C:/Users/C27Jayden.Randolph/ece383_wksp/design_1_wrapper_1/microblaze_0/standalone_microblaze_0/bsp/system.mss|system||

TRACE::2026-03-04.07:51:50::SCWMssOS::Sw design exists and opened at  C:/Users/C27Jayden.Randolph/ece383_wksp/design_1_wrapper_1/microblaze_0/standalone_microblaze_0/bsp/system.mss
TRACE::2026-03-04.07:51:50::SCWWriter::formatted JSON is {
	"platformName":	"design_1_wrapper_1",
	"sprVersion":	"2.0",
	"mode":	"gui",
	"dsaType":	"Fixed",
	"platformDesc":	"design_1_wrapper_1",
	"platHandOff":	"C:/Users/C27Jayden.Randolph/ece383_wksp/ublaze1/design_1_wrapper.xsa",
	"platIntHandOff":	"<platformDir>/hw/design_1_wrapper.xsa",
	"deviceType":	"FPGA",
	"platIsPrebuiltAutogen":	"false",
	"platIsNoBootBsp":	"false",
	"hasFsblMakeHasChanges":	"false",
	"hasPmufwMakeHasChanges":	"false",
	"platPreBuiltFlag":	false,
	"platformSamplesDir":	"",
	"platActiveSys":	"design_1_wrapper_1",
	"systems":	[{
			"systemName":	"design_1_wrapper_1",
			"systemDesc":	"design_1_wrapper_1",
			"sysIsBootAutoGen":	"true",
			"systemDispName":	"design_1_wrapper_1",
			"sysActiveDom":	"standalone_microblaze_0",
			"sysDefaultDom":	"standalone_microblaze_0",
			"domains":	[{
					"domainName":	"standalone_microblaze_0",
					"domainDispName":	"standalone_microblaze_0",
					"domainDesc":	"standalone_microblaze_0",
					"processors":	"microblaze_0",
					"os":	"standalone",
					"sdxOs":	"standalone",
					"debugEnable":	"False",
					"domRuntimes":	["cpp"],
					"swRepo":	"",
					"mssOsVer":	"9.2",
					"mssFile":	"",
					"md5Digest":	"27f266669af8a91a539307f7b404e8b4",
					"compatibleApp":	"",
					"domType":	"mssDomain",
					"arch":	"32-bit",
					"appSettings":	{
						"appCompilerFlags":	"",
						"appLinkerFlags":	""
					},
					"addedLibs":	[],
					"libOptions":	{
						"libsContainingOptions":	[]
					},
					"prebuiltLibs":	{
						"prebuiltIncPath":	[],
						"prebuiltLibPath":	[]
					},
					"isolation":	{
					}
				}]
		}]
}
KEYINFO::2026-03-04.07:51:50::SCWPlatform::updated the xpfm file.
TRACE::2026-03-04.07:51:51::SCWPlatform::Trying to open the hw design at C:/Users/C27Jayden.Randolph/ece383_wksp/design_1_wrapper_1/hw/design_1_wrapper.xsa
TRACE::2026-03-04.07:51:51::SCWPlatform::DSA given C:/Users/C27Jayden.Randolph/ece383_wksp/design_1_wrapper_1/hw/design_1_wrapper.xsa
TRACE::2026-03-04.07:51:51::SCWPlatform::DSA absoulate path C:/Users/C27Jayden.Randolph/ece383_wksp/design_1_wrapper_1/hw/design_1_wrapper.xsa
TRACE::2026-03-04.07:51:51::SCWPlatform::DSA directory C:/Users/C27Jayden.Randolph/ece383_wksp/design_1_wrapper_1/hw
TRACE::2026-03-04.07:51:51::SCWPlatform:: Platform Path C:/Users/C27Jayden.Randolph/ece383_wksp/design_1_wrapper_1/hw/design_1_wrapper.xsa
TRACE::2026-03-04.07:51:51::SCWPlatform:: Unique name xilinx:nexys_video::0.0
TRACE::2026-03-04.07:51:51::SCWPlatform::Trying to set the existing hwdb with name design_1_wrapper
TRACE::2026-03-04.07:51:51::SCWPlatform::Opened existing hwdb design_1_wrapper
TRACE::2026-03-04.07:51:51::SCWPlatform::Found the Hw Db part of the input DSA
TRACE::2026-03-04.07:51:51::SCWMssOS::Checking the sw design at  C:/Users/C27Jayden.Randolph/ece383_wksp/design_1_wrapper_1/microblaze_0/standalone_microblaze_0/bsp/system.mss
TRACE::2026-03-04.07:51:51::SCWMssOS::DEBUG:  swdes dump  C:/Users/C27Jayden.Randolph/ece383_wksp/design_1_wrapper_1/microblaze_0/standalone_microblaze_0/bsp/system.mss|system||

TRACE::2026-03-04.07:51:51::SCWMssOS::Sw design exists and opened at  C:/Users/C27Jayden.Randolph/ece383_wksp/design_1_wrapper_1/microblaze_0/standalone_microblaze_0/bsp/system.mss
