TRACE::2026-03-11.11:11:31::SCWPlatform::Trying to open the hw design at C:/Users/C27Jayden.Randolph/ece383_wksp/ice2/design_1_wrapper/hw/design_1_wrapper.xsa
TRACE::2026-03-11.11:11:31::SCWPlatform::DSA given C:/Users/C27Jayden.Randolph/ece383_wksp/ice2/design_1_wrapper/hw/design_1_wrapper.xsa
TRACE::2026-03-11.11:11:31::SCWPlatform::DSA absoulate path C:/Users/C27Jayden.Randolph/ece383_wksp/ice2/design_1_wrapper/hw/design_1_wrapper.xsa
TRACE::2026-03-11.11:11:31::SCWPlatform::DSA directory C:/Users/C27Jayden.Randolph/ece383_wksp/ice2/design_1_wrapper/hw
TRACE::2026-03-11.11:11:31::SCWPlatform:: Platform Path C:/Users/C27Jayden.Randolph/ece383_wksp/ice2/design_1_wrapper/hw/design_1_wrapper.xsa
TRACE::2026-03-11.11:11:31::SCWPlatform:: Unique name xilinx:nexys_video::0.0
TRACE::2026-03-11.11:11:31::SCWPlatform::Do not have an existing db opened. 
TRACE::2026-03-11.11:11:32::SCWPlatform::Opened new HwDB with name design_1_wrapper_0
TRACE::2026-03-11.11:11:32::SCWWriter::formatted JSON is {
	"platformName":	"design_1_wrapper",
	"sprVersion":	"2.0",
	"mode":	"gui",
	"dsaType":	"Fixed",
	"platformDesc":	"design_1_wrapper",
	"platHandOff":	"C:/Users/C27Jayden.Randolph/ece383_wksp/ice1/ublaze2/design_1_wrapper.xsa",
	"platIntHandOff":	"<platformDir>/hw/design_1_wrapper.xsa",
	"deviceType":	"FPGA",
	"platIsPrebuiltAutogen":	"false",
	"platIsNoBootBsp":	"false",
	"hasFsblMakeHasChanges":	"false",
	"hasPmufwMakeHasChanges":	"false",
	"platPreBuiltFlag":	false,
	"platformSamplesDir":	""
}
TRACE::2026-03-11.11:11:32::SCWWriter::formatted JSON is {
	"platformName":	"design_1_wrapper",
	"sprVersion":	"2.0",
	"mode":	"gui",
	"dsaType":	"Fixed",
	"platformDesc":	"design_1_wrapper",
	"platHandOff":	"C:/Users/C27Jayden.Randolph/ece383_wksp/ice1/ublaze2/design_1_wrapper.xsa",
	"platIntHandOff":	"<platformDir>/hw/design_1_wrapper.xsa",
	"deviceType":	"FPGA",
	"platIsPrebuiltAutogen":	"false",
	"platIsNoBootBsp":	"false",
	"hasFsblMakeHasChanges":	"false",
	"hasPmufwMakeHasChanges":	"false",
	"platPreBuiltFlag":	false,
	"platformSamplesDir":	"",
	"platActiveSys":	"design_1_wrapper",
	"systems":	[{
			"systemName":	"design_1_wrapper",
			"systemDesc":	"design_1_wrapper",
			"sysIsBootAutoGen":	"true",
			"systemDispName":	"design_1_wrapper"
		}]
}
TRACE::2026-03-11.11:11:32::SCWPlatform::Boot application domains not present, creating them
TRACE::2026-03-11.11:11:32::SCWPlatform::Pure FPGA device, no boot application will be created.
TRACE::2026-03-11.11:11:32::SCWWriter::formatted JSON is {
	"platformName":	"design_1_wrapper",
	"sprVersion":	"2.0",
	"mode":	"gui",
	"dsaType":	"Fixed",
	"platformDesc":	"design_1_wrapper",
	"platHandOff":	"C:/Users/C27Jayden.Randolph/ece383_wksp/ice1/ublaze2/design_1_wrapper.xsa",
	"platIntHandOff":	"<platformDir>/hw/design_1_wrapper.xsa",
	"deviceType":	"FPGA",
	"platIsPrebuiltAutogen":	"false",
	"platIsNoBootBsp":	"false",
	"hasFsblMakeHasChanges":	"false",
	"hasPmufwMakeHasChanges":	"false",
	"platPreBuiltFlag":	false,
	"platformSamplesDir":	"",
	"platActiveSys":	"design_1_wrapper",
	"systems":	[{
			"systemName":	"design_1_wrapper",
			"systemDesc":	"design_1_wrapper",
			"sysIsBootAutoGen":	"true",
			"systemDispName":	"design_1_wrapper"
		}]
}
TRACE::2026-03-11.11:11:33::SCWWriter::formatted JSON is {
	"platformName":	"design_1_wrapper",
	"sprVersion":	"2.0",
	"mode":	"gui",
	"dsaType":	"Fixed",
	"platformDesc":	"design_1_wrapper",
	"platHandOff":	"C:/Users/C27Jayden.Randolph/ece383_wksp/ice1/ublaze2/design_1_wrapper.xsa",
	"platIntHandOff":	"<platformDir>/hw/design_1_wrapper.xsa",
	"deviceType":	"FPGA",
	"platIsPrebuiltAutogen":	"false",
	"platIsNoBootBsp":	"false",
	"hasFsblMakeHasChanges":	"false",
	"hasPmufwMakeHasChanges":	"false",
	"platPreBuiltFlag":	false,
	"platformSamplesDir":	"",
	"platActiveSys":	"design_1_wrapper",
	"systems":	[{
			"systemName":	"design_1_wrapper",
			"systemDesc":	"design_1_wrapper",
			"sysIsBootAutoGen":	"true",
			"systemDispName":	"design_1_wrapper"
		}]
}
TRACE::2026-03-11.11:11:33::SCWPlatform::Trying to open the hw design at C:/Users/C27Jayden.Randolph/ece383_wksp/ice2/design_1_wrapper/hw/design_1_wrapper.xsa
TRACE::2026-03-11.11:11:33::SCWPlatform::DSA given C:/Users/C27Jayden.Randolph/ece383_wksp/ice2/design_1_wrapper/hw/design_1_wrapper.xsa
TRACE::2026-03-11.11:11:33::SCWPlatform::DSA absoulate path C:/Users/C27Jayden.Randolph/ece383_wksp/ice2/design_1_wrapper/hw/design_1_wrapper.xsa
TRACE::2026-03-11.11:11:33::SCWPlatform::DSA directory C:/Users/C27Jayden.Randolph/ece383_wksp/ice2/design_1_wrapper/hw
TRACE::2026-03-11.11:11:33::SCWPlatform:: Platform Path C:/Users/C27Jayden.Randolph/ece383_wksp/ice2/design_1_wrapper/hw/design_1_wrapper.xsa
TRACE::2026-03-11.11:11:33::SCWPlatform:: Unique name xilinx:nexys_video::0.0
TRACE::2026-03-11.11:11:33::SCWPlatform::Trying to set the existing hwdb with name design_1_wrapper_0
TRACE::2026-03-11.11:11:33::SCWPlatform::Opened existing hwdb design_1_wrapper_0
TRACE::2026-03-11.11:11:33::SCWPlatform::Found the Hw Db part of the input DSA
TRACE::2026-03-11.11:11:33::SCWPlatform::Trying to open the hw design at C:/Users/C27Jayden.Randolph/ece383_wksp/ice2/design_1_wrapper/hw/design_1_wrapper.xsa
TRACE::2026-03-11.11:11:33::SCWPlatform::DSA given C:/Users/C27Jayden.Randolph/ece383_wksp/ice2/design_1_wrapper/hw/design_1_wrapper.xsa
TRACE::2026-03-11.11:11:33::SCWPlatform::DSA absoulate path C:/Users/C27Jayden.Randolph/ece383_wksp/ice2/design_1_wrapper/hw/design_1_wrapper.xsa
TRACE::2026-03-11.11:11:33::SCWPlatform::DSA directory C:/Users/C27Jayden.Randolph/ece383_wksp/ice2/design_1_wrapper/hw
TRACE::2026-03-11.11:11:33::SCWPlatform:: Platform Path C:/Users/C27Jayden.Randolph/ece383_wksp/ice2/design_1_wrapper/hw/design_1_wrapper.xsa
TRACE::2026-03-11.11:11:33::SCWPlatform:: Unique name xilinx:nexys_video::0.0
TRACE::2026-03-11.11:11:33::SCWPlatform::Trying to set the existing hwdb with name design_1_wrapper_0
TRACE::2026-03-11.11:11:33::SCWPlatform::Opened existing hwdb design_1_wrapper_0
TRACE::2026-03-11.11:11:33::SCWPlatform::Found the Hw Db part of the input DSA
TRACE::2026-03-11.11:11:33::SCWDomain::checking for install qemu data   : 
TRACE::2026-03-11.11:11:33::SCWPlatform::Trying to open the hw design at C:/Users/C27Jayden.Randolph/ece383_wksp/ice2/design_1_wrapper/hw/design_1_wrapper.xsa
TRACE::2026-03-11.11:11:33::SCWPlatform::DSA given C:/Users/C27Jayden.Randolph/ece383_wksp/ice2/design_1_wrapper/hw/design_1_wrapper.xsa
TRACE::2026-03-11.11:11:33::SCWPlatform::DSA absoulate path C:/Users/C27Jayden.Randolph/ece383_wksp/ice2/design_1_wrapper/hw/design_1_wrapper.xsa
TRACE::2026-03-11.11:11:33::SCWPlatform::DSA directory C:/Users/C27Jayden.Randolph/ece383_wksp/ice2/design_1_wrapper/hw
TRACE::2026-03-11.11:11:33::SCWPlatform:: Platform Path C:/Users/C27Jayden.Randolph/ece383_wksp/ice2/design_1_wrapper/hw/design_1_wrapper.xsa
TRACE::2026-03-11.11:11:33::SCWPlatform:: Unique name xilinx:nexys_video::0.0
TRACE::2026-03-11.11:11:33::SCWPlatform::Trying to set the existing hwdb with name design_1_wrapper_0
TRACE::2026-03-11.11:11:33::SCWPlatform::Opened existing hwdb design_1_wrapper_0
TRACE::2026-03-11.11:11:33::SCWPlatform::Found the Hw Db part of the input DSA
TRACE::2026-03-11.11:11:33::SCWPlatform::Trying to open the hw design at C:/Users/C27Jayden.Randolph/ece383_wksp/ice2/design_1_wrapper/hw/design_1_wrapper.xsa
TRACE::2026-03-11.11:11:33::SCWPlatform::DSA given C:/Users/C27Jayden.Randolph/ece383_wksp/ice2/design_1_wrapper/hw/design_1_wrapper.xsa
TRACE::2026-03-11.11:11:33::SCWPlatform::DSA absoulate path C:/Users/C27Jayden.Randolph/ece383_wksp/ice2/design_1_wrapper/hw/design_1_wrapper.xsa
TRACE::2026-03-11.11:11:33::SCWPlatform::DSA directory C:/Users/C27Jayden.Randolph/ece383_wksp/ice2/design_1_wrapper/hw
TRACE::2026-03-11.11:11:33::SCWPlatform:: Platform Path C:/Users/C27Jayden.Randolph/ece383_wksp/ice2/design_1_wrapper/hw/design_1_wrapper.xsa
TRACE::2026-03-11.11:11:33::SCWPlatform:: Unique name xilinx:nexys_video::0.0
TRACE::2026-03-11.11:11:33::SCWPlatform::Trying to set the existing hwdb with name design_1_wrapper_0
TRACE::2026-03-11.11:11:33::SCWPlatform::Opened existing hwdb design_1_wrapper_0
TRACE::2026-03-11.11:11:33::SCWPlatform::Found the Hw Db part of the input DSA
TRACE::2026-03-11.11:11:33::SCWPlatform::Trying to open the hw design at C:/Users/C27Jayden.Randolph/ece383_wksp/ice2/design_1_wrapper/hw/design_1_wrapper.xsa
TRACE::2026-03-11.11:11:33::SCWPlatform::DSA given C:/Users/C27Jayden.Randolph/ece383_wksp/ice2/design_1_wrapper/hw/design_1_wrapper.xsa
TRACE::2026-03-11.11:11:33::SCWPlatform::DSA absoulate path C:/Users/C27Jayden.Randolph/ece383_wksp/ice2/design_1_wrapper/hw/design_1_wrapper.xsa
TRACE::2026-03-11.11:11:33::SCWPlatform::DSA directory C:/Users/C27Jayden.Randolph/ece383_wksp/ice2/design_1_wrapper/hw
TRACE::2026-03-11.11:11:33::SCWPlatform:: Platform Path C:/Users/C27Jayden.Randolph/ece383_wksp/ice2/design_1_wrapper/hw/design_1_wrapper.xsa
TRACE::2026-03-11.11:11:33::SCWPlatform:: Unique name xilinx:nexys_video::0.0
TRACE::2026-03-11.11:11:33::SCWPlatform::Trying to set the existing hwdb with name design_1_wrapper_0
TRACE::2026-03-11.11:11:33::SCWPlatform::Opened existing hwdb design_1_wrapper_0
TRACE::2026-03-11.11:11:33::SCWPlatform::Found the Hw Db part of the input DSA
TRACE::2026-03-11.11:11:33::SCWMssOS::Checking the sw design at  C:/Users/C27Jayden.Randolph/ece383_wksp/ice2/design_1_wrapper/microblaze_0/standalone_microblaze_0/bsp/system.mss
TRACE::2026-03-11.11:11:33::SCWMssOS::DEBUG:  swdes dump  
TRACE::2026-03-11.11:11:33::SCWMssOS::No sw design opened at  C:/Users/C27Jayden.Randolph/ece383_wksp/ice2/design_1_wrapper/microblaze_0/standalone_microblaze_0/bsp/system.mss
TRACE::2026-03-11.11:11:33::SCWMssOS::mss does not exists at C:/Users/C27Jayden.Randolph/ece383_wksp/ice2/design_1_wrapper/microblaze_0/standalone_microblaze_0/bsp/system.mss
TRACE::2026-03-11.11:11:33::SCWMssOS::Creating sw design at  C:/Users/C27Jayden.Randolph/ece383_wksp/ice2/design_1_wrapper/microblaze_0/standalone_microblaze_0/bsp/system.mss
TRACE::2026-03-11.11:11:33::SCWMssOS::Adding the swdes entry, created swdb C:/Users/C27Jayden.Randolph/ece383_wksp/ice2/design_1_wrapper/microblaze_0/standalone_microblaze_0/bsp/system.mss with des name C:/Users/C27Jayden.Randolph/ece383_wksp/ice2/design_1_wrapper/microblaze_0/standalone_microblaze_0/bsp/system.mss
TRACE::2026-03-11.11:11:33::SCWMssOS::updating the scw layer changes to swdes at   C:/Users/C27Jayden.Randolph/ece383_wksp/ice2/design_1_wrapper/microblaze_0/standalone_microblaze_0/bsp/system.mss
TRACE::2026-03-11.11:11:33::SCWMssOS::Writing mss at C:/Users/C27Jayden.Randolph/ece383_wksp/ice2/design_1_wrapper/microblaze_0/standalone_microblaze_0/bsp/system.mss
TRACE::2026-03-11.11:11:33::SCWMssOS::Completed writing the mss file at C:/Users/C27Jayden.Randolph/ece383_wksp/ice2/design_1_wrapper/microblaze_0/standalone_microblaze_0/bsp
TRACE::2026-03-11.11:11:33::SCWMssOS::Picking up changes from newly written mss file into SCW Layer. 
TRACE::2026-03-11.11:11:33::SCWMssOS::Updated the changes from newly written mss file into SCW Layer. 
TRACE::2026-03-11.11:11:33::SCWMssOS::Completed writing the mss file at C:/Users/C27Jayden.Randolph/ece383_wksp/ice2/design_1_wrapper/microblaze_0/standalone_microblaze_0/bsp
TRACE::2026-03-11.11:11:33::SCWMssOS::Forcing BSP Sources regeneration.
TRACE::2026-03-11.11:11:42::SCWMssOS::Saving the mss changes C:/Users/C27Jayden.Randolph/ece383_wksp/ice2/design_1_wrapper/microblaze_0/standalone_microblaze_0/bsp/system.mss
TRACE::2026-03-11.11:11:42::SCWMssOS::Adding the swdes entry, mss present, able to open swdb C:/Users/C27Jayden.Randolph/ece383_wksp/ice2/design_1_wrapper/microblaze_0/standalone_microblaze_0/bsp/system.mss with des name system
TRACE::2026-03-11.11:11:42::SCWMssOS::Writing the mss file completed C:/Users/C27Jayden.Randolph/ece383_wksp/ice2/design_1_wrapper/microblaze_0/standalone_microblaze_0/bsp/system.mss
TRACE::2026-03-11.11:11:42::SCWMssOS::Commit changes completed.
TRACE::2026-03-11.11:11:42::SCWPlatform::Trying to open the hw design at C:/Users/C27Jayden.Randolph/ece383_wksp/ice2/design_1_wrapper/hw/design_1_wrapper.xsa
TRACE::2026-03-11.11:11:42::SCWPlatform::DSA given C:/Users/C27Jayden.Randolph/ece383_wksp/ice2/design_1_wrapper/hw/design_1_wrapper.xsa
TRACE::2026-03-11.11:11:42::SCWPlatform::DSA absoulate path C:/Users/C27Jayden.Randolph/ece383_wksp/ice2/design_1_wrapper/hw/design_1_wrapper.xsa
TRACE::2026-03-11.11:11:42::SCWPlatform::DSA directory C:/Users/C27Jayden.Randolph/ece383_wksp/ice2/design_1_wrapper/hw
TRACE::2026-03-11.11:11:42::SCWPlatform:: Platform Path C:/Users/C27Jayden.Randolph/ece383_wksp/ice2/design_1_wrapper/hw/design_1_wrapper.xsa
TRACE::2026-03-11.11:11:42::SCWPlatform:: Unique name xilinx:nexys_video::0.0
TRACE::2026-03-11.11:11:42::SCWPlatform::Trying to set the existing hwdb with name design_1_wrapper_0
TRACE::2026-03-11.11:11:42::SCWPlatform::Opened existing hwdb design_1_wrapper_0
TRACE::2026-03-11.11:11:42::SCWPlatform::Found the Hw Db part of the input DSA
TRACE::2026-03-11.11:11:42::SCWMssOS::Checking the sw design at  C:/Users/C27Jayden.Randolph/ece383_wksp/ice2/design_1_wrapper/microblaze_0/standalone_microblaze_0/bsp/system.mss
TRACE::2026-03-11.11:11:42::SCWMssOS::DEBUG:  swdes dump  C:/Users/C27Jayden.Randolph/ece383_wksp/ice2/design_1_wrapper/microblaze_0/standalone_microblaze_0/bsp/system.mss|system||

TRACE::2026-03-11.11:11:42::SCWMssOS::Sw design exists and opened at  C:/Users/C27Jayden.Randolph/ece383_wksp/ice2/design_1_wrapper/microblaze_0/standalone_microblaze_0/bsp/system.mss
TRACE::2026-03-11.11:11:42::SCWPlatform::Trying to open the hw design at C:/Users/C27Jayden.Randolph/ece383_wksp/ice2/design_1_wrapper/hw/design_1_wrapper.xsa
TRACE::2026-03-11.11:11:42::SCWPlatform::DSA given C:/Users/C27Jayden.Randolph/ece383_wksp/ice2/design_1_wrapper/hw/design_1_wrapper.xsa
TRACE::2026-03-11.11:11:42::SCWPlatform::DSA absoulate path C:/Users/C27Jayden.Randolph/ece383_wksp/ice2/design_1_wrapper/hw/design_1_wrapper.xsa
TRACE::2026-03-11.11:11:42::SCWPlatform::DSA directory C:/Users/C27Jayden.Randolph/ece383_wksp/ice2/design_1_wrapper/hw
TRACE::2026-03-11.11:11:42::SCWPlatform:: Platform Path C:/Users/C27Jayden.Randolph/ece383_wksp/ice2/design_1_wrapper/hw/design_1_wrapper.xsa
TRACE::2026-03-11.11:11:42::SCWPlatform:: Unique name xilinx:nexys_video::0.0
TRACE::2026-03-11.11:11:42::SCWPlatform::Trying to set the existing hwdb with name design_1_wrapper_0
TRACE::2026-03-11.11:11:42::SCWPlatform::Opened existing hwdb design_1_wrapper_0
TRACE::2026-03-11.11:11:42::SCWPlatform::Found the Hw Db part of the input DSA
TRACE::2026-03-11.11:11:42::SCWMssOS::Checking the sw design at  C:/Users/C27Jayden.Randolph/ece383_wksp/ice2/design_1_wrapper/microblaze_0/standalone_microblaze_0/bsp/system.mss
TRACE::2026-03-11.11:11:42::SCWMssOS::DEBUG:  swdes dump  C:/Users/C27Jayden.Randolph/ece383_wksp/ice2/design_1_wrapper/microblaze_0/standalone_microblaze_0/bsp/system.mss|system||

TRACE::2026-03-11.11:11:42::SCWMssOS::Sw design exists and opened at  C:/Users/C27Jayden.Randolph/ece383_wksp/ice2/design_1_wrapper/microblaze_0/standalone_microblaze_0/bsp/system.mss
TRACE::2026-03-11.11:11:42::SCWPlatform::Trying to open the hw design at C:/Users/C27Jayden.Randolph/ece383_wksp/ice2/design_1_wrapper/hw/design_1_wrapper.xsa
TRACE::2026-03-11.11:11:42::SCWPlatform::DSA given C:/Users/C27Jayden.Randolph/ece383_wksp/ice2/design_1_wrapper/hw/design_1_wrapper.xsa
TRACE::2026-03-11.11:11:42::SCWPlatform::DSA absoulate path C:/Users/C27Jayden.Randolph/ece383_wksp/ice2/design_1_wrapper/hw/design_1_wrapper.xsa
TRACE::2026-03-11.11:11:42::SCWPlatform::DSA directory C:/Users/C27Jayden.Randolph/ece383_wksp/ice2/design_1_wrapper/hw
TRACE::2026-03-11.11:11:42::SCWPlatform:: Platform Path C:/Users/C27Jayden.Randolph/ece383_wksp/ice2/design_1_wrapper/hw/design_1_wrapper.xsa
TRACE::2026-03-11.11:11:42::SCWPlatform:: Unique name xilinx:nexys_video::0.0
TRACE::2026-03-11.11:11:42::SCWPlatform::Trying to set the existing hwdb with name design_1_wrapper_0
TRACE::2026-03-11.11:11:42::SCWPlatform::Opened existing hwdb design_1_wrapper_0
TRACE::2026-03-11.11:11:42::SCWPlatform::Found the Hw Db part of the input DSA
TRACE::2026-03-11.11:11:42::SCWMssOS::Checking the sw design at  C:/Users/C27Jayden.Randolph/ece383_wksp/ice2/design_1_wrapper/microblaze_0/standalone_microblaze_0/bsp/system.mss
TRACE::2026-03-11.11:11:42::SCWMssOS::DEBUG:  swdes dump  C:/Users/C27Jayden.Randolph/ece383_wksp/ice2/design_1_wrapper/microblaze_0/standalone_microblaze_0/bsp/system.mss|system||

TRACE::2026-03-11.11:11:42::SCWMssOS::Sw design exists and opened at  C:/Users/C27Jayden.Randolph/ece383_wksp/ice2/design_1_wrapper/microblaze_0/standalone_microblaze_0/bsp/system.mss
TRACE::2026-03-11.11:11:42::SCWWriter::formatted JSON is {
	"platformName":	"design_1_wrapper",
	"sprVersion":	"2.0",
	"mode":	"gui",
	"dsaType":	"Fixed",
	"platformDesc":	"design_1_wrapper",
	"platHandOff":	"C:/Users/C27Jayden.Randolph/ece383_wksp/ice1/ublaze2/design_1_wrapper.xsa",
	"platIntHandOff":	"<platformDir>/hw/design_1_wrapper.xsa",
	"deviceType":	"FPGA",
	"platIsPrebuiltAutogen":	"false",
	"platIsNoBootBsp":	"false",
	"hasFsblMakeHasChanges":	"false",
	"hasPmufwMakeHasChanges":	"false",
	"platPreBuiltFlag":	false,
	"platformSamplesDir":	"",
	"platActiveSys":	"design_1_wrapper",
	"systems":	[{
			"systemName":	"design_1_wrapper",
			"systemDesc":	"design_1_wrapper",
			"sysIsBootAutoGen":	"true",
			"systemDispName":	"design_1_wrapper",
			"sysActiveDom":	"standalone_microblaze_0",
			"sysDefaultDom":	"standalone_microblaze_0",
			"domains":	[{
					"domainName":	"standalone_microblaze_0",
					"domainDispName":	"standalone_microblaze_0",
					"domainDesc":	"standalone_microblaze_0",
					"processors":	"microblaze_0",
					"os":	"standalone",
					"sdxOs":	"standalone",
					"debugEnable":	"False",
					"domRuntimes":	["cpp"],
					"swRepo":	"",
					"mssOsVer":	"9.2",
					"mssFile":	"",
					"md5Digest":	"78d0412b485d8ad9f86b2c0627bf3467",
					"compatibleApp":	"hello_world",
					"domType":	"mssDomain",
					"arch":	"32-bit",
					"appSettings":	{
						"appCompilerFlags":	"",
						"appLinkerFlags":	""
					},
					"addedLibs":	[],
					"libOptions":	{
						"libsContainingOptions":	[]
					},
					"prebuiltLibs":	{
						"prebuiltIncPath":	[],
						"prebuiltLibPath":	[]
					},
					"isolation":	{
					}
				}]
		}]
}
LOG::2026-03-11.11:11:42::SCWPlatform::Started generating the artifacts platform design_1_wrapper
TRACE::2026-03-11.11:11:42::SCWPlatform::Sanity checking of platform is completed
LOG::2026-03-11.11:11:42::SCWPlatform::Started generating the artifacts for system configuration design_1_wrapper
LOG::2026-03-11.11:11:42::SCWSystem::Checking the domain standalone_microblaze_0
LOG::2026-03-11.11:11:42::SCWSystem::Not a boot domain 
LOG::2026-03-11.11:11:42::SCWSystem::Started Processing the domain standalone_microblaze_0
TRACE::2026-03-11.11:11:42::SCWDomain::Generating domain artifcats
TRACE::2026-03-11.11:11:42::SCWMssOS::Generating standalone artifcats
TRACE::2026-03-11.11:11:42::SCWMssOS:: Copying the user libraries. 
TRACE::2026-03-11.11:11:42::SCWPlatform::Trying to open the hw design at C:/Users/C27Jayden.Randolph/ece383_wksp/ice2/design_1_wrapper/hw/design_1_wrapper.xsa
TRACE::2026-03-11.11:11:42::SCWPlatform::DSA given C:/Users/C27Jayden.Randolph/ece383_wksp/ice2/design_1_wrapper/hw/design_1_wrapper.xsa
TRACE::2026-03-11.11:11:42::SCWPlatform::DSA absoulate path C:/Users/C27Jayden.Randolph/ece383_wksp/ice2/design_1_wrapper/hw/design_1_wrapper.xsa
TRACE::2026-03-11.11:11:42::SCWPlatform::DSA directory C:/Users/C27Jayden.Randolph/ece383_wksp/ice2/design_1_wrapper/hw
TRACE::2026-03-11.11:11:42::SCWPlatform:: Platform Path C:/Users/C27Jayden.Randolph/ece383_wksp/ice2/design_1_wrapper/hw/design_1_wrapper.xsa
TRACE::2026-03-11.11:11:42::SCWPlatform:: Unique name xilinx:nexys_video::0.0
TRACE::2026-03-11.11:11:42::SCWPlatform::Trying to set the existing hwdb with name design_1_wrapper_0
TRACE::2026-03-11.11:11:42::SCWPlatform::Opened existing hwdb design_1_wrapper_0
TRACE::2026-03-11.11:11:42::SCWPlatform::Found the Hw Db part of the input DSA
TRACE::2026-03-11.11:11:42::SCWMssOS::Checking the sw design at  C:/Users/C27Jayden.Randolph/ece383_wksp/ice2/design_1_wrapper/microblaze_0/standalone_microblaze_0/bsp/system.mss
TRACE::2026-03-11.11:11:42::SCWMssOS::DEBUG:  swdes dump  C:/Users/C27Jayden.Randolph/ece383_wksp/ice2/design_1_wrapper/microblaze_0/standalone_microblaze_0/bsp/system.mss|system||

TRACE::2026-03-11.11:11:42::SCWMssOS::Sw design exists and opened at  C:/Users/C27Jayden.Randolph/ece383_wksp/ice2/design_1_wrapper/microblaze_0/standalone_microblaze_0/bsp/system.mss
TRACE::2026-03-11.11:11:42::SCWMssOS::Completed writing the mss file at C:/Users/C27Jayden.Randolph/ece383_wksp/ice2/design_1_wrapper/microblaze_0/standalone_microblaze_0/bsp
TRACE::2026-03-11.11:11:42::SCWMssOS::Mss edits present, copying mssfile into export location C:/Users/C27Jayden.Randolph/ece383_wksp/ice2/design_1_wrapper/microblaze_0/standalone_microblaze_0/bsp/system.mss
TRACE::2026-03-11.11:11:42::SCWMssOS::bsp generated is upto date with the mss file. Skipping bsp generation.
TRACE::2026-03-11.11:11:42::SCWMssOS::BSP is already built. skipping the bsp build ... 
TRACE::2026-03-11.11:11:42::SCWDomain::Skipping the build for domain :  standalone_microblaze_0
TRACE::2026-03-11.11:11:42::SCWMssOS::skipping the bsp build ... 
TRACE::2026-03-11.11:11:42::SCWMssOS::Copying to export directory.
TRACE::2026-03-11.11:11:42::SCWMssOS:: Checking if to create the Supporting Applications
TRACE::2026-03-11.11:11:42::SCWMssOS:: No Linux domain exists, trying to generate FSBL 
LOG::2026-03-11.11:11:42::SCWSystem::Completed Processing the domain standalone_microblaze_0
LOG::2026-03-11.11:11:42::SCWSystem::Completed Processing the sysconfig design_1_wrapper
LOG::2026-03-11.11:11:42::SCWPlatform::Completed generating the artifacts for system configuration design_1_wrapper
TRACE::2026-03-11.11:11:42::SCWPlatform::Started preparing the platform 
TRACE::2026-03-11.11:11:42::SCWSystem::Writing the bif file for system config design_1_wrapper
TRACE::2026-03-11.11:11:42::SCWSystem::dir created 
TRACE::2026-03-11.11:11:42::SCWSystem::Writing the bif 
TRACE::2026-03-11.11:11:42::SCWPlatform::Started writing the spfm file 
TRACE::2026-03-11.11:11:42::SCWPlatform::Started writing the xpfm file 
TRACE::2026-03-11.11:11:42::SCWPlatform::Completed generating the platform
TRACE::2026-03-11.11:11:42::SCWMssOS::Saving the mss changes C:/Users/C27Jayden.Randolph/ece383_wksp/ice2/design_1_wrapper/microblaze_0/standalone_microblaze_0/bsp/system.mss
TRACE::2026-03-11.11:11:42::SCWMssOS::Found a swdesign opened with the mssfile.
TRACE::2026-03-11.11:11:42::SCWMssOS::Completed writemss as part of save.
TRACE::2026-03-11.11:11:42::SCWMssOS::Commit changes completed.
TRACE::2026-03-11.11:11:42::SCWPlatform::Trying to open the hw design at C:/Users/C27Jayden.Randolph/ece383_wksp/ice2/design_1_wrapper/hw/design_1_wrapper.xsa
TRACE::2026-03-11.11:11:42::SCWPlatform::DSA given C:/Users/C27Jayden.Randolph/ece383_wksp/ice2/design_1_wrapper/hw/design_1_wrapper.xsa
TRACE::2026-03-11.11:11:42::SCWPlatform::DSA absoulate path C:/Users/C27Jayden.Randolph/ece383_wksp/ice2/design_1_wrapper/hw/design_1_wrapper.xsa
TRACE::2026-03-11.11:11:42::SCWPlatform::DSA directory C:/Users/C27Jayden.Randolph/ece383_wksp/ice2/design_1_wrapper/hw
TRACE::2026-03-11.11:11:42::SCWPlatform:: Platform Path C:/Users/C27Jayden.Randolph/ece383_wksp/ice2/design_1_wrapper/hw/design_1_wrapper.xsa
TRACE::2026-03-11.11:11:42::SCWPlatform:: Unique name xilinx:nexys_video::0.0
TRACE::2026-03-11.11:11:42::SCWPlatform::Trying to set the existing hwdb with name design_1_wrapper_0
TRACE::2026-03-11.11:11:42::SCWPlatform::Opened existing hwdb design_1_wrapper_0
TRACE::2026-03-11.11:11:42::SCWPlatform::Found the Hw Db part of the input DSA
TRACE::2026-03-11.11:11:42::SCWMssOS::Checking the sw design at  C:/Users/C27Jayden.Randolph/ece383_wksp/ice2/design_1_wrapper/microblaze_0/standalone_microblaze_0/bsp/system.mss
TRACE::2026-03-11.11:11:42::SCWMssOS::DEBUG:  swdes dump  C:/Users/C27Jayden.Randolph/ece383_wksp/ice2/design_1_wrapper/microblaze_0/standalone_microblaze_0/bsp/system.mss|system||

TRACE::2026-03-11.11:11:42::SCWMssOS::Sw design exists and opened at  C:/Users/C27Jayden.Randolph/ece383_wksp/ice2/design_1_wrapper/microblaze_0/standalone_microblaze_0/bsp/system.mss
TRACE::2026-03-11.11:11:42::SCWPlatform::Trying to open the hw design at C:/Users/C27Jayden.Randolph/ece383_wksp/ice2/design_1_wrapper/hw/design_1_wrapper.xsa
TRACE::2026-03-11.11:11:42::SCWPlatform::DSA given C:/Users/C27Jayden.Randolph/ece383_wksp/ice2/design_1_wrapper/hw/design_1_wrapper.xsa
TRACE::2026-03-11.11:11:42::SCWPlatform::DSA absoulate path C:/Users/C27Jayden.Randolph/ece383_wksp/ice2/design_1_wrapper/hw/design_1_wrapper.xsa
TRACE::2026-03-11.11:11:42::SCWPlatform::DSA directory C:/Users/C27Jayden.Randolph/ece383_wksp/ice2/design_1_wrapper/hw
TRACE::2026-03-11.11:11:42::SCWPlatform:: Platform Path C:/Users/C27Jayden.Randolph/ece383_wksp/ice2/design_1_wrapper/hw/design_1_wrapper.xsa
TRACE::2026-03-11.11:11:42::SCWPlatform:: Unique name xilinx:nexys_video::0.0
TRACE::2026-03-11.11:11:42::SCWPlatform::Trying to set the existing hwdb with name design_1_wrapper_0
TRACE::2026-03-11.11:11:42::SCWPlatform::Opened existing hwdb design_1_wrapper_0
TRACE::2026-03-11.11:11:42::SCWPlatform::Found the Hw Db part of the input DSA
TRACE::2026-03-11.11:11:42::SCWMssOS::Checking the sw design at  C:/Users/C27Jayden.Randolph/ece383_wksp/ice2/design_1_wrapper/microblaze_0/standalone_microblaze_0/bsp/system.mss
TRACE::2026-03-11.11:11:42::SCWMssOS::DEBUG:  swdes dump  C:/Users/C27Jayden.Randolph/ece383_wksp/ice2/design_1_wrapper/microblaze_0/standalone_microblaze_0/bsp/system.mss|system||

TRACE::2026-03-11.11:11:42::SCWMssOS::Sw design exists and opened at  C:/Users/C27Jayden.Randolph/ece383_wksp/ice2/design_1_wrapper/microblaze_0/standalone_microblaze_0/bsp/system.mss
TRACE::2026-03-11.11:11:42::SCWPlatform::Trying to open the hw design at C:/Users/C27Jayden.Randolph/ece383_wksp/ice2/design_1_wrapper/hw/design_1_wrapper.xsa
TRACE::2026-03-11.11:11:42::SCWPlatform::DSA given C:/Users/C27Jayden.Randolph/ece383_wksp/ice2/design_1_wrapper/hw/design_1_wrapper.xsa
TRACE::2026-03-11.11:11:42::SCWPlatform::DSA absoulate path C:/Users/C27Jayden.Randolph/ece383_wksp/ice2/design_1_wrapper/hw/design_1_wrapper.xsa
TRACE::2026-03-11.11:11:42::SCWPlatform::DSA directory C:/Users/C27Jayden.Randolph/ece383_wksp/ice2/design_1_wrapper/hw
TRACE::2026-03-11.11:11:42::SCWPlatform:: Platform Path C:/Users/C27Jayden.Randolph/ece383_wksp/ice2/design_1_wrapper/hw/design_1_wrapper.xsa
TRACE::2026-03-11.11:11:42::SCWPlatform:: Unique name xilinx:nexys_video::0.0
TRACE::2026-03-11.11:11:42::SCWPlatform::Trying to set the existing hwdb with name design_1_wrapper_0
TRACE::2026-03-11.11:11:42::SCWPlatform::Opened existing hwdb design_1_wrapper_0
TRACE::2026-03-11.11:11:42::SCWPlatform::Found the Hw Db part of the input DSA
TRACE::2026-03-11.11:11:42::SCWMssOS::Checking the sw design at  C:/Users/C27Jayden.Randolph/ece383_wksp/ice2/design_1_wrapper/microblaze_0/standalone_microblaze_0/bsp/system.mss
TRACE::2026-03-11.11:11:42::SCWMssOS::DEBUG:  swdes dump  C:/Users/C27Jayden.Randolph/ece383_wksp/ice2/design_1_wrapper/microblaze_0/standalone_microblaze_0/bsp/system.mss|system||

TRACE::2026-03-11.11:11:42::SCWMssOS::Sw design exists and opened at  C:/Users/C27Jayden.Randolph/ece383_wksp/ice2/design_1_wrapper/microblaze_0/standalone_microblaze_0/bsp/system.mss
TRACE::2026-03-11.11:11:42::SCWWriter::formatted JSON is {
	"platformName":	"design_1_wrapper",
	"sprVersion":	"2.0",
	"mode":	"gui",
	"dsaType":	"Fixed",
	"platformDesc":	"design_1_wrapper",
	"platHandOff":	"C:/Users/C27Jayden.Randolph/ece383_wksp/ice1/ublaze2/design_1_wrapper.xsa",
	"platIntHandOff":	"<platformDir>/hw/design_1_wrapper.xsa",
	"deviceType":	"FPGA",
	"platIsPrebuiltAutogen":	"false",
	"platIsNoBootBsp":	"false",
	"hasFsblMakeHasChanges":	"false",
	"hasPmufwMakeHasChanges":	"false",
	"platPreBuiltFlag":	false,
	"platformSamplesDir":	"",
	"platActiveSys":	"design_1_wrapper",
	"systems":	[{
			"systemName":	"design_1_wrapper",
			"systemDesc":	"design_1_wrapper",
			"sysIsBootAutoGen":	"true",
			"systemDispName":	"design_1_wrapper",
			"sysActiveDom":	"standalone_microblaze_0",
			"sysDefaultDom":	"standalone_microblaze_0",
			"domains":	[{
					"domainName":	"standalone_microblaze_0",
					"domainDispName":	"standalone_microblaze_0",
					"domainDesc":	"standalone_microblaze_0",
					"processors":	"microblaze_0",
					"os":	"standalone",
					"sdxOs":	"standalone",
					"debugEnable":	"False",
					"domRuntimes":	["cpp"],
					"swRepo":	"",
					"mssOsVer":	"9.2",
					"mssFile":	"",
					"md5Digest":	"78d0412b485d8ad9f86b2c0627bf3467",
					"compatibleApp":	"hello_world",
					"domType":	"mssDomain",
					"arch":	"32-bit",
					"appSettings":	{
						"appCompilerFlags":	"",
						"appLinkerFlags":	""
					},
					"addedLibs":	[],
					"libOptions":	{
						"libsContainingOptions":	[]
					},
					"prebuiltLibs":	{
						"prebuiltIncPath":	[],
						"prebuiltLibPath":	[]
					},
					"isolation":	{
					}
				}]
		}]
}
KEYINFO::2026-03-11.11:11:42::SCWPlatform::updated the xpfm file.
TRACE::2026-03-11.11:11:43::SCWPlatform::Trying to open the hw design at C:/Users/C27Jayden.Randolph/ece383_wksp/ice2/design_1_wrapper/hw/design_1_wrapper.xsa
TRACE::2026-03-11.11:11:43::SCWPlatform::DSA given C:/Users/C27Jayden.Randolph/ece383_wksp/ice2/design_1_wrapper/hw/design_1_wrapper.xsa
TRACE::2026-03-11.11:11:43::SCWPlatform::DSA absoulate path C:/Users/C27Jayden.Randolph/ece383_wksp/ice2/design_1_wrapper/hw/design_1_wrapper.xsa
TRACE::2026-03-11.11:11:43::SCWPlatform::DSA directory C:/Users/C27Jayden.Randolph/ece383_wksp/ice2/design_1_wrapper/hw
TRACE::2026-03-11.11:11:43::SCWPlatform:: Platform Path C:/Users/C27Jayden.Randolph/ece383_wksp/ice2/design_1_wrapper/hw/design_1_wrapper.xsa
TRACE::2026-03-11.11:11:43::SCWPlatform:: Unique name xilinx:nexys_video::0.0
TRACE::2026-03-11.11:11:43::SCWPlatform::Trying to set the existing hwdb with name design_1_wrapper_0
TRACE::2026-03-11.11:11:43::SCWPlatform::Opened existing hwdb design_1_wrapper_0
TRACE::2026-03-11.11:11:43::SCWPlatform::Found the Hw Db part of the input DSA
TRACE::2026-03-11.11:11:43::SCWMssOS::Checking the sw design at  C:/Users/C27Jayden.Randolph/ece383_wksp/ice2/design_1_wrapper/microblaze_0/standalone_microblaze_0/bsp/system.mss
TRACE::2026-03-11.11:11:43::SCWMssOS::DEBUG:  swdes dump  C:/Users/C27Jayden.Randolph/ece383_wksp/ice2/design_1_wrapper/microblaze_0/standalone_microblaze_0/bsp/system.mss|system||

TRACE::2026-03-11.11:11:43::SCWMssOS::Sw design exists and opened at  C:/Users/C27Jayden.Randolph/ece383_wksp/ice2/design_1_wrapper/microblaze_0/standalone_microblaze_0/bsp/system.mss
TRACE::2026-03-11.11:11:43::SCWMssOS::Saving the mss changes C:/Users/C27Jayden.Randolph/ece383_wksp/ice2/design_1_wrapper/microblaze_0/standalone_microblaze_0/bsp/system.mss
TRACE::2026-03-11.11:11:43::SCWMssOS::Found a swdesign opened with the mssfile.
TRACE::2026-03-11.11:11:43::SCWMssOS::Completed writemss as part of save.
TRACE::2026-03-11.11:11:43::SCWMssOS::Commit changes completed.
TRACE::2026-03-11.11:11:43::SCWPlatform::Trying to open the hw design at C:/Users/C27Jayden.Randolph/ece383_wksp/ice2/design_1_wrapper/hw/design_1_wrapper.xsa
TRACE::2026-03-11.11:11:43::SCWPlatform::DSA given C:/Users/C27Jayden.Randolph/ece383_wksp/ice2/design_1_wrapper/hw/design_1_wrapper.xsa
TRACE::2026-03-11.11:11:43::SCWPlatform::DSA absoulate path C:/Users/C27Jayden.Randolph/ece383_wksp/ice2/design_1_wrapper/hw/design_1_wrapper.xsa
TRACE::2026-03-11.11:11:43::SCWPlatform::DSA directory C:/Users/C27Jayden.Randolph/ece383_wksp/ice2/design_1_wrapper/hw
TRACE::2026-03-11.11:11:43::SCWPlatform:: Platform Path C:/Users/C27Jayden.Randolph/ece383_wksp/ice2/design_1_wrapper/hw/design_1_wrapper.xsa
TRACE::2026-03-11.11:11:43::SCWPlatform:: Unique name xilinx:nexys_video::0.0
TRACE::2026-03-11.11:11:43::SCWPlatform::Trying to set the existing hwdb with name design_1_wrapper_0
TRACE::2026-03-11.11:11:43::SCWPlatform::Opened existing hwdb design_1_wrapper_0
TRACE::2026-03-11.11:11:43::SCWPlatform::Found the Hw Db part of the input DSA
TRACE::2026-03-11.11:11:43::SCWMssOS::Checking the sw design at  C:/Users/C27Jayden.Randolph/ece383_wksp/ice2/design_1_wrapper/microblaze_0/standalone_microblaze_0/bsp/system.mss
TRACE::2026-03-11.11:11:43::SCWMssOS::DEBUG:  swdes dump  C:/Users/C27Jayden.Randolph/ece383_wksp/ice2/design_1_wrapper/microblaze_0/standalone_microblaze_0/bsp/system.mss|system||

TRACE::2026-03-11.11:11:43::SCWMssOS::Sw design exists and opened at  C:/Users/C27Jayden.Randolph/ece383_wksp/ice2/design_1_wrapper/microblaze_0/standalone_microblaze_0/bsp/system.mss
TRACE::2026-03-11.11:11:43::SCWPlatform::Trying to open the hw design at C:/Users/C27Jayden.Randolph/ece383_wksp/ice2/design_1_wrapper/hw/design_1_wrapper.xsa
TRACE::2026-03-11.11:11:43::SCWPlatform::DSA given C:/Users/C27Jayden.Randolph/ece383_wksp/ice2/design_1_wrapper/hw/design_1_wrapper.xsa
TRACE::2026-03-11.11:11:43::SCWPlatform::DSA absoulate path C:/Users/C27Jayden.Randolph/ece383_wksp/ice2/design_1_wrapper/hw/design_1_wrapper.xsa
TRACE::2026-03-11.11:11:43::SCWPlatform::DSA directory C:/Users/C27Jayden.Randolph/ece383_wksp/ice2/design_1_wrapper/hw
TRACE::2026-03-11.11:11:43::SCWPlatform:: Platform Path C:/Users/C27Jayden.Randolph/ece383_wksp/ice2/design_1_wrapper/hw/design_1_wrapper.xsa
TRACE::2026-03-11.11:11:43::SCWPlatform:: Unique name xilinx:nexys_video::0.0
TRACE::2026-03-11.11:11:43::SCWPlatform::Trying to set the existing hwdb with name design_1_wrapper_0
TRACE::2026-03-11.11:11:43::SCWPlatform::Opened existing hwdb design_1_wrapper_0
TRACE::2026-03-11.11:11:43::SCWPlatform::Found the Hw Db part of the input DSA
TRACE::2026-03-11.11:11:43::SCWMssOS::Checking the sw design at  C:/Users/C27Jayden.Randolph/ece383_wksp/ice2/design_1_wrapper/microblaze_0/standalone_microblaze_0/bsp/system.mss
TRACE::2026-03-11.11:11:43::SCWMssOS::DEBUG:  swdes dump  C:/Users/C27Jayden.Randolph/ece383_wksp/ice2/design_1_wrapper/microblaze_0/standalone_microblaze_0/bsp/system.mss|system||

TRACE::2026-03-11.11:11:43::SCWMssOS::Sw design exists and opened at  C:/Users/C27Jayden.Randolph/ece383_wksp/ice2/design_1_wrapper/microblaze_0/standalone_microblaze_0/bsp/system.mss
TRACE::2026-03-11.11:11:43::SCWPlatform::Trying to open the hw design at C:/Users/C27Jayden.Randolph/ece383_wksp/ice2/design_1_wrapper/hw/design_1_wrapper.xsa
TRACE::2026-03-11.11:11:43::SCWPlatform::DSA given C:/Users/C27Jayden.Randolph/ece383_wksp/ice2/design_1_wrapper/hw/design_1_wrapper.xsa
TRACE::2026-03-11.11:11:43::SCWPlatform::DSA absoulate path C:/Users/C27Jayden.Randolph/ece383_wksp/ice2/design_1_wrapper/hw/design_1_wrapper.xsa
TRACE::2026-03-11.11:11:43::SCWPlatform::DSA directory C:/Users/C27Jayden.Randolph/ece383_wksp/ice2/design_1_wrapper/hw
TRACE::2026-03-11.11:11:43::SCWPlatform:: Platform Path C:/Users/C27Jayden.Randolph/ece383_wksp/ice2/design_1_wrapper/hw/design_1_wrapper.xsa
TRACE::2026-03-11.11:11:43::SCWPlatform:: Unique name xilinx:nexys_video::0.0
TRACE::2026-03-11.11:11:43::SCWPlatform::Trying to set the existing hwdb with name design_1_wrapper_0
TRACE::2026-03-11.11:11:43::SCWPlatform::Opened existing hwdb design_1_wrapper_0
TRACE::2026-03-11.11:11:43::SCWPlatform::Found the Hw Db part of the input DSA
TRACE::2026-03-11.11:11:43::SCWMssOS::Checking the sw design at  C:/Users/C27Jayden.Randolph/ece383_wksp/ice2/design_1_wrapper/microblaze_0/standalone_microblaze_0/bsp/system.mss
TRACE::2026-03-11.11:11:43::SCWMssOS::DEBUG:  swdes dump  C:/Users/C27Jayden.Randolph/ece383_wksp/ice2/design_1_wrapper/microblaze_0/standalone_microblaze_0/bsp/system.mss|system||

TRACE::2026-03-11.11:11:43::SCWMssOS::Sw design exists and opened at  C:/Users/C27Jayden.Randolph/ece383_wksp/ice2/design_1_wrapper/microblaze_0/standalone_microblaze_0/bsp/system.mss
TRACE::2026-03-11.11:11:43::SCWWriter::formatted JSON is {
	"platformName":	"design_1_wrapper",
	"sprVersion":	"2.0",
	"mode":	"gui",
	"dsaType":	"Fixed",
	"platformDesc":	"design_1_wrapper",
	"platHandOff":	"C:/Users/C27Jayden.Randolph/ece383_wksp/ice1/ublaze2/design_1_wrapper.xsa",
	"platIntHandOff":	"<platformDir>/hw/design_1_wrapper.xsa",
	"deviceType":	"FPGA",
	"platIsPrebuiltAutogen":	"false",
	"platIsNoBootBsp":	"false",
	"hasFsblMakeHasChanges":	"false",
	"hasPmufwMakeHasChanges":	"false",
	"platPreBuiltFlag":	false,
	"platformSamplesDir":	"",
	"platActiveSys":	"design_1_wrapper",
	"systems":	[{
			"systemName":	"design_1_wrapper",
			"systemDesc":	"design_1_wrapper",
			"sysIsBootAutoGen":	"true",
			"systemDispName":	"design_1_wrapper",
			"sysActiveDom":	"standalone_microblaze_0",
			"sysDefaultDom":	"standalone_microblaze_0",
			"domains":	[{
					"domainName":	"standalone_microblaze_0",
					"domainDispName":	"standalone_microblaze_0",
					"domainDesc":	"standalone_microblaze_0",
					"processors":	"microblaze_0",
					"os":	"standalone",
					"sdxOs":	"standalone",
					"debugEnable":	"False",
					"domRuntimes":	["cpp"],
					"swRepo":	"",
					"mssOsVer":	"9.2",
					"mssFile":	"",
					"md5Digest":	"78d0412b485d8ad9f86b2c0627bf3467",
					"compatibleApp":	"hello_world",
					"domType":	"mssDomain",
					"arch":	"32-bit",
					"appSettings":	{
						"appCompilerFlags":	"",
						"appLinkerFlags":	""
					},
					"addedLibs":	[],
					"libOptions":	{
						"libsContainingOptions":	[]
					},
					"prebuiltLibs":	{
						"prebuiltIncPath":	[],
						"prebuiltLibPath":	[]
					},
					"isolation":	{
					}
				}]
		}]
}
TRACE::2026-03-11.11:11:43::SCWPlatform::Trying to open the hw design at C:/Users/C27Jayden.Randolph/ece383_wksp/ice2/design_1_wrapper/hw/design_1_wrapper.xsa
TRACE::2026-03-11.11:11:43::SCWPlatform::DSA given C:/Users/C27Jayden.Randolph/ece383_wksp/ice2/design_1_wrapper/hw/design_1_wrapper.xsa
TRACE::2026-03-11.11:11:43::SCWPlatform::DSA absoulate path C:/Users/C27Jayden.Randolph/ece383_wksp/ice2/design_1_wrapper/hw/design_1_wrapper.xsa
TRACE::2026-03-11.11:11:43::SCWPlatform::DSA directory C:/Users/C27Jayden.Randolph/ece383_wksp/ice2/design_1_wrapper/hw
TRACE::2026-03-11.11:11:43::SCWPlatform:: Platform Path C:/Users/C27Jayden.Randolph/ece383_wksp/ice2/design_1_wrapper/hw/design_1_wrapper.xsa
TRACE::2026-03-11.11:11:43::SCWPlatform:: Unique name xilinx:nexys_video::0.0
TRACE::2026-03-11.11:11:43::SCWPlatform::Trying to set the existing hwdb with name design_1_wrapper_0
TRACE::2026-03-11.11:11:43::SCWPlatform::Opened existing hwdb design_1_wrapper_0
TRACE::2026-03-11.11:11:43::SCWPlatform::Found the Hw Db part of the input DSA
TRACE::2026-03-11.11:11:43::SCWMssOS::Checking the sw design at  C:/Users/C27Jayden.Randolph/ece383_wksp/ice2/design_1_wrapper/microblaze_0/standalone_microblaze_0/bsp/system.mss
TRACE::2026-03-11.11:11:43::SCWMssOS::DEBUG:  swdes dump  C:/Users/C27Jayden.Randolph/ece383_wksp/ice2/design_1_wrapper/microblaze_0/standalone_microblaze_0/bsp/system.mss|system||

TRACE::2026-03-11.11:11:43::SCWMssOS::Sw design exists and opened at  C:/Users/C27Jayden.Randolph/ece383_wksp/ice2/design_1_wrapper/microblaze_0/standalone_microblaze_0/bsp/system.mss
TRACE::2026-03-11.11:11:43::SCWPlatform::Trying to open the hw design at C:/Users/C27Jayden.Randolph/ece383_wksp/ice2/design_1_wrapper/hw/design_1_wrapper.xsa
TRACE::2026-03-11.11:11:43::SCWPlatform::DSA given C:/Users/C27Jayden.Randolph/ece383_wksp/ice2/design_1_wrapper/hw/design_1_wrapper.xsa
TRACE::2026-03-11.11:11:43::SCWPlatform::DSA absoulate path C:/Users/C27Jayden.Randolph/ece383_wksp/ice2/design_1_wrapper/hw/design_1_wrapper.xsa
TRACE::2026-03-11.11:11:43::SCWPlatform::DSA directory C:/Users/C27Jayden.Randolph/ece383_wksp/ice2/design_1_wrapper/hw
TRACE::2026-03-11.11:11:43::SCWPlatform:: Platform Path C:/Users/C27Jayden.Randolph/ece383_wksp/ice2/design_1_wrapper/hw/design_1_wrapper.xsa
TRACE::2026-03-11.11:11:43::SCWPlatform:: Unique name xilinx:nexys_video::0.0
TRACE::2026-03-11.11:11:43::SCWPlatform::Trying to set the existing hwdb with name design_1_wrapper_0
TRACE::2026-03-11.11:11:43::SCWPlatform::Opened existing hwdb design_1_wrapper_0
TRACE::2026-03-11.11:11:43::SCWPlatform::Found the Hw Db part of the input DSA
TRACE::2026-03-11.11:11:43::SCWMssOS::Checking the sw design at  C:/Users/C27Jayden.Randolph/ece383_wksp/ice2/design_1_wrapper/microblaze_0/standalone_microblaze_0/bsp/system.mss
TRACE::2026-03-11.11:11:43::SCWMssOS::DEBUG:  swdes dump  C:/Users/C27Jayden.Randolph/ece383_wksp/ice2/design_1_wrapper/microblaze_0/standalone_microblaze_0/bsp/system.mss|system||

TRACE::2026-03-11.11:11:43::SCWMssOS::Sw design exists and opened at  C:/Users/C27Jayden.Randolph/ece383_wksp/ice2/design_1_wrapper/microblaze_0/standalone_microblaze_0/bsp/system.mss
TRACE::2026-03-11.11:11:43::SCWMssOS::Saving the mss changes C:/Users/C27Jayden.Randolph/ece383_wksp/ice2/design_1_wrapper/microblaze_0/standalone_microblaze_0/bsp/system.mss
TRACE::2026-03-11.11:11:43::SCWMssOS::Found a swdesign opened with the mssfile.
TRACE::2026-03-11.11:11:43::SCWMssOS::Completed writemss as part of save.
TRACE::2026-03-11.11:11:43::SCWMssOS::Commit changes completed.
TRACE::2026-03-11.11:11:43::SCWPlatform::Trying to open the hw design at C:/Users/C27Jayden.Randolph/ece383_wksp/ice2/design_1_wrapper/hw/design_1_wrapper.xsa
TRACE::2026-03-11.11:11:43::SCWPlatform::DSA given C:/Users/C27Jayden.Randolph/ece383_wksp/ice2/design_1_wrapper/hw/design_1_wrapper.xsa
TRACE::2026-03-11.11:11:43::SCWPlatform::DSA absoulate path C:/Users/C27Jayden.Randolph/ece383_wksp/ice2/design_1_wrapper/hw/design_1_wrapper.xsa
TRACE::2026-03-11.11:11:43::SCWPlatform::DSA directory C:/Users/C27Jayden.Randolph/ece383_wksp/ice2/design_1_wrapper/hw
TRACE::2026-03-11.11:11:43::SCWPlatform:: Platform Path C:/Users/C27Jayden.Randolph/ece383_wksp/ice2/design_1_wrapper/hw/design_1_wrapper.xsa
TRACE::2026-03-11.11:11:43::SCWPlatform:: Unique name xilinx:nexys_video::0.0
TRACE::2026-03-11.11:11:43::SCWPlatform::Trying to set the existing hwdb with name design_1_wrapper_0
TRACE::2026-03-11.11:11:43::SCWPlatform::Opened existing hwdb design_1_wrapper_0
TRACE::2026-03-11.11:11:43::SCWPlatform::Found the Hw Db part of the input DSA
TRACE::2026-03-11.11:11:43::SCWMssOS::Checking the sw design at  C:/Users/C27Jayden.Randolph/ece383_wksp/ice2/design_1_wrapper/microblaze_0/standalone_microblaze_0/bsp/system.mss
TRACE::2026-03-11.11:11:43::SCWMssOS::DEBUG:  swdes dump  C:/Users/C27Jayden.Randolph/ece383_wksp/ice2/design_1_wrapper/microblaze_0/standalone_microblaze_0/bsp/system.mss|system||

TRACE::2026-03-11.11:11:43::SCWMssOS::Sw design exists and opened at  C:/Users/C27Jayden.Randolph/ece383_wksp/ice2/design_1_wrapper/microblaze_0/standalone_microblaze_0/bsp/system.mss
TRACE::2026-03-11.11:11:43::SCWPlatform::Trying to open the hw design at C:/Users/C27Jayden.Randolph/ece383_wksp/ice2/design_1_wrapper/hw/design_1_wrapper.xsa
TRACE::2026-03-11.11:11:43::SCWPlatform::DSA given C:/Users/C27Jayden.Randolph/ece383_wksp/ice2/design_1_wrapper/hw/design_1_wrapper.xsa
TRACE::2026-03-11.11:11:43::SCWPlatform::DSA absoulate path C:/Users/C27Jayden.Randolph/ece383_wksp/ice2/design_1_wrapper/hw/design_1_wrapper.xsa
TRACE::2026-03-11.11:11:43::SCWPlatform::DSA directory C:/Users/C27Jayden.Randolph/ece383_wksp/ice2/design_1_wrapper/hw
TRACE::2026-03-11.11:11:43::SCWPlatform:: Platform Path C:/Users/C27Jayden.Randolph/ece383_wksp/ice2/design_1_wrapper/hw/design_1_wrapper.xsa
TRACE::2026-03-11.11:11:43::SCWPlatform:: Unique name xilinx:nexys_video::0.0
TRACE::2026-03-11.11:11:43::SCWPlatform::Trying to set the existing hwdb with name design_1_wrapper_0
TRACE::2026-03-11.11:11:43::SCWPlatform::Opened existing hwdb design_1_wrapper_0
TRACE::2026-03-11.11:11:43::SCWPlatform::Found the Hw Db part of the input DSA
TRACE::2026-03-11.11:11:43::SCWMssOS::Checking the sw design at  C:/Users/C27Jayden.Randolph/ece383_wksp/ice2/design_1_wrapper/microblaze_0/standalone_microblaze_0/bsp/system.mss
TRACE::2026-03-11.11:11:43::SCWMssOS::DEBUG:  swdes dump  C:/Users/C27Jayden.Randolph/ece383_wksp/ice2/design_1_wrapper/microblaze_0/standalone_microblaze_0/bsp/system.mss|system||

TRACE::2026-03-11.11:11:43::SCWMssOS::Sw design exists and opened at  C:/Users/C27Jayden.Randolph/ece383_wksp/ice2/design_1_wrapper/microblaze_0/standalone_microblaze_0/bsp/system.mss
TRACE::2026-03-11.11:11:43::SCWPlatform::Trying to open the hw design at C:/Users/C27Jayden.Randolph/ece383_wksp/ice2/design_1_wrapper/hw/design_1_wrapper.xsa
TRACE::2026-03-11.11:11:43::SCWPlatform::DSA given C:/Users/C27Jayden.Randolph/ece383_wksp/ice2/design_1_wrapper/hw/design_1_wrapper.xsa
TRACE::2026-03-11.11:11:43::SCWPlatform::DSA absoulate path C:/Users/C27Jayden.Randolph/ece383_wksp/ice2/design_1_wrapper/hw/design_1_wrapper.xsa
TRACE::2026-03-11.11:11:43::SCWPlatform::DSA directory C:/Users/C27Jayden.Randolph/ece383_wksp/ice2/design_1_wrapper/hw
TRACE::2026-03-11.11:11:43::SCWPlatform:: Platform Path C:/Users/C27Jayden.Randolph/ece383_wksp/ice2/design_1_wrapper/hw/design_1_wrapper.xsa
TRACE::2026-03-11.11:11:43::SCWPlatform:: Unique name xilinx:nexys_video::0.0
TRACE::2026-03-11.11:11:43::SCWPlatform::Trying to set the existing hwdb with name design_1_wrapper_0
TRACE::2026-03-11.11:11:43::SCWPlatform::Opened existing hwdb design_1_wrapper_0
TRACE::2026-03-11.11:11:43::SCWPlatform::Found the Hw Db part of the input DSA
TRACE::2026-03-11.11:11:43::SCWMssOS::Checking the sw design at  C:/Users/C27Jayden.Randolph/ece383_wksp/ice2/design_1_wrapper/microblaze_0/standalone_microblaze_0/bsp/system.mss
TRACE::2026-03-11.11:11:43::SCWMssOS::DEBUG:  swdes dump  C:/Users/C27Jayden.Randolph/ece383_wksp/ice2/design_1_wrapper/microblaze_0/standalone_microblaze_0/bsp/system.mss|system||

TRACE::2026-03-11.11:11:43::SCWMssOS::Sw design exists and opened at  C:/Users/C27Jayden.Randolph/ece383_wksp/ice2/design_1_wrapper/microblaze_0/standalone_microblaze_0/bsp/system.mss
TRACE::2026-03-11.11:11:43::SCWWriter::formatted JSON is {
	"platformName":	"design_1_wrapper",
	"sprVersion":	"2.0",
	"mode":	"gui",
	"dsaType":	"Fixed",
	"platformDesc":	"design_1_wrapper",
	"platHandOff":	"C:/Users/C27Jayden.Randolph/ece383_wksp/ice1/ublaze2/design_1_wrapper.xsa",
	"platIntHandOff":	"<platformDir>/hw/design_1_wrapper.xsa",
	"deviceType":	"FPGA",
	"platIsPrebuiltAutogen":	"false",
	"platIsNoBootBsp":	"false",
	"hasFsblMakeHasChanges":	"false",
	"hasPmufwMakeHasChanges":	"false",
	"platPreBuiltFlag":	false,
	"platformSamplesDir":	"",
	"platActiveSys":	"design_1_wrapper",
	"systems":	[{
			"systemName":	"design_1_wrapper",
			"systemDesc":	"design_1_wrapper",
			"sysIsBootAutoGen":	"true",
			"systemDispName":	"design_1_wrapper",
			"sysActiveDom":	"standalone_microblaze_0",
			"sysDefaultDom":	"standalone_microblaze_0",
			"domains":	[{
					"domainName":	"standalone_microblaze_0",
					"domainDispName":	"standalone_microblaze_0",
					"domainDesc":	"standalone_microblaze_0",
					"processors":	"microblaze_0",
					"os":	"standalone",
					"sdxOs":	"standalone",
					"debugEnable":	"False",
					"domRuntimes":	["cpp"],
					"swRepo":	"",
					"mssOsVer":	"9.2",
					"mssFile":	"",
					"md5Digest":	"78d0412b485d8ad9f86b2c0627bf3467",
					"compatibleApp":	"hello_world",
					"domType":	"mssDomain",
					"arch":	"32-bit",
					"appSettings":	{
						"appCompilerFlags":	"",
						"appLinkerFlags":	""
					},
					"addedLibs":	[],
					"libOptions":	{
						"libsContainingOptions":	[]
					},
					"prebuiltLibs":	{
						"prebuiltIncPath":	[],
						"prebuiltLibPath":	[]
					},
					"isolation":	{
					}
				}]
		}]
}
LOG::2026-03-11.11:11:43::SCWPlatform::Started generating the artifacts platform design_1_wrapper
TRACE::2026-03-11.11:11:43::SCWPlatform::Sanity checking of platform is completed
LOG::2026-03-11.11:11:43::SCWPlatform::Started generating the artifacts for system configuration design_1_wrapper
LOG::2026-03-11.11:11:43::SCWSystem::Started Processing the domain standalone_microblaze_0
TRACE::2026-03-11.11:11:43::SCWDomain::Generating domain artifcats
TRACE::2026-03-11.11:11:43::SCWMssOS::Generating standalone artifcats
TRACE::2026-03-11.11:11:43::SCWMssOS:: Copying the user libraries. 
TRACE::2026-03-11.11:11:43::SCWPlatform::Trying to open the hw design at C:/Users/C27Jayden.Randolph/ece383_wksp/ice2/design_1_wrapper/hw/design_1_wrapper.xsa
TRACE::2026-03-11.11:11:43::SCWPlatform::DSA given C:/Users/C27Jayden.Randolph/ece383_wksp/ice2/design_1_wrapper/hw/design_1_wrapper.xsa
TRACE::2026-03-11.11:11:43::SCWPlatform::DSA absoulate path C:/Users/C27Jayden.Randolph/ece383_wksp/ice2/design_1_wrapper/hw/design_1_wrapper.xsa
TRACE::2026-03-11.11:11:43::SCWPlatform::DSA directory C:/Users/C27Jayden.Randolph/ece383_wksp/ice2/design_1_wrapper/hw
TRACE::2026-03-11.11:11:43::SCWPlatform:: Platform Path C:/Users/C27Jayden.Randolph/ece383_wksp/ice2/design_1_wrapper/hw/design_1_wrapper.xsa
TRACE::2026-03-11.11:11:43::SCWPlatform:: Unique name xilinx:nexys_video::0.0
TRACE::2026-03-11.11:11:43::SCWPlatform::Trying to set the existing hwdb with name design_1_wrapper_0
TRACE::2026-03-11.11:11:43::SCWPlatform::Opened existing hwdb design_1_wrapper_0
TRACE::2026-03-11.11:11:43::SCWPlatform::Found the Hw Db part of the input DSA
TRACE::2026-03-11.11:11:43::SCWMssOS::Checking the sw design at  C:/Users/C27Jayden.Randolph/ece383_wksp/ice2/design_1_wrapper/microblaze_0/standalone_microblaze_0/bsp/system.mss
TRACE::2026-03-11.11:11:43::SCWMssOS::DEBUG:  swdes dump  C:/Users/C27Jayden.Randolph/ece383_wksp/ice2/design_1_wrapper/microblaze_0/standalone_microblaze_0/bsp/system.mss|system||

TRACE::2026-03-11.11:11:43::SCWMssOS::Sw design exists and opened at  C:/Users/C27Jayden.Randolph/ece383_wksp/ice2/design_1_wrapper/microblaze_0/standalone_microblaze_0/bsp/system.mss
TRACE::2026-03-11.11:11:43::SCWMssOS::Completed writing the mss file at C:/Users/C27Jayden.Randolph/ece383_wksp/ice2/design_1_wrapper/microblaze_0/standalone_microblaze_0/bsp
TRACE::2026-03-11.11:11:43::SCWMssOS::Mss edits present, copying mssfile into export location C:/Users/C27Jayden.Randolph/ece383_wksp/ice2/design_1_wrapper/microblaze_0/standalone_microblaze_0/bsp/system.mss
TRACE::2026-03-11.11:11:43::SCWMssOS::bsp generated is upto date with the mss file. Skipping bsp generation.
TRACE::2026-03-11.11:11:43::SCWMssOS::BSP is already built. skipping the bsp build ... 
TRACE::2026-03-11.11:11:43::SCWDomain::Building the domain as part of full build :  standalone_microblaze_0
TRACE::2026-03-11.11:11:43::SCWMssOS::skipping the bsp build ... 
TRACE::2026-03-11.11:11:43::SCWMssOS::Copying to export directory.
TRACE::2026-03-11.11:11:43::SCWMssOS:: Checking if to create the Supporting Applications
TRACE::2026-03-11.11:11:43::SCWMssOS:: No Linux domain exists, trying to generate FSBL 
LOG::2026-03-11.11:11:43::SCWSystem::Completed Processing the domain standalone_microblaze_0
LOG::2026-03-11.11:11:43::SCWSystem::Completed Processing the sysconfig design_1_wrapper
LOG::2026-03-11.11:11:43::SCWPlatform::Completed generating the artifacts for system configuration design_1_wrapper
TRACE::2026-03-11.11:11:43::SCWPlatform::Started preparing the platform 
TRACE::2026-03-11.11:11:43::SCWSystem::Writing the bif file for system config design_1_wrapper
TRACE::2026-03-11.11:11:43::SCWSystem::dir created 
TRACE::2026-03-11.11:11:43::SCWSystem::Writing the bif 
TRACE::2026-03-11.11:11:43::SCWPlatform::Started writing the spfm file 
TRACE::2026-03-11.11:11:43::SCWPlatform::Started writing the xpfm file 
TRACE::2026-03-11.11:11:43::SCWPlatform::Completed generating the platform
TRACE::2026-03-11.11:11:43::SCWMssOS::Saving the mss changes C:/Users/C27Jayden.Randolph/ece383_wksp/ice2/design_1_wrapper/microblaze_0/standalone_microblaze_0/bsp/system.mss
TRACE::2026-03-11.11:11:43::SCWMssOS::Found a swdesign opened with the mssfile.
TRACE::2026-03-11.11:11:43::SCWMssOS::Completed writemss as part of save.
TRACE::2026-03-11.11:11:43::SCWMssOS::Commit changes completed.
TRACE::2026-03-11.11:11:43::SCWPlatform::Trying to open the hw design at C:/Users/C27Jayden.Randolph/ece383_wksp/ice2/design_1_wrapper/hw/design_1_wrapper.xsa
TRACE::2026-03-11.11:11:43::SCWPlatform::DSA given C:/Users/C27Jayden.Randolph/ece383_wksp/ice2/design_1_wrapper/hw/design_1_wrapper.xsa
TRACE::2026-03-11.11:11:43::SCWPlatform::DSA absoulate path C:/Users/C27Jayden.Randolph/ece383_wksp/ice2/design_1_wrapper/hw/design_1_wrapper.xsa
TRACE::2026-03-11.11:11:43::SCWPlatform::DSA directory C:/Users/C27Jayden.Randolph/ece383_wksp/ice2/design_1_wrapper/hw
TRACE::2026-03-11.11:11:43::SCWPlatform:: Platform Path C:/Users/C27Jayden.Randolph/ece383_wksp/ice2/design_1_wrapper/hw/design_1_wrapper.xsa
TRACE::2026-03-11.11:11:43::SCWPlatform:: Unique name xilinx:nexys_video::0.0
TRACE::2026-03-11.11:11:43::SCWPlatform::Trying to set the existing hwdb with name design_1_wrapper_0
TRACE::2026-03-11.11:11:43::SCWPlatform::Opened existing hwdb design_1_wrapper_0
TRACE::2026-03-11.11:11:43::SCWPlatform::Found the Hw Db part of the input DSA
TRACE::2026-03-11.11:11:43::SCWMssOS::Checking the sw design at  C:/Users/C27Jayden.Randolph/ece383_wksp/ice2/design_1_wrapper/microblaze_0/standalone_microblaze_0/bsp/system.mss
TRACE::2026-03-11.11:11:43::SCWMssOS::DEBUG:  swdes dump  C:/Users/C27Jayden.Randolph/ece383_wksp/ice2/design_1_wrapper/microblaze_0/standalone_microblaze_0/bsp/system.mss|system||

TRACE::2026-03-11.11:11:43::SCWMssOS::Sw design exists and opened at  C:/Users/C27Jayden.Randolph/ece383_wksp/ice2/design_1_wrapper/microblaze_0/standalone_microblaze_0/bsp/system.mss
TRACE::2026-03-11.11:11:43::SCWPlatform::Trying to open the hw design at C:/Users/C27Jayden.Randolph/ece383_wksp/ice2/design_1_wrapper/hw/design_1_wrapper.xsa
TRACE::2026-03-11.11:11:43::SCWPlatform::DSA given C:/Users/C27Jayden.Randolph/ece383_wksp/ice2/design_1_wrapper/hw/design_1_wrapper.xsa
TRACE::2026-03-11.11:11:43::SCWPlatform::DSA absoulate path C:/Users/C27Jayden.Randolph/ece383_wksp/ice2/design_1_wrapper/hw/design_1_wrapper.xsa
TRACE::2026-03-11.11:11:43::SCWPlatform::DSA directory C:/Users/C27Jayden.Randolph/ece383_wksp/ice2/design_1_wrapper/hw
TRACE::2026-03-11.11:11:43::SCWPlatform:: Platform Path C:/Users/C27Jayden.Randolph/ece383_wksp/ice2/design_1_wrapper/hw/design_1_wrapper.xsa
TRACE::2026-03-11.11:11:43::SCWPlatform:: Unique name xilinx:nexys_video::0.0
TRACE::2026-03-11.11:11:43::SCWPlatform::Trying to set the existing hwdb with name design_1_wrapper_0
TRACE::2026-03-11.11:11:43::SCWPlatform::Opened existing hwdb design_1_wrapper_0
TRACE::2026-03-11.11:11:43::SCWPlatform::Found the Hw Db part of the input DSA
TRACE::2026-03-11.11:11:43::SCWMssOS::Checking the sw design at  C:/Users/C27Jayden.Randolph/ece383_wksp/ice2/design_1_wrapper/microblaze_0/standalone_microblaze_0/bsp/system.mss
TRACE::2026-03-11.11:11:43::SCWMssOS::DEBUG:  swdes dump  C:/Users/C27Jayden.Randolph/ece383_wksp/ice2/design_1_wrapper/microblaze_0/standalone_microblaze_0/bsp/system.mss|system||

TRACE::2026-03-11.11:11:43::SCWMssOS::Sw design exists and opened at  C:/Users/C27Jayden.Randolph/ece383_wksp/ice2/design_1_wrapper/microblaze_0/standalone_microblaze_0/bsp/system.mss
TRACE::2026-03-11.11:11:43::SCWPlatform::Trying to open the hw design at C:/Users/C27Jayden.Randolph/ece383_wksp/ice2/design_1_wrapper/hw/design_1_wrapper.xsa
TRACE::2026-03-11.11:11:43::SCWPlatform::DSA given C:/Users/C27Jayden.Randolph/ece383_wksp/ice2/design_1_wrapper/hw/design_1_wrapper.xsa
TRACE::2026-03-11.11:11:43::SCWPlatform::DSA absoulate path C:/Users/C27Jayden.Randolph/ece383_wksp/ice2/design_1_wrapper/hw/design_1_wrapper.xsa
TRACE::2026-03-11.11:11:43::SCWPlatform::DSA directory C:/Users/C27Jayden.Randolph/ece383_wksp/ice2/design_1_wrapper/hw
TRACE::2026-03-11.11:11:43::SCWPlatform:: Platform Path C:/Users/C27Jayden.Randolph/ece383_wksp/ice2/design_1_wrapper/hw/design_1_wrapper.xsa
TRACE::2026-03-11.11:11:43::SCWPlatform:: Unique name xilinx:nexys_video::0.0
TRACE::2026-03-11.11:11:43::SCWPlatform::Trying to set the existing hwdb with name design_1_wrapper_0
TRACE::2026-03-11.11:11:43::SCWPlatform::Opened existing hwdb design_1_wrapper_0
TRACE::2026-03-11.11:11:43::SCWPlatform::Found the Hw Db part of the input DSA
TRACE::2026-03-11.11:11:43::SCWMssOS::Checking the sw design at  C:/Users/C27Jayden.Randolph/ece383_wksp/ice2/design_1_wrapper/microblaze_0/standalone_microblaze_0/bsp/system.mss
TRACE::2026-03-11.11:11:43::SCWMssOS::DEBUG:  swdes dump  C:/Users/C27Jayden.Randolph/ece383_wksp/ice2/design_1_wrapper/microblaze_0/standalone_microblaze_0/bsp/system.mss|system||

TRACE::2026-03-11.11:11:43::SCWMssOS::Sw design exists and opened at  C:/Users/C27Jayden.Randolph/ece383_wksp/ice2/design_1_wrapper/microblaze_0/standalone_microblaze_0/bsp/system.mss
TRACE::2026-03-11.11:11:43::SCWWriter::formatted JSON is {
	"platformName":	"design_1_wrapper",
	"sprVersion":	"2.0",
	"mode":	"gui",
	"dsaType":	"Fixed",
	"platformDesc":	"design_1_wrapper",
	"platHandOff":	"C:/Users/C27Jayden.Randolph/ece383_wksp/ice1/ublaze2/design_1_wrapper.xsa",
	"platIntHandOff":	"<platformDir>/hw/design_1_wrapper.xsa",
	"deviceType":	"FPGA",
	"platIsPrebuiltAutogen":	"false",
	"platIsNoBootBsp":	"false",
	"hasFsblMakeHasChanges":	"false",
	"hasPmufwMakeHasChanges":	"false",
	"platPreBuiltFlag":	false,
	"platformSamplesDir":	"",
	"platActiveSys":	"design_1_wrapper",
	"systems":	[{
			"systemName":	"design_1_wrapper",
			"systemDesc":	"design_1_wrapper",
			"sysIsBootAutoGen":	"true",
			"systemDispName":	"design_1_wrapper",
			"sysActiveDom":	"standalone_microblaze_0",
			"sysDefaultDom":	"standalone_microblaze_0",
			"domains":	[{
					"domainName":	"standalone_microblaze_0",
					"domainDispName":	"standalone_microblaze_0",
					"domainDesc":	"standalone_microblaze_0",
					"processors":	"microblaze_0",
					"os":	"standalone",
					"sdxOs":	"standalone",
					"debugEnable":	"False",
					"domRuntimes":	["cpp"],
					"swRepo":	"",
					"mssOsVer":	"9.2",
					"mssFile":	"",
					"md5Digest":	"78d0412b485d8ad9f86b2c0627bf3467",
					"compatibleApp":	"hello_world",
					"domType":	"mssDomain",
					"arch":	"32-bit",
					"appSettings":	{
						"appCompilerFlags":	"",
						"appLinkerFlags":	""
					},
					"addedLibs":	[],
					"libOptions":	{
						"libsContainingOptions":	[]
					},
					"prebuiltLibs":	{
						"prebuiltIncPath":	[],
						"prebuiltLibPath":	[]
					},
					"isolation":	{
					}
				}]
		}]
}
KEYINFO::2026-03-11.11:11:43::SCWPlatform::updated the xpfm file.
LOG::2026-03-11.11:14:57::SCWPlatform::Started generating the artifacts platform design_1_wrapper
TRACE::2026-03-11.11:14:57::SCWPlatform::Sanity checking of platform is completed
LOG::2026-03-11.11:14:57::SCWPlatform::Started generating the artifacts for system configuration design_1_wrapper
LOG::2026-03-11.11:14:57::SCWSystem::Checking the domain standalone_microblaze_0
LOG::2026-03-11.11:14:57::SCWSystem::Not a boot domain 
LOG::2026-03-11.11:14:57::SCWSystem::Started Processing the domain standalone_microblaze_0
TRACE::2026-03-11.11:14:57::SCWDomain::Generating domain artifcats
TRACE::2026-03-11.11:14:57::SCWMssOS::Generating standalone artifcats
TRACE::2026-03-11.11:14:57::SCWMssOS:: Copying the user libraries. 
TRACE::2026-03-11.11:14:57::SCWPlatform::Trying to open the hw design at C:/Users/C27Jayden.Randolph/ece383_wksp/ice2/design_1_wrapper/hw/design_1_wrapper.xsa
TRACE::2026-03-11.11:14:57::SCWPlatform::DSA given C:/Users/C27Jayden.Randolph/ece383_wksp/ice2/design_1_wrapper/hw/design_1_wrapper.xsa
TRACE::2026-03-11.11:14:57::SCWPlatform::DSA absoulate path C:/Users/C27Jayden.Randolph/ece383_wksp/ice2/design_1_wrapper/hw/design_1_wrapper.xsa
TRACE::2026-03-11.11:14:57::SCWPlatform::DSA directory C:/Users/C27Jayden.Randolph/ece383_wksp/ice2/design_1_wrapper/hw
TRACE::2026-03-11.11:14:57::SCWPlatform:: Platform Path C:/Users/C27Jayden.Randolph/ece383_wksp/ice2/design_1_wrapper/hw/design_1_wrapper.xsa
TRACE::2026-03-11.11:14:57::SCWPlatform:: Unique name xilinx:nexys_video::0.0
TRACE::2026-03-11.11:14:57::SCWPlatform::Trying to set the existing hwdb with name design_1_wrapper_0
TRACE::2026-03-11.11:14:57::SCWPlatform::Opened existing hwdb design_1_wrapper_0
TRACE::2026-03-11.11:14:57::SCWPlatform::Found the Hw Db part of the input DSA
TRACE::2026-03-11.11:14:57::SCWMssOS::Checking the sw design at  C:/Users/C27Jayden.Randolph/ece383_wksp/ice2/design_1_wrapper/microblaze_0/standalone_microblaze_0/bsp/system.mss
TRACE::2026-03-11.11:14:57::SCWMssOS::DEBUG:  swdes dump  C:/Users/C27Jayden.Randolph/ece383_wksp/ice2/design_1_wrapper/microblaze_0/standalone_microblaze_0/bsp/system.mss|system||

TRACE::2026-03-11.11:14:57::SCWMssOS::Sw design exists and opened at  C:/Users/C27Jayden.Randolph/ece383_wksp/ice2/design_1_wrapper/microblaze_0/standalone_microblaze_0/bsp/system.mss
TRACE::2026-03-11.11:14:57::SCWMssOS::Completed writing the mss file at C:/Users/C27Jayden.Randolph/ece383_wksp/ice2/design_1_wrapper/microblaze_0/standalone_microblaze_0/bsp
TRACE::2026-03-11.11:14:57::SCWMssOS::Mss edits present, copying mssfile into export location C:/Users/C27Jayden.Randolph/ece383_wksp/ice2/design_1_wrapper/microblaze_0/standalone_microblaze_0/bsp/system.mss
TRACE::2026-03-11.11:14:57::SCWMssOS::bsp generated is upto date with the mss file. Skipping bsp generation.
TRACE::2026-03-11.11:14:57::SCWMssOS::BSP is already built. skipping the bsp build ... 
TRACE::2026-03-11.11:14:57::SCWDomain::Building the domain as part of full build :  standalone_microblaze_0
TRACE::2026-03-11.11:14:57::SCWMssOS::doing bsp build ... 
TRACE::2026-03-11.11:14:57::SCWMssOS::System Command Ran  C: & cd  C:/Users/C27Jayden.Randolph/ece383_wksp/ice2/design_1_wrapper/microblaze_0/standalone_microblaze_0/bsp & make 
TRACE::2026-03-11.11:14:58::SCWMssOS::make --no-print-directory seq_libs

TRACE::2026-03-11.11:14:58::SCWMssOS::'Finished building libraries sequentially.'

TRACE::2026-03-11.11:14:58::SCWMssOS::make -j 14 --no-print-directory par_libs

TRACE::2026-03-11.11:14:58::SCWMssOS::"Running Make include in microblaze_0/libsrc/bram_v4_11/src"

TRACE::2026-03-11.11:14:59::SCWMssOS::make -C microblaze_0/libsrc/bram_v4_11/src -s include  "SHELL=CMD" "COMPILER=mb-gcc" "ASSEMBLER=mb-as" "ARCHIVER=mb-ar" "COMPIL
TRACE::2026-03-11.11:14:59::SCWMssOS::ER_FLAGS=  -O2 -c -mcpu=v11.0 -mlittle-endian -mxl-soft-mul" "EXTRA_COMPILER_FLAGS=-g -ffunction-sections -fdata-sections -Wall
TRACE::2026-03-11.11:14:59::SCWMssOS:: -Wextra -fno-tree-loop-distribute-patterns"

TRACE::2026-03-11.11:14:59::SCWMssOS::"Running Make include in microblaze_0/libsrc/cpu_v2_18/src"

TRACE::2026-03-11.11:14:59::SCWMssOS::make -C microblaze_0/libsrc/cpu_v2_18/src -s include  "SHELL=CMD" "COMPILER=mb-gcc" "ASSEMBLER=mb-as" "ARCHIVER=mb-ar" "COMPILE
TRACE::2026-03-11.11:14:59::SCWMssOS::R_FLAGS=  -O2 -c -mcpu=v11.0 -mlittle-endian -mxl-soft-mul" "EXTRA_COMPILER_FLAGS=-g -ffunction-sections -fdata-sections -Wall 
TRACE::2026-03-11.11:14:59::SCWMssOS::-Wextra -fno-tree-loop-distribute-patterns"

TRACE::2026-03-11.11:14:59::SCWMssOS::"Running Make include in microblaze_0/libsrc/standalone_v9_2/src"

TRACE::2026-03-11.11:14:59::SCWMssOS::make -C microblaze_0/libsrc/standalone_v9_2/src -s include  "SHELL=CMD" "COMPILER=mb-gcc" "ASSEMBLER=mb-as" "ARCHIVER=mb-ar" "C
TRACE::2026-03-11.11:14:59::SCWMssOS::OMPILER_FLAGS=  -O2 -c -mcpu=v11.0 -mlittle-endian -mxl-soft-mul" "EXTRA_COMPILER_FLAGS=-g -ffunction-sections -fdata-sections 
TRACE::2026-03-11.11:14:59::SCWMssOS::-Wall -Wextra -fno-tree-loop-distribute-patterns"

TRACE::2026-03-11.11:14:59::SCWMssOS::"Running Make include in microblaze_0/libsrc/uartlite_v3_11/src"

TRACE::2026-03-11.11:14:59::SCWMssOS::make -C microblaze_0/libsrc/uartlite_v3_11/src -s include  "SHELL=CMD" "COMPILER=mb-gcc" "ASSEMBLER=mb-as" "ARCHIVER=mb-ar" "CO
TRACE::2026-03-11.11:14:59::SCWMssOS::MPILER_FLAGS=  -O2 -c -mcpu=v11.0 -mlittle-endian -mxl-soft-mul" "EXTRA_COMPILER_FLAGS=-g -ffunction-sections -fdata-sections -
TRACE::2026-03-11.11:14:59::SCWMssOS::Wall -Wextra -fno-tree-loop-distribute-patterns"

TRACE::2026-03-11.11:15:00::SCWMssOS::"Running Make libs in microblaze_0/libsrc/bram_v4_11/src"

TRACE::2026-03-11.11:15:00::SCWMssOS::make -C microblaze_0/libsrc/bram_v4_11/src -s libs  "SHELL=CMD" "COMPILER=mb-gcc" "ASSEMBLER=mb-as" "ARCHIVER=mb-ar" "COMPILER_
TRACE::2026-03-11.11:15:00::SCWMssOS::FLAGS=  -O2 -c -mcpu=v11.0 -mlittle-endian -mxl-soft-mul" "EXTRA_COMPILER_FLAGS=-g -ffunction-sections -fdata-sections -Wall -W
TRACE::2026-03-11.11:15:00::SCWMssOS::extra -fno-tree-loop-distribute-patterns"

TRACE::2026-03-11.11:15:00::SCWMssOS::"Running Make libs in microblaze_0/libsrc/cpu_v2_18/src"

TRACE::2026-03-11.11:15:00::SCWMssOS::make -C microblaze_0/libsrc/cpu_v2_18/src -s libs  "SHELL=CMD" "COMPILER=mb-gcc" "ASSEMBLER=mb-as" "ARCHIVER=mb-ar" "COMPILER_F
TRACE::2026-03-11.11:15:00::SCWMssOS::LAGS=  -O2 -c -mcpu=v11.0 -mlittle-endian -mxl-soft-mul" "EXTRA_COMPILER_FLAGS=-g -ffunction-sections -fdata-sections -Wall -We
TRACE::2026-03-11.11:15:00::SCWMssOS::xtra -fno-tree-loop-distribute-patterns"

TRACE::2026-03-11.11:15:00::SCWMssOS::"Running Make libs in microblaze_0/libsrc/standalone_v9_2/src"

TRACE::2026-03-11.11:15:01::SCWMssOS::make -C microblaze_0/libsrc/standalone_v9_2/src -s libs  "SHELL=CMD" "COMPILER=mb-gcc" "ASSEMBLER=mb-as" "ARCHIVER=mb-ar" "COMP
TRACE::2026-03-11.11:15:01::SCWMssOS::ILER_FLAGS=  -O2 -c -mcpu=v11.0 -mlittle-endian -mxl-soft-mul" "EXTRA_COMPILER_FLAGS=-g -ffunction-sections -fdata-sections -Wa
TRACE::2026-03-11.11:15:01::SCWMssOS::ll -Wextra -fno-tree-loop-distribute-patterns"

TRACE::2026-03-11.11:15:01::SCWMssOS::"Running Make libs in microblaze_0/libsrc/uartlite_v3_11/src"

TRACE::2026-03-11.11:15:01::SCWMssOS::make -C microblaze_0/libsrc/uartlite_v3_11/src -s libs  "SHELL=CMD" "COMPILER=mb-gcc" "ASSEMBLER=mb-as" "ARCHIVER=mb-ar" "COMPI
TRACE::2026-03-11.11:15:01::SCWMssOS::LER_FLAGS=  -O2 -c -mcpu=v11.0 -mlittle-endian -mxl-soft-mul" "EXTRA_COMPILER_FLAGS=-g -ffunction-sections -fdata-sections -Wal
TRACE::2026-03-11.11:15:01::SCWMssOS::l -Wextra -fno-tree-loop-distribute-patterns"

TRACE::2026-03-11.11:15:05::SCWMssOS::"DEBUG NON_LTO_OBJECTS is ../../../lib/microblaze_interrupt_handler.o"

TRACE::2026-03-11.11:15:05::SCWMssOS::'Finished building libraries parallelly.'

TRACE::2026-03-11.11:15:05::SCWMssOS::make --no-print-directory archive

TRACE::2026-03-11.11:15:05::SCWMssOS::mb-ar -r  microblaze_0/lib/libxil.a microblaze_0/lib/_exit.o microblaze_0/lib/errno.o microblaze_0/lib/fcntl.o microblaze_0/lib
TRACE::2026-03-11.11:15:05::SCWMssOS::/hw_exception_handler.o microblaze_0/lib/inbyte.o microblaze_0/lib/microblaze_disable_dcache.o microblaze_0/lib/microblaze_disa
TRACE::2026-03-11.11:15:05::SCWMssOS::ble_exceptions.o microblaze_0/lib/microblaze_disable_icache.o microblaze_0/lib/microblaze_disable_interrupts.o microblaze_0/lib
TRACE::2026-03-11.11:15:05::SCWMssOS::/microblaze_enable_dcache.o microblaze_0/lib/microblaze_enable_exceptions.o microblaze_0/lib/microblaze_enable_icache.o microbl
TRACE::2026-03-11.11:15:05::SCWMssOS::aze_0/lib/microblaze_enable_interrupts.o microblaze_0/lib/microblaze_exception_handler.o microblaze_0/lib/microblaze_flush_cach
TRACE::2026-03-11.11:15:05::SCWMssOS::e_ext.o microblaze_0/lib/microblaze_flush_cache_ext_range.o microblaze_0/lib/microblaze_flush_dcache.o microblaze_0/lib/microbl
TRACE::2026-03-11.11:15:05::SCWMssOS::aze_flush_dcache_range.o microblaze_0/lib/microblaze_init_dcache_range.o microblaze_0/lib/microblaze_init_icache_range.o microb
TRACE::2026-03-11.11:15:05::SCWMssOS::laze_0/lib/microblaze_interrupt_handler.o microblaze_0/lib/microblaze_interrupts_g.o microblaze_0/lib/microblaze_invalidate_cac
TRACE::2026-03-11.11:15:05::SCWMssOS::he_ext.o microblaze_0/lib/microblaze_invalidate_cache_ext_range.o microblaze_0/lib/microblaze_invalidate_dcache.o microblaze_0/
TRACE::2026-03-11.11:15:05::SCWMssOS::lib/microblaze_invalidate_dcache_range.o microblaze_0/lib/microblaze_invalidate_icache.o microblaze_0/lib/microblaze_invalidate
TRACE::2026-03-11.11:15:05::SCWMssOS::_icache_range.o microblaze_0/lib/microblaze_scrub.o microblaze_0/lib/microblaze_selftest.o microblaze_0/lib/microblaze_sleep.o 
TRACE::2026-03-11.11:15:05::SCWMssOS::microblaze_0/lib/microblaze_update_dcache.o microblaze_0/lib/microblaze_update_icache.o microblaze_0/lib/outbyte.o microblaze_0
TRACE::2026-03-11.11:15:05::SCWMssOS::/lib/print.o microblaze_0/lib/pvr.o microblaze_0/lib/xbram.o microblaze_0/lib/xbram_g.o microblaze_0/lib/xbram_intr.o microblaz
TRACE::2026-03-11.11:15:05::SCWMssOS::e_0/lib/xbram_selftest.o microblaze_0/lib/xbram_sinit.o microblaze_0/lib/xil_assert.o microblaze_0/lib/xil_cache.o microblaze_0
TRACE::2026-03-11.11:15:05::SCWMssOS::/lib/xil_clocking.o microblaze_0/lib/xil_exception.o microblaze_0/lib/xil_mem.o microblaze_0/lib/xil_misc_psreset_api.o microbl
TRACE::2026-03-11.11:15:05::SCWMssOS::aze_0/lib/xil_printf.o microblaze_0/lib/xil_sleepcommon.o microblaze_0/lib/xil_sutil.o microblaze_0/lib/xil_testcache.o microbl
TRACE::2026-03-11.11:15:05::SCWMssOS::aze_0/lib/xil_testio.o microblaze_0/lib/xil_testmem.o microblaze_0/lib/xil_util.o microblaze_0/lib/xinterrupt_wrap.o microblaze
TRACE::2026-03-11.11:15:05::SCWMssOS::_0/lib/xio.o microblaze_0/lib/xplatform_info.o microblaze_0/lib/xpm_init.o microblaze_0/lib/xuartlite.o microblaze_0/lib/xuartl
TRACE::2026-03-11.11:15:05::SCWMssOS::ite_g.o microblaze_0/lib/xuartlite_intr.o microblaze_0/lib/xuartlite_l.o microblaze_0/lib/xuartlite_selftest.o microblaze_0/lib
TRACE::2026-03-11.11:15:05::SCWMssOS::/xuartlite_sinit.o microblaze_0/lib/xuartlite_stats.o

TRACE::2026-03-11.11:15:06::SCWMssOS::'Finished building libraries'

TRACE::2026-03-11.11:15:07::SCWMssOS::Copying to export directory.
TRACE::2026-03-11.11:15:08::SCWMssOS:: Checking if to create the Supporting Applications
TRACE::2026-03-11.11:15:08::SCWMssOS:: No Linux domain exists, trying to generate FSBL 
LOG::2026-03-11.11:15:08::SCWSystem::Completed Processing the domain standalone_microblaze_0
LOG::2026-03-11.11:15:08::SCWSystem::Completed Processing the sysconfig design_1_wrapper
LOG::2026-03-11.11:15:08::SCWPlatform::Completed generating the artifacts for system configuration design_1_wrapper
TRACE::2026-03-11.11:15:08::SCWPlatform::Started preparing the platform 
TRACE::2026-03-11.11:15:08::SCWSystem::Writing the bif file for system config design_1_wrapper
TRACE::2026-03-11.11:15:08::SCWSystem::dir created 
TRACE::2026-03-11.11:15:08::SCWSystem::Writing the bif 
TRACE::2026-03-11.11:15:08::SCWPlatform::Started writing the spfm file 
TRACE::2026-03-11.11:15:08::SCWPlatform::Started writing the xpfm file 
TRACE::2026-03-11.11:15:08::SCWPlatform::Completed generating the platform
TRACE::2026-03-11.11:15:08::SCWMssOS::Saving the mss changes C:/Users/C27Jayden.Randolph/ece383_wksp/ice2/design_1_wrapper/microblaze_0/standalone_microblaze_0/bsp/system.mss
TRACE::2026-03-11.11:15:08::SCWMssOS::Found a swdesign opened with the mssfile.
TRACE::2026-03-11.11:15:08::SCWMssOS::Completed writemss as part of save.
TRACE::2026-03-11.11:15:08::SCWMssOS::Commit changes completed.
TRACE::2026-03-11.11:15:08::SCWPlatform::Trying to open the hw design at C:/Users/C27Jayden.Randolph/ece383_wksp/ice2/design_1_wrapper/hw/design_1_wrapper.xsa
TRACE::2026-03-11.11:15:08::SCWPlatform::DSA given C:/Users/C27Jayden.Randolph/ece383_wksp/ice2/design_1_wrapper/hw/design_1_wrapper.xsa
TRACE::2026-03-11.11:15:08::SCWPlatform::DSA absoulate path C:/Users/C27Jayden.Randolph/ece383_wksp/ice2/design_1_wrapper/hw/design_1_wrapper.xsa
TRACE::2026-03-11.11:15:08::SCWPlatform::DSA directory C:/Users/C27Jayden.Randolph/ece383_wksp/ice2/design_1_wrapper/hw
TRACE::2026-03-11.11:15:08::SCWPlatform:: Platform Path C:/Users/C27Jayden.Randolph/ece383_wksp/ice2/design_1_wrapper/hw/design_1_wrapper.xsa
TRACE::2026-03-11.11:15:08::SCWPlatform:: Unique name xilinx:nexys_video::0.0
TRACE::2026-03-11.11:15:08::SCWPlatform::Trying to set the existing hwdb with name design_1_wrapper_0
TRACE::2026-03-11.11:15:08::SCWPlatform::Opened existing hwdb design_1_wrapper_0
TRACE::2026-03-11.11:15:08::SCWPlatform::Found the Hw Db part of the input DSA
TRACE::2026-03-11.11:15:08::SCWMssOS::Checking the sw design at  C:/Users/C27Jayden.Randolph/ece383_wksp/ice2/design_1_wrapper/microblaze_0/standalone_microblaze_0/bsp/system.mss
TRACE::2026-03-11.11:15:08::SCWMssOS::DEBUG:  swdes dump  C:/Users/C27Jayden.Randolph/ece383_wksp/ice2/design_1_wrapper/microblaze_0/standalone_microblaze_0/bsp/system.mss|system||

TRACE::2026-03-11.11:15:08::SCWMssOS::Sw design exists and opened at  C:/Users/C27Jayden.Randolph/ece383_wksp/ice2/design_1_wrapper/microblaze_0/standalone_microblaze_0/bsp/system.mss
TRACE::2026-03-11.11:15:08::SCWPlatform::Trying to open the hw design at C:/Users/C27Jayden.Randolph/ece383_wksp/ice2/design_1_wrapper/hw/design_1_wrapper.xsa
TRACE::2026-03-11.11:15:08::SCWPlatform::DSA given C:/Users/C27Jayden.Randolph/ece383_wksp/ice2/design_1_wrapper/hw/design_1_wrapper.xsa
TRACE::2026-03-11.11:15:08::SCWPlatform::DSA absoulate path C:/Users/C27Jayden.Randolph/ece383_wksp/ice2/design_1_wrapper/hw/design_1_wrapper.xsa
TRACE::2026-03-11.11:15:08::SCWPlatform::DSA directory C:/Users/C27Jayden.Randolph/ece383_wksp/ice2/design_1_wrapper/hw
TRACE::2026-03-11.11:15:08::SCWPlatform:: Platform Path C:/Users/C27Jayden.Randolph/ece383_wksp/ice2/design_1_wrapper/hw/design_1_wrapper.xsa
TRACE::2026-03-11.11:15:08::SCWPlatform:: Unique name xilinx:nexys_video::0.0
TRACE::2026-03-11.11:15:08::SCWPlatform::Trying to set the existing hwdb with name design_1_wrapper_0
TRACE::2026-03-11.11:15:08::SCWPlatform::Opened existing hwdb design_1_wrapper_0
TRACE::2026-03-11.11:15:08::SCWPlatform::Found the Hw Db part of the input DSA
TRACE::2026-03-11.11:15:08::SCWMssOS::Checking the sw design at  C:/Users/C27Jayden.Randolph/ece383_wksp/ice2/design_1_wrapper/microblaze_0/standalone_microblaze_0/bsp/system.mss
TRACE::2026-03-11.11:15:08::SCWMssOS::DEBUG:  swdes dump  C:/Users/C27Jayden.Randolph/ece383_wksp/ice2/design_1_wrapper/microblaze_0/standalone_microblaze_0/bsp/system.mss|system||

TRACE::2026-03-11.11:15:08::SCWMssOS::Sw design exists and opened at  C:/Users/C27Jayden.Randolph/ece383_wksp/ice2/design_1_wrapper/microblaze_0/standalone_microblaze_0/bsp/system.mss
TRACE::2026-03-11.11:15:08::SCWPlatform::Trying to open the hw design at C:/Users/C27Jayden.Randolph/ece383_wksp/ice2/design_1_wrapper/hw/design_1_wrapper.xsa
TRACE::2026-03-11.11:15:08::SCWPlatform::DSA given C:/Users/C27Jayden.Randolph/ece383_wksp/ice2/design_1_wrapper/hw/design_1_wrapper.xsa
TRACE::2026-03-11.11:15:08::SCWPlatform::DSA absoulate path C:/Users/C27Jayden.Randolph/ece383_wksp/ice2/design_1_wrapper/hw/design_1_wrapper.xsa
TRACE::2026-03-11.11:15:08::SCWPlatform::DSA directory C:/Users/C27Jayden.Randolph/ece383_wksp/ice2/design_1_wrapper/hw
TRACE::2026-03-11.11:15:08::SCWPlatform:: Platform Path C:/Users/C27Jayden.Randolph/ece383_wksp/ice2/design_1_wrapper/hw/design_1_wrapper.xsa
TRACE::2026-03-11.11:15:08::SCWPlatform:: Unique name xilinx:nexys_video::0.0
TRACE::2026-03-11.11:15:08::SCWPlatform::Trying to set the existing hwdb with name design_1_wrapper_0
TRACE::2026-03-11.11:15:08::SCWPlatform::Opened existing hwdb design_1_wrapper_0
TRACE::2026-03-11.11:15:08::SCWPlatform::Found the Hw Db part of the input DSA
TRACE::2026-03-11.11:15:08::SCWMssOS::Checking the sw design at  C:/Users/C27Jayden.Randolph/ece383_wksp/ice2/design_1_wrapper/microblaze_0/standalone_microblaze_0/bsp/system.mss
TRACE::2026-03-11.11:15:08::SCWMssOS::DEBUG:  swdes dump  C:/Users/C27Jayden.Randolph/ece383_wksp/ice2/design_1_wrapper/microblaze_0/standalone_microblaze_0/bsp/system.mss|system||

TRACE::2026-03-11.11:15:08::SCWMssOS::Sw design exists and opened at  C:/Users/C27Jayden.Randolph/ece383_wksp/ice2/design_1_wrapper/microblaze_0/standalone_microblaze_0/bsp/system.mss
TRACE::2026-03-11.11:15:08::SCWWriter::formatted JSON is {
	"platformName":	"design_1_wrapper",
	"sprVersion":	"2.0",
	"mode":	"gui",
	"dsaType":	"Fixed",
	"platformDesc":	"design_1_wrapper",
	"platHandOff":	"C:/Users/C27Jayden.Randolph/ece383_wksp/ice1/ublaze2/design_1_wrapper.xsa",
	"platIntHandOff":	"<platformDir>/hw/design_1_wrapper.xsa",
	"deviceType":	"FPGA",
	"platIsPrebuiltAutogen":	"false",
	"platIsNoBootBsp":	"false",
	"hasFsblMakeHasChanges":	"false",
	"hasPmufwMakeHasChanges":	"false",
	"platPreBuiltFlag":	false,
	"platformSamplesDir":	"",
	"platActiveSys":	"design_1_wrapper",
	"systems":	[{
			"systemName":	"design_1_wrapper",
			"systemDesc":	"design_1_wrapper",
			"sysIsBootAutoGen":	"true",
			"systemDispName":	"design_1_wrapper",
			"sysActiveDom":	"standalone_microblaze_0",
			"sysDefaultDom":	"standalone_microblaze_0",
			"domains":	[{
					"domainName":	"standalone_microblaze_0",
					"domainDispName":	"standalone_microblaze_0",
					"domainDesc":	"standalone_microblaze_0",
					"processors":	"microblaze_0",
					"os":	"standalone",
					"sdxOs":	"standalone",
					"debugEnable":	"False",
					"domRuntimes":	["cpp"],
					"swRepo":	"",
					"mssOsVer":	"9.2",
					"mssFile":	"",
					"md5Digest":	"78d0412b485d8ad9f86b2c0627bf3467",
					"compatibleApp":	"hello_world",
					"domType":	"mssDomain",
					"arch":	"32-bit",
					"appSettings":	{
						"appCompilerFlags":	"",
						"appLinkerFlags":	""
					},
					"addedLibs":	[],
					"libOptions":	{
						"libsContainingOptions":	[]
					},
					"prebuiltLibs":	{
						"prebuiltIncPath":	[],
						"prebuiltLibPath":	[]
					},
					"isolation":	{
					}
				}]
		}]
}
KEYINFO::2026-03-11.11:15:08::SCWPlatform::updated the xpfm file.
TRACE::2026-03-11.11:15:08::SCWPlatform::Trying to open the hw design at C:/Users/C27Jayden.Randolph/ece383_wksp/ice2/design_1_wrapper/hw/design_1_wrapper.xsa
TRACE::2026-03-11.11:15:08::SCWPlatform::DSA given C:/Users/C27Jayden.Randolph/ece383_wksp/ice2/design_1_wrapper/hw/design_1_wrapper.xsa
TRACE::2026-03-11.11:15:08::SCWPlatform::DSA absoulate path C:/Users/C27Jayden.Randolph/ece383_wksp/ice2/design_1_wrapper/hw/design_1_wrapper.xsa
TRACE::2026-03-11.11:15:08::SCWPlatform::DSA directory C:/Users/C27Jayden.Randolph/ece383_wksp/ice2/design_1_wrapper/hw
TRACE::2026-03-11.11:15:08::SCWPlatform:: Platform Path C:/Users/C27Jayden.Randolph/ece383_wksp/ice2/design_1_wrapper/hw/design_1_wrapper.xsa
TRACE::2026-03-11.11:15:08::SCWPlatform:: Unique name xilinx:nexys_video::0.0
TRACE::2026-03-11.11:15:08::SCWPlatform::Trying to set the existing hwdb with name design_1_wrapper_0
TRACE::2026-03-11.11:15:08::SCWPlatform::Opened existing hwdb design_1_wrapper_0
TRACE::2026-03-11.11:15:08::SCWPlatform::Found the Hw Db part of the input DSA
TRACE::2026-03-11.11:15:08::SCWMssOS::Checking the sw design at  C:/Users/C27Jayden.Randolph/ece383_wksp/ice2/design_1_wrapper/microblaze_0/standalone_microblaze_0/bsp/system.mss
TRACE::2026-03-11.11:15:08::SCWMssOS::DEBUG:  swdes dump  C:/Users/C27Jayden.Randolph/ece383_wksp/ice2/design_1_wrapper/microblaze_0/standalone_microblaze_0/bsp/system.mss|system||

TRACE::2026-03-11.11:15:08::SCWMssOS::Sw design exists and opened at  C:/Users/C27Jayden.Randolph/ece383_wksp/ice2/design_1_wrapper/microblaze_0/standalone_microblaze_0/bsp/system.mss
TRACE::2026-03-11.12:40:41::SCWMssOS::cleaning the bsp 
TRACE::2026-03-11.12:40:41::SCWMssOS::System Command Ran  C: & cd  C:/Users/C27Jayden.Randolph/ece383_wksp/ice2/design_1_wrapper/microblaze_0/standalone_microblaze_0/bsp & make clean 
TRACE::2026-03-11.12:40:42::SCWMssOS::make -C microblaze_0/libsrc/bram_v4_11/src -s clean 

TRACE::2026-03-11.12:40:42::SCWMssOS::make -C microblaze_0/libsrc/cpu_v2_18/src -s clean 

TRACE::2026-03-11.12:40:42::SCWMssOS::make -C microblaze_0/libsrc/standalone_v9_2/src -s clean 

TRACE::2026-03-11.12:40:43::SCWMssOS::make -C microblaze_0/libsrc/uartlite_v3_11/src -s clean 

TRACE::2026-03-11.12:40:43::SCWMssOS::rm -f microblaze_0/lib/libxil.a

LOG::2026-03-11.12:42:07::SCWPlatform::Started generating the artifacts platform design_1_wrapper
TRACE::2026-03-11.12:42:07::SCWPlatform::Sanity checking of platform is completed
LOG::2026-03-11.12:42:07::SCWPlatform::Started generating the artifacts for system configuration design_1_wrapper
LOG::2026-03-11.12:42:07::SCWSystem::Checking the domain standalone_microblaze_0
LOG::2026-03-11.12:42:07::SCWSystem::Not a boot domain 
LOG::2026-03-11.12:42:07::SCWSystem::Started Processing the domain standalone_microblaze_0
TRACE::2026-03-11.12:42:07::SCWDomain::Generating domain artifcats
TRACE::2026-03-11.12:42:07::SCWMssOS::Generating standalone artifcats
TRACE::2026-03-11.12:42:07::SCWMssOS:: Copying the user libraries. 
TRACE::2026-03-11.12:42:07::SCWPlatform::Trying to open the hw design at C:/Users/C27Jayden.Randolph/ece383_wksp/ice2/design_1_wrapper/hw/design_1_wrapper.xsa
TRACE::2026-03-11.12:42:07::SCWPlatform::DSA given C:/Users/C27Jayden.Randolph/ece383_wksp/ice2/design_1_wrapper/hw/design_1_wrapper.xsa
TRACE::2026-03-11.12:42:07::SCWPlatform::DSA absoulate path C:/Users/C27Jayden.Randolph/ece383_wksp/ice2/design_1_wrapper/hw/design_1_wrapper.xsa
TRACE::2026-03-11.12:42:07::SCWPlatform::DSA directory C:/Users/C27Jayden.Randolph/ece383_wksp/ice2/design_1_wrapper/hw
TRACE::2026-03-11.12:42:07::SCWPlatform:: Platform Path C:/Users/C27Jayden.Randolph/ece383_wksp/ice2/design_1_wrapper/hw/design_1_wrapper.xsa
TRACE::2026-03-11.12:42:07::SCWPlatform:: Unique name xilinx:nexys_video::0.0
TRACE::2026-03-11.12:42:07::SCWPlatform::Trying to set the existing hwdb with name design_1_wrapper_0
TRACE::2026-03-11.12:42:07::SCWPlatform::Opened existing hwdb design_1_wrapper_0
TRACE::2026-03-11.12:42:07::SCWPlatform::Found the Hw Db part of the input DSA
TRACE::2026-03-11.12:42:07::SCWMssOS::Checking the sw design at  C:/Users/C27Jayden.Randolph/ece383_wksp/ice2/design_1_wrapper/microblaze_0/standalone_microblaze_0/bsp/system.mss
TRACE::2026-03-11.12:42:07::SCWMssOS::DEBUG:  swdes dump  C:/Users/C27Jayden.Randolph/ece383_wksp/ice2/design_1_wrapper/microblaze_0/standalone_microblaze_0/bsp/system.mss|system||

TRACE::2026-03-11.12:42:07::SCWMssOS::Sw design exists and opened at  C:/Users/C27Jayden.Randolph/ece383_wksp/ice2/design_1_wrapper/microblaze_0/standalone_microblaze_0/bsp/system.mss
TRACE::2026-03-11.12:42:07::SCWMssOS::Completed writing the mss file at C:/Users/C27Jayden.Randolph/ece383_wksp/ice2/design_1_wrapper/microblaze_0/standalone_microblaze_0/bsp
TRACE::2026-03-11.12:42:07::SCWMssOS::Mss edits present, copying mssfile into export location C:/Users/C27Jayden.Randolph/ece383_wksp/ice2/design_1_wrapper/microblaze_0/standalone_microblaze_0/bsp/system.mss
TRACE::2026-03-11.12:42:07::SCWMssOS::bsp generated is upto date with the mss file. Skipping bsp generation.
TRACE::2026-03-11.12:42:07::SCWMssOS::BSP is already built. skipping the bsp build ... 
TRACE::2026-03-11.12:42:07::SCWDomain::Building the domain as part of full build :  standalone_microblaze_0
TRACE::2026-03-11.12:42:07::SCWMssOS::doing bsp build ... 
TRACE::2026-03-11.12:42:07::SCWMssOS::System Command Ran  C: & cd  C:/Users/C27Jayden.Randolph/ece383_wksp/ice2/design_1_wrapper/microblaze_0/standalone_microblaze_0/bsp & make 
TRACE::2026-03-11.12:42:07::SCWMssOS::make --no-print-directory seq_libs

TRACE::2026-03-11.12:42:07::SCWMssOS::'Finished building libraries sequentially.'

TRACE::2026-03-11.12:42:07::SCWMssOS::make -j 14 --no-print-directory par_libs

TRACE::2026-03-11.12:42:07::SCWMssOS::"Running Make include in microblaze_0/libsrc/bram_v4_11/src"

TRACE::2026-03-11.12:42:07::SCWMssOS::make -C microblaze_0/libsrc/bram_v4_11/src -s include  "SHELL=CMD" "COMPILER=mb-gcc" "ASSEMBLER=mb-as" "ARCHIVER=mb-ar" "COMPIL
TRACE::2026-03-11.12:42:07::SCWMssOS::ER_FLAGS=  -O2 -c -mcpu=v11.0 -mlittle-endian -mxl-soft-mul" "EXTRA_COMPILER_FLAGS=-g -ffunction-sections -fdata-sections -Wall
TRACE::2026-03-11.12:42:07::SCWMssOS:: -Wextra -fno-tree-loop-distribute-patterns"

TRACE::2026-03-11.12:42:07::SCWMssOS::"Running Make include in microblaze_0/libsrc/cpu_v2_18/src"

TRACE::2026-03-11.12:42:07::SCWMssOS::make -C microblaze_0/libsrc/cpu_v2_18/src -s include  "SHELL=CMD" "COMPILER=mb-gcc" "ASSEMBLER=mb-as" "ARCHIVER=mb-ar" "COMPILE
TRACE::2026-03-11.12:42:07::SCWMssOS::R_FLAGS=  -O2 -c -mcpu=v11.0 -mlittle-endian -mxl-soft-mul" "EXTRA_COMPILER_FLAGS=-g -ffunction-sections -fdata-sections -Wall 
TRACE::2026-03-11.12:42:07::SCWMssOS::-Wextra -fno-tree-loop-distribute-patterns"

TRACE::2026-03-11.12:42:07::SCWMssOS::"Running Make include in microblaze_0/libsrc/standalone_v9_2/src"

TRACE::2026-03-11.12:42:07::SCWMssOS::make -C microblaze_0/libsrc/standalone_v9_2/src -s include  "SHELL=CMD" "COMPILER=mb-gcc" "ASSEMBLER=mb-as" "ARCHIVER=mb-ar" "C
TRACE::2026-03-11.12:42:07::SCWMssOS::OMPILER_FLAGS=  -O2 -c -mcpu=v11.0 -mlittle-endian -mxl-soft-mul" "EXTRA_COMPILER_FLAGS=-g -ffunction-sections -fdata-sections 
TRACE::2026-03-11.12:42:07::SCWMssOS::-Wall -Wextra -fno-tree-loop-distribute-patterns"

TRACE::2026-03-11.12:42:07::SCWMssOS::"Running Make include in microblaze_0/libsrc/uartlite_v3_11/src"

TRACE::2026-03-11.12:42:07::SCWMssOS::make -C microblaze_0/libsrc/uartlite_v3_11/src -s include  "SHELL=CMD" "COMPILER=mb-gcc" "ASSEMBLER=mb-as" "ARCHIVER=mb-ar" "CO
TRACE::2026-03-11.12:42:07::SCWMssOS::MPILER_FLAGS=  -O2 -c -mcpu=v11.0 -mlittle-endian -mxl-soft-mul" "EXTRA_COMPILER_FLAGS=-g -ffunction-sections -fdata-sections -
TRACE::2026-03-11.12:42:07::SCWMssOS::Wall -Wextra -fno-tree-loop-distribute-patterns"

TRACE::2026-03-11.12:42:08::SCWMssOS::"Running Make libs in microblaze_0/libsrc/bram_v4_11/src"

TRACE::2026-03-11.12:42:08::SCWMssOS::make -C microblaze_0/libsrc/bram_v4_11/src -s libs  "SHELL=CMD" "COMPILER=mb-gcc" "ASSEMBLER=mb-as" "ARCHIVER=mb-ar" "COMPILER_
TRACE::2026-03-11.12:42:08::SCWMssOS::FLAGS=  -O2 -c -mcpu=v11.0 -mlittle-endian -mxl-soft-mul" "EXTRA_COMPILER_FLAGS=-g -ffunction-sections -fdata-sections -Wall -W
TRACE::2026-03-11.12:42:08::SCWMssOS::extra -fno-tree-loop-distribute-patterns"

TRACE::2026-03-11.12:42:08::SCWMssOS::"Running Make libs in microblaze_0/libsrc/cpu_v2_18/src"

TRACE::2026-03-11.12:42:08::SCWMssOS::make -C microblaze_0/libsrc/cpu_v2_18/src -s libs  "SHELL=CMD" "COMPILER=mb-gcc" "ASSEMBLER=mb-as" "ARCHIVER=mb-ar" "COMPILER_F
TRACE::2026-03-11.12:42:08::SCWMssOS::LAGS=  -O2 -c -mcpu=v11.0 -mlittle-endian -mxl-soft-mul" "EXTRA_COMPILER_FLAGS=-g -ffunction-sections -fdata-sections -Wall -We
TRACE::2026-03-11.12:42:08::SCWMssOS::xtra -fno-tree-loop-distribute-patterns"

TRACE::2026-03-11.12:42:08::SCWMssOS::"Running Make libs in microblaze_0/libsrc/standalone_v9_2/src"

TRACE::2026-03-11.12:42:08::SCWMssOS::make -C microblaze_0/libsrc/standalone_v9_2/src -s libs  "SHELL=CMD" "COMPILER=mb-gcc" "ASSEMBLER=mb-as" "ARCHIVER=mb-ar" "COMP
TRACE::2026-03-11.12:42:08::SCWMssOS::ILER_FLAGS=  -O2 -c -mcpu=v11.0 -mlittle-endian -mxl-soft-mul" "EXTRA_COMPILER_FLAGS=-g -ffunction-sections -fdata-sections -Wa
TRACE::2026-03-11.12:42:08::SCWMssOS::ll -Wextra -fno-tree-loop-distribute-patterns"

TRACE::2026-03-11.12:42:08::SCWMssOS::"Running Make libs in microblaze_0/libsrc/uartlite_v3_11/src"

TRACE::2026-03-11.12:42:08::SCWMssOS::make -C microblaze_0/libsrc/uartlite_v3_11/src -s libs  "SHELL=CMD" "COMPILER=mb-gcc" "ASSEMBLER=mb-as" "ARCHIVER=mb-ar" "COMPI
TRACE::2026-03-11.12:42:08::SCWMssOS::LER_FLAGS=  -O2 -c -mcpu=v11.0 -mlittle-endian -mxl-soft-mul" "EXTRA_COMPILER_FLAGS=-g -ffunction-sections -fdata-sections -Wal
TRACE::2026-03-11.12:42:08::SCWMssOS::l -Wextra -fno-tree-loop-distribute-patterns"

TRACE::2026-03-11.12:42:11::SCWMssOS::"DEBUG NON_LTO_OBJECTS is ../../../lib/microblaze_interrupt_handler.o"

TRACE::2026-03-11.12:42:11::SCWMssOS::'Finished building libraries parallelly.'

TRACE::2026-03-11.12:42:11::SCWMssOS::make --no-print-directory archive

TRACE::2026-03-11.12:42:11::SCWMssOS::mb-ar -r  microblaze_0/lib/libxil.a microblaze_0/lib/_exit.o microblaze_0/lib/errno.o microblaze_0/lib/fcntl.o microblaze_0/lib
TRACE::2026-03-11.12:42:11::SCWMssOS::/hw_exception_handler.o microblaze_0/lib/inbyte.o microblaze_0/lib/microblaze_disable_dcache.o microblaze_0/lib/microblaze_disa
TRACE::2026-03-11.12:42:11::SCWMssOS::ble_exceptions.o microblaze_0/lib/microblaze_disable_icache.o microblaze_0/lib/microblaze_disable_interrupts.o microblaze_0/lib
TRACE::2026-03-11.12:42:11::SCWMssOS::/microblaze_enable_dcache.o microblaze_0/lib/microblaze_enable_exceptions.o microblaze_0/lib/microblaze_enable_icache.o microbl
TRACE::2026-03-11.12:42:11::SCWMssOS::aze_0/lib/microblaze_enable_interrupts.o microblaze_0/lib/microblaze_exception_handler.o microblaze_0/lib/microblaze_flush_cach
TRACE::2026-03-11.12:42:11::SCWMssOS::e_ext.o microblaze_0/lib/microblaze_flush_cache_ext_range.o microblaze_0/lib/microblaze_flush_dcache.o microblaze_0/lib/microbl
TRACE::2026-03-11.12:42:11::SCWMssOS::aze_flush_dcache_range.o microblaze_0/lib/microblaze_init_dcache_range.o microblaze_0/lib/microblaze_init_icache_range.o microb
TRACE::2026-03-11.12:42:11::SCWMssOS::laze_0/lib/microblaze_interrupt_handler.o microblaze_0/lib/microblaze_interrupts_g.o microblaze_0/lib/microblaze_invalidate_cac
TRACE::2026-03-11.12:42:11::SCWMssOS::he_ext.o microblaze_0/lib/microblaze_invalidate_cache_ext_range.o microblaze_0/lib/microblaze_invalidate_dcache.o microblaze_0/
TRACE::2026-03-11.12:42:11::SCWMssOS::lib/microblaze_invalidate_dcache_range.o microblaze_0/lib/microblaze_invalidate_icache.o microblaze_0/lib/microblaze_invalidate
TRACE::2026-03-11.12:42:11::SCWMssOS::_icache_range.o microblaze_0/lib/microblaze_scrub.o microblaze_0/lib/microblaze_selftest.o microblaze_0/lib/microblaze_sleep.o 
TRACE::2026-03-11.12:42:11::SCWMssOS::microblaze_0/lib/microblaze_update_dcache.o microblaze_0/lib/microblaze_update_icache.o microblaze_0/lib/outbyte.o microblaze_0
TRACE::2026-03-11.12:42:11::SCWMssOS::/lib/print.o microblaze_0/lib/pvr.o microblaze_0/lib/xbram.o microblaze_0/lib/xbram_g.o microblaze_0/lib/xbram_intr.o microblaz
TRACE::2026-03-11.12:42:11::SCWMssOS::e_0/lib/xbram_selftest.o microblaze_0/lib/xbram_sinit.o microblaze_0/lib/xil_assert.o microblaze_0/lib/xil_cache.o microblaze_0
TRACE::2026-03-11.12:42:11::SCWMssOS::/lib/xil_clocking.o microblaze_0/lib/xil_exception.o microblaze_0/lib/xil_mem.o microblaze_0/lib/xil_misc_psreset_api.o microbl
TRACE::2026-03-11.12:42:11::SCWMssOS::aze_0/lib/xil_printf.o microblaze_0/lib/xil_sleepcommon.o microblaze_0/lib/xil_sutil.o microblaze_0/lib/xil_testcache.o microbl
TRACE::2026-03-11.12:42:11::SCWMssOS::aze_0/lib/xil_testio.o microblaze_0/lib/xil_testmem.o microblaze_0/lib/xil_util.o microblaze_0/lib/xinterrupt_wrap.o microblaze
TRACE::2026-03-11.12:42:11::SCWMssOS::_0/lib/xio.o microblaze_0/lib/xplatform_info.o microblaze_0/lib/xpm_init.o microblaze_0/lib/xuartlite.o microblaze_0/lib/xuartl
TRACE::2026-03-11.12:42:11::SCWMssOS::ite_g.o microblaze_0/lib/xuartlite_intr.o microblaze_0/lib/xuartlite_l.o microblaze_0/lib/xuartlite_selftest.o microblaze_0/lib
TRACE::2026-03-11.12:42:11::SCWMssOS::/xuartlite_sinit.o microblaze_0/lib/xuartlite_stats.o

TRACE::2026-03-11.12:42:12::SCWMssOS::'Finished building libraries'

TRACE::2026-03-11.12:42:12::SCWMssOS::Copying to export directory.
TRACE::2026-03-11.12:42:13::SCWMssOS:: Checking if to create the Supporting Applications
TRACE::2026-03-11.12:42:13::SCWMssOS:: No Linux domain exists, trying to generate FSBL 
LOG::2026-03-11.12:42:13::SCWSystem::Completed Processing the domain standalone_microblaze_0
LOG::2026-03-11.12:42:13::SCWSystem::Completed Processing the sysconfig design_1_wrapper
LOG::2026-03-11.12:42:13::SCWPlatform::Completed generating the artifacts for system configuration design_1_wrapper
TRACE::2026-03-11.12:42:13::SCWPlatform::Started preparing the platform 
TRACE::2026-03-11.12:42:13::SCWSystem::Writing the bif file for system config design_1_wrapper
TRACE::2026-03-11.12:42:13::SCWSystem::dir created 
TRACE::2026-03-11.12:42:13::SCWSystem::Writing the bif 
TRACE::2026-03-11.12:42:13::SCWPlatform::Started writing the spfm file 
TRACE::2026-03-11.12:42:13::SCWPlatform::Started writing the xpfm file 
TRACE::2026-03-11.12:42:13::SCWPlatform::Completed generating the platform
TRACE::2026-03-11.12:42:13::SCWMssOS::Saving the mss changes C:/Users/C27Jayden.Randolph/ece383_wksp/ice2/design_1_wrapper/microblaze_0/standalone_microblaze_0/bsp/system.mss
TRACE::2026-03-11.12:42:13::SCWMssOS::Found a swdesign opened with the mssfile.
TRACE::2026-03-11.12:42:13::SCWMssOS::Completed writemss as part of save.
TRACE::2026-03-11.12:42:13::SCWMssOS::Commit changes completed.
TRACE::2026-03-11.12:42:13::SCWPlatform::Trying to open the hw design at C:/Users/C27Jayden.Randolph/ece383_wksp/ice2/design_1_wrapper/hw/design_1_wrapper.xsa
TRACE::2026-03-11.12:42:13::SCWPlatform::DSA given C:/Users/C27Jayden.Randolph/ece383_wksp/ice2/design_1_wrapper/hw/design_1_wrapper.xsa
TRACE::2026-03-11.12:42:13::SCWPlatform::DSA absoulate path C:/Users/C27Jayden.Randolph/ece383_wksp/ice2/design_1_wrapper/hw/design_1_wrapper.xsa
TRACE::2026-03-11.12:42:13::SCWPlatform::DSA directory C:/Users/C27Jayden.Randolph/ece383_wksp/ice2/design_1_wrapper/hw
TRACE::2026-03-11.12:42:13::SCWPlatform:: Platform Path C:/Users/C27Jayden.Randolph/ece383_wksp/ice2/design_1_wrapper/hw/design_1_wrapper.xsa
TRACE::2026-03-11.12:42:13::SCWPlatform:: Unique name xilinx:nexys_video::0.0
TRACE::2026-03-11.12:42:13::SCWPlatform::Trying to set the existing hwdb with name design_1_wrapper_0
TRACE::2026-03-11.12:42:13::SCWPlatform::Opened existing hwdb design_1_wrapper_0
TRACE::2026-03-11.12:42:13::SCWPlatform::Found the Hw Db part of the input DSA
TRACE::2026-03-11.12:42:13::SCWMssOS::Checking the sw design at  C:/Users/C27Jayden.Randolph/ece383_wksp/ice2/design_1_wrapper/microblaze_0/standalone_microblaze_0/bsp/system.mss
TRACE::2026-03-11.12:42:13::SCWMssOS::DEBUG:  swdes dump  C:/Users/C27Jayden.Randolph/ece383_wksp/ice2/design_1_wrapper/microblaze_0/standalone_microblaze_0/bsp/system.mss|system||

TRACE::2026-03-11.12:42:13::SCWMssOS::Sw design exists and opened at  C:/Users/C27Jayden.Randolph/ece383_wksp/ice2/design_1_wrapper/microblaze_0/standalone_microblaze_0/bsp/system.mss
TRACE::2026-03-11.12:42:13::SCWPlatform::Trying to open the hw design at C:/Users/C27Jayden.Randolph/ece383_wksp/ice2/design_1_wrapper/hw/design_1_wrapper.xsa
TRACE::2026-03-11.12:42:13::SCWPlatform::DSA given C:/Users/C27Jayden.Randolph/ece383_wksp/ice2/design_1_wrapper/hw/design_1_wrapper.xsa
TRACE::2026-03-11.12:42:13::SCWPlatform::DSA absoulate path C:/Users/C27Jayden.Randolph/ece383_wksp/ice2/design_1_wrapper/hw/design_1_wrapper.xsa
TRACE::2026-03-11.12:42:13::SCWPlatform::DSA directory C:/Users/C27Jayden.Randolph/ece383_wksp/ice2/design_1_wrapper/hw
TRACE::2026-03-11.12:42:13::SCWPlatform:: Platform Path C:/Users/C27Jayden.Randolph/ece383_wksp/ice2/design_1_wrapper/hw/design_1_wrapper.xsa
TRACE::2026-03-11.12:42:13::SCWPlatform:: Unique name xilinx:nexys_video::0.0
TRACE::2026-03-11.12:42:13::SCWPlatform::Trying to set the existing hwdb with name design_1_wrapper_0
TRACE::2026-03-11.12:42:13::SCWPlatform::Opened existing hwdb design_1_wrapper_0
TRACE::2026-03-11.12:42:13::SCWPlatform::Found the Hw Db part of the input DSA
TRACE::2026-03-11.12:42:13::SCWMssOS::Checking the sw design at  C:/Users/C27Jayden.Randolph/ece383_wksp/ice2/design_1_wrapper/microblaze_0/standalone_microblaze_0/bsp/system.mss
TRACE::2026-03-11.12:42:13::SCWMssOS::DEBUG:  swdes dump  C:/Users/C27Jayden.Randolph/ece383_wksp/ice2/design_1_wrapper/microblaze_0/standalone_microblaze_0/bsp/system.mss|system||

TRACE::2026-03-11.12:42:13::SCWMssOS::Sw design exists and opened at  C:/Users/C27Jayden.Randolph/ece383_wksp/ice2/design_1_wrapper/microblaze_0/standalone_microblaze_0/bsp/system.mss
TRACE::2026-03-11.12:42:13::SCWPlatform::Trying to open the hw design at C:/Users/C27Jayden.Randolph/ece383_wksp/ice2/design_1_wrapper/hw/design_1_wrapper.xsa
TRACE::2026-03-11.12:42:13::SCWPlatform::DSA given C:/Users/C27Jayden.Randolph/ece383_wksp/ice2/design_1_wrapper/hw/design_1_wrapper.xsa
TRACE::2026-03-11.12:42:13::SCWPlatform::DSA absoulate path C:/Users/C27Jayden.Randolph/ece383_wksp/ice2/design_1_wrapper/hw/design_1_wrapper.xsa
TRACE::2026-03-11.12:42:13::SCWPlatform::DSA directory C:/Users/C27Jayden.Randolph/ece383_wksp/ice2/design_1_wrapper/hw
TRACE::2026-03-11.12:42:13::SCWPlatform:: Platform Path C:/Users/C27Jayden.Randolph/ece383_wksp/ice2/design_1_wrapper/hw/design_1_wrapper.xsa
TRACE::2026-03-11.12:42:13::SCWPlatform:: Unique name xilinx:nexys_video::0.0
TRACE::2026-03-11.12:42:13::SCWPlatform::Trying to set the existing hwdb with name design_1_wrapper_0
TRACE::2026-03-11.12:42:13::SCWPlatform::Opened existing hwdb design_1_wrapper_0
TRACE::2026-03-11.12:42:13::SCWPlatform::Found the Hw Db part of the input DSA
TRACE::2026-03-11.12:42:13::SCWMssOS::Checking the sw design at  C:/Users/C27Jayden.Randolph/ece383_wksp/ice2/design_1_wrapper/microblaze_0/standalone_microblaze_0/bsp/system.mss
TRACE::2026-03-11.12:42:13::SCWMssOS::DEBUG:  swdes dump  C:/Users/C27Jayden.Randolph/ece383_wksp/ice2/design_1_wrapper/microblaze_0/standalone_microblaze_0/bsp/system.mss|system||

TRACE::2026-03-11.12:42:13::SCWMssOS::Sw design exists and opened at  C:/Users/C27Jayden.Randolph/ece383_wksp/ice2/design_1_wrapper/microblaze_0/standalone_microblaze_0/bsp/system.mss
TRACE::2026-03-11.12:42:13::SCWWriter::formatted JSON is {
	"platformName":	"design_1_wrapper",
	"sprVersion":	"2.0",
	"mode":	"gui",
	"dsaType":	"Fixed",
	"platformDesc":	"design_1_wrapper",
	"platHandOff":	"C:/Users/C27Jayden.Randolph/ece383_wksp/ice1/ublaze2/design_1_wrapper.xsa",
	"platIntHandOff":	"<platformDir>/hw/design_1_wrapper.xsa",
	"deviceType":	"FPGA",
	"platIsPrebuiltAutogen":	"false",
	"platIsNoBootBsp":	"false",
	"hasFsblMakeHasChanges":	"false",
	"hasPmufwMakeHasChanges":	"false",
	"platPreBuiltFlag":	false,
	"platformSamplesDir":	"",
	"platActiveSys":	"design_1_wrapper",
	"systems":	[{
			"systemName":	"design_1_wrapper",
			"systemDesc":	"design_1_wrapper",
			"sysIsBootAutoGen":	"true",
			"systemDispName":	"design_1_wrapper",
			"sysActiveDom":	"standalone_microblaze_0",
			"sysDefaultDom":	"standalone_microblaze_0",
			"domains":	[{
					"domainName":	"standalone_microblaze_0",
					"domainDispName":	"standalone_microblaze_0",
					"domainDesc":	"standalone_microblaze_0",
					"processors":	"microblaze_0",
					"os":	"standalone",
					"sdxOs":	"standalone",
					"debugEnable":	"False",
					"domRuntimes":	["cpp"],
					"swRepo":	"",
					"mssOsVer":	"9.2",
					"mssFile":	"",
					"md5Digest":	"78d0412b485d8ad9f86b2c0627bf3467",
					"compatibleApp":	"hello_world",
					"domType":	"mssDomain",
					"arch":	"32-bit",
					"appSettings":	{
						"appCompilerFlags":	"",
						"appLinkerFlags":	""
					},
					"addedLibs":	[],
					"libOptions":	{
						"libsContainingOptions":	[]
					},
					"prebuiltLibs":	{
						"prebuiltIncPath":	[],
						"prebuiltLibPath":	[]
					},
					"isolation":	{
					}
				}]
		}]
}
KEYINFO::2026-03-11.12:42:13::SCWPlatform::updated the xpfm file.
TRACE::2026-03-11.12:42:13::SCWPlatform::Trying to open the hw design at C:/Users/C27Jayden.Randolph/ece383_wksp/ice2/design_1_wrapper/hw/design_1_wrapper.xsa
TRACE::2026-03-11.12:42:13::SCWPlatform::DSA given C:/Users/C27Jayden.Randolph/ece383_wksp/ice2/design_1_wrapper/hw/design_1_wrapper.xsa
TRACE::2026-03-11.12:42:13::SCWPlatform::DSA absoulate path C:/Users/C27Jayden.Randolph/ece383_wksp/ice2/design_1_wrapper/hw/design_1_wrapper.xsa
TRACE::2026-03-11.12:42:13::SCWPlatform::DSA directory C:/Users/C27Jayden.Randolph/ece383_wksp/ice2/design_1_wrapper/hw
TRACE::2026-03-11.12:42:13::SCWPlatform:: Platform Path C:/Users/C27Jayden.Randolph/ece383_wksp/ice2/design_1_wrapper/hw/design_1_wrapper.xsa
TRACE::2026-03-11.12:42:13::SCWPlatform:: Unique name xilinx:nexys_video::0.0
TRACE::2026-03-11.12:42:13::SCWPlatform::Trying to set the existing hwdb with name design_1_wrapper_0
TRACE::2026-03-11.12:42:13::SCWPlatform::Opened existing hwdb design_1_wrapper_0
TRACE::2026-03-11.12:42:13::SCWPlatform::Found the Hw Db part of the input DSA
TRACE::2026-03-11.12:42:13::SCWMssOS::Checking the sw design at  C:/Users/C27Jayden.Randolph/ece383_wksp/ice2/design_1_wrapper/microblaze_0/standalone_microblaze_0/bsp/system.mss
TRACE::2026-03-11.12:42:13::SCWMssOS::DEBUG:  swdes dump  C:/Users/C27Jayden.Randolph/ece383_wksp/ice2/design_1_wrapper/microblaze_0/standalone_microblaze_0/bsp/system.mss|system||

TRACE::2026-03-11.12:42:13::SCWMssOS::Sw design exists and opened at  C:/Users/C27Jayden.Randolph/ece383_wksp/ice2/design_1_wrapper/microblaze_0/standalone_microblaze_0/bsp/system.mss
TRACE::2026-03-11.13:36:19::SCWPlatform::Trying to open the hw design at C:/Users/C27Jayden.Randolph/ece383_wksp/ice2/design_1_wrapper/hw/design_1_wrapper.xsa
TRACE::2026-03-11.13:36:19::SCWPlatform::DSA given C:/Users/C27Jayden.Randolph/ece383_wksp/ice2/design_1_wrapper/hw/design_1_wrapper.xsa
TRACE::2026-03-11.13:36:19::SCWPlatform::DSA absoulate path C:/Users/C27Jayden.Randolph/ece383_wksp/ice2/design_1_wrapper/hw/design_1_wrapper.xsa
TRACE::2026-03-11.13:36:19::SCWPlatform::DSA directory C:/Users/C27Jayden.Randolph/ece383_wksp/ice2/design_1_wrapper/hw
TRACE::2026-03-11.13:36:19::SCWPlatform:: Platform Path C:/Users/C27Jayden.Randolph/ece383_wksp/ice2/design_1_wrapper/hw/design_1_wrapper.xsa
TRACE::2026-03-11.13:36:19::SCWPlatform:: Unique name xilinx:nexys_video::0.0
TRACE::2026-03-11.13:36:19::SCWPlatform::Do not have an existing db opened. 
TRACE::2026-03-11.13:36:20::SCWPlatform::Opened new HwDB with name design_1_wrapper_0
TRACE::2026-03-11.13:36:20::SCWWriter::formatted JSON is {
	"platformName":	"design_1_wrapper",
	"sprVersion":	"2.0",
	"mode":	"gui",
	"dsaType":	"Fixed",
	"platformDesc":	"design_1_wrapper",
	"platHandOff":	"C:/Users/C27Jayden.Randolph/ece383_wksp/ice3/ublaze3/design_1_wrapper.xsa",
	"platIntHandOff":	"<platformDir>/hw/design_1_wrapper.xsa",
	"deviceType":	"FPGA",
	"platIsPrebuiltAutogen":	"false",
	"platIsNoBootBsp":	"false",
	"hasFsblMakeHasChanges":	"false",
	"hasPmufwMakeHasChanges":	"false",
	"platPreBuiltFlag":	false,
	"platformSamplesDir":	""
}
TRACE::2026-03-11.13:36:20::SCWWriter::formatted JSON is {
	"platformName":	"design_1_wrapper",
	"sprVersion":	"2.0",
	"mode":	"gui",
	"dsaType":	"Fixed",
	"platformDesc":	"design_1_wrapper",
	"platHandOff":	"C:/Users/C27Jayden.Randolph/ece383_wksp/ice3/ublaze3/design_1_wrapper.xsa",
	"platIntHandOff":	"<platformDir>/hw/design_1_wrapper.xsa",
	"deviceType":	"FPGA",
	"platIsPrebuiltAutogen":	"false",
	"platIsNoBootBsp":	"false",
	"hasFsblMakeHasChanges":	"false",
	"hasPmufwMakeHasChanges":	"false",
	"platPreBuiltFlag":	false,
	"platformSamplesDir":	"",
	"platActiveSys":	"design_1_wrapper",
	"systems":	[{
			"systemName":	"design_1_wrapper",
			"systemDesc":	"design_1_wrapper",
			"sysIsBootAutoGen":	"true",
			"systemDispName":	"design_1_wrapper"
		}]
}
TRACE::2026-03-11.13:36:20::SCWPlatform::Boot application domains not present, creating them
TRACE::2026-03-11.13:36:20::SCWPlatform::Pure FPGA device, no boot application will be created.
TRACE::2026-03-11.13:36:20::SCWWriter::formatted JSON is {
	"platformName":	"design_1_wrapper",
	"sprVersion":	"2.0",
	"mode":	"gui",
	"dsaType":	"Fixed",
	"platformDesc":	"design_1_wrapper",
	"platHandOff":	"C:/Users/C27Jayden.Randolph/ece383_wksp/ice3/ublaze3/design_1_wrapper.xsa",
	"platIntHandOff":	"<platformDir>/hw/design_1_wrapper.xsa",
	"deviceType":	"FPGA",
	"platIsPrebuiltAutogen":	"false",
	"platIsNoBootBsp":	"false",
	"hasFsblMakeHasChanges":	"false",
	"hasPmufwMakeHasChanges":	"false",
	"platPreBuiltFlag":	false,
	"platformSamplesDir":	"",
	"platActiveSys":	"design_1_wrapper",
	"systems":	[{
			"systemName":	"design_1_wrapper",
			"systemDesc":	"design_1_wrapper",
			"sysIsBootAutoGen":	"true",
			"systemDispName":	"design_1_wrapper"
		}]
}
TRACE::2026-03-11.13:36:21::SCWWriter::formatted JSON is {
	"platformName":	"design_1_wrapper",
	"sprVersion":	"2.0",
	"mode":	"gui",
	"dsaType":	"Fixed",
	"platformDesc":	"design_1_wrapper",
	"platHandOff":	"C:/Users/C27Jayden.Randolph/ece383_wksp/ice3/ublaze3/design_1_wrapper.xsa",
	"platIntHandOff":	"<platformDir>/hw/design_1_wrapper.xsa",
	"deviceType":	"FPGA",
	"platIsPrebuiltAutogen":	"false",
	"platIsNoBootBsp":	"false",
	"hasFsblMakeHasChanges":	"false",
	"hasPmufwMakeHasChanges":	"false",
	"platPreBuiltFlag":	false,
	"platformSamplesDir":	"",
	"platActiveSys":	"design_1_wrapper",
	"systems":	[{
			"systemName":	"design_1_wrapper",
			"systemDesc":	"design_1_wrapper",
			"sysIsBootAutoGen":	"true",
			"systemDispName":	"design_1_wrapper"
		}]
}
TRACE::2026-03-11.13:36:21::SCWPlatform::Trying to open the hw design at C:/Users/C27Jayden.Randolph/ece383_wksp/ice2/design_1_wrapper/hw/design_1_wrapper.xsa
TRACE::2026-03-11.13:36:21::SCWPlatform::DSA given C:/Users/C27Jayden.Randolph/ece383_wksp/ice2/design_1_wrapper/hw/design_1_wrapper.xsa
TRACE::2026-03-11.13:36:21::SCWPlatform::DSA absoulate path C:/Users/C27Jayden.Randolph/ece383_wksp/ice2/design_1_wrapper/hw/design_1_wrapper.xsa
TRACE::2026-03-11.13:36:21::SCWPlatform::DSA directory C:/Users/C27Jayden.Randolph/ece383_wksp/ice2/design_1_wrapper/hw
TRACE::2026-03-11.13:36:21::SCWPlatform:: Platform Path C:/Users/C27Jayden.Randolph/ece383_wksp/ice2/design_1_wrapper/hw/design_1_wrapper.xsa
TRACE::2026-03-11.13:36:21::SCWPlatform:: Unique name xilinx:nexys_video::0.0
TRACE::2026-03-11.13:36:21::SCWPlatform::Trying to set the existing hwdb with name design_1_wrapper_0
TRACE::2026-03-11.13:36:21::SCWPlatform::Opened existing hwdb design_1_wrapper_0
TRACE::2026-03-11.13:36:21::SCWPlatform::Found the Hw Db part of the input DSA
TRACE::2026-03-11.13:36:21::SCWPlatform::Trying to open the hw design at C:/Users/C27Jayden.Randolph/ece383_wksp/ice2/design_1_wrapper/hw/design_1_wrapper.xsa
TRACE::2026-03-11.13:36:21::SCWPlatform::DSA given C:/Users/C27Jayden.Randolph/ece383_wksp/ice2/design_1_wrapper/hw/design_1_wrapper.xsa
TRACE::2026-03-11.13:36:21::SCWPlatform::DSA absoulate path C:/Users/C27Jayden.Randolph/ece383_wksp/ice2/design_1_wrapper/hw/design_1_wrapper.xsa
TRACE::2026-03-11.13:36:21::SCWPlatform::DSA directory C:/Users/C27Jayden.Randolph/ece383_wksp/ice2/design_1_wrapper/hw
TRACE::2026-03-11.13:36:21::SCWPlatform:: Platform Path C:/Users/C27Jayden.Randolph/ece383_wksp/ice2/design_1_wrapper/hw/design_1_wrapper.xsa
TRACE::2026-03-11.13:36:21::SCWPlatform:: Unique name xilinx:nexys_video::0.0
TRACE::2026-03-11.13:36:21::SCWPlatform::Trying to set the existing hwdb with name design_1_wrapper_0
TRACE::2026-03-11.13:36:21::SCWPlatform::Opened existing hwdb design_1_wrapper_0
TRACE::2026-03-11.13:36:21::SCWPlatform::Found the Hw Db part of the input DSA
TRACE::2026-03-11.13:36:21::SCWDomain::checking for install qemu data   : 
TRACE::2026-03-11.13:36:21::SCWPlatform::Trying to open the hw design at C:/Users/C27Jayden.Randolph/ece383_wksp/ice2/design_1_wrapper/hw/design_1_wrapper.xsa
TRACE::2026-03-11.13:36:21::SCWPlatform::DSA given C:/Users/C27Jayden.Randolph/ece383_wksp/ice2/design_1_wrapper/hw/design_1_wrapper.xsa
TRACE::2026-03-11.13:36:21::SCWPlatform::DSA absoulate path C:/Users/C27Jayden.Randolph/ece383_wksp/ice2/design_1_wrapper/hw/design_1_wrapper.xsa
TRACE::2026-03-11.13:36:21::SCWPlatform::DSA directory C:/Users/C27Jayden.Randolph/ece383_wksp/ice2/design_1_wrapper/hw
TRACE::2026-03-11.13:36:21::SCWPlatform:: Platform Path C:/Users/C27Jayden.Randolph/ece383_wksp/ice2/design_1_wrapper/hw/design_1_wrapper.xsa
TRACE::2026-03-11.13:36:21::SCWPlatform:: Unique name xilinx:nexys_video::0.0
TRACE::2026-03-11.13:36:21::SCWPlatform::Trying to set the existing hwdb with name design_1_wrapper_0
TRACE::2026-03-11.13:36:21::SCWPlatform::Opened existing hwdb design_1_wrapper_0
TRACE::2026-03-11.13:36:21::SCWPlatform::Found the Hw Db part of the input DSA
TRACE::2026-03-11.13:36:21::SCWPlatform::Trying to open the hw design at C:/Users/C27Jayden.Randolph/ece383_wksp/ice2/design_1_wrapper/hw/design_1_wrapper.xsa
TRACE::2026-03-11.13:36:21::SCWPlatform::DSA given C:/Users/C27Jayden.Randolph/ece383_wksp/ice2/design_1_wrapper/hw/design_1_wrapper.xsa
TRACE::2026-03-11.13:36:21::SCWPlatform::DSA absoulate path C:/Users/C27Jayden.Randolph/ece383_wksp/ice2/design_1_wrapper/hw/design_1_wrapper.xsa
TRACE::2026-03-11.13:36:21::SCWPlatform::DSA directory C:/Users/C27Jayden.Randolph/ece383_wksp/ice2/design_1_wrapper/hw
TRACE::2026-03-11.13:36:21::SCWPlatform:: Platform Path C:/Users/C27Jayden.Randolph/ece383_wksp/ice2/design_1_wrapper/hw/design_1_wrapper.xsa
TRACE::2026-03-11.13:36:21::SCWPlatform:: Unique name xilinx:nexys_video::0.0
TRACE::2026-03-11.13:36:21::SCWPlatform::Trying to set the existing hwdb with name design_1_wrapper_0
TRACE::2026-03-11.13:36:21::SCWPlatform::Opened existing hwdb design_1_wrapper_0
TRACE::2026-03-11.13:36:21::SCWPlatform::Found the Hw Db part of the input DSA
TRACE::2026-03-11.13:36:21::SCWPlatform::Trying to open the hw design at C:/Users/C27Jayden.Randolph/ece383_wksp/ice2/design_1_wrapper/hw/design_1_wrapper.xsa
TRACE::2026-03-11.13:36:21::SCWPlatform::DSA given C:/Users/C27Jayden.Randolph/ece383_wksp/ice2/design_1_wrapper/hw/design_1_wrapper.xsa
TRACE::2026-03-11.13:36:21::SCWPlatform::DSA absoulate path C:/Users/C27Jayden.Randolph/ece383_wksp/ice2/design_1_wrapper/hw/design_1_wrapper.xsa
TRACE::2026-03-11.13:36:21::SCWPlatform::DSA directory C:/Users/C27Jayden.Randolph/ece383_wksp/ice2/design_1_wrapper/hw
TRACE::2026-03-11.13:36:21::SCWPlatform:: Platform Path C:/Users/C27Jayden.Randolph/ece383_wksp/ice2/design_1_wrapper/hw/design_1_wrapper.xsa
TRACE::2026-03-11.13:36:21::SCWPlatform:: Unique name xilinx:nexys_video::0.0
TRACE::2026-03-11.13:36:21::SCWPlatform::Trying to set the existing hwdb with name design_1_wrapper_0
TRACE::2026-03-11.13:36:21::SCWPlatform::Opened existing hwdb design_1_wrapper_0
TRACE::2026-03-11.13:36:21::SCWPlatform::Found the Hw Db part of the input DSA
TRACE::2026-03-11.13:36:21::SCWMssOS::Checking the sw design at  C:/Users/C27Jayden.Randolph/ece383_wksp/ice2/design_1_wrapper/microblaze_0/standalone_microblaze_0/bsp/system.mss
TRACE::2026-03-11.13:36:21::SCWMssOS::DEBUG:  swdes dump  
TRACE::2026-03-11.13:36:21::SCWMssOS::No sw design opened at  C:/Users/C27Jayden.Randolph/ece383_wksp/ice2/design_1_wrapper/microblaze_0/standalone_microblaze_0/bsp/system.mss
TRACE::2026-03-11.13:36:21::SCWMssOS::mss exists loading the mss file  C:/Users/C27Jayden.Randolph/ece383_wksp/ice2/design_1_wrapper/microblaze_0/standalone_microblaze_0/bsp/system.mss
TRACE::2026-03-11.13:36:21::SCWMssOS::Opened the sw design from mss  C:/Users/C27Jayden.Randolph/ece383_wksp/ice2/design_1_wrapper/microblaze_0/standalone_microblaze_0/bsp/system.mss
TRACE::2026-03-11.13:36:21::SCWMssOS::Adding the swdes entry C:/Users/C27Jayden.Randolph/ece383_wksp/ice2/design_1_wrapper/microblaze_0/standalone_microblaze_0/bsp/system.mss with des name system
TRACE::2026-03-11.13:36:21::SCWMssOS::updating the scw layer about changes
TRACE::2026-03-11.13:36:21::SCWMssOS::Opened the sw design.  C:/Users/C27Jayden.Randolph/ece383_wksp/ice2/design_1_wrapper/microblaze_0/standalone_microblaze_0/bsp/system.mss
TRACE::2026-03-11.13:36:21::SCWMssOS::Completed writing the mss file at C:/Users/C27Jayden.Randolph/ece383_wksp/ice2/design_1_wrapper/microblaze_0/standalone_microblaze_0/bsp
TRACE::2026-03-11.13:36:22::SCWMssOS::Forcing BSP Sources regeneration.
TRACE::2026-03-11.13:36:29::SCWMssOS::Saving the mss changes C:/Users/C27Jayden.Randolph/ece383_wksp/ice2/design_1_wrapper/microblaze_0/standalone_microblaze_0/bsp/system.mss
TRACE::2026-03-11.13:36:29::SCWMssOS::Adding the swdes entry, mss present, able to open swdb C:/Users/C27Jayden.Randolph/ece383_wksp/ice2/design_1_wrapper/microblaze_0/standalone_microblaze_0/bsp/system.mss with des name system
TRACE::2026-03-11.13:36:29::SCWMssOS::Writing the mss file completed C:/Users/C27Jayden.Randolph/ece383_wksp/ice2/design_1_wrapper/microblaze_0/standalone_microblaze_0/bsp/system.mss
TRACE::2026-03-11.13:36:29::SCWMssOS::Commit changes completed.
TRACE::2026-03-11.13:36:29::SCWPlatform::Trying to open the hw design at C:/Users/C27Jayden.Randolph/ece383_wksp/ice2/design_1_wrapper/hw/design_1_wrapper.xsa
TRACE::2026-03-11.13:36:29::SCWPlatform::DSA given C:/Users/C27Jayden.Randolph/ece383_wksp/ice2/design_1_wrapper/hw/design_1_wrapper.xsa
TRACE::2026-03-11.13:36:29::SCWPlatform::DSA absoulate path C:/Users/C27Jayden.Randolph/ece383_wksp/ice2/design_1_wrapper/hw/design_1_wrapper.xsa
TRACE::2026-03-11.13:36:29::SCWPlatform::DSA directory C:/Users/C27Jayden.Randolph/ece383_wksp/ice2/design_1_wrapper/hw
TRACE::2026-03-11.13:36:29::SCWPlatform:: Platform Path C:/Users/C27Jayden.Randolph/ece383_wksp/ice2/design_1_wrapper/hw/design_1_wrapper.xsa
TRACE::2026-03-11.13:36:29::SCWPlatform:: Unique name xilinx:nexys_video::0.0
TRACE::2026-03-11.13:36:29::SCWPlatform::Trying to set the existing hwdb with name design_1_wrapper_0
TRACE::2026-03-11.13:36:29::SCWPlatform::Opened existing hwdb design_1_wrapper_0
TRACE::2026-03-11.13:36:29::SCWPlatform::Found the Hw Db part of the input DSA
TRACE::2026-03-11.13:36:29::SCWMssOS::Checking the sw design at  C:/Users/C27Jayden.Randolph/ece383_wksp/ice2/design_1_wrapper/microblaze_0/standalone_microblaze_0/bsp/system.mss
TRACE::2026-03-11.13:36:29::SCWMssOS::DEBUG:  swdes dump  C:/Users/C27Jayden.Randolph/ece383_wksp/ice2/design_1_wrapper/microblaze_0/standalone_microblaze_0/bsp/system.mss|system||

TRACE::2026-03-11.13:36:29::SCWMssOS::Sw design exists and opened at  C:/Users/C27Jayden.Randolph/ece383_wksp/ice2/design_1_wrapper/microblaze_0/standalone_microblaze_0/bsp/system.mss
TRACE::2026-03-11.13:36:29::SCWPlatform::Trying to open the hw design at C:/Users/C27Jayden.Randolph/ece383_wksp/ice2/design_1_wrapper/hw/design_1_wrapper.xsa
TRACE::2026-03-11.13:36:29::SCWPlatform::DSA given C:/Users/C27Jayden.Randolph/ece383_wksp/ice2/design_1_wrapper/hw/design_1_wrapper.xsa
TRACE::2026-03-11.13:36:29::SCWPlatform::DSA absoulate path C:/Users/C27Jayden.Randolph/ece383_wksp/ice2/design_1_wrapper/hw/design_1_wrapper.xsa
TRACE::2026-03-11.13:36:29::SCWPlatform::DSA directory C:/Users/C27Jayden.Randolph/ece383_wksp/ice2/design_1_wrapper/hw
TRACE::2026-03-11.13:36:29::SCWPlatform:: Platform Path C:/Users/C27Jayden.Randolph/ece383_wksp/ice2/design_1_wrapper/hw/design_1_wrapper.xsa
TRACE::2026-03-11.13:36:29::SCWPlatform:: Unique name xilinx:nexys_video::0.0
TRACE::2026-03-11.13:36:29::SCWPlatform::Trying to set the existing hwdb with name design_1_wrapper_0
TRACE::2026-03-11.13:36:29::SCWPlatform::Opened existing hwdb design_1_wrapper_0
TRACE::2026-03-11.13:36:29::SCWPlatform::Found the Hw Db part of the input DSA
TRACE::2026-03-11.13:36:29::SCWMssOS::Checking the sw design at  C:/Users/C27Jayden.Randolph/ece383_wksp/ice2/design_1_wrapper/microblaze_0/standalone_microblaze_0/bsp/system.mss
TRACE::2026-03-11.13:36:29::SCWMssOS::DEBUG:  swdes dump  C:/Users/C27Jayden.Randolph/ece383_wksp/ice2/design_1_wrapper/microblaze_0/standalone_microblaze_0/bsp/system.mss|system||

TRACE::2026-03-11.13:36:29::SCWMssOS::Sw design exists and opened at  C:/Users/C27Jayden.Randolph/ece383_wksp/ice2/design_1_wrapper/microblaze_0/standalone_microblaze_0/bsp/system.mss
TRACE::2026-03-11.13:36:29::SCWPlatform::Trying to open the hw design at C:/Users/C27Jayden.Randolph/ece383_wksp/ice2/design_1_wrapper/hw/design_1_wrapper.xsa
TRACE::2026-03-11.13:36:29::SCWPlatform::DSA given C:/Users/C27Jayden.Randolph/ece383_wksp/ice2/design_1_wrapper/hw/design_1_wrapper.xsa
TRACE::2026-03-11.13:36:29::SCWPlatform::DSA absoulate path C:/Users/C27Jayden.Randolph/ece383_wksp/ice2/design_1_wrapper/hw/design_1_wrapper.xsa
TRACE::2026-03-11.13:36:29::SCWPlatform::DSA directory C:/Users/C27Jayden.Randolph/ece383_wksp/ice2/design_1_wrapper/hw
TRACE::2026-03-11.13:36:29::SCWPlatform:: Platform Path C:/Users/C27Jayden.Randolph/ece383_wksp/ice2/design_1_wrapper/hw/design_1_wrapper.xsa
TRACE::2026-03-11.13:36:29::SCWPlatform:: Unique name xilinx:nexys_video::0.0
TRACE::2026-03-11.13:36:29::SCWPlatform::Trying to set the existing hwdb with name design_1_wrapper_0
TRACE::2026-03-11.13:36:29::SCWPlatform::Opened existing hwdb design_1_wrapper_0
TRACE::2026-03-11.13:36:29::SCWPlatform::Found the Hw Db part of the input DSA
TRACE::2026-03-11.13:36:29::SCWMssOS::Checking the sw design at  C:/Users/C27Jayden.Randolph/ece383_wksp/ice2/design_1_wrapper/microblaze_0/standalone_microblaze_0/bsp/system.mss
TRACE::2026-03-11.13:36:29::SCWMssOS::DEBUG:  swdes dump  C:/Users/C27Jayden.Randolph/ece383_wksp/ice2/design_1_wrapper/microblaze_0/standalone_microblaze_0/bsp/system.mss|system||

TRACE::2026-03-11.13:36:29::SCWMssOS::Sw design exists and opened at  C:/Users/C27Jayden.Randolph/ece383_wksp/ice2/design_1_wrapper/microblaze_0/standalone_microblaze_0/bsp/system.mss
TRACE::2026-03-11.13:36:29::SCWWriter::formatted JSON is {
	"platformName":	"design_1_wrapper",
	"sprVersion":	"2.0",
	"mode":	"gui",
	"dsaType":	"Fixed",
	"platformDesc":	"design_1_wrapper",
	"platHandOff":	"C:/Users/C27Jayden.Randolph/ece383_wksp/ice3/ublaze3/design_1_wrapper.xsa",
	"platIntHandOff":	"<platformDir>/hw/design_1_wrapper.xsa",
	"deviceType":	"FPGA",
	"platIsPrebuiltAutogen":	"false",
	"platIsNoBootBsp":	"false",
	"hasFsblMakeHasChanges":	"false",
	"hasPmufwMakeHasChanges":	"false",
	"platPreBuiltFlag":	false,
	"platformSamplesDir":	"",
	"platActiveSys":	"design_1_wrapper",
	"systems":	[{
			"systemName":	"design_1_wrapper",
			"systemDesc":	"design_1_wrapper",
			"sysIsBootAutoGen":	"true",
			"systemDispName":	"design_1_wrapper",
			"sysActiveDom":	"standalone_microblaze_0",
			"sysDefaultDom":	"standalone_microblaze_0",
			"domains":	[{
					"domainName":	"standalone_microblaze_0",
					"domainDispName":	"standalone_microblaze_0",
					"domainDesc":	"standalone_microblaze_0",
					"processors":	"microblaze_0",
					"os":	"standalone",
					"sdxOs":	"standalone",
					"debugEnable":	"False",
					"domRuntimes":	["cpp"],
					"swRepo":	"",
					"mssOsVer":	"9.2",
					"mssFile":	"",
					"md5Digest":	"78d0412b485d8ad9f86b2c0627bf3467",
					"compatibleApp":	"hello_world",
					"domType":	"mssDomain",
					"arch":	"32-bit",
					"appSettings":	{
						"appCompilerFlags":	"",
						"appLinkerFlags":	""
					},
					"addedLibs":	[],
					"libOptions":	{
						"libsContainingOptions":	[]
					},
					"prebuiltLibs":	{
						"prebuiltIncPath":	[],
						"prebuiltLibPath":	[]
					},
					"isolation":	{
					}
				}]
		}]
}
LOG::2026-03-11.13:36:29::SCWPlatform::Started generating the artifacts platform design_1_wrapper
TRACE::2026-03-11.13:36:29::SCWPlatform::Sanity checking of platform is completed
LOG::2026-03-11.13:36:29::SCWPlatform::Started generating the artifacts for system configuration design_1_wrapper
LOG::2026-03-11.13:36:29::SCWSystem::Checking the domain standalone_microblaze_0
LOG::2026-03-11.13:36:29::SCWSystem::Not a boot domain 
LOG::2026-03-11.13:36:29::SCWSystem::Started Processing the domain standalone_microblaze_0
TRACE::2026-03-11.13:36:29::SCWDomain::Generating domain artifcats
TRACE::2026-03-11.13:36:29::SCWMssOS::Generating standalone artifcats
TRACE::2026-03-11.13:36:29::SCWMssOS:: Copying the user libraries. 
TRACE::2026-03-11.13:36:29::SCWPlatform::Trying to open the hw design at C:/Users/C27Jayden.Randolph/ece383_wksp/ice2/design_1_wrapper/hw/design_1_wrapper.xsa
TRACE::2026-03-11.13:36:29::SCWPlatform::DSA given C:/Users/C27Jayden.Randolph/ece383_wksp/ice2/design_1_wrapper/hw/design_1_wrapper.xsa
TRACE::2026-03-11.13:36:29::SCWPlatform::DSA absoulate path C:/Users/C27Jayden.Randolph/ece383_wksp/ice2/design_1_wrapper/hw/design_1_wrapper.xsa
TRACE::2026-03-11.13:36:29::SCWPlatform::DSA directory C:/Users/C27Jayden.Randolph/ece383_wksp/ice2/design_1_wrapper/hw
TRACE::2026-03-11.13:36:29::SCWPlatform:: Platform Path C:/Users/C27Jayden.Randolph/ece383_wksp/ice2/design_1_wrapper/hw/design_1_wrapper.xsa
TRACE::2026-03-11.13:36:29::SCWPlatform:: Unique name xilinx:nexys_video::0.0
TRACE::2026-03-11.13:36:29::SCWPlatform::Trying to set the existing hwdb with name design_1_wrapper_0
TRACE::2026-03-11.13:36:29::SCWPlatform::Opened existing hwdb design_1_wrapper_0
TRACE::2026-03-11.13:36:29::SCWPlatform::Found the Hw Db part of the input DSA
TRACE::2026-03-11.13:36:29::SCWMssOS::Checking the sw design at  C:/Users/C27Jayden.Randolph/ece383_wksp/ice2/design_1_wrapper/microblaze_0/standalone_microblaze_0/bsp/system.mss
TRACE::2026-03-11.13:36:29::SCWMssOS::DEBUG:  swdes dump  C:/Users/C27Jayden.Randolph/ece383_wksp/ice2/design_1_wrapper/microblaze_0/standalone_microblaze_0/bsp/system.mss|system||

TRACE::2026-03-11.13:36:29::SCWMssOS::Sw design exists and opened at  C:/Users/C27Jayden.Randolph/ece383_wksp/ice2/design_1_wrapper/microblaze_0/standalone_microblaze_0/bsp/system.mss
TRACE::2026-03-11.13:36:29::SCWMssOS::Completed writing the mss file at C:/Users/C27Jayden.Randolph/ece383_wksp/ice2/design_1_wrapper/microblaze_0/standalone_microblaze_0/bsp
TRACE::2026-03-11.13:36:29::SCWMssOS::Mss edits present, copying mssfile into export location C:/Users/C27Jayden.Randolph/ece383_wksp/ice2/design_1_wrapper/microblaze_0/standalone_microblaze_0/bsp/system.mss
TRACE::2026-03-11.13:36:29::SCWMssOS::bsp generated is upto date with the mss file. Skipping bsp generation.
TRACE::2026-03-11.13:36:29::SCWMssOS::BSP is already built. skipping the bsp build ... 
TRACE::2026-03-11.13:36:29::SCWDomain::Skipping the build for domain :  standalone_microblaze_0
TRACE::2026-03-11.13:36:29::SCWMssOS::skipping the bsp build ... 
TRACE::2026-03-11.13:36:29::SCWMssOS::Copying to export directory.
TRACE::2026-03-11.13:36:29::SCWMssOS:: Checking if to create the Supporting Applications
TRACE::2026-03-11.13:36:29::SCWMssOS:: No Linux domain exists, trying to generate FSBL 
LOG::2026-03-11.13:36:29::SCWSystem::Completed Processing the domain standalone_microblaze_0
LOG::2026-03-11.13:36:29::SCWSystem::Completed Processing the sysconfig design_1_wrapper
LOG::2026-03-11.13:36:29::SCWPlatform::Completed generating the artifacts for system configuration design_1_wrapper
TRACE::2026-03-11.13:36:29::SCWPlatform::Started preparing the platform 
TRACE::2026-03-11.13:36:29::SCWSystem::Writing the bif file for system config design_1_wrapper
TRACE::2026-03-11.13:36:29::SCWSystem::dir created 
TRACE::2026-03-11.13:36:29::SCWSystem::Writing the bif 
TRACE::2026-03-11.13:36:29::SCWPlatform::Started writing the spfm file 
TRACE::2026-03-11.13:36:29::SCWPlatform::Started writing the xpfm file 
TRACE::2026-03-11.13:36:29::SCWPlatform::Completed generating the platform
TRACE::2026-03-11.13:36:29::SCWMssOS::Saving the mss changes C:/Users/C27Jayden.Randolph/ece383_wksp/ice2/design_1_wrapper/microblaze_0/standalone_microblaze_0/bsp/system.mss
TRACE::2026-03-11.13:36:29::SCWMssOS::Found a swdesign opened with the mssfile.
TRACE::2026-03-11.13:36:29::SCWMssOS::Completed writemss as part of save.
TRACE::2026-03-11.13:36:29::SCWMssOS::Commit changes completed.
TRACE::2026-03-11.13:36:29::SCWPlatform::Trying to open the hw design at C:/Users/C27Jayden.Randolph/ece383_wksp/ice2/design_1_wrapper/hw/design_1_wrapper.xsa
TRACE::2026-03-11.13:36:29::SCWPlatform::DSA given C:/Users/C27Jayden.Randolph/ece383_wksp/ice2/design_1_wrapper/hw/design_1_wrapper.xsa
TRACE::2026-03-11.13:36:29::SCWPlatform::DSA absoulate path C:/Users/C27Jayden.Randolph/ece383_wksp/ice2/design_1_wrapper/hw/design_1_wrapper.xsa
TRACE::2026-03-11.13:36:29::SCWPlatform::DSA directory C:/Users/C27Jayden.Randolph/ece383_wksp/ice2/design_1_wrapper/hw
TRACE::2026-03-11.13:36:29::SCWPlatform:: Platform Path C:/Users/C27Jayden.Randolph/ece383_wksp/ice2/design_1_wrapper/hw/design_1_wrapper.xsa
TRACE::2026-03-11.13:36:29::SCWPlatform:: Unique name xilinx:nexys_video::0.0
TRACE::2026-03-11.13:36:29::SCWPlatform::Trying to set the existing hwdb with name design_1_wrapper_0
TRACE::2026-03-11.13:36:29::SCWPlatform::Opened existing hwdb design_1_wrapper_0
TRACE::2026-03-11.13:36:29::SCWPlatform::Found the Hw Db part of the input DSA
TRACE::2026-03-11.13:36:29::SCWMssOS::Checking the sw design at  C:/Users/C27Jayden.Randolph/ece383_wksp/ice2/design_1_wrapper/microblaze_0/standalone_microblaze_0/bsp/system.mss
TRACE::2026-03-11.13:36:29::SCWMssOS::DEBUG:  swdes dump  C:/Users/C27Jayden.Randolph/ece383_wksp/ice2/design_1_wrapper/microblaze_0/standalone_microblaze_0/bsp/system.mss|system||

TRACE::2026-03-11.13:36:29::SCWMssOS::Sw design exists and opened at  C:/Users/C27Jayden.Randolph/ece383_wksp/ice2/design_1_wrapper/microblaze_0/standalone_microblaze_0/bsp/system.mss
TRACE::2026-03-11.13:36:29::SCWPlatform::Trying to open the hw design at C:/Users/C27Jayden.Randolph/ece383_wksp/ice2/design_1_wrapper/hw/design_1_wrapper.xsa
TRACE::2026-03-11.13:36:29::SCWPlatform::DSA given C:/Users/C27Jayden.Randolph/ece383_wksp/ice2/design_1_wrapper/hw/design_1_wrapper.xsa
TRACE::2026-03-11.13:36:29::SCWPlatform::DSA absoulate path C:/Users/C27Jayden.Randolph/ece383_wksp/ice2/design_1_wrapper/hw/design_1_wrapper.xsa
TRACE::2026-03-11.13:36:29::SCWPlatform::DSA directory C:/Users/C27Jayden.Randolph/ece383_wksp/ice2/design_1_wrapper/hw
TRACE::2026-03-11.13:36:29::SCWPlatform:: Platform Path C:/Users/C27Jayden.Randolph/ece383_wksp/ice2/design_1_wrapper/hw/design_1_wrapper.xsa
TRACE::2026-03-11.13:36:29::SCWPlatform:: Unique name xilinx:nexys_video::0.0
TRACE::2026-03-11.13:36:29::SCWPlatform::Trying to set the existing hwdb with name design_1_wrapper_0
TRACE::2026-03-11.13:36:29::SCWPlatform::Opened existing hwdb design_1_wrapper_0
TRACE::2026-03-11.13:36:29::SCWPlatform::Found the Hw Db part of the input DSA
TRACE::2026-03-11.13:36:29::SCWMssOS::Checking the sw design at  C:/Users/C27Jayden.Randolph/ece383_wksp/ice2/design_1_wrapper/microblaze_0/standalone_microblaze_0/bsp/system.mss
TRACE::2026-03-11.13:36:29::SCWMssOS::DEBUG:  swdes dump  C:/Users/C27Jayden.Randolph/ece383_wksp/ice2/design_1_wrapper/microblaze_0/standalone_microblaze_0/bsp/system.mss|system||

TRACE::2026-03-11.13:36:29::SCWMssOS::Sw design exists and opened at  C:/Users/C27Jayden.Randolph/ece383_wksp/ice2/design_1_wrapper/microblaze_0/standalone_microblaze_0/bsp/system.mss
TRACE::2026-03-11.13:36:29::SCWPlatform::Trying to open the hw design at C:/Users/C27Jayden.Randolph/ece383_wksp/ice2/design_1_wrapper/hw/design_1_wrapper.xsa
TRACE::2026-03-11.13:36:29::SCWPlatform::DSA given C:/Users/C27Jayden.Randolph/ece383_wksp/ice2/design_1_wrapper/hw/design_1_wrapper.xsa
TRACE::2026-03-11.13:36:29::SCWPlatform::DSA absoulate path C:/Users/C27Jayden.Randolph/ece383_wksp/ice2/design_1_wrapper/hw/design_1_wrapper.xsa
TRACE::2026-03-11.13:36:29::SCWPlatform::DSA directory C:/Users/C27Jayden.Randolph/ece383_wksp/ice2/design_1_wrapper/hw
TRACE::2026-03-11.13:36:29::SCWPlatform:: Platform Path C:/Users/C27Jayden.Randolph/ece383_wksp/ice2/design_1_wrapper/hw/design_1_wrapper.xsa
TRACE::2026-03-11.13:36:29::SCWPlatform:: Unique name xilinx:nexys_video::0.0
TRACE::2026-03-11.13:36:29::SCWPlatform::Trying to set the existing hwdb with name design_1_wrapper_0
TRACE::2026-03-11.13:36:29::SCWPlatform::Opened existing hwdb design_1_wrapper_0
TRACE::2026-03-11.13:36:29::SCWPlatform::Found the Hw Db part of the input DSA
TRACE::2026-03-11.13:36:29::SCWMssOS::Checking the sw design at  C:/Users/C27Jayden.Randolph/ece383_wksp/ice2/design_1_wrapper/microblaze_0/standalone_microblaze_0/bsp/system.mss
TRACE::2026-03-11.13:36:29::SCWMssOS::DEBUG:  swdes dump  C:/Users/C27Jayden.Randolph/ece383_wksp/ice2/design_1_wrapper/microblaze_0/standalone_microblaze_0/bsp/system.mss|system||

TRACE::2026-03-11.13:36:29::SCWMssOS::Sw design exists and opened at  C:/Users/C27Jayden.Randolph/ece383_wksp/ice2/design_1_wrapper/microblaze_0/standalone_microblaze_0/bsp/system.mss
TRACE::2026-03-11.13:36:29::SCWWriter::formatted JSON is {
	"platformName":	"design_1_wrapper",
	"sprVersion":	"2.0",
	"mode":	"gui",
	"dsaType":	"Fixed",
	"platformDesc":	"design_1_wrapper",
	"platHandOff":	"C:/Users/C27Jayden.Randolph/ece383_wksp/ice3/ublaze3/design_1_wrapper.xsa",
	"platIntHandOff":	"<platformDir>/hw/design_1_wrapper.xsa",
	"deviceType":	"FPGA",
	"platIsPrebuiltAutogen":	"false",
	"platIsNoBootBsp":	"false",
	"hasFsblMakeHasChanges":	"false",
	"hasPmufwMakeHasChanges":	"false",
	"platPreBuiltFlag":	false,
	"platformSamplesDir":	"",
	"platActiveSys":	"design_1_wrapper",
	"systems":	[{
			"systemName":	"design_1_wrapper",
			"systemDesc":	"design_1_wrapper",
			"sysIsBootAutoGen":	"true",
			"systemDispName":	"design_1_wrapper",
			"sysActiveDom":	"standalone_microblaze_0",
			"sysDefaultDom":	"standalone_microblaze_0",
			"domains":	[{
					"domainName":	"standalone_microblaze_0",
					"domainDispName":	"standalone_microblaze_0",
					"domainDesc":	"standalone_microblaze_0",
					"processors":	"microblaze_0",
					"os":	"standalone",
					"sdxOs":	"standalone",
					"debugEnable":	"False",
					"domRuntimes":	["cpp"],
					"swRepo":	"",
					"mssOsVer":	"9.2",
					"mssFile":	"",
					"md5Digest":	"78d0412b485d8ad9f86b2c0627bf3467",
					"compatibleApp":	"hello_world",
					"domType":	"mssDomain",
					"arch":	"32-bit",
					"appSettings":	{
						"appCompilerFlags":	"",
						"appLinkerFlags":	""
					},
					"addedLibs":	[],
					"libOptions":	{
						"libsContainingOptions":	[]
					},
					"prebuiltLibs":	{
						"prebuiltIncPath":	[],
						"prebuiltLibPath":	[]
					},
					"isolation":	{
					}
				}]
		}]
}
KEYINFO::2026-03-11.13:36:29::SCWPlatform::updated the xpfm file.
TRACE::2026-03-11.13:36:29::SCWPlatform::Trying to open the hw design at C:/Users/C27Jayden.Randolph/ece383_wksp/ice2/design_1_wrapper/hw/design_1_wrapper.xsa
TRACE::2026-03-11.13:36:29::SCWPlatform::DSA given C:/Users/C27Jayden.Randolph/ece383_wksp/ice2/design_1_wrapper/hw/design_1_wrapper.xsa
TRACE::2026-03-11.13:36:29::SCWPlatform::DSA absoulate path C:/Users/C27Jayden.Randolph/ece383_wksp/ice2/design_1_wrapper/hw/design_1_wrapper.xsa
TRACE::2026-03-11.13:36:29::SCWPlatform::DSA directory C:/Users/C27Jayden.Randolph/ece383_wksp/ice2/design_1_wrapper/hw
TRACE::2026-03-11.13:36:29::SCWPlatform:: Platform Path C:/Users/C27Jayden.Randolph/ece383_wksp/ice2/design_1_wrapper/hw/design_1_wrapper.xsa
TRACE::2026-03-11.13:36:29::SCWPlatform:: Unique name xilinx:nexys_video::0.0
TRACE::2026-03-11.13:36:29::SCWPlatform::Trying to set the existing hwdb with name design_1_wrapper_0
TRACE::2026-03-11.13:36:29::SCWPlatform::Opened existing hwdb design_1_wrapper_0
TRACE::2026-03-11.13:36:29::SCWPlatform::Found the Hw Db part of the input DSA
TRACE::2026-03-11.13:36:29::SCWMssOS::Checking the sw design at  C:/Users/C27Jayden.Randolph/ece383_wksp/ice2/design_1_wrapper/microblaze_0/standalone_microblaze_0/bsp/system.mss
TRACE::2026-03-11.13:36:29::SCWMssOS::DEBUG:  swdes dump  C:/Users/C27Jayden.Randolph/ece383_wksp/ice2/design_1_wrapper/microblaze_0/standalone_microblaze_0/bsp/system.mss|system||

TRACE::2026-03-11.13:36:29::SCWMssOS::Sw design exists and opened at  C:/Users/C27Jayden.Randolph/ece383_wksp/ice2/design_1_wrapper/microblaze_0/standalone_microblaze_0/bsp/system.mss
TRACE::2026-03-11.13:36:29::SCWMssOS::Saving the mss changes C:/Users/C27Jayden.Randolph/ece383_wksp/ice2/design_1_wrapper/microblaze_0/standalone_microblaze_0/bsp/system.mss
TRACE::2026-03-11.13:36:29::SCWMssOS::Found a swdesign opened with the mssfile.
TRACE::2026-03-11.13:36:29::SCWMssOS::Completed writemss as part of save.
TRACE::2026-03-11.13:36:29::SCWMssOS::Commit changes completed.
TRACE::2026-03-11.13:36:29::SCWPlatform::Trying to open the hw design at C:/Users/C27Jayden.Randolph/ece383_wksp/ice2/design_1_wrapper/hw/design_1_wrapper.xsa
TRACE::2026-03-11.13:36:29::SCWPlatform::DSA given C:/Users/C27Jayden.Randolph/ece383_wksp/ice2/design_1_wrapper/hw/design_1_wrapper.xsa
TRACE::2026-03-11.13:36:29::SCWPlatform::DSA absoulate path C:/Users/C27Jayden.Randolph/ece383_wksp/ice2/design_1_wrapper/hw/design_1_wrapper.xsa
TRACE::2026-03-11.13:36:29::SCWPlatform::DSA directory C:/Users/C27Jayden.Randolph/ece383_wksp/ice2/design_1_wrapper/hw
TRACE::2026-03-11.13:36:29::SCWPlatform:: Platform Path C:/Users/C27Jayden.Randolph/ece383_wksp/ice2/design_1_wrapper/hw/design_1_wrapper.xsa
TRACE::2026-03-11.13:36:29::SCWPlatform:: Unique name xilinx:nexys_video::0.0
TRACE::2026-03-11.13:36:29::SCWPlatform::Trying to set the existing hwdb with name design_1_wrapper_0
TRACE::2026-03-11.13:36:29::SCWPlatform::Opened existing hwdb design_1_wrapper_0
TRACE::2026-03-11.13:36:29::SCWPlatform::Found the Hw Db part of the input DSA
TRACE::2026-03-11.13:36:29::SCWMssOS::Checking the sw design at  C:/Users/C27Jayden.Randolph/ece383_wksp/ice2/design_1_wrapper/microblaze_0/standalone_microblaze_0/bsp/system.mss
TRACE::2026-03-11.13:36:29::SCWMssOS::DEBUG:  swdes dump  C:/Users/C27Jayden.Randolph/ece383_wksp/ice2/design_1_wrapper/microblaze_0/standalone_microblaze_0/bsp/system.mss|system||

TRACE::2026-03-11.13:36:29::SCWMssOS::Sw design exists and opened at  C:/Users/C27Jayden.Randolph/ece383_wksp/ice2/design_1_wrapper/microblaze_0/standalone_microblaze_0/bsp/system.mss
TRACE::2026-03-11.13:36:29::SCWPlatform::Trying to open the hw design at C:/Users/C27Jayden.Randolph/ece383_wksp/ice2/design_1_wrapper/hw/design_1_wrapper.xsa
TRACE::2026-03-11.13:36:29::SCWPlatform::DSA given C:/Users/C27Jayden.Randolph/ece383_wksp/ice2/design_1_wrapper/hw/design_1_wrapper.xsa
TRACE::2026-03-11.13:36:29::SCWPlatform::DSA absoulate path C:/Users/C27Jayden.Randolph/ece383_wksp/ice2/design_1_wrapper/hw/design_1_wrapper.xsa
TRACE::2026-03-11.13:36:29::SCWPlatform::DSA directory C:/Users/C27Jayden.Randolph/ece383_wksp/ice2/design_1_wrapper/hw
TRACE::2026-03-11.13:36:29::SCWPlatform:: Platform Path C:/Users/C27Jayden.Randolph/ece383_wksp/ice2/design_1_wrapper/hw/design_1_wrapper.xsa
TRACE::2026-03-11.13:36:29::SCWPlatform:: Unique name xilinx:nexys_video::0.0
TRACE::2026-03-11.13:36:29::SCWPlatform::Trying to set the existing hwdb with name design_1_wrapper_0
TRACE::2026-03-11.13:36:29::SCWPlatform::Opened existing hwdb design_1_wrapper_0
TRACE::2026-03-11.13:36:29::SCWPlatform::Found the Hw Db part of the input DSA
TRACE::2026-03-11.13:36:29::SCWMssOS::Checking the sw design at  C:/Users/C27Jayden.Randolph/ece383_wksp/ice2/design_1_wrapper/microblaze_0/standalone_microblaze_0/bsp/system.mss
TRACE::2026-03-11.13:36:29::SCWMssOS::DEBUG:  swdes dump  C:/Users/C27Jayden.Randolph/ece383_wksp/ice2/design_1_wrapper/microblaze_0/standalone_microblaze_0/bsp/system.mss|system||

TRACE::2026-03-11.13:36:29::SCWMssOS::Sw design exists and opened at  C:/Users/C27Jayden.Randolph/ece383_wksp/ice2/design_1_wrapper/microblaze_0/standalone_microblaze_0/bsp/system.mss
TRACE::2026-03-11.13:36:29::SCWPlatform::Trying to open the hw design at C:/Users/C27Jayden.Randolph/ece383_wksp/ice2/design_1_wrapper/hw/design_1_wrapper.xsa
TRACE::2026-03-11.13:36:29::SCWPlatform::DSA given C:/Users/C27Jayden.Randolph/ece383_wksp/ice2/design_1_wrapper/hw/design_1_wrapper.xsa
TRACE::2026-03-11.13:36:29::SCWPlatform::DSA absoulate path C:/Users/C27Jayden.Randolph/ece383_wksp/ice2/design_1_wrapper/hw/design_1_wrapper.xsa
TRACE::2026-03-11.13:36:29::SCWPlatform::DSA directory C:/Users/C27Jayden.Randolph/ece383_wksp/ice2/design_1_wrapper/hw
TRACE::2026-03-11.13:36:29::SCWPlatform:: Platform Path C:/Users/C27Jayden.Randolph/ece383_wksp/ice2/design_1_wrapper/hw/design_1_wrapper.xsa
TRACE::2026-03-11.13:36:29::SCWPlatform:: Unique name xilinx:nexys_video::0.0
TRACE::2026-03-11.13:36:29::SCWPlatform::Trying to set the existing hwdb with name design_1_wrapper_0
TRACE::2026-03-11.13:36:29::SCWPlatform::Opened existing hwdb design_1_wrapper_0
TRACE::2026-03-11.13:36:29::SCWPlatform::Found the Hw Db part of the input DSA
TRACE::2026-03-11.13:36:29::SCWMssOS::Checking the sw design at  C:/Users/C27Jayden.Randolph/ece383_wksp/ice2/design_1_wrapper/microblaze_0/standalone_microblaze_0/bsp/system.mss
TRACE::2026-03-11.13:36:29::SCWMssOS::DEBUG:  swdes dump  C:/Users/C27Jayden.Randolph/ece383_wksp/ice2/design_1_wrapper/microblaze_0/standalone_microblaze_0/bsp/system.mss|system||

TRACE::2026-03-11.13:36:29::SCWMssOS::Sw design exists and opened at  C:/Users/C27Jayden.Randolph/ece383_wksp/ice2/design_1_wrapper/microblaze_0/standalone_microblaze_0/bsp/system.mss
TRACE::2026-03-11.13:36:29::SCWWriter::formatted JSON is {
	"platformName":	"design_1_wrapper",
	"sprVersion":	"2.0",
	"mode":	"gui",
	"dsaType":	"Fixed",
	"platformDesc":	"design_1_wrapper",
	"platHandOff":	"C:/Users/C27Jayden.Randolph/ece383_wksp/ice3/ublaze3/design_1_wrapper.xsa",
	"platIntHandOff":	"<platformDir>/hw/design_1_wrapper.xsa",
	"deviceType":	"FPGA",
	"platIsPrebuiltAutogen":	"false",
	"platIsNoBootBsp":	"false",
	"hasFsblMakeHasChanges":	"false",
	"hasPmufwMakeHasChanges":	"false",
	"platPreBuiltFlag":	false,
	"platformSamplesDir":	"",
	"platActiveSys":	"design_1_wrapper",
	"systems":	[{
			"systemName":	"design_1_wrapper",
			"systemDesc":	"design_1_wrapper",
			"sysIsBootAutoGen":	"true",
			"systemDispName":	"design_1_wrapper",
			"sysActiveDom":	"standalone_microblaze_0",
			"sysDefaultDom":	"standalone_microblaze_0",
			"domains":	[{
					"domainName":	"standalone_microblaze_0",
					"domainDispName":	"standalone_microblaze_0",
					"domainDesc":	"standalone_microblaze_0",
					"processors":	"microblaze_0",
					"os":	"standalone",
					"sdxOs":	"standalone",
					"debugEnable":	"False",
					"domRuntimes":	["cpp"],
					"swRepo":	"",
					"mssOsVer":	"9.2",
					"mssFile":	"",
					"md5Digest":	"78d0412b485d8ad9f86b2c0627bf3467",
					"compatibleApp":	"hello_world",
					"domType":	"mssDomain",
					"arch":	"32-bit",
					"appSettings":	{
						"appCompilerFlags":	"",
						"appLinkerFlags":	""
					},
					"addedLibs":	[],
					"libOptions":	{
						"libsContainingOptions":	[]
					},
					"prebuiltLibs":	{
						"prebuiltIncPath":	[],
						"prebuiltLibPath":	[]
					},
					"isolation":	{
					}
				}]
		}]
}
TRACE::2026-03-11.13:36:29::SCWPlatform::Trying to open the hw design at C:/Users/C27Jayden.Randolph/ece383_wksp/ice2/design_1_wrapper/hw/design_1_wrapper.xsa
TRACE::2026-03-11.13:36:29::SCWPlatform::DSA given C:/Users/C27Jayden.Randolph/ece383_wksp/ice2/design_1_wrapper/hw/design_1_wrapper.xsa
TRACE::2026-03-11.13:36:29::SCWPlatform::DSA absoulate path C:/Users/C27Jayden.Randolph/ece383_wksp/ice2/design_1_wrapper/hw/design_1_wrapper.xsa
TRACE::2026-03-11.13:36:29::SCWPlatform::DSA directory C:/Users/C27Jayden.Randolph/ece383_wksp/ice2/design_1_wrapper/hw
TRACE::2026-03-11.13:36:30::SCWPlatform:: Platform Path C:/Users/C27Jayden.Randolph/ece383_wksp/ice2/design_1_wrapper/hw/design_1_wrapper.xsa
TRACE::2026-03-11.13:36:30::SCWPlatform:: Unique name xilinx:nexys_video::0.0
TRACE::2026-03-11.13:36:30::SCWPlatform::Trying to set the existing hwdb with name design_1_wrapper_0
TRACE::2026-03-11.13:36:30::SCWPlatform::Opened existing hwdb design_1_wrapper_0
TRACE::2026-03-11.13:36:30::SCWPlatform::Found the Hw Db part of the input DSA
TRACE::2026-03-11.13:36:30::SCWMssOS::Checking the sw design at  C:/Users/C27Jayden.Randolph/ece383_wksp/ice2/design_1_wrapper/microblaze_0/standalone_microblaze_0/bsp/system.mss
TRACE::2026-03-11.13:36:30::SCWMssOS::DEBUG:  swdes dump  C:/Users/C27Jayden.Randolph/ece383_wksp/ice2/design_1_wrapper/microblaze_0/standalone_microblaze_0/bsp/system.mss|system||

TRACE::2026-03-11.13:36:30::SCWMssOS::Sw design exists and opened at  C:/Users/C27Jayden.Randolph/ece383_wksp/ice2/design_1_wrapper/microblaze_0/standalone_microblaze_0/bsp/system.mss
TRACE::2026-03-11.13:36:30::SCWPlatform::Trying to open the hw design at C:/Users/C27Jayden.Randolph/ece383_wksp/ice2/design_1_wrapper/hw/design_1_wrapper.xsa
TRACE::2026-03-11.13:36:30::SCWPlatform::DSA given C:/Users/C27Jayden.Randolph/ece383_wksp/ice2/design_1_wrapper/hw/design_1_wrapper.xsa
TRACE::2026-03-11.13:36:30::SCWPlatform::DSA absoulate path C:/Users/C27Jayden.Randolph/ece383_wksp/ice2/design_1_wrapper/hw/design_1_wrapper.xsa
TRACE::2026-03-11.13:36:30::SCWPlatform::DSA directory C:/Users/C27Jayden.Randolph/ece383_wksp/ice2/design_1_wrapper/hw
TRACE::2026-03-11.13:36:30::SCWPlatform:: Platform Path C:/Users/C27Jayden.Randolph/ece383_wksp/ice2/design_1_wrapper/hw/design_1_wrapper.xsa
TRACE::2026-03-11.13:36:30::SCWPlatform:: Unique name xilinx:nexys_video::0.0
TRACE::2026-03-11.13:36:30::SCWPlatform::Trying to set the existing hwdb with name design_1_wrapper_0
TRACE::2026-03-11.13:36:30::SCWPlatform::Opened existing hwdb design_1_wrapper_0
TRACE::2026-03-11.13:36:30::SCWPlatform::Found the Hw Db part of the input DSA
TRACE::2026-03-11.13:36:30::SCWMssOS::Checking the sw design at  C:/Users/C27Jayden.Randolph/ece383_wksp/ice2/design_1_wrapper/microblaze_0/standalone_microblaze_0/bsp/system.mss
TRACE::2026-03-11.13:36:30::SCWMssOS::DEBUG:  swdes dump  C:/Users/C27Jayden.Randolph/ece383_wksp/ice2/design_1_wrapper/microblaze_0/standalone_microblaze_0/bsp/system.mss|system||

TRACE::2026-03-11.13:36:30::SCWMssOS::Sw design exists and opened at  C:/Users/C27Jayden.Randolph/ece383_wksp/ice2/design_1_wrapper/microblaze_0/standalone_microblaze_0/bsp/system.mss
TRACE::2026-03-11.13:36:30::SCWMssOS::Saving the mss changes C:/Users/C27Jayden.Randolph/ece383_wksp/ice2/design_1_wrapper/microblaze_0/standalone_microblaze_0/bsp/system.mss
TRACE::2026-03-11.13:36:30::SCWMssOS::Found a swdesign opened with the mssfile.
TRACE::2026-03-11.13:36:30::SCWMssOS::Completed writemss as part of save.
TRACE::2026-03-11.13:36:30::SCWMssOS::Commit changes completed.
TRACE::2026-03-11.13:36:30::SCWPlatform::Trying to open the hw design at C:/Users/C27Jayden.Randolph/ece383_wksp/ice2/design_1_wrapper/hw/design_1_wrapper.xsa
TRACE::2026-03-11.13:36:30::SCWPlatform::DSA given C:/Users/C27Jayden.Randolph/ece383_wksp/ice2/design_1_wrapper/hw/design_1_wrapper.xsa
TRACE::2026-03-11.13:36:30::SCWPlatform::DSA absoulate path C:/Users/C27Jayden.Randolph/ece383_wksp/ice2/design_1_wrapper/hw/design_1_wrapper.xsa
TRACE::2026-03-11.13:36:30::SCWPlatform::DSA directory C:/Users/C27Jayden.Randolph/ece383_wksp/ice2/design_1_wrapper/hw
TRACE::2026-03-11.13:36:30::SCWPlatform:: Platform Path C:/Users/C27Jayden.Randolph/ece383_wksp/ice2/design_1_wrapper/hw/design_1_wrapper.xsa
TRACE::2026-03-11.13:36:30::SCWPlatform:: Unique name xilinx:nexys_video::0.0
TRACE::2026-03-11.13:36:30::SCWPlatform::Trying to set the existing hwdb with name design_1_wrapper_0
TRACE::2026-03-11.13:36:30::SCWPlatform::Opened existing hwdb design_1_wrapper_0
TRACE::2026-03-11.13:36:30::SCWPlatform::Found the Hw Db part of the input DSA
TRACE::2026-03-11.13:36:30::SCWMssOS::Checking the sw design at  C:/Users/C27Jayden.Randolph/ece383_wksp/ice2/design_1_wrapper/microblaze_0/standalone_microblaze_0/bsp/system.mss
TRACE::2026-03-11.13:36:30::SCWMssOS::DEBUG:  swdes dump  C:/Users/C27Jayden.Randolph/ece383_wksp/ice2/design_1_wrapper/microblaze_0/standalone_microblaze_0/bsp/system.mss|system||

TRACE::2026-03-11.13:36:30::SCWMssOS::Sw design exists and opened at  C:/Users/C27Jayden.Randolph/ece383_wksp/ice2/design_1_wrapper/microblaze_0/standalone_microblaze_0/bsp/system.mss
TRACE::2026-03-11.13:36:30::SCWPlatform::Trying to open the hw design at C:/Users/C27Jayden.Randolph/ece383_wksp/ice2/design_1_wrapper/hw/design_1_wrapper.xsa
TRACE::2026-03-11.13:36:30::SCWPlatform::DSA given C:/Users/C27Jayden.Randolph/ece383_wksp/ice2/design_1_wrapper/hw/design_1_wrapper.xsa
TRACE::2026-03-11.13:36:30::SCWPlatform::DSA absoulate path C:/Users/C27Jayden.Randolph/ece383_wksp/ice2/design_1_wrapper/hw/design_1_wrapper.xsa
TRACE::2026-03-11.13:36:30::SCWPlatform::DSA directory C:/Users/C27Jayden.Randolph/ece383_wksp/ice2/design_1_wrapper/hw
TRACE::2026-03-11.13:36:30::SCWPlatform:: Platform Path C:/Users/C27Jayden.Randolph/ece383_wksp/ice2/design_1_wrapper/hw/design_1_wrapper.xsa
TRACE::2026-03-11.13:36:30::SCWPlatform:: Unique name xilinx:nexys_video::0.0
TRACE::2026-03-11.13:36:30::SCWPlatform::Trying to set the existing hwdb with name design_1_wrapper_0
TRACE::2026-03-11.13:36:30::SCWPlatform::Opened existing hwdb design_1_wrapper_0
TRACE::2026-03-11.13:36:30::SCWPlatform::Found the Hw Db part of the input DSA
TRACE::2026-03-11.13:36:30::SCWMssOS::Checking the sw design at  C:/Users/C27Jayden.Randolph/ece383_wksp/ice2/design_1_wrapper/microblaze_0/standalone_microblaze_0/bsp/system.mss
TRACE::2026-03-11.13:36:30::SCWMssOS::DEBUG:  swdes dump  C:/Users/C27Jayden.Randolph/ece383_wksp/ice2/design_1_wrapper/microblaze_0/standalone_microblaze_0/bsp/system.mss|system||

TRACE::2026-03-11.13:36:30::SCWMssOS::Sw design exists and opened at  C:/Users/C27Jayden.Randolph/ece383_wksp/ice2/design_1_wrapper/microblaze_0/standalone_microblaze_0/bsp/system.mss
TRACE::2026-03-11.13:36:30::SCWPlatform::Trying to open the hw design at C:/Users/C27Jayden.Randolph/ece383_wksp/ice2/design_1_wrapper/hw/design_1_wrapper.xsa
TRACE::2026-03-11.13:36:30::SCWPlatform::DSA given C:/Users/C27Jayden.Randolph/ece383_wksp/ice2/design_1_wrapper/hw/design_1_wrapper.xsa
TRACE::2026-03-11.13:36:30::SCWPlatform::DSA absoulate path C:/Users/C27Jayden.Randolph/ece383_wksp/ice2/design_1_wrapper/hw/design_1_wrapper.xsa
TRACE::2026-03-11.13:36:30::SCWPlatform::DSA directory C:/Users/C27Jayden.Randolph/ece383_wksp/ice2/design_1_wrapper/hw
TRACE::2026-03-11.13:36:30::SCWPlatform:: Platform Path C:/Users/C27Jayden.Randolph/ece383_wksp/ice2/design_1_wrapper/hw/design_1_wrapper.xsa
TRACE::2026-03-11.13:36:30::SCWPlatform:: Unique name xilinx:nexys_video::0.0
TRACE::2026-03-11.13:36:30::SCWPlatform::Trying to set the existing hwdb with name design_1_wrapper_0
TRACE::2026-03-11.13:36:30::SCWPlatform::Opened existing hwdb design_1_wrapper_0
TRACE::2026-03-11.13:36:30::SCWPlatform::Found the Hw Db part of the input DSA
TRACE::2026-03-11.13:36:30::SCWMssOS::Checking the sw design at  C:/Users/C27Jayden.Randolph/ece383_wksp/ice2/design_1_wrapper/microblaze_0/standalone_microblaze_0/bsp/system.mss
TRACE::2026-03-11.13:36:30::SCWMssOS::DEBUG:  swdes dump  C:/Users/C27Jayden.Randolph/ece383_wksp/ice2/design_1_wrapper/microblaze_0/standalone_microblaze_0/bsp/system.mss|system||

TRACE::2026-03-11.13:36:30::SCWMssOS::Sw design exists and opened at  C:/Users/C27Jayden.Randolph/ece383_wksp/ice2/design_1_wrapper/microblaze_0/standalone_microblaze_0/bsp/system.mss
TRACE::2026-03-11.13:36:30::SCWWriter::formatted JSON is {
	"platformName":	"design_1_wrapper",
	"sprVersion":	"2.0",
	"mode":	"gui",
	"dsaType":	"Fixed",
	"platformDesc":	"design_1_wrapper",
	"platHandOff":	"C:/Users/C27Jayden.Randolph/ece383_wksp/ice3/ublaze3/design_1_wrapper.xsa",
	"platIntHandOff":	"<platformDir>/hw/design_1_wrapper.xsa",
	"deviceType":	"FPGA",
	"platIsPrebuiltAutogen":	"false",
	"platIsNoBootBsp":	"false",
	"hasFsblMakeHasChanges":	"false",
	"hasPmufwMakeHasChanges":	"false",
	"platPreBuiltFlag":	false,
	"platformSamplesDir":	"",
	"platActiveSys":	"design_1_wrapper",
	"systems":	[{
			"systemName":	"design_1_wrapper",
			"systemDesc":	"design_1_wrapper",
			"sysIsBootAutoGen":	"true",
			"systemDispName":	"design_1_wrapper",
			"sysActiveDom":	"standalone_microblaze_0",
			"sysDefaultDom":	"standalone_microblaze_0",
			"domains":	[{
					"domainName":	"standalone_microblaze_0",
					"domainDispName":	"standalone_microblaze_0",
					"domainDesc":	"standalone_microblaze_0",
					"processors":	"microblaze_0",
					"os":	"standalone",
					"sdxOs":	"standalone",
					"debugEnable":	"False",
					"domRuntimes":	["cpp"],
					"swRepo":	"",
					"mssOsVer":	"9.2",
					"mssFile":	"",
					"md5Digest":	"78d0412b485d8ad9f86b2c0627bf3467",
					"compatibleApp":	"hello_world",
					"domType":	"mssDomain",
					"arch":	"32-bit",
					"appSettings":	{
						"appCompilerFlags":	"",
						"appLinkerFlags":	""
					},
					"addedLibs":	[],
					"libOptions":	{
						"libsContainingOptions":	[]
					},
					"prebuiltLibs":	{
						"prebuiltIncPath":	[],
						"prebuiltLibPath":	[]
					},
					"isolation":	{
					}
				}]
		}]
}
LOG::2026-03-11.13:36:30::SCWPlatform::Started generating the artifacts platform design_1_wrapper
TRACE::2026-03-11.13:36:30::SCWPlatform::Sanity checking of platform is completed
LOG::2026-03-11.13:36:30::SCWPlatform::Started generating the artifacts for system configuration design_1_wrapper
LOG::2026-03-11.13:36:30::SCWSystem::Started Processing the domain standalone_microblaze_0
TRACE::2026-03-11.13:36:30::SCWDomain::Generating domain artifcats
TRACE::2026-03-11.13:36:30::SCWMssOS::Generating standalone artifcats
TRACE::2026-03-11.13:36:30::SCWMssOS:: Copying the user libraries. 
TRACE::2026-03-11.13:36:30::SCWPlatform::Trying to open the hw design at C:/Users/C27Jayden.Randolph/ece383_wksp/ice2/design_1_wrapper/hw/design_1_wrapper.xsa
TRACE::2026-03-11.13:36:30::SCWPlatform::DSA given C:/Users/C27Jayden.Randolph/ece383_wksp/ice2/design_1_wrapper/hw/design_1_wrapper.xsa
TRACE::2026-03-11.13:36:30::SCWPlatform::DSA absoulate path C:/Users/C27Jayden.Randolph/ece383_wksp/ice2/design_1_wrapper/hw/design_1_wrapper.xsa
TRACE::2026-03-11.13:36:30::SCWPlatform::DSA directory C:/Users/C27Jayden.Randolph/ece383_wksp/ice2/design_1_wrapper/hw
TRACE::2026-03-11.13:36:30::SCWPlatform:: Platform Path C:/Users/C27Jayden.Randolph/ece383_wksp/ice2/design_1_wrapper/hw/design_1_wrapper.xsa
TRACE::2026-03-11.13:36:30::SCWPlatform:: Unique name xilinx:nexys_video::0.0
TRACE::2026-03-11.13:36:30::SCWPlatform::Trying to set the existing hwdb with name design_1_wrapper_0
TRACE::2026-03-11.13:36:30::SCWPlatform::Opened existing hwdb design_1_wrapper_0
TRACE::2026-03-11.13:36:30::SCWPlatform::Found the Hw Db part of the input DSA
TRACE::2026-03-11.13:36:30::SCWMssOS::Checking the sw design at  C:/Users/C27Jayden.Randolph/ece383_wksp/ice2/design_1_wrapper/microblaze_0/standalone_microblaze_0/bsp/system.mss
TRACE::2026-03-11.13:36:30::SCWMssOS::DEBUG:  swdes dump  C:/Users/C27Jayden.Randolph/ece383_wksp/ice2/design_1_wrapper/microblaze_0/standalone_microblaze_0/bsp/system.mss|system||

TRACE::2026-03-11.13:36:30::SCWMssOS::Sw design exists and opened at  C:/Users/C27Jayden.Randolph/ece383_wksp/ice2/design_1_wrapper/microblaze_0/standalone_microblaze_0/bsp/system.mss
TRACE::2026-03-11.13:36:30::SCWMssOS::Completed writing the mss file at C:/Users/C27Jayden.Randolph/ece383_wksp/ice2/design_1_wrapper/microblaze_0/standalone_microblaze_0/bsp
TRACE::2026-03-11.13:36:30::SCWMssOS::Mss edits present, copying mssfile into export location C:/Users/C27Jayden.Randolph/ece383_wksp/ice2/design_1_wrapper/microblaze_0/standalone_microblaze_0/bsp/system.mss
TRACE::2026-03-11.13:36:30::SCWMssOS::bsp generated is upto date with the mss file. Skipping bsp generation.
TRACE::2026-03-11.13:36:30::SCWMssOS::BSP is already built. skipping the bsp build ... 
TRACE::2026-03-11.13:36:30::SCWDomain::Building the domain as part of full build :  standalone_microblaze_0
TRACE::2026-03-11.13:36:30::SCWMssOS::skipping the bsp build ... 
TRACE::2026-03-11.13:36:30::SCWMssOS::Copying to export directory.
TRACE::2026-03-11.13:36:30::SCWMssOS:: Checking if to create the Supporting Applications
TRACE::2026-03-11.13:36:30::SCWMssOS:: No Linux domain exists, trying to generate FSBL 
LOG::2026-03-11.13:36:30::SCWSystem::Completed Processing the domain standalone_microblaze_0
LOG::2026-03-11.13:36:30::SCWSystem::Completed Processing the sysconfig design_1_wrapper
LOG::2026-03-11.13:36:30::SCWPlatform::Completed generating the artifacts for system configuration design_1_wrapper
TRACE::2026-03-11.13:36:30::SCWPlatform::Started preparing the platform 
TRACE::2026-03-11.13:36:30::SCWSystem::Writing the bif file for system config design_1_wrapper
TRACE::2026-03-11.13:36:30::SCWSystem::dir created 
TRACE::2026-03-11.13:36:30::SCWSystem::Writing the bif 
TRACE::2026-03-11.13:36:30::SCWPlatform::Started writing the spfm file 
TRACE::2026-03-11.13:36:30::SCWPlatform::Started writing the xpfm file 
TRACE::2026-03-11.13:36:30::SCWPlatform::Completed generating the platform
TRACE::2026-03-11.13:36:30::SCWMssOS::Saving the mss changes C:/Users/C27Jayden.Randolph/ece383_wksp/ice2/design_1_wrapper/microblaze_0/standalone_microblaze_0/bsp/system.mss
TRACE::2026-03-11.13:36:30::SCWMssOS::Found a swdesign opened with the mssfile.
TRACE::2026-03-11.13:36:30::SCWMssOS::Completed writemss as part of save.
TRACE::2026-03-11.13:36:30::SCWMssOS::Commit changes completed.
TRACE::2026-03-11.13:36:30::SCWPlatform::Trying to open the hw design at C:/Users/C27Jayden.Randolph/ece383_wksp/ice2/design_1_wrapper/hw/design_1_wrapper.xsa
TRACE::2026-03-11.13:36:30::SCWPlatform::DSA given C:/Users/C27Jayden.Randolph/ece383_wksp/ice2/design_1_wrapper/hw/design_1_wrapper.xsa
TRACE::2026-03-11.13:36:30::SCWPlatform::DSA absoulate path C:/Users/C27Jayden.Randolph/ece383_wksp/ice2/design_1_wrapper/hw/design_1_wrapper.xsa
TRACE::2026-03-11.13:36:30::SCWPlatform::DSA directory C:/Users/C27Jayden.Randolph/ece383_wksp/ice2/design_1_wrapper/hw
TRACE::2026-03-11.13:36:30::SCWPlatform:: Platform Path C:/Users/C27Jayden.Randolph/ece383_wksp/ice2/design_1_wrapper/hw/design_1_wrapper.xsa
TRACE::2026-03-11.13:36:30::SCWPlatform:: Unique name xilinx:nexys_video::0.0
TRACE::2026-03-11.13:36:30::SCWPlatform::Trying to set the existing hwdb with name design_1_wrapper_0
TRACE::2026-03-11.13:36:30::SCWPlatform::Opened existing hwdb design_1_wrapper_0
TRACE::2026-03-11.13:36:30::SCWPlatform::Found the Hw Db part of the input DSA
TRACE::2026-03-11.13:36:30::SCWMssOS::Checking the sw design at  C:/Users/C27Jayden.Randolph/ece383_wksp/ice2/design_1_wrapper/microblaze_0/standalone_microblaze_0/bsp/system.mss
TRACE::2026-03-11.13:36:30::SCWMssOS::DEBUG:  swdes dump  C:/Users/C27Jayden.Randolph/ece383_wksp/ice2/design_1_wrapper/microblaze_0/standalone_microblaze_0/bsp/system.mss|system||

TRACE::2026-03-11.13:36:30::SCWMssOS::Sw design exists and opened at  C:/Users/C27Jayden.Randolph/ece383_wksp/ice2/design_1_wrapper/microblaze_0/standalone_microblaze_0/bsp/system.mss
TRACE::2026-03-11.13:36:30::SCWPlatform::Trying to open the hw design at C:/Users/C27Jayden.Randolph/ece383_wksp/ice2/design_1_wrapper/hw/design_1_wrapper.xsa
TRACE::2026-03-11.13:36:30::SCWPlatform::DSA given C:/Users/C27Jayden.Randolph/ece383_wksp/ice2/design_1_wrapper/hw/design_1_wrapper.xsa
TRACE::2026-03-11.13:36:30::SCWPlatform::DSA absoulate path C:/Users/C27Jayden.Randolph/ece383_wksp/ice2/design_1_wrapper/hw/design_1_wrapper.xsa
TRACE::2026-03-11.13:36:30::SCWPlatform::DSA directory C:/Users/C27Jayden.Randolph/ece383_wksp/ice2/design_1_wrapper/hw
TRACE::2026-03-11.13:36:30::SCWPlatform:: Platform Path C:/Users/C27Jayden.Randolph/ece383_wksp/ice2/design_1_wrapper/hw/design_1_wrapper.xsa
TRACE::2026-03-11.13:36:30::SCWPlatform:: Unique name xilinx:nexys_video::0.0
TRACE::2026-03-11.13:36:30::SCWPlatform::Trying to set the existing hwdb with name design_1_wrapper_0
TRACE::2026-03-11.13:36:30::SCWPlatform::Opened existing hwdb design_1_wrapper_0
TRACE::2026-03-11.13:36:30::SCWPlatform::Found the Hw Db part of the input DSA
TRACE::2026-03-11.13:36:30::SCWMssOS::Checking the sw design at  C:/Users/C27Jayden.Randolph/ece383_wksp/ice2/design_1_wrapper/microblaze_0/standalone_microblaze_0/bsp/system.mss
TRACE::2026-03-11.13:36:30::SCWMssOS::DEBUG:  swdes dump  C:/Users/C27Jayden.Randolph/ece383_wksp/ice2/design_1_wrapper/microblaze_0/standalone_microblaze_0/bsp/system.mss|system||

TRACE::2026-03-11.13:36:30::SCWMssOS::Sw design exists and opened at  C:/Users/C27Jayden.Randolph/ece383_wksp/ice2/design_1_wrapper/microblaze_0/standalone_microblaze_0/bsp/system.mss
TRACE::2026-03-11.13:36:30::SCWPlatform::Trying to open the hw design at C:/Users/C27Jayden.Randolph/ece383_wksp/ice2/design_1_wrapper/hw/design_1_wrapper.xsa
TRACE::2026-03-11.13:36:30::SCWPlatform::DSA given C:/Users/C27Jayden.Randolph/ece383_wksp/ice2/design_1_wrapper/hw/design_1_wrapper.xsa
TRACE::2026-03-11.13:36:30::SCWPlatform::DSA absoulate path C:/Users/C27Jayden.Randolph/ece383_wksp/ice2/design_1_wrapper/hw/design_1_wrapper.xsa
TRACE::2026-03-11.13:36:30::SCWPlatform::DSA directory C:/Users/C27Jayden.Randolph/ece383_wksp/ice2/design_1_wrapper/hw
TRACE::2026-03-11.13:36:30::SCWPlatform:: Platform Path C:/Users/C27Jayden.Randolph/ece383_wksp/ice2/design_1_wrapper/hw/design_1_wrapper.xsa
TRACE::2026-03-11.13:36:30::SCWPlatform:: Unique name xilinx:nexys_video::0.0
TRACE::2026-03-11.13:36:30::SCWPlatform::Trying to set the existing hwdb with name design_1_wrapper_0
TRACE::2026-03-11.13:36:30::SCWPlatform::Opened existing hwdb design_1_wrapper_0
TRACE::2026-03-11.13:36:30::SCWPlatform::Found the Hw Db part of the input DSA
TRACE::2026-03-11.13:36:30::SCWMssOS::Checking the sw design at  C:/Users/C27Jayden.Randolph/ece383_wksp/ice2/design_1_wrapper/microblaze_0/standalone_microblaze_0/bsp/system.mss
TRACE::2026-03-11.13:36:30::SCWMssOS::DEBUG:  swdes dump  C:/Users/C27Jayden.Randolph/ece383_wksp/ice2/design_1_wrapper/microblaze_0/standalone_microblaze_0/bsp/system.mss|system||

TRACE::2026-03-11.13:36:30::SCWMssOS::Sw design exists and opened at  C:/Users/C27Jayden.Randolph/ece383_wksp/ice2/design_1_wrapper/microblaze_0/standalone_microblaze_0/bsp/system.mss
TRACE::2026-03-11.13:36:30::SCWWriter::formatted JSON is {
	"platformName":	"design_1_wrapper",
	"sprVersion":	"2.0",
	"mode":	"gui",
	"dsaType":	"Fixed",
	"platformDesc":	"design_1_wrapper",
	"platHandOff":	"C:/Users/C27Jayden.Randolph/ece383_wksp/ice3/ublaze3/design_1_wrapper.xsa",
	"platIntHandOff":	"<platformDir>/hw/design_1_wrapper.xsa",
	"deviceType":	"FPGA",
	"platIsPrebuiltAutogen":	"false",
	"platIsNoBootBsp":	"false",
	"hasFsblMakeHasChanges":	"false",
	"hasPmufwMakeHasChanges":	"false",
	"platPreBuiltFlag":	false,
	"platformSamplesDir":	"",
	"platActiveSys":	"design_1_wrapper",
	"systems":	[{
			"systemName":	"design_1_wrapper",
			"systemDesc":	"design_1_wrapper",
			"sysIsBootAutoGen":	"true",
			"systemDispName":	"design_1_wrapper",
			"sysActiveDom":	"standalone_microblaze_0",
			"sysDefaultDom":	"standalone_microblaze_0",
			"domains":	[{
					"domainName":	"standalone_microblaze_0",
					"domainDispName":	"standalone_microblaze_0",
					"domainDesc":	"standalone_microblaze_0",
					"processors":	"microblaze_0",
					"os":	"standalone",
					"sdxOs":	"standalone",
					"debugEnable":	"False",
					"domRuntimes":	["cpp"],
					"swRepo":	"",
					"mssOsVer":	"9.2",
					"mssFile":	"",
					"md5Digest":	"78d0412b485d8ad9f86b2c0627bf3467",
					"compatibleApp":	"hello_world",
					"domType":	"mssDomain",
					"arch":	"32-bit",
					"appSettings":	{
						"appCompilerFlags":	"",
						"appLinkerFlags":	""
					},
					"addedLibs":	[],
					"libOptions":	{
						"libsContainingOptions":	[]
					},
					"prebuiltLibs":	{
						"prebuiltIncPath":	[],
						"prebuiltLibPath":	[]
					},
					"isolation":	{
					}
				}]
		}]
}
KEYINFO::2026-03-11.13:36:30::SCWPlatform::updated the xpfm file.
LOG::2026-03-11.13:40:50::SCWPlatform::Started generating the artifacts platform design_1_wrapper
TRACE::2026-03-11.13:40:50::SCWPlatform::Sanity checking of platform is completed
LOG::2026-03-11.13:40:50::SCWPlatform::Started generating the artifacts for system configuration design_1_wrapper
LOG::2026-03-11.13:40:50::SCWSystem::Checking the domain standalone_microblaze_0
LOG::2026-03-11.13:40:50::SCWSystem::Not a boot domain 
LOG::2026-03-11.13:40:50::SCWSystem::Started Processing the domain standalone_microblaze_0
TRACE::2026-03-11.13:40:50::SCWDomain::Generating domain artifcats
TRACE::2026-03-11.13:40:50::SCWMssOS::Generating standalone artifcats
TRACE::2026-03-11.13:40:50::SCWMssOS:: Copying the user libraries. 
TRACE::2026-03-11.13:40:50::SCWPlatform::Trying to open the hw design at C:/Users/C27Jayden.Randolph/ece383_wksp/ice2/design_1_wrapper/hw/design_1_wrapper.xsa
TRACE::2026-03-11.13:40:50::SCWPlatform::DSA given C:/Users/C27Jayden.Randolph/ece383_wksp/ice2/design_1_wrapper/hw/design_1_wrapper.xsa
TRACE::2026-03-11.13:40:50::SCWPlatform::DSA absoulate path C:/Users/C27Jayden.Randolph/ece383_wksp/ice2/design_1_wrapper/hw/design_1_wrapper.xsa
TRACE::2026-03-11.13:40:50::SCWPlatform::DSA directory C:/Users/C27Jayden.Randolph/ece383_wksp/ice2/design_1_wrapper/hw
TRACE::2026-03-11.13:40:50::SCWPlatform:: Platform Path C:/Users/C27Jayden.Randolph/ece383_wksp/ice2/design_1_wrapper/hw/design_1_wrapper.xsa
TRACE::2026-03-11.13:40:50::SCWPlatform:: Unique name xilinx:nexys_video::0.0
TRACE::2026-03-11.13:40:50::SCWPlatform::Trying to set the existing hwdb with name design_1_wrapper_0
TRACE::2026-03-11.13:40:50::SCWPlatform::Opened existing hwdb design_1_wrapper_0
TRACE::2026-03-11.13:40:50::SCWPlatform::Found the Hw Db part of the input DSA
TRACE::2026-03-11.13:40:50::SCWMssOS::Checking the sw design at  C:/Users/C27Jayden.Randolph/ece383_wksp/ice2/design_1_wrapper/microblaze_0/standalone_microblaze_0/bsp/system.mss
TRACE::2026-03-11.13:40:50::SCWMssOS::DEBUG:  swdes dump  C:/Users/C27Jayden.Randolph/ece383_wksp/ice2/design_1_wrapper/microblaze_0/standalone_microblaze_0/bsp/system.mss|system||

TRACE::2026-03-11.13:40:50::SCWMssOS::Sw design exists and opened at  C:/Users/C27Jayden.Randolph/ece383_wksp/ice2/design_1_wrapper/microblaze_0/standalone_microblaze_0/bsp/system.mss
TRACE::2026-03-11.13:40:50::SCWMssOS::Completed writing the mss file at C:/Users/C27Jayden.Randolph/ece383_wksp/ice2/design_1_wrapper/microblaze_0/standalone_microblaze_0/bsp
TRACE::2026-03-11.13:40:50::SCWMssOS::Mss edits present, copying mssfile into export location C:/Users/C27Jayden.Randolph/ece383_wksp/ice2/design_1_wrapper/microblaze_0/standalone_microblaze_0/bsp/system.mss
TRACE::2026-03-11.13:40:50::SCWMssOS::bsp generated is upto date with the mss file. Skipping bsp generation.
TRACE::2026-03-11.13:40:50::SCWMssOS::BSP is already built. skipping the bsp build ... 
TRACE::2026-03-11.13:40:50::SCWDomain::Building the domain as part of full build :  standalone_microblaze_0
TRACE::2026-03-11.13:40:50::SCWMssOS::doing bsp build ... 
TRACE::2026-03-11.13:40:50::SCWMssOS::System Command Ran  C: & cd  C:/Users/C27Jayden.Randolph/ece383_wksp/ice2/design_1_wrapper/microblaze_0/standalone_microblaze_0/bsp & make 
TRACE::2026-03-11.13:40:51::SCWMssOS::make --no-print-directory seq_libs

TRACE::2026-03-11.13:40:51::SCWMssOS::'Finished building libraries sequentially.'

TRACE::2026-03-11.13:40:51::SCWMssOS::make -j 14 --no-print-directory par_libs

TRACE::2026-03-11.13:40:51::SCWMssOS::"Running Make include in microblaze_0/libsrc/bram_v4_11/src"

TRACE::2026-03-11.13:40:51::SCWMssOS::make -C microblaze_0/libsrc/bram_v4_11/src -s include  "SHELL=CMD" "COMPILER=mb-gcc" "ASSEMBLER=mb-as" "ARCHIVER=mb-ar" "COMPIL
TRACE::2026-03-11.13:40:51::SCWMssOS::ER_FLAGS=  -O2 -c -mcpu=v11.0 -mlittle-endian -mxl-soft-mul" "EXTRA_COMPILER_FLAGS=-g -ffunction-sections -fdata-sections -Wall
TRACE::2026-03-11.13:40:51::SCWMssOS:: -Wextra -fno-tree-loop-distribute-patterns"

TRACE::2026-03-11.13:40:51::SCWMssOS::"Running Make include in microblaze_0/libsrc/cpu_v2_18/src"

TRACE::2026-03-11.13:40:51::SCWMssOS::make -C microblaze_0/libsrc/cpu_v2_18/src -s include  "SHELL=CMD" "COMPILER=mb-gcc" "ASSEMBLER=mb-as" "ARCHIVER=mb-ar" "COMPILE
TRACE::2026-03-11.13:40:51::SCWMssOS::R_FLAGS=  -O2 -c -mcpu=v11.0 -mlittle-endian -mxl-soft-mul" "EXTRA_COMPILER_FLAGS=-g -ffunction-sections -fdata-sections -Wall 
TRACE::2026-03-11.13:40:51::SCWMssOS::-Wextra -fno-tree-loop-distribute-patterns"

TRACE::2026-03-11.13:40:51::SCWMssOS::"Running Make include in microblaze_0/libsrc/standalone_v9_2/src"

TRACE::2026-03-11.13:40:51::SCWMssOS::make -C microblaze_0/libsrc/standalone_v9_2/src -s include  "SHELL=CMD" "COMPILER=mb-gcc" "ASSEMBLER=mb-as" "ARCHIVER=mb-ar" "C
TRACE::2026-03-11.13:40:51::SCWMssOS::OMPILER_FLAGS=  -O2 -c -mcpu=v11.0 -mlittle-endian -mxl-soft-mul" "EXTRA_COMPILER_FLAGS=-g -ffunction-sections -fdata-sections 
TRACE::2026-03-11.13:40:51::SCWMssOS::-Wall -Wextra -fno-tree-loop-distribute-patterns"

TRACE::2026-03-11.13:40:51::SCWMssOS::"Running Make include in microblaze_0/libsrc/uartlite_v3_11/src"

TRACE::2026-03-11.13:40:51::SCWMssOS::make -C microblaze_0/libsrc/uartlite_v3_11/src -s include  "SHELL=CMD" "COMPILER=mb-gcc" "ASSEMBLER=mb-as" "ARCHIVER=mb-ar" "CO
TRACE::2026-03-11.13:40:51::SCWMssOS::MPILER_FLAGS=  -O2 -c -mcpu=v11.0 -mlittle-endian -mxl-soft-mul" "EXTRA_COMPILER_FLAGS=-g -ffunction-sections -fdata-sections -
TRACE::2026-03-11.13:40:51::SCWMssOS::Wall -Wextra -fno-tree-loop-distribute-patterns"

TRACE::2026-03-11.13:40:52::SCWMssOS::"Running Make libs in microblaze_0/libsrc/bram_v4_11/src"

TRACE::2026-03-11.13:40:53::SCWMssOS::make -C microblaze_0/libsrc/bram_v4_11/src -s libs  "SHELL=CMD" "COMPILER=mb-gcc" "ASSEMBLER=mb-as" "ARCHIVER=mb-ar" "COMPILER_
TRACE::2026-03-11.13:40:53::SCWMssOS::FLAGS=  -O2 -c -mcpu=v11.0 -mlittle-endian -mxl-soft-mul" "EXTRA_COMPILER_FLAGS=-g -ffunction-sections -fdata-sections -Wall -W
TRACE::2026-03-11.13:40:53::SCWMssOS::extra -fno-tree-loop-distribute-patterns"

TRACE::2026-03-11.13:40:53::SCWMssOS::"Running Make libs in microblaze_0/libsrc/cpu_v2_18/src"

TRACE::2026-03-11.13:40:53::SCWMssOS::make -C microblaze_0/libsrc/cpu_v2_18/src -s libs  "SHELL=CMD" "COMPILER=mb-gcc" "ASSEMBLER=mb-as" "ARCHIVER=mb-ar" "COMPILER_F
TRACE::2026-03-11.13:40:53::SCWMssOS::LAGS=  -O2 -c -mcpu=v11.0 -mlittle-endian -mxl-soft-mul" "EXTRA_COMPILER_FLAGS=-g -ffunction-sections -fdata-sections -Wall -We
TRACE::2026-03-11.13:40:53::SCWMssOS::xtra -fno-tree-loop-distribute-patterns"

TRACE::2026-03-11.13:40:53::SCWMssOS::"Running Make libs in microblaze_0/libsrc/standalone_v9_2/src"

TRACE::2026-03-11.13:40:53::SCWMssOS::make -C microblaze_0/libsrc/standalone_v9_2/src -s libs  "SHELL=CMD" "COMPILER=mb-gcc" "ASSEMBLER=mb-as" "ARCHIVER=mb-ar" "COMP
TRACE::2026-03-11.13:40:53::SCWMssOS::ILER_FLAGS=  -O2 -c -mcpu=v11.0 -mlittle-endian -mxl-soft-mul" "EXTRA_COMPILER_FLAGS=-g -ffunction-sections -fdata-sections -Wa
TRACE::2026-03-11.13:40:53::SCWMssOS::ll -Wextra -fno-tree-loop-distribute-patterns"

TRACE::2026-03-11.13:40:53::SCWMssOS::"Running Make libs in microblaze_0/libsrc/uartlite_v3_11/src"

TRACE::2026-03-11.13:40:53::SCWMssOS::make -C microblaze_0/libsrc/uartlite_v3_11/src -s libs  "SHELL=CMD" "COMPILER=mb-gcc" "ASSEMBLER=mb-as" "ARCHIVER=mb-ar" "COMPI
TRACE::2026-03-11.13:40:53::SCWMssOS::LER_FLAGS=  -O2 -c -mcpu=v11.0 -mlittle-endian -mxl-soft-mul" "EXTRA_COMPILER_FLAGS=-g -ffunction-sections -fdata-sections -Wal
TRACE::2026-03-11.13:40:53::SCWMssOS::l -Wextra -fno-tree-loop-distribute-patterns"

TRACE::2026-03-11.13:40:56::SCWMssOS::"DEBUG NON_LTO_OBJECTS is ../../../lib/microblaze_interrupt_handler.o"

TRACE::2026-03-11.13:40:56::SCWMssOS::'Finished building libraries parallelly.'

TRACE::2026-03-11.13:40:56::SCWMssOS::make --no-print-directory archive

TRACE::2026-03-11.13:40:56::SCWMssOS::mb-ar -r  microblaze_0/lib/libxil.a microblaze_0/lib/_exit.o microblaze_0/lib/errno.o microblaze_0/lib/fcntl.o microblaze_0/lib
TRACE::2026-03-11.13:40:56::SCWMssOS::/hw_exception_handler.o microblaze_0/lib/inbyte.o microblaze_0/lib/microblaze_disable_dcache.o microblaze_0/lib/microblaze_disa
TRACE::2026-03-11.13:40:56::SCWMssOS::ble_exceptions.o microblaze_0/lib/microblaze_disable_icache.o microblaze_0/lib/microblaze_disable_interrupts.o microblaze_0/lib
TRACE::2026-03-11.13:40:56::SCWMssOS::/microblaze_enable_dcache.o microblaze_0/lib/microblaze_enable_exceptions.o microblaze_0/lib/microblaze_enable_icache.o microbl
TRACE::2026-03-11.13:40:56::SCWMssOS::aze_0/lib/microblaze_enable_interrupts.o microblaze_0/lib/microblaze_exception_handler.o microblaze_0/lib/microblaze_flush_cach
TRACE::2026-03-11.13:40:56::SCWMssOS::e_ext.o microblaze_0/lib/microblaze_flush_cache_ext_range.o microblaze_0/lib/microblaze_flush_dcache.o microblaze_0/lib/microbl
TRACE::2026-03-11.13:40:56::SCWMssOS::aze_flush_dcache_range.o microblaze_0/lib/microblaze_init_dcache_range.o microblaze_0/lib/microblaze_init_icache_range.o microb
TRACE::2026-03-11.13:40:56::SCWMssOS::laze_0/lib/microblaze_interrupt_handler.o microblaze_0/lib/microblaze_interrupts_g.o microblaze_0/lib/microblaze_invalidate_cac
TRACE::2026-03-11.13:40:56::SCWMssOS::he_ext.o microblaze_0/lib/microblaze_invalidate_cache_ext_range.o microblaze_0/lib/microblaze_invalidate_dcache.o microblaze_0/
TRACE::2026-03-11.13:40:56::SCWMssOS::lib/microblaze_invalidate_dcache_range.o microblaze_0/lib/microblaze_invalidate_icache.o microblaze_0/lib/microblaze_invalidate
TRACE::2026-03-11.13:40:56::SCWMssOS::_icache_range.o microblaze_0/lib/microblaze_scrub.o microblaze_0/lib/microblaze_selftest.o microblaze_0/lib/microblaze_sleep.o 
TRACE::2026-03-11.13:40:56::SCWMssOS::microblaze_0/lib/microblaze_update_dcache.o microblaze_0/lib/microblaze_update_icache.o microblaze_0/lib/outbyte.o microblaze_0
TRACE::2026-03-11.13:40:56::SCWMssOS::/lib/print.o microblaze_0/lib/pvr.o microblaze_0/lib/xbram.o microblaze_0/lib/xbram_g.o microblaze_0/lib/xbram_intr.o microblaz
TRACE::2026-03-11.13:40:56::SCWMssOS::e_0/lib/xbram_selftest.o microblaze_0/lib/xbram_sinit.o microblaze_0/lib/xil_assert.o microblaze_0/lib/xil_cache.o microblaze_0
TRACE::2026-03-11.13:40:56::SCWMssOS::/lib/xil_clocking.o microblaze_0/lib/xil_exception.o microblaze_0/lib/xil_mem.o microblaze_0/lib/xil_misc_psreset_api.o microbl
TRACE::2026-03-11.13:40:56::SCWMssOS::aze_0/lib/xil_printf.o microblaze_0/lib/xil_sleepcommon.o microblaze_0/lib/xil_sutil.o microblaze_0/lib/xil_testcache.o microbl
TRACE::2026-03-11.13:40:56::SCWMssOS::aze_0/lib/xil_testio.o microblaze_0/lib/xil_testmem.o microblaze_0/lib/xil_util.o microblaze_0/lib/xinterrupt_wrap.o microblaze
TRACE::2026-03-11.13:40:56::SCWMssOS::_0/lib/xio.o microblaze_0/lib/xplatform_info.o microblaze_0/lib/xpm_init.o microblaze_0/lib/xuartlite.o microblaze_0/lib/xuartl
TRACE::2026-03-11.13:40:56::SCWMssOS::ite_g.o microblaze_0/lib/xuartlite_intr.o microblaze_0/lib/xuartlite_l.o microblaze_0/lib/xuartlite_selftest.o microblaze_0/lib
TRACE::2026-03-11.13:40:56::SCWMssOS::/xuartlite_sinit.o microblaze_0/lib/xuartlite_stats.o

TRACE::2026-03-11.13:40:57::SCWMssOS::'Finished building libraries'

TRACE::2026-03-11.13:40:57::SCWMssOS::Copying to export directory.
TRACE::2026-03-11.13:40:58::SCWMssOS:: Checking if to create the Supporting Applications
TRACE::2026-03-11.13:40:58::SCWMssOS:: No Linux domain exists, trying to generate FSBL 
LOG::2026-03-11.13:40:58::SCWSystem::Completed Processing the domain standalone_microblaze_0
LOG::2026-03-11.13:40:58::SCWSystem::Completed Processing the sysconfig design_1_wrapper
LOG::2026-03-11.13:40:58::SCWPlatform::Completed generating the artifacts for system configuration design_1_wrapper
TRACE::2026-03-11.13:40:58::SCWPlatform::Started preparing the platform 
TRACE::2026-03-11.13:40:58::SCWSystem::Writing the bif file for system config design_1_wrapper
TRACE::2026-03-11.13:40:58::SCWSystem::dir created 
TRACE::2026-03-11.13:40:58::SCWSystem::Writing the bif 
TRACE::2026-03-11.13:40:58::SCWPlatform::Started writing the spfm file 
TRACE::2026-03-11.13:40:58::SCWPlatform::Started writing the xpfm file 
TRACE::2026-03-11.13:40:58::SCWPlatform::Completed generating the platform
TRACE::2026-03-11.13:40:58::SCWMssOS::Saving the mss changes C:/Users/C27Jayden.Randolph/ece383_wksp/ice2/design_1_wrapper/microblaze_0/standalone_microblaze_0/bsp/system.mss
TRACE::2026-03-11.13:40:58::SCWMssOS::Found a swdesign opened with the mssfile.
TRACE::2026-03-11.13:40:58::SCWMssOS::Completed writemss as part of save.
TRACE::2026-03-11.13:40:58::SCWMssOS::Commit changes completed.
TRACE::2026-03-11.13:40:58::SCWPlatform::Trying to open the hw design at C:/Users/C27Jayden.Randolph/ece383_wksp/ice2/design_1_wrapper/hw/design_1_wrapper.xsa
TRACE::2026-03-11.13:40:58::SCWPlatform::DSA given C:/Users/C27Jayden.Randolph/ece383_wksp/ice2/design_1_wrapper/hw/design_1_wrapper.xsa
TRACE::2026-03-11.13:40:58::SCWPlatform::DSA absoulate path C:/Users/C27Jayden.Randolph/ece383_wksp/ice2/design_1_wrapper/hw/design_1_wrapper.xsa
TRACE::2026-03-11.13:40:58::SCWPlatform::DSA directory C:/Users/C27Jayden.Randolph/ece383_wksp/ice2/design_1_wrapper/hw
TRACE::2026-03-11.13:40:58::SCWPlatform:: Platform Path C:/Users/C27Jayden.Randolph/ece383_wksp/ice2/design_1_wrapper/hw/design_1_wrapper.xsa
TRACE::2026-03-11.13:40:58::SCWPlatform:: Unique name xilinx:nexys_video::0.0
TRACE::2026-03-11.13:40:58::SCWPlatform::Trying to set the existing hwdb with name design_1_wrapper_0
TRACE::2026-03-11.13:40:58::SCWPlatform::Opened existing hwdb design_1_wrapper_0
TRACE::2026-03-11.13:40:58::SCWPlatform::Found the Hw Db part of the input DSA
TRACE::2026-03-11.13:40:58::SCWMssOS::Checking the sw design at  C:/Users/C27Jayden.Randolph/ece383_wksp/ice2/design_1_wrapper/microblaze_0/standalone_microblaze_0/bsp/system.mss
TRACE::2026-03-11.13:40:58::SCWMssOS::DEBUG:  swdes dump  C:/Users/C27Jayden.Randolph/ece383_wksp/ice2/design_1_wrapper/microblaze_0/standalone_microblaze_0/bsp/system.mss|system||

TRACE::2026-03-11.13:40:58::SCWMssOS::Sw design exists and opened at  C:/Users/C27Jayden.Randolph/ece383_wksp/ice2/design_1_wrapper/microblaze_0/standalone_microblaze_0/bsp/system.mss
TRACE::2026-03-11.13:40:58::SCWPlatform::Trying to open the hw design at C:/Users/C27Jayden.Randolph/ece383_wksp/ice2/design_1_wrapper/hw/design_1_wrapper.xsa
TRACE::2026-03-11.13:40:58::SCWPlatform::DSA given C:/Users/C27Jayden.Randolph/ece383_wksp/ice2/design_1_wrapper/hw/design_1_wrapper.xsa
TRACE::2026-03-11.13:40:58::SCWPlatform::DSA absoulate path C:/Users/C27Jayden.Randolph/ece383_wksp/ice2/design_1_wrapper/hw/design_1_wrapper.xsa
TRACE::2026-03-11.13:40:58::SCWPlatform::DSA directory C:/Users/C27Jayden.Randolph/ece383_wksp/ice2/design_1_wrapper/hw
TRACE::2026-03-11.13:40:58::SCWPlatform:: Platform Path C:/Users/C27Jayden.Randolph/ece383_wksp/ice2/design_1_wrapper/hw/design_1_wrapper.xsa
TRACE::2026-03-11.13:40:58::SCWPlatform:: Unique name xilinx:nexys_video::0.0
TRACE::2026-03-11.13:40:58::SCWPlatform::Trying to set the existing hwdb with name design_1_wrapper_0
TRACE::2026-03-11.13:40:58::SCWPlatform::Opened existing hwdb design_1_wrapper_0
TRACE::2026-03-11.13:40:58::SCWPlatform::Found the Hw Db part of the input DSA
TRACE::2026-03-11.13:40:58::SCWMssOS::Checking the sw design at  C:/Users/C27Jayden.Randolph/ece383_wksp/ice2/design_1_wrapper/microblaze_0/standalone_microblaze_0/bsp/system.mss
TRACE::2026-03-11.13:40:58::SCWMssOS::DEBUG:  swdes dump  C:/Users/C27Jayden.Randolph/ece383_wksp/ice2/design_1_wrapper/microblaze_0/standalone_microblaze_0/bsp/system.mss|system||

TRACE::2026-03-11.13:40:58::SCWMssOS::Sw design exists and opened at  C:/Users/C27Jayden.Randolph/ece383_wksp/ice2/design_1_wrapper/microblaze_0/standalone_microblaze_0/bsp/system.mss
TRACE::2026-03-11.13:40:58::SCWPlatform::Trying to open the hw design at C:/Users/C27Jayden.Randolph/ece383_wksp/ice2/design_1_wrapper/hw/design_1_wrapper.xsa
TRACE::2026-03-11.13:40:58::SCWPlatform::DSA given C:/Users/C27Jayden.Randolph/ece383_wksp/ice2/design_1_wrapper/hw/design_1_wrapper.xsa
TRACE::2026-03-11.13:40:58::SCWPlatform::DSA absoulate path C:/Users/C27Jayden.Randolph/ece383_wksp/ice2/design_1_wrapper/hw/design_1_wrapper.xsa
TRACE::2026-03-11.13:40:58::SCWPlatform::DSA directory C:/Users/C27Jayden.Randolph/ece383_wksp/ice2/design_1_wrapper/hw
TRACE::2026-03-11.13:40:58::SCWPlatform:: Platform Path C:/Users/C27Jayden.Randolph/ece383_wksp/ice2/design_1_wrapper/hw/design_1_wrapper.xsa
TRACE::2026-03-11.13:40:58::SCWPlatform:: Unique name xilinx:nexys_video::0.0
TRACE::2026-03-11.13:40:58::SCWPlatform::Trying to set the existing hwdb with name design_1_wrapper_0
TRACE::2026-03-11.13:40:58::SCWPlatform::Opened existing hwdb design_1_wrapper_0
TRACE::2026-03-11.13:40:58::SCWPlatform::Found the Hw Db part of the input DSA
TRACE::2026-03-11.13:40:58::SCWMssOS::Checking the sw design at  C:/Users/C27Jayden.Randolph/ece383_wksp/ice2/design_1_wrapper/microblaze_0/standalone_microblaze_0/bsp/system.mss
TRACE::2026-03-11.13:40:58::SCWMssOS::DEBUG:  swdes dump  C:/Users/C27Jayden.Randolph/ece383_wksp/ice2/design_1_wrapper/microblaze_0/standalone_microblaze_0/bsp/system.mss|system||

TRACE::2026-03-11.13:40:58::SCWMssOS::Sw design exists and opened at  C:/Users/C27Jayden.Randolph/ece383_wksp/ice2/design_1_wrapper/microblaze_0/standalone_microblaze_0/bsp/system.mss
TRACE::2026-03-11.13:40:58::SCWWriter::formatted JSON is {
	"platformName":	"design_1_wrapper",
	"sprVersion":	"2.0",
	"mode":	"gui",
	"dsaType":	"Fixed",
	"platformDesc":	"design_1_wrapper",
	"platHandOff":	"C:/Users/C27Jayden.Randolph/ece383_wksp/ice3/ublaze3/design_1_wrapper.xsa",
	"platIntHandOff":	"<platformDir>/hw/design_1_wrapper.xsa",
	"deviceType":	"FPGA",
	"platIsPrebuiltAutogen":	"false",
	"platIsNoBootBsp":	"false",
	"hasFsblMakeHasChanges":	"false",
	"hasPmufwMakeHasChanges":	"false",
	"platPreBuiltFlag":	false,
	"platformSamplesDir":	"",
	"platActiveSys":	"design_1_wrapper",
	"systems":	[{
			"systemName":	"design_1_wrapper",
			"systemDesc":	"design_1_wrapper",
			"sysIsBootAutoGen":	"true",
			"systemDispName":	"design_1_wrapper",
			"sysActiveDom":	"standalone_microblaze_0",
			"sysDefaultDom":	"standalone_microblaze_0",
			"domains":	[{
					"domainName":	"standalone_microblaze_0",
					"domainDispName":	"standalone_microblaze_0",
					"domainDesc":	"standalone_microblaze_0",
					"processors":	"microblaze_0",
					"os":	"standalone",
					"sdxOs":	"standalone",
					"debugEnable":	"False",
					"domRuntimes":	["cpp"],
					"swRepo":	"",
					"mssOsVer":	"9.2",
					"mssFile":	"",
					"md5Digest":	"78d0412b485d8ad9f86b2c0627bf3467",
					"compatibleApp":	"hello_world",
					"domType":	"mssDomain",
					"arch":	"32-bit",
					"appSettings":	{
						"appCompilerFlags":	"",
						"appLinkerFlags":	""
					},
					"addedLibs":	[],
					"libOptions":	{
						"libsContainingOptions":	[]
					},
					"prebuiltLibs":	{
						"prebuiltIncPath":	[],
						"prebuiltLibPath":	[]
					},
					"isolation":	{
					}
				}]
		}]
}
KEYINFO::2026-03-11.13:40:58::SCWPlatform::updated the xpfm file.
TRACE::2026-03-11.13:40:58::SCWPlatform::Trying to open the hw design at C:/Users/C27Jayden.Randolph/ece383_wksp/ice2/design_1_wrapper/hw/design_1_wrapper.xsa
TRACE::2026-03-11.13:40:58::SCWPlatform::DSA given C:/Users/C27Jayden.Randolph/ece383_wksp/ice2/design_1_wrapper/hw/design_1_wrapper.xsa
TRACE::2026-03-11.13:40:58::SCWPlatform::DSA absoulate path C:/Users/C27Jayden.Randolph/ece383_wksp/ice2/design_1_wrapper/hw/design_1_wrapper.xsa
TRACE::2026-03-11.13:40:58::SCWPlatform::DSA directory C:/Users/C27Jayden.Randolph/ece383_wksp/ice2/design_1_wrapper/hw
TRACE::2026-03-11.13:40:58::SCWPlatform:: Platform Path C:/Users/C27Jayden.Randolph/ece383_wksp/ice2/design_1_wrapper/hw/design_1_wrapper.xsa
TRACE::2026-03-11.13:40:58::SCWPlatform:: Unique name xilinx:nexys_video::0.0
TRACE::2026-03-11.13:40:58::SCWPlatform::Trying to set the existing hwdb with name design_1_wrapper_0
TRACE::2026-03-11.13:40:58::SCWPlatform::Opened existing hwdb design_1_wrapper_0
TRACE::2026-03-11.13:40:58::SCWPlatform::Found the Hw Db part of the input DSA
TRACE::2026-03-11.13:40:58::SCWMssOS::Checking the sw design at  C:/Users/C27Jayden.Randolph/ece383_wksp/ice2/design_1_wrapper/microblaze_0/standalone_microblaze_0/bsp/system.mss
TRACE::2026-03-11.13:40:58::SCWMssOS::DEBUG:  swdes dump  C:/Users/C27Jayden.Randolph/ece383_wksp/ice2/design_1_wrapper/microblaze_0/standalone_microblaze_0/bsp/system.mss|system||

TRACE::2026-03-11.13:40:58::SCWMssOS::Sw design exists and opened at  C:/Users/C27Jayden.Randolph/ece383_wksp/ice2/design_1_wrapper/microblaze_0/standalone_microblaze_0/bsp/system.mss
