Copyright 1986-2022 Xilinx, Inc. All Rights Reserved. Copyright 2022-2024 Advanced Micro Devices, Inc. All Rights Reserved.
---------------------------------------------------------------------------------------------------------------------------------------------------------------------------------------------------------
| Tool Version : Vivado v.2024.2 (win64) Build 5239630 Fri Nov 08 22:35:27 MST 2024
| Date         : Mon Feb 23 15:20:10 2026
| Host         : C27-5CG3121FS7 running 64-bit major release  (build 9200)
| Command      : report_timing_summary -max_paths 10 -report_unconstrained -file lab2_timing_summary_routed.rpt -pb lab2_timing_summary_routed.pb -rpx lab2_timing_summary_routed.rpx -warn_on_violation
| Design       : lab2
| Device       : 7a200t-sbg484
| Speed File   : -1  PRODUCTION 1.23 2018-06-13
| Design State : Routed
---------------------------------------------------------------------------------------------------------------------------------------------------------------------------------------------------------

Timing Summary Report

------------------------------------------------------------------------------------------------
| Timer Settings
| --------------
------------------------------------------------------------------------------------------------

  Enable Multi Corner Analysis               :  Yes
  Enable Pessimism Removal                   :  Yes
  Pessimism Removal Resolution               :  Nearest Common Node
  Enable Input Delay Default Clock           :  No
  Enable Preset / Clear Arcs                 :  No
  Disable Flight Delays                      :  No
  Ignore I/O Paths                           :  No
  Timing Early Launch at Borrowing Latches   :  No
  Borrow Time for Max Delay Exceptions       :  Yes
  Merge Timing Exceptions                    :  Yes
  Inter-SLR Compensation                     :  Conservative

  Corner  Analyze    Analyze    
  Name    Max Paths  Min Paths  
  ------  ---------  ---------  
  Slow    Yes        Yes        
  Fast    Yes        Yes        


------------------------------------------------------------------------------------------------
| Report Methodology
| ------------------
------------------------------------------------------------------------------------------------

Rule       Severity          Description                                        Violations  
---------  ----------------  -------------------------------------------------  ----------  
TIMING-17  Critical Warning  Non-clocked sequential cell                        511         
TIMING-27  Critical Warning  Invalid primary clock on hierarchical pin          2           
SYNTH-6    Warning           Timing of a RAM block might be sub-optimal         1           
TIMING-20  Warning           Non-clocked latch                                  3           
XDCC-2     Warning           Scoped Non-Timing constraint/property overwritten  1           
LATCH-1    Advisory          Existing latches in the design                     1           

Note: This report is based on the most recent report_methodology run and may not be up-to-date. Run report_methodology on the current design for the latest report.



check_timing report

Table of Contents
-----------------
1. checking no_clock (520)
2. checking constant_clock (0)
3. checking pulse_width_clock (0)
4. checking unconstrained_internal_endpoints (1277)
5. checking no_input_delay (16)
6. checking no_output_delay (15)
7. checking multiple_clock (0)
8. checking generated_clocks (0)
9. checking loops (0)
10. checking partial_input_delay (0)
11. checking partial_output_delay (0)
12. checking latch_loops (0)

1. checking no_clock (520)
--------------------------
 There are 511 register/latch pins with no clock driven by root clock pin: clk (HIGH)

 There are 3 register/latch pins with no clock driven by root clock pin: control/FSM_sequential_state_reg[0]/Q (HIGH)

 There are 3 register/latch pins with no clock driven by root clock pin: control/FSM_sequential_state_reg[1]/Q (HIGH)

 There are 3 register/latch pins with no clock driven by root clock pin: control/FSM_sequential_state_reg[2]/Q (HIGH)


2. checking constant_clock (0)
------------------------------
 There are 0 register/latch pins with constant_clock.


3. checking pulse_width_clock (0)
---------------------------------
 There are 0 register/latch pins which need pulse_width check


4. checking unconstrained_internal_endpoints (1277)
---------------------------------------------------
 There are 1277 pins that are not constrained for maximum delay. (HIGH)

 There are 0 pins that are not constrained for maximum delay due to constant clock.


5. checking no_input_delay (16)
-------------------------------
 There are 16 input ports with no input delay specified. (HIGH)

 There are 0 input ports with no input delay but user has a false path constraint.


6. checking no_output_delay (15)
--------------------------------
 There are 15 ports with no output delay specified. (HIGH)

 There are 0 ports with no output delay but user has a false path constraint

 There are 0 ports with no output delay but with a timing clock defined on it or propagating through it


7. checking multiple_clock (0)
------------------------------
 There are 0 register/latch pins with multiple clocks.


8. checking generated_clocks (0)
--------------------------------
 There are 0 generated clocks that are not connected to a clock source.


9. checking loops (0)
---------------------
 There are 0 combinational loops in the design.


10. checking partial_input_delay (0)
------------------------------------
 There are 0 input ports with partial input delay specified.


11. checking partial_output_delay (0)
-------------------------------------
 There are 0 ports with partial output delay specified.


12. checking latch_loops (0)
----------------------------
 There are 0 combinational latch loops in the design through latch input



------------------------------------------------------------------------------------------------
| Design Timing Summary
| ---------------------
------------------------------------------------------------------------------------------------

    WNS(ns)      TNS(ns)  TNS Failing Endpoints  TNS Total Endpoints      WHS(ns)      THS(ns)  THS Failing Endpoints  THS Total Endpoints     WPWS(ns)     TPWS(ns)  TPWS Failing Endpoints  TPWS Total Endpoints  
    -------      -------  ---------------------  -------------------      -------      -------  ---------------------  -------------------     --------     --------  ----------------------  --------------------  
      2.884        0.000                      0                  377        0.136        0.000                      0                  377        3.000        0.000                       0                   239  


All user specified timing constraints are met.


------------------------------------------------------------------------------------------------
| Clock Summary
| -------------
------------------------------------------------------------------------------------------------

Clock                                                          Waveform(ns)         Period(ns)      Frequency(MHz)
-----                                                          ------------         ----------      --------------
datapath/Audio_Codec/audiocodec_master_clock/inst/clk_in1      {0.000 5.000}        10.000          100.000         
  clk_out1_clk_wiz_1                                           {0.000 40.687}       81.375          12.289          
  clk_out2_clk_wiz_1                                           {0.000 10.000}       20.000          50.000          
  clkfbout_clk_wiz_1                                           {0.000 5.000}        10.000          100.000         
datapath/video_inst/mmcm_adv_inst_display_clocks/inst/clk_in1  {0.000 5.000}        10.000          100.000         
  clk_out1_clk_wiz_0                                           {0.000 20.000}       40.000          25.000          
  clk_out2_clk_wiz_0                                           {0.000 4.000}        8.000           125.000         
  clkfbout_clk_wiz_0                                           {0.000 5.000}        10.000          100.000         


------------------------------------------------------------------------------------------------
| Intra Clock Table
| -----------------
------------------------------------------------------------------------------------------------

Clock                                                              WNS(ns)      TNS(ns)  TNS Failing Endpoints  TNS Total Endpoints      WHS(ns)      THS(ns)  THS Failing Endpoints  THS Total Endpoints     WPWS(ns)     TPWS(ns)  TPWS Failing Endpoints  TPWS Total Endpoints  
-----                                                              -------      -------  ---------------------  -------------------      -------      -------  ---------------------  -------------------     --------     --------  ----------------------  --------------------  
datapath/Audio_Codec/audiocodec_master_clock/inst/clk_in1                                                                                                                                                        3.000        0.000                       0                     1  
  clk_out1_clk_wiz_1                                                                                                                                                                                            79.220        0.000                       0                     2  
  clk_out2_clk_wiz_1                                                14.127        0.000                      0                  211        0.136        0.000                      0                  211        9.500        0.000                       0                   117  
  clkfbout_clk_wiz_1                                                                                                                                                                                             7.845        0.000                       0                     3  
datapath/video_inst/mmcm_adv_inst_display_clocks/inst/clk_in1                                                                                                                                                    3.000        0.000                       0                     1  
  clk_out1_clk_wiz_0                                                17.510        0.000                      0                  107        0.148        0.000                      0                  107       19.500        0.000                       0                    66  
  clk_out2_clk_wiz_0                                                 2.884        0.000                      0                   53        0.196        0.000                      0                   53        3.500        0.000                       0                    46  
  clkfbout_clk_wiz_0                                                                                                                                                                                             7.845        0.000                       0                     3  


------------------------------------------------------------------------------------------------
| Inter Clock Table
| -----------------
------------------------------------------------------------------------------------------------

From Clock          To Clock                WNS(ns)      TNS(ns)  TNS Failing Endpoints  TNS Total Endpoints      WHS(ns)      THS(ns)  THS Failing Endpoints  THS Total Endpoints  
----------          --------                -------      -------  ---------------------  -------------------      -------      -------  ---------------------  -------------------  
clk_out1_clk_wiz_0  clk_out2_clk_wiz_0        4.481        0.000                      0                   30        0.163        0.000                      0                   30  


------------------------------------------------------------------------------------------------
| Other Path Groups Table
| -----------------------
------------------------------------------------------------------------------------------------

Path Group    From Clock    To Clock          WNS(ns)      TNS(ns)  TNS Failing Endpoints  TNS Total Endpoints      WHS(ns)      THS(ns)  THS Failing Endpoints  THS Total Endpoints  
----------    ----------    --------          -------      -------  ---------------------  -------------------      -------      -------  ---------------------  -------------------  


------------------------------------------------------------------------------------------------
| User Ignored Path Table
| -----------------------
------------------------------------------------------------------------------------------------

Path Group    From Clock    To Clock    
----------    ----------    --------    


------------------------------------------------------------------------------------------------
| Unconstrained Path Table
| ------------------------
------------------------------------------------------------------------------------------------

Path Group          From Clock          To Clock          
----------          ----------          --------          
(none)                                                      
(none)              clk_out1_clk_wiz_0                      
(none)              clk_out1_clk_wiz_1                      
(none)              clk_out2_clk_wiz_0                      
(none)              clk_out2_clk_wiz_1                      
(none)              clkfbout_clk_wiz_0                      
(none)              clkfbout_clk_wiz_1                      
(none)                                  clk_out1_clk_wiz_0  
(none)                                  clk_out2_clk_wiz_1  


------------------------------------------------------------------------------------------------
| Timing Details
| --------------
------------------------------------------------------------------------------------------------


---------------------------------------------------------------------------------------------------
From Clock:  datapath/Audio_Codec/audiocodec_master_clock/inst/clk_in1
  To Clock:  datapath/Audio_Codec/audiocodec_master_clock/inst/clk_in1

Setup :           NA  Failing Endpoints,  Worst Slack           NA  ,  Total Violation           NA
Hold  :           NA  Failing Endpoints,  Worst Slack           NA  ,  Total Violation           NA
PW    :            0  Failing Endpoints,  Worst Slack        3.000ns,  Total Violation        0.000ns
---------------------------------------------------------------------------------------------------


Pulse Width Checks
--------------------------------------------------------------------------------------
Clock Name:         datapath/Audio_Codec/audiocodec_master_clock/inst/clk_in1
Waveform(ns):       { 0.000 5.000 }
Period(ns):         10.000
Sources:            { datapath/Audio_Codec/audiocodec_master_clock/inst/clk_in1 }

Check Type        Corner  Lib Pin            Reference Pin  Required(ns)  Actual(ns)  Slack(ns)  Location         Pin
Min Period        n/a     MMCME2_ADV/CLKIN1  n/a            1.249         10.000      8.751      MMCME2_ADV_X0Y2  datapath/Audio_Codec/audiocodec_master_clock/inst/mmcm_adv_inst/CLKIN1
Max Period        n/a     MMCME2_ADV/CLKIN1  n/a            100.000       10.000      90.000     MMCME2_ADV_X0Y2  datapath/Audio_Codec/audiocodec_master_clock/inst/mmcm_adv_inst/CLKIN1
Low Pulse Width   Slow    MMCME2_ADV/CLKIN1  n/a            2.000         5.000       3.000      MMCME2_ADV_X0Y2  datapath/Audio_Codec/audiocodec_master_clock/inst/mmcm_adv_inst/CLKIN1
Low Pulse Width   Fast    MMCME2_ADV/CLKIN1  n/a            2.000         5.000       3.000      MMCME2_ADV_X0Y2  datapath/Audio_Codec/audiocodec_master_clock/inst/mmcm_adv_inst/CLKIN1
High Pulse Width  Slow    MMCME2_ADV/CLKIN1  n/a            2.000         5.000       3.000      MMCME2_ADV_X0Y2  datapath/Audio_Codec/audiocodec_master_clock/inst/mmcm_adv_inst/CLKIN1
High Pulse Width  Fast    MMCME2_ADV/CLKIN1  n/a            2.000         5.000       3.000      MMCME2_ADV_X0Y2  datapath/Audio_Codec/audiocodec_master_clock/inst/mmcm_adv_inst/CLKIN1



---------------------------------------------------------------------------------------------------
From Clock:  clk_out1_clk_wiz_1
  To Clock:  clk_out1_clk_wiz_1

Setup :           NA  Failing Endpoints,  Worst Slack           NA  ,  Total Violation           NA
Hold  :           NA  Failing Endpoints,  Worst Slack           NA  ,  Total Violation           NA
PW    :            0  Failing Endpoints,  Worst Slack       79.220ns,  Total Violation        0.000ns
---------------------------------------------------------------------------------------------------


Pulse Width Checks
--------------------------------------------------------------------------------------
Clock Name:         clk_out1_clk_wiz_1
Waveform(ns):       { 0.000 40.688 }
Period(ns):         81.375
Sources:            { datapath/Audio_Codec/audiocodec_master_clock/inst/mmcm_adv_inst/CLKOUT0 }

Check Type  Corner  Lib Pin             Reference Pin  Required(ns)  Actual(ns)  Slack(ns)  Location         Pin
Min Period  n/a     BUFG/I              n/a            2.155         81.375      79.220     BUFGCTRL_X0Y1    datapath/Audio_Codec/audiocodec_master_clock/inst/clkout1_buf/I
Min Period  n/a     MMCME2_ADV/CLKOUT0  n/a            1.249         81.375      80.126     MMCME2_ADV_X0Y2  datapath/Audio_Codec/audiocodec_master_clock/inst/mmcm_adv_inst/CLKOUT0
Max Period  n/a     MMCME2_ADV/CLKOUT0  n/a            213.360       81.375      131.985    MMCME2_ADV_X0Y2  datapath/Audio_Codec/audiocodec_master_clock/inst/mmcm_adv_inst/CLKOUT0



---------------------------------------------------------------------------------------------------
From Clock:  clk_out2_clk_wiz_1
  To Clock:  clk_out2_clk_wiz_1

Setup :            0  Failing Endpoints,  Worst Slack       14.127ns,  Total Violation        0.000ns
Hold  :            0  Failing Endpoints,  Worst Slack        0.136ns,  Total Violation        0.000ns
PW    :            0  Failing Endpoints,  Worst Slack        9.500ns,  Total Violation        0.000ns
---------------------------------------------------------------------------------------------------


Max Delay Paths
--------------------------------------------------------------------------------------
Slack (MET) :             14.127ns  (required time - arrival time)
  Source:                 datapath/Audio_Codec/initialize_audio/delaycnt_reg[31]/C
                            (rising edge-triggered cell FDRE clocked by clk_out2_clk_wiz_1  {rise@0.000ns fall@10.000ns period=20.000ns})
  Destination:            datapath/Audio_Codec/initialize_audio/initA_reg[3]/CE
                            (rising edge-triggered cell FDRE clocked by clk_out2_clk_wiz_1  {rise@0.000ns fall@10.000ns period=20.000ns})
  Path Group:             clk_out2_clk_wiz_1
  Path Type:              Setup (Max at Slow Process Corner)
  Requirement:            20.000ns  (clk_out2_clk_wiz_1 rise@20.000ns - clk_out2_clk_wiz_1 rise@0.000ns)
  Data Path Delay:        5.547ns  (logic 1.076ns (19.399%)  route 4.471ns (80.601%))
  Logic Levels:           5  (LUT4=2 LUT5=2 LUT6=1)
  Clock Path Skew:        -0.038ns (DCD - SCD + CPR)
    Destination Clock Delay (DCD):    1.699ns = ( 21.699 - 20.000 ) 
    Source Clock Delay      (SCD):    1.817ns
    Clock Pessimism Removal (CPR):    0.080ns
  Clock Uncertainty:      0.084ns  ((TSJ^2 + DJ^2)^1/2) / 2 + PE
    Total System Jitter     (TSJ):    0.071ns
    Discrete Jitter          (DJ):    0.152ns
    Phase Error              (PE):    0.000ns

    Location             Delay type                Incr(ns)  Path(ns)    Netlist Resource(s)
  -------------------------------------------------------------------    -------------------
                         (clock clk_out2_clk_wiz_1 rise edge)
                                                      0.000     0.000 r  
    BUFGCTRL_X0Y2        BUFG                         0.000     0.000 r  clk_IBUF_BUFG_inst/O
                         net (fo=513, routed)         1.761     1.761    datapath/Audio_Codec/audiocodec_master_clock/inst/clk_in1
    MMCME2_ADV_X0Y2      MMCME2_ADV (Prop_mmcme2_adv_CLKIN1_CLKOUT1)
                                                     -3.701    -1.939 r  datapath/Audio_Codec/audiocodec_master_clock/inst/mmcm_adv_inst/CLKOUT1
                         net (fo=1, routed)           1.843    -0.096    datapath/Audio_Codec/audiocodec_master_clock/inst/clk_out2_clk_wiz_1
    BUFGCTRL_X0Y3        BUFG (Prop_bufg_I_O)         0.096    -0.000 r  datapath/Audio_Codec/audiocodec_master_clock/inst/clkout2_buf/O
                         net (fo=115, routed)         1.817     1.817    datapath/Audio_Codec/initialize_audio/clk_out2
    SLICE_X157Y120       FDRE                                         r  datapath/Audio_Codec/initialize_audio/delaycnt_reg[31]/C
  -------------------------------------------------------------------    -------------------
    SLICE_X157Y120       FDRE (Prop_fdre_C_Q)         0.456     2.273 f  datapath/Audio_Codec/initialize_audio/delaycnt_reg[31]/Q
                         net (fo=2, routed)           1.118     3.391    datapath/Audio_Codec/initialize_audio/delaycnt[31]
    SLICE_X156Y115       LUT4 (Prop_lut4_I2_O)        0.124     3.515 f  datapath/Audio_Codec/initialize_audio/state[3]_i_10/O
                         net (fo=1, routed)           0.420     3.935    datapath/Audio_Codec/initialize_audio/state[3]_i_10_n_0
    SLICE_X156Y114       LUT5 (Prop_lut5_I4_O)        0.124     4.059 f  datapath/Audio_Codec/initialize_audio/state[3]_i_5/O
                         net (fo=1, routed)           1.131     5.190    datapath/Audio_Codec/initialize_audio/state[3]_i_5_n_0
    SLICE_X156Y118       LUT4 (Prop_lut4_I0_O)        0.124     5.314 r  datapath/Audio_Codec/initialize_audio/state[3]_i_3/O
                         net (fo=3, routed)           0.413     5.727    datapath/Audio_Codec/initialize_audio/state[3]_i_3_n_0
    SLICE_X159Y119       LUT5 (Prop_lut5_I0_O)        0.124     5.851 r  datapath/Audio_Codec/initialize_audio/initA[6]_i_4/O
                         net (fo=2, routed)           0.676     6.527    datapath/Audio_Codec/initialize_audio/twi_controller/initEn_reg
    SLICE_X159Y119       LUT6 (Prop_lut6_I4_O)        0.124     6.651 r  datapath/Audio_Codec/initialize_audio/twi_controller/initA[6]_i_1/O
                         net (fo=7, routed)           0.713     7.364    datapath/Audio_Codec/initialize_audio/twi_controller_n_6
    SLICE_X163Y122       FDRE                                         r  datapath/Audio_Codec/initialize_audio/initA_reg[3]/CE
  -------------------------------------------------------------------    -------------------

                         (clock clk_out2_clk_wiz_1 rise edge)
                                                     20.000    20.000 r  
    BUFGCTRL_X0Y2        BUFG                         0.000    20.000 r  clk_IBUF_BUFG_inst/O
                         net (fo=513, routed)         1.643    21.643    datapath/Audio_Codec/audiocodec_master_clock/inst/clk_in1
    MMCME2_ADV_X0Y2      MMCME2_ADV (Prop_mmcme2_adv_CLKIN1_CLKOUT1)
                                                     -3.494    18.149 r  datapath/Audio_Codec/audiocodec_master_clock/inst/mmcm_adv_inst/CLKOUT1
                         net (fo=1, routed)           1.760    19.909    datapath/Audio_Codec/audiocodec_master_clock/inst/clk_out2_clk_wiz_1
    BUFGCTRL_X0Y3        BUFG (Prop_bufg_I_O)         0.091    20.000 r  datapath/Audio_Codec/audiocodec_master_clock/inst/clkout2_buf/O
                         net (fo=115, routed)         1.699    21.699    datapath/Audio_Codec/initialize_audio/clk_out2
    SLICE_X163Y122       FDRE                                         r  datapath/Audio_Codec/initialize_audio/initA_reg[3]/C
                         clock pessimism              0.080    21.779    
                         clock uncertainty           -0.084    21.696    
    SLICE_X163Y122       FDRE (Setup_fdre_C_CE)      -0.205    21.491    datapath/Audio_Codec/initialize_audio/initA_reg[3]
  -------------------------------------------------------------------
                         required time                         21.491    
                         arrival time                          -7.364    
  -------------------------------------------------------------------
                         slack                                 14.127    

Slack (MET) :             14.127ns  (required time - arrival time)
  Source:                 datapath/Audio_Codec/initialize_audio/delaycnt_reg[31]/C
                            (rising edge-triggered cell FDRE clocked by clk_out2_clk_wiz_1  {rise@0.000ns fall@10.000ns period=20.000ns})
  Destination:            datapath/Audio_Codec/initialize_audio/initA_reg[4]/CE
                            (rising edge-triggered cell FDRE clocked by clk_out2_clk_wiz_1  {rise@0.000ns fall@10.000ns period=20.000ns})
  Path Group:             clk_out2_clk_wiz_1
  Path Type:              Setup (Max at Slow Process Corner)
  Requirement:            20.000ns  (clk_out2_clk_wiz_1 rise@20.000ns - clk_out2_clk_wiz_1 rise@0.000ns)
  Data Path Delay:        5.547ns  (logic 1.076ns (19.399%)  route 4.471ns (80.601%))
  Logic Levels:           5  (LUT4=2 LUT5=2 LUT6=1)
  Clock Path Skew:        -0.038ns (DCD - SCD + CPR)
    Destination Clock Delay (DCD):    1.699ns = ( 21.699 - 20.000 ) 
    Source Clock Delay      (SCD):    1.817ns
    Clock Pessimism Removal (CPR):    0.080ns
  Clock Uncertainty:      0.084ns  ((TSJ^2 + DJ^2)^1/2) / 2 + PE
    Total System Jitter     (TSJ):    0.071ns
    Discrete Jitter          (DJ):    0.152ns
    Phase Error              (PE):    0.000ns

    Location             Delay type                Incr(ns)  Path(ns)    Netlist Resource(s)
  -------------------------------------------------------------------    -------------------
                         (clock clk_out2_clk_wiz_1 rise edge)
                                                      0.000     0.000 r  
    BUFGCTRL_X0Y2        BUFG                         0.000     0.000 r  clk_IBUF_BUFG_inst/O
                         net (fo=513, routed)         1.761     1.761    datapath/Audio_Codec/audiocodec_master_clock/inst/clk_in1
    MMCME2_ADV_X0Y2      MMCME2_ADV (Prop_mmcme2_adv_CLKIN1_CLKOUT1)
                                                     -3.701    -1.939 r  datapath/Audio_Codec/audiocodec_master_clock/inst/mmcm_adv_inst/CLKOUT1
                         net (fo=1, routed)           1.843    -0.096    datapath/Audio_Codec/audiocodec_master_clock/inst/clk_out2_clk_wiz_1
    BUFGCTRL_X0Y3        BUFG (Prop_bufg_I_O)         0.096    -0.000 r  datapath/Audio_Codec/audiocodec_master_clock/inst/clkout2_buf/O
                         net (fo=115, routed)         1.817     1.817    datapath/Audio_Codec/initialize_audio/clk_out2
    SLICE_X157Y120       FDRE                                         r  datapath/Audio_Codec/initialize_audio/delaycnt_reg[31]/C
  -------------------------------------------------------------------    -------------------
    SLICE_X157Y120       FDRE (Prop_fdre_C_Q)         0.456     2.273 f  datapath/Audio_Codec/initialize_audio/delaycnt_reg[31]/Q
                         net (fo=2, routed)           1.118     3.391    datapath/Audio_Codec/initialize_audio/delaycnt[31]
    SLICE_X156Y115       LUT4 (Prop_lut4_I2_O)        0.124     3.515 f  datapath/Audio_Codec/initialize_audio/state[3]_i_10/O
                         net (fo=1, routed)           0.420     3.935    datapath/Audio_Codec/initialize_audio/state[3]_i_10_n_0
    SLICE_X156Y114       LUT5 (Prop_lut5_I4_O)        0.124     4.059 f  datapath/Audio_Codec/initialize_audio/state[3]_i_5/O
                         net (fo=1, routed)           1.131     5.190    datapath/Audio_Codec/initialize_audio/state[3]_i_5_n_0
    SLICE_X156Y118       LUT4 (Prop_lut4_I0_O)        0.124     5.314 r  datapath/Audio_Codec/initialize_audio/state[3]_i_3/O
                         net (fo=3, routed)           0.413     5.727    datapath/Audio_Codec/initialize_audio/state[3]_i_3_n_0
    SLICE_X159Y119       LUT5 (Prop_lut5_I0_O)        0.124     5.851 r  datapath/Audio_Codec/initialize_audio/initA[6]_i_4/O
                         net (fo=2, routed)           0.676     6.527    datapath/Audio_Codec/initialize_audio/twi_controller/initEn_reg
    SLICE_X159Y119       LUT6 (Prop_lut6_I4_O)        0.124     6.651 r  datapath/Audio_Codec/initialize_audio/twi_controller/initA[6]_i_1/O
                         net (fo=7, routed)           0.713     7.364    datapath/Audio_Codec/initialize_audio/twi_controller_n_6
    SLICE_X163Y122       FDRE                                         r  datapath/Audio_Codec/initialize_audio/initA_reg[4]/CE
  -------------------------------------------------------------------    -------------------

                         (clock clk_out2_clk_wiz_1 rise edge)
                                                     20.000    20.000 r  
    BUFGCTRL_X0Y2        BUFG                         0.000    20.000 r  clk_IBUF_BUFG_inst/O
                         net (fo=513, routed)         1.643    21.643    datapath/Audio_Codec/audiocodec_master_clock/inst/clk_in1
    MMCME2_ADV_X0Y2      MMCME2_ADV (Prop_mmcme2_adv_CLKIN1_CLKOUT1)
                                                     -3.494    18.149 r  datapath/Audio_Codec/audiocodec_master_clock/inst/mmcm_adv_inst/CLKOUT1
                         net (fo=1, routed)           1.760    19.909    datapath/Audio_Codec/audiocodec_master_clock/inst/clk_out2_clk_wiz_1
    BUFGCTRL_X0Y3        BUFG (Prop_bufg_I_O)         0.091    20.000 r  datapath/Audio_Codec/audiocodec_master_clock/inst/clkout2_buf/O
                         net (fo=115, routed)         1.699    21.699    datapath/Audio_Codec/initialize_audio/clk_out2
    SLICE_X163Y122       FDRE                                         r  datapath/Audio_Codec/initialize_audio/initA_reg[4]/C
                         clock pessimism              0.080    21.779    
                         clock uncertainty           -0.084    21.696    
    SLICE_X163Y122       FDRE (Setup_fdre_C_CE)      -0.205    21.491    datapath/Audio_Codec/initialize_audio/initA_reg[4]
  -------------------------------------------------------------------
                         required time                         21.491    
                         arrival time                          -7.364    
  -------------------------------------------------------------------
                         slack                                 14.127    

Slack (MET) :             14.127ns  (required time - arrival time)
  Source:                 datapath/Audio_Codec/initialize_audio/delaycnt_reg[31]/C
                            (rising edge-triggered cell FDRE clocked by clk_out2_clk_wiz_1  {rise@0.000ns fall@10.000ns period=20.000ns})
  Destination:            datapath/Audio_Codec/initialize_audio/initA_reg[5]/CE
                            (rising edge-triggered cell FDRE clocked by clk_out2_clk_wiz_1  {rise@0.000ns fall@10.000ns period=20.000ns})
  Path Group:             clk_out2_clk_wiz_1
  Path Type:              Setup (Max at Slow Process Corner)
  Requirement:            20.000ns  (clk_out2_clk_wiz_1 rise@20.000ns - clk_out2_clk_wiz_1 rise@0.000ns)
  Data Path Delay:        5.547ns  (logic 1.076ns (19.399%)  route 4.471ns (80.601%))
  Logic Levels:           5  (LUT4=2 LUT5=2 LUT6=1)
  Clock Path Skew:        -0.038ns (DCD - SCD + CPR)
    Destination Clock Delay (DCD):    1.699ns = ( 21.699 - 20.000 ) 
    Source Clock Delay      (SCD):    1.817ns
    Clock Pessimism Removal (CPR):    0.080ns
  Clock Uncertainty:      0.084ns  ((TSJ^2 + DJ^2)^1/2) / 2 + PE
    Total System Jitter     (TSJ):    0.071ns
    Discrete Jitter          (DJ):    0.152ns
    Phase Error              (PE):    0.000ns

    Location             Delay type                Incr(ns)  Path(ns)    Netlist Resource(s)
  -------------------------------------------------------------------    -------------------
                         (clock clk_out2_clk_wiz_1 rise edge)
                                                      0.000     0.000 r  
    BUFGCTRL_X0Y2        BUFG                         0.000     0.000 r  clk_IBUF_BUFG_inst/O
                         net (fo=513, routed)         1.761     1.761    datapath/Audio_Codec/audiocodec_master_clock/inst/clk_in1
    MMCME2_ADV_X0Y2      MMCME2_ADV (Prop_mmcme2_adv_CLKIN1_CLKOUT1)
                                                     -3.701    -1.939 r  datapath/Audio_Codec/audiocodec_master_clock/inst/mmcm_adv_inst/CLKOUT1
                         net (fo=1, routed)           1.843    -0.096    datapath/Audio_Codec/audiocodec_master_clock/inst/clk_out2_clk_wiz_1
    BUFGCTRL_X0Y3        BUFG (Prop_bufg_I_O)         0.096    -0.000 r  datapath/Audio_Codec/audiocodec_master_clock/inst/clkout2_buf/O
                         net (fo=115, routed)         1.817     1.817    datapath/Audio_Codec/initialize_audio/clk_out2
    SLICE_X157Y120       FDRE                                         r  datapath/Audio_Codec/initialize_audio/delaycnt_reg[31]/C
  -------------------------------------------------------------------    -------------------
    SLICE_X157Y120       FDRE (Prop_fdre_C_Q)         0.456     2.273 f  datapath/Audio_Codec/initialize_audio/delaycnt_reg[31]/Q
                         net (fo=2, routed)           1.118     3.391    datapath/Audio_Codec/initialize_audio/delaycnt[31]
    SLICE_X156Y115       LUT4 (Prop_lut4_I2_O)        0.124     3.515 f  datapath/Audio_Codec/initialize_audio/state[3]_i_10/O
                         net (fo=1, routed)           0.420     3.935    datapath/Audio_Codec/initialize_audio/state[3]_i_10_n_0
    SLICE_X156Y114       LUT5 (Prop_lut5_I4_O)        0.124     4.059 f  datapath/Audio_Codec/initialize_audio/state[3]_i_5/O
                         net (fo=1, routed)           1.131     5.190    datapath/Audio_Codec/initialize_audio/state[3]_i_5_n_0
    SLICE_X156Y118       LUT4 (Prop_lut4_I0_O)        0.124     5.314 r  datapath/Audio_Codec/initialize_audio/state[3]_i_3/O
                         net (fo=3, routed)           0.413     5.727    datapath/Audio_Codec/initialize_audio/state[3]_i_3_n_0
    SLICE_X159Y119       LUT5 (Prop_lut5_I0_O)        0.124     5.851 r  datapath/Audio_Codec/initialize_audio/initA[6]_i_4/O
                         net (fo=2, routed)           0.676     6.527    datapath/Audio_Codec/initialize_audio/twi_controller/initEn_reg
    SLICE_X159Y119       LUT6 (Prop_lut6_I4_O)        0.124     6.651 r  datapath/Audio_Codec/initialize_audio/twi_controller/initA[6]_i_1/O
                         net (fo=7, routed)           0.713     7.364    datapath/Audio_Codec/initialize_audio/twi_controller_n_6
    SLICE_X163Y122       FDRE                                         r  datapath/Audio_Codec/initialize_audio/initA_reg[5]/CE
  -------------------------------------------------------------------    -------------------

                         (clock clk_out2_clk_wiz_1 rise edge)
                                                     20.000    20.000 r  
    BUFGCTRL_X0Y2        BUFG                         0.000    20.000 r  clk_IBUF_BUFG_inst/O
                         net (fo=513, routed)         1.643    21.643    datapath/Audio_Codec/audiocodec_master_clock/inst/clk_in1
    MMCME2_ADV_X0Y2      MMCME2_ADV (Prop_mmcme2_adv_CLKIN1_CLKOUT1)
                                                     -3.494    18.149 r  datapath/Audio_Codec/audiocodec_master_clock/inst/mmcm_adv_inst/CLKOUT1
                         net (fo=1, routed)           1.760    19.909    datapath/Audio_Codec/audiocodec_master_clock/inst/clk_out2_clk_wiz_1
    BUFGCTRL_X0Y3        BUFG (Prop_bufg_I_O)         0.091    20.000 r  datapath/Audio_Codec/audiocodec_master_clock/inst/clkout2_buf/O
                         net (fo=115, routed)         1.699    21.699    datapath/Audio_Codec/initialize_audio/clk_out2
    SLICE_X163Y122       FDRE                                         r  datapath/Audio_Codec/initialize_audio/initA_reg[5]/C
                         clock pessimism              0.080    21.779    
                         clock uncertainty           -0.084    21.696    
    SLICE_X163Y122       FDRE (Setup_fdre_C_CE)      -0.205    21.491    datapath/Audio_Codec/initialize_audio/initA_reg[5]
  -------------------------------------------------------------------
                         required time                         21.491    
                         arrival time                          -7.364    
  -------------------------------------------------------------------
                         slack                                 14.127    

Slack (MET) :             14.248ns  (required time - arrival time)
  Source:                 datapath/Audio_Codec/initialize_audio/twi_controller/sclCnt_reg[3]/C
                            (rising edge-triggered cell FDSE clocked by clk_out2_clk_wiz_1  {rise@0.000ns fall@10.000ns period=20.000ns})
  Destination:            datapath/Audio_Codec/initialize_audio/twi_controller/dataByte_reg[5]/CE
                            (rising edge-triggered cell FDRE clocked by clk_out2_clk_wiz_1  {rise@0.000ns fall@10.000ns period=20.000ns})
  Path Group:             clk_out2_clk_wiz_1
  Path Type:              Setup (Max at Slow Process Corner)
  Requirement:            20.000ns  (clk_out2_clk_wiz_1 rise@20.000ns - clk_out2_clk_wiz_1 rise@0.000ns)
  Data Path Delay:        5.433ns  (logic 1.244ns (22.896%)  route 4.189ns (77.104%))
  Logic Levels:           4  (LUT2=2 LUT6=2)
  Clock Path Skew:        -0.030ns (DCD - SCD + CPR)
    Destination Clock Delay (DCD):    1.701ns = ( 21.701 - 20.000 ) 
    Source Clock Delay      (SCD):    1.825ns
    Clock Pessimism Removal (CPR):    0.094ns
  Clock Uncertainty:      0.084ns  ((TSJ^2 + DJ^2)^1/2) / 2 + PE
    Total System Jitter     (TSJ):    0.071ns
    Discrete Jitter          (DJ):    0.152ns
    Phase Error              (PE):    0.000ns

    Location             Delay type                Incr(ns)  Path(ns)    Netlist Resource(s)
  -------------------------------------------------------------------    -------------------
                         (clock clk_out2_clk_wiz_1 rise edge)
                                                      0.000     0.000 r  
    BUFGCTRL_X0Y2        BUFG                         0.000     0.000 r  clk_IBUF_BUFG_inst/O
                         net (fo=513, routed)         1.761     1.761    datapath/Audio_Codec/audiocodec_master_clock/inst/clk_in1
    MMCME2_ADV_X0Y2      MMCME2_ADV (Prop_mmcme2_adv_CLKIN1_CLKOUT1)
                                                     -3.701    -1.939 r  datapath/Audio_Codec/audiocodec_master_clock/inst/mmcm_adv_inst/CLKOUT1
                         net (fo=1, routed)           1.843    -0.096    datapath/Audio_Codec/audiocodec_master_clock/inst/clk_out2_clk_wiz_1
    BUFGCTRL_X0Y3        BUFG (Prop_bufg_I_O)         0.096    -0.000 r  datapath/Audio_Codec/audiocodec_master_clock/inst/clkout2_buf/O
                         net (fo=115, routed)         1.825     1.825    datapath/Audio_Codec/initialize_audio/twi_controller/clk_out2
    SLICE_X162Y115       FDSE                                         r  datapath/Audio_Codec/initialize_audio/twi_controller/sclCnt_reg[3]/C
  -------------------------------------------------------------------    -------------------
    SLICE_X162Y115       FDSE (Prop_fdse_C_Q)         0.518     2.343 f  datapath/Audio_Codec/initialize_audio/twi_controller/sclCnt_reg[3]/Q
                         net (fo=4, routed)           0.901     3.244    datapath/Audio_Codec/initialize_audio/twi_controller/sclCnt_reg[3]
    SLICE_X162Y115       LUT6 (Prop_lut6_I1_O)        0.124     3.368 f  datapath/Audio_Codec/initialize_audio/twi_controller/sclCnt[6]_i_4/O
                         net (fo=2, routed)           0.821     4.189    datapath/Audio_Codec/initialize_audio/twi_controller/sclCnt[6]_i_4_n_0
    SLICE_X162Y116       LUT2 (Prop_lut2_I1_O)        0.150     4.339 r  datapath/Audio_Codec/initialize_audio/twi_controller/FSM_gray_state[3]_i_5/O
                         net (fo=10, routed)          1.001     5.340    datapath/Audio_Codec/initialize_audio/twi_controller/FSM_gray_state[3]_i_5_n_0
    SLICE_X162Y119       LUT6 (Prop_lut6_I1_O)        0.328     5.668 r  datapath/Audio_Codec/initialize_audio/twi_controller/dataByte[7]_i_4/O
                         net (fo=4, routed)           0.804     6.472    datapath/Audio_Codec/initialize_audio/twi_controller/dataByte0
    SLICE_X161Y119       LUT2 (Prop_lut2_I1_O)        0.124     6.596 r  datapath/Audio_Codec/initialize_audio/twi_controller/dataByte[7]_i_1/O
                         net (fo=8, routed)           0.662     7.259    datapath/Audio_Codec/initialize_audio/twi_controller/dataByte[7]_i_1_n_0
    SLICE_X161Y121       FDRE                                         r  datapath/Audio_Codec/initialize_audio/twi_controller/dataByte_reg[5]/CE
  -------------------------------------------------------------------    -------------------

                         (clock clk_out2_clk_wiz_1 rise edge)
                                                     20.000    20.000 r  
    BUFGCTRL_X0Y2        BUFG                         0.000    20.000 r  clk_IBUF_BUFG_inst/O
                         net (fo=513, routed)         1.643    21.643    datapath/Audio_Codec/audiocodec_master_clock/inst/clk_in1
    MMCME2_ADV_X0Y2      MMCME2_ADV (Prop_mmcme2_adv_CLKIN1_CLKOUT1)
                                                     -3.494    18.149 r  datapath/Audio_Codec/audiocodec_master_clock/inst/mmcm_adv_inst/CLKOUT1
                         net (fo=1, routed)           1.760    19.909    datapath/Audio_Codec/audiocodec_master_clock/inst/clk_out2_clk_wiz_1
    BUFGCTRL_X0Y3        BUFG (Prop_bufg_I_O)         0.091    20.000 r  datapath/Audio_Codec/audiocodec_master_clock/inst/clkout2_buf/O
                         net (fo=115, routed)         1.701    21.701    datapath/Audio_Codec/initialize_audio/twi_controller/clk_out2
    SLICE_X161Y121       FDRE                                         r  datapath/Audio_Codec/initialize_audio/twi_controller/dataByte_reg[5]/C
                         clock pessimism              0.094    21.795    
                         clock uncertainty           -0.084    21.712    
    SLICE_X161Y121       FDRE (Setup_fdre_C_CE)      -0.205    21.507    datapath/Audio_Codec/initialize_audio/twi_controller/dataByte_reg[5]
  -------------------------------------------------------------------
                         required time                         21.507    
                         arrival time                          -7.259    
  -------------------------------------------------------------------
                         slack                                 14.248    

Slack (MET) :             14.248ns  (required time - arrival time)
  Source:                 datapath/Audio_Codec/initialize_audio/twi_controller/sclCnt_reg[3]/C
                            (rising edge-triggered cell FDSE clocked by clk_out2_clk_wiz_1  {rise@0.000ns fall@10.000ns period=20.000ns})
  Destination:            datapath/Audio_Codec/initialize_audio/twi_controller/dataByte_reg[6]/CE
                            (rising edge-triggered cell FDRE clocked by clk_out2_clk_wiz_1  {rise@0.000ns fall@10.000ns period=20.000ns})
  Path Group:             clk_out2_clk_wiz_1
  Path Type:              Setup (Max at Slow Process Corner)
  Requirement:            20.000ns  (clk_out2_clk_wiz_1 rise@20.000ns - clk_out2_clk_wiz_1 rise@0.000ns)
  Data Path Delay:        5.433ns  (logic 1.244ns (22.896%)  route 4.189ns (77.104%))
  Logic Levels:           4  (LUT2=2 LUT6=2)
  Clock Path Skew:        -0.030ns (DCD - SCD + CPR)
    Destination Clock Delay (DCD):    1.701ns = ( 21.701 - 20.000 ) 
    Source Clock Delay      (SCD):    1.825ns
    Clock Pessimism Removal (CPR):    0.094ns
  Clock Uncertainty:      0.084ns  ((TSJ^2 + DJ^2)^1/2) / 2 + PE
    Total System Jitter     (TSJ):    0.071ns
    Discrete Jitter          (DJ):    0.152ns
    Phase Error              (PE):    0.000ns

    Location             Delay type                Incr(ns)  Path(ns)    Netlist Resource(s)
  -------------------------------------------------------------------    -------------------
                         (clock clk_out2_clk_wiz_1 rise edge)
                                                      0.000     0.000 r  
    BUFGCTRL_X0Y2        BUFG                         0.000     0.000 r  clk_IBUF_BUFG_inst/O
                         net (fo=513, routed)         1.761     1.761    datapath/Audio_Codec/audiocodec_master_clock/inst/clk_in1
    MMCME2_ADV_X0Y2      MMCME2_ADV (Prop_mmcme2_adv_CLKIN1_CLKOUT1)
                                                     -3.701    -1.939 r  datapath/Audio_Codec/audiocodec_master_clock/inst/mmcm_adv_inst/CLKOUT1
                         net (fo=1, routed)           1.843    -0.096    datapath/Audio_Codec/audiocodec_master_clock/inst/clk_out2_clk_wiz_1
    BUFGCTRL_X0Y3        BUFG (Prop_bufg_I_O)         0.096    -0.000 r  datapath/Audio_Codec/audiocodec_master_clock/inst/clkout2_buf/O
                         net (fo=115, routed)         1.825     1.825    datapath/Audio_Codec/initialize_audio/twi_controller/clk_out2
    SLICE_X162Y115       FDSE                                         r  datapath/Audio_Codec/initialize_audio/twi_controller/sclCnt_reg[3]/C
  -------------------------------------------------------------------    -------------------
    SLICE_X162Y115       FDSE (Prop_fdse_C_Q)         0.518     2.343 f  datapath/Audio_Codec/initialize_audio/twi_controller/sclCnt_reg[3]/Q
                         net (fo=4, routed)           0.901     3.244    datapath/Audio_Codec/initialize_audio/twi_controller/sclCnt_reg[3]
    SLICE_X162Y115       LUT6 (Prop_lut6_I1_O)        0.124     3.368 f  datapath/Audio_Codec/initialize_audio/twi_controller/sclCnt[6]_i_4/O
                         net (fo=2, routed)           0.821     4.189    datapath/Audio_Codec/initialize_audio/twi_controller/sclCnt[6]_i_4_n_0
    SLICE_X162Y116       LUT2 (Prop_lut2_I1_O)        0.150     4.339 r  datapath/Audio_Codec/initialize_audio/twi_controller/FSM_gray_state[3]_i_5/O
                         net (fo=10, routed)          1.001     5.340    datapath/Audio_Codec/initialize_audio/twi_controller/FSM_gray_state[3]_i_5_n_0
    SLICE_X162Y119       LUT6 (Prop_lut6_I1_O)        0.328     5.668 r  datapath/Audio_Codec/initialize_audio/twi_controller/dataByte[7]_i_4/O
                         net (fo=4, routed)           0.804     6.472    datapath/Audio_Codec/initialize_audio/twi_controller/dataByte0
    SLICE_X161Y119       LUT2 (Prop_lut2_I1_O)        0.124     6.596 r  datapath/Audio_Codec/initialize_audio/twi_controller/dataByte[7]_i_1/O
                         net (fo=8, routed)           0.662     7.259    datapath/Audio_Codec/initialize_audio/twi_controller/dataByte[7]_i_1_n_0
    SLICE_X161Y121       FDRE                                         r  datapath/Audio_Codec/initialize_audio/twi_controller/dataByte_reg[6]/CE
  -------------------------------------------------------------------    -------------------

                         (clock clk_out2_clk_wiz_1 rise edge)
                                                     20.000    20.000 r  
    BUFGCTRL_X0Y2        BUFG                         0.000    20.000 r  clk_IBUF_BUFG_inst/O
                         net (fo=513, routed)         1.643    21.643    datapath/Audio_Codec/audiocodec_master_clock/inst/clk_in1
    MMCME2_ADV_X0Y2      MMCME2_ADV (Prop_mmcme2_adv_CLKIN1_CLKOUT1)
                                                     -3.494    18.149 r  datapath/Audio_Codec/audiocodec_master_clock/inst/mmcm_adv_inst/CLKOUT1
                         net (fo=1, routed)           1.760    19.909    datapath/Audio_Codec/audiocodec_master_clock/inst/clk_out2_clk_wiz_1
    BUFGCTRL_X0Y3        BUFG (Prop_bufg_I_O)         0.091    20.000 r  datapath/Audio_Codec/audiocodec_master_clock/inst/clkout2_buf/O
                         net (fo=115, routed)         1.701    21.701    datapath/Audio_Codec/initialize_audio/twi_controller/clk_out2
    SLICE_X161Y121       FDRE                                         r  datapath/Audio_Codec/initialize_audio/twi_controller/dataByte_reg[6]/C
                         clock pessimism              0.094    21.795    
                         clock uncertainty           -0.084    21.712    
    SLICE_X161Y121       FDRE (Setup_fdre_C_CE)      -0.205    21.507    datapath/Audio_Codec/initialize_audio/twi_controller/dataByte_reg[6]
  -------------------------------------------------------------------
                         required time                         21.507    
                         arrival time                          -7.259    
  -------------------------------------------------------------------
                         slack                                 14.248    

Slack (MET) :             14.248ns  (required time - arrival time)
  Source:                 datapath/Audio_Codec/initialize_audio/twi_controller/sclCnt_reg[3]/C
                            (rising edge-triggered cell FDSE clocked by clk_out2_clk_wiz_1  {rise@0.000ns fall@10.000ns period=20.000ns})
  Destination:            datapath/Audio_Codec/initialize_audio/twi_controller/dataByte_reg[7]/CE
                            (rising edge-triggered cell FDRE clocked by clk_out2_clk_wiz_1  {rise@0.000ns fall@10.000ns period=20.000ns})
  Path Group:             clk_out2_clk_wiz_1
  Path Type:              Setup (Max at Slow Process Corner)
  Requirement:            20.000ns  (clk_out2_clk_wiz_1 rise@20.000ns - clk_out2_clk_wiz_1 rise@0.000ns)
  Data Path Delay:        5.433ns  (logic 1.244ns (22.896%)  route 4.189ns (77.104%))
  Logic Levels:           4  (LUT2=2 LUT6=2)
  Clock Path Skew:        -0.030ns (DCD - SCD + CPR)
    Destination Clock Delay (DCD):    1.701ns = ( 21.701 - 20.000 ) 
    Source Clock Delay      (SCD):    1.825ns
    Clock Pessimism Removal (CPR):    0.094ns
  Clock Uncertainty:      0.084ns  ((TSJ^2 + DJ^2)^1/2) / 2 + PE
    Total System Jitter     (TSJ):    0.071ns
    Discrete Jitter          (DJ):    0.152ns
    Phase Error              (PE):    0.000ns

    Location             Delay type                Incr(ns)  Path(ns)    Netlist Resource(s)
  -------------------------------------------------------------------    -------------------
                         (clock clk_out2_clk_wiz_1 rise edge)
                                                      0.000     0.000 r  
    BUFGCTRL_X0Y2        BUFG                         0.000     0.000 r  clk_IBUF_BUFG_inst/O
                         net (fo=513, routed)         1.761     1.761    datapath/Audio_Codec/audiocodec_master_clock/inst/clk_in1
    MMCME2_ADV_X0Y2      MMCME2_ADV (Prop_mmcme2_adv_CLKIN1_CLKOUT1)
                                                     -3.701    -1.939 r  datapath/Audio_Codec/audiocodec_master_clock/inst/mmcm_adv_inst/CLKOUT1
                         net (fo=1, routed)           1.843    -0.096    datapath/Audio_Codec/audiocodec_master_clock/inst/clk_out2_clk_wiz_1
    BUFGCTRL_X0Y3        BUFG (Prop_bufg_I_O)         0.096    -0.000 r  datapath/Audio_Codec/audiocodec_master_clock/inst/clkout2_buf/O
                         net (fo=115, routed)         1.825     1.825    datapath/Audio_Codec/initialize_audio/twi_controller/clk_out2
    SLICE_X162Y115       FDSE                                         r  datapath/Audio_Codec/initialize_audio/twi_controller/sclCnt_reg[3]/C
  -------------------------------------------------------------------    -------------------
    SLICE_X162Y115       FDSE (Prop_fdse_C_Q)         0.518     2.343 f  datapath/Audio_Codec/initialize_audio/twi_controller/sclCnt_reg[3]/Q
                         net (fo=4, routed)           0.901     3.244    datapath/Audio_Codec/initialize_audio/twi_controller/sclCnt_reg[3]
    SLICE_X162Y115       LUT6 (Prop_lut6_I1_O)        0.124     3.368 f  datapath/Audio_Codec/initialize_audio/twi_controller/sclCnt[6]_i_4/O
                         net (fo=2, routed)           0.821     4.189    datapath/Audio_Codec/initialize_audio/twi_controller/sclCnt[6]_i_4_n_0
    SLICE_X162Y116       LUT2 (Prop_lut2_I1_O)        0.150     4.339 r  datapath/Audio_Codec/initialize_audio/twi_controller/FSM_gray_state[3]_i_5/O
                         net (fo=10, routed)          1.001     5.340    datapath/Audio_Codec/initialize_audio/twi_controller/FSM_gray_state[3]_i_5_n_0
    SLICE_X162Y119       LUT6 (Prop_lut6_I1_O)        0.328     5.668 r  datapath/Audio_Codec/initialize_audio/twi_controller/dataByte[7]_i_4/O
                         net (fo=4, routed)           0.804     6.472    datapath/Audio_Codec/initialize_audio/twi_controller/dataByte0
    SLICE_X161Y119       LUT2 (Prop_lut2_I1_O)        0.124     6.596 r  datapath/Audio_Codec/initialize_audio/twi_controller/dataByte[7]_i_1/O
                         net (fo=8, routed)           0.662     7.259    datapath/Audio_Codec/initialize_audio/twi_controller/dataByte[7]_i_1_n_0
    SLICE_X161Y121       FDRE                                         r  datapath/Audio_Codec/initialize_audio/twi_controller/dataByte_reg[7]/CE
  -------------------------------------------------------------------    -------------------

                         (clock clk_out2_clk_wiz_1 rise edge)
                                                     20.000    20.000 r  
    BUFGCTRL_X0Y2        BUFG                         0.000    20.000 r  clk_IBUF_BUFG_inst/O
                         net (fo=513, routed)         1.643    21.643    datapath/Audio_Codec/audiocodec_master_clock/inst/clk_in1
    MMCME2_ADV_X0Y2      MMCME2_ADV (Prop_mmcme2_adv_CLKIN1_CLKOUT1)
                                                     -3.494    18.149 r  datapath/Audio_Codec/audiocodec_master_clock/inst/mmcm_adv_inst/CLKOUT1
                         net (fo=1, routed)           1.760    19.909    datapath/Audio_Codec/audiocodec_master_clock/inst/clk_out2_clk_wiz_1
    BUFGCTRL_X0Y3        BUFG (Prop_bufg_I_O)         0.091    20.000 r  datapath/Audio_Codec/audiocodec_master_clock/inst/clkout2_buf/O
                         net (fo=115, routed)         1.701    21.701    datapath/Audio_Codec/initialize_audio/twi_controller/clk_out2
    SLICE_X161Y121       FDRE                                         r  datapath/Audio_Codec/initialize_audio/twi_controller/dataByte_reg[7]/C
                         clock pessimism              0.094    21.795    
                         clock uncertainty           -0.084    21.712    
    SLICE_X161Y121       FDRE (Setup_fdre_C_CE)      -0.205    21.507    datapath/Audio_Codec/initialize_audio/twi_controller/dataByte_reg[7]
  -------------------------------------------------------------------
                         required time                         21.507    
                         arrival time                          -7.259    
  -------------------------------------------------------------------
                         slack                                 14.248    

Slack (MET) :             14.352ns  (required time - arrival time)
  Source:                 datapath/Audio_Codec/initialize_audio/delaycnt_reg[31]/C
                            (rising edge-triggered cell FDRE clocked by clk_out2_clk_wiz_1  {rise@0.000ns fall@10.000ns period=20.000ns})
  Destination:            datapath/Audio_Codec/initialize_audio/initA_reg[0]/CE
                            (rising edge-triggered cell FDRE clocked by clk_out2_clk_wiz_1  {rise@0.000ns fall@10.000ns period=20.000ns})
  Path Group:             clk_out2_clk_wiz_1
  Path Type:              Setup (Max at Slow Process Corner)
  Requirement:            20.000ns  (clk_out2_clk_wiz_1 rise@20.000ns - clk_out2_clk_wiz_1 rise@0.000ns)
  Data Path Delay:        5.357ns  (logic 1.076ns (20.084%)  route 4.281ns (79.916%))
  Logic Levels:           5  (LUT4=2 LUT5=2 LUT6=1)
  Clock Path Skew:        -0.038ns (DCD - SCD + CPR)
    Destination Clock Delay (DCD):    1.699ns = ( 21.699 - 20.000 ) 
    Source Clock Delay      (SCD):    1.817ns
    Clock Pessimism Removal (CPR):    0.080ns
  Clock Uncertainty:      0.084ns  ((TSJ^2 + DJ^2)^1/2) / 2 + PE
    Total System Jitter     (TSJ):    0.071ns
    Discrete Jitter          (DJ):    0.152ns
    Phase Error              (PE):    0.000ns

    Location             Delay type                Incr(ns)  Path(ns)    Netlist Resource(s)
  -------------------------------------------------------------------    -------------------
                         (clock clk_out2_clk_wiz_1 rise edge)
                                                      0.000     0.000 r  
    BUFGCTRL_X0Y2        BUFG                         0.000     0.000 r  clk_IBUF_BUFG_inst/O
                         net (fo=513, routed)         1.761     1.761    datapath/Audio_Codec/audiocodec_master_clock/inst/clk_in1
    MMCME2_ADV_X0Y2      MMCME2_ADV (Prop_mmcme2_adv_CLKIN1_CLKOUT1)
                                                     -3.701    -1.939 r  datapath/Audio_Codec/audiocodec_master_clock/inst/mmcm_adv_inst/CLKOUT1
                         net (fo=1, routed)           1.843    -0.096    datapath/Audio_Codec/audiocodec_master_clock/inst/clk_out2_clk_wiz_1
    BUFGCTRL_X0Y3        BUFG (Prop_bufg_I_O)         0.096    -0.000 r  datapath/Audio_Codec/audiocodec_master_clock/inst/clkout2_buf/O
                         net (fo=115, routed)         1.817     1.817    datapath/Audio_Codec/initialize_audio/clk_out2
    SLICE_X157Y120       FDRE                                         r  datapath/Audio_Codec/initialize_audio/delaycnt_reg[31]/C
  -------------------------------------------------------------------    -------------------
    SLICE_X157Y120       FDRE (Prop_fdre_C_Q)         0.456     2.273 f  datapath/Audio_Codec/initialize_audio/delaycnt_reg[31]/Q
                         net (fo=2, routed)           1.118     3.391    datapath/Audio_Codec/initialize_audio/delaycnt[31]
    SLICE_X156Y115       LUT4 (Prop_lut4_I2_O)        0.124     3.515 f  datapath/Audio_Codec/initialize_audio/state[3]_i_10/O
                         net (fo=1, routed)           0.420     3.935    datapath/Audio_Codec/initialize_audio/state[3]_i_10_n_0
    SLICE_X156Y114       LUT5 (Prop_lut5_I4_O)        0.124     4.059 f  datapath/Audio_Codec/initialize_audio/state[3]_i_5/O
                         net (fo=1, routed)           1.131     5.190    datapath/Audio_Codec/initialize_audio/state[3]_i_5_n_0
    SLICE_X156Y118       LUT4 (Prop_lut4_I0_O)        0.124     5.314 r  datapath/Audio_Codec/initialize_audio/state[3]_i_3/O
                         net (fo=3, routed)           0.413     5.727    datapath/Audio_Codec/initialize_audio/state[3]_i_3_n_0
    SLICE_X159Y119       LUT5 (Prop_lut5_I0_O)        0.124     5.851 r  datapath/Audio_Codec/initialize_audio/initA[6]_i_4/O
                         net (fo=2, routed)           0.676     6.527    datapath/Audio_Codec/initialize_audio/twi_controller/initEn_reg
    SLICE_X159Y119       LUT6 (Prop_lut6_I4_O)        0.124     6.651 r  datapath/Audio_Codec/initialize_audio/twi_controller/initA[6]_i_1/O
                         net (fo=7, routed)           0.524     7.175    datapath/Audio_Codec/initialize_audio/twi_controller_n_6
    SLICE_X162Y122       FDRE                                         r  datapath/Audio_Codec/initialize_audio/initA_reg[0]/CE
  -------------------------------------------------------------------    -------------------

                         (clock clk_out2_clk_wiz_1 rise edge)
                                                     20.000    20.000 r  
    BUFGCTRL_X0Y2        BUFG                         0.000    20.000 r  clk_IBUF_BUFG_inst/O
                         net (fo=513, routed)         1.643    21.643    datapath/Audio_Codec/audiocodec_master_clock/inst/clk_in1
    MMCME2_ADV_X0Y2      MMCME2_ADV (Prop_mmcme2_adv_CLKIN1_CLKOUT1)
                                                     -3.494    18.149 r  datapath/Audio_Codec/audiocodec_master_clock/inst/mmcm_adv_inst/CLKOUT1
                         net (fo=1, routed)           1.760    19.909    datapath/Audio_Codec/audiocodec_master_clock/inst/clk_out2_clk_wiz_1
    BUFGCTRL_X0Y3        BUFG (Prop_bufg_I_O)         0.091    20.000 r  datapath/Audio_Codec/audiocodec_master_clock/inst/clkout2_buf/O
                         net (fo=115, routed)         1.699    21.699    datapath/Audio_Codec/initialize_audio/clk_out2
    SLICE_X162Y122       FDRE                                         r  datapath/Audio_Codec/initialize_audio/initA_reg[0]/C
                         clock pessimism              0.080    21.779    
                         clock uncertainty           -0.084    21.696    
    SLICE_X162Y122       FDRE (Setup_fdre_C_CE)      -0.169    21.527    datapath/Audio_Codec/initialize_audio/initA_reg[0]
  -------------------------------------------------------------------
                         required time                         21.527    
                         arrival time                          -7.175    
  -------------------------------------------------------------------
                         slack                                 14.352    

Slack (MET) :             14.352ns  (required time - arrival time)
  Source:                 datapath/Audio_Codec/initialize_audio/delaycnt_reg[31]/C
                            (rising edge-triggered cell FDRE clocked by clk_out2_clk_wiz_1  {rise@0.000ns fall@10.000ns period=20.000ns})
  Destination:            datapath/Audio_Codec/initialize_audio/initA_reg[1]/CE
                            (rising edge-triggered cell FDRE clocked by clk_out2_clk_wiz_1  {rise@0.000ns fall@10.000ns period=20.000ns})
  Path Group:             clk_out2_clk_wiz_1
  Path Type:              Setup (Max at Slow Process Corner)
  Requirement:            20.000ns  (clk_out2_clk_wiz_1 rise@20.000ns - clk_out2_clk_wiz_1 rise@0.000ns)
  Data Path Delay:        5.357ns  (logic 1.076ns (20.084%)  route 4.281ns (79.916%))
  Logic Levels:           5  (LUT4=2 LUT5=2 LUT6=1)
  Clock Path Skew:        -0.038ns (DCD - SCD + CPR)
    Destination Clock Delay (DCD):    1.699ns = ( 21.699 - 20.000 ) 
    Source Clock Delay      (SCD):    1.817ns
    Clock Pessimism Removal (CPR):    0.080ns
  Clock Uncertainty:      0.084ns  ((TSJ^2 + DJ^2)^1/2) / 2 + PE
    Total System Jitter     (TSJ):    0.071ns
    Discrete Jitter          (DJ):    0.152ns
    Phase Error              (PE):    0.000ns

    Location             Delay type                Incr(ns)  Path(ns)    Netlist Resource(s)
  -------------------------------------------------------------------    -------------------
                         (clock clk_out2_clk_wiz_1 rise edge)
                                                      0.000     0.000 r  
    BUFGCTRL_X0Y2        BUFG                         0.000     0.000 r  clk_IBUF_BUFG_inst/O
                         net (fo=513, routed)         1.761     1.761    datapath/Audio_Codec/audiocodec_master_clock/inst/clk_in1
    MMCME2_ADV_X0Y2      MMCME2_ADV (Prop_mmcme2_adv_CLKIN1_CLKOUT1)
                                                     -3.701    -1.939 r  datapath/Audio_Codec/audiocodec_master_clock/inst/mmcm_adv_inst/CLKOUT1
                         net (fo=1, routed)           1.843    -0.096    datapath/Audio_Codec/audiocodec_master_clock/inst/clk_out2_clk_wiz_1
    BUFGCTRL_X0Y3        BUFG (Prop_bufg_I_O)         0.096    -0.000 r  datapath/Audio_Codec/audiocodec_master_clock/inst/clkout2_buf/O
                         net (fo=115, routed)         1.817     1.817    datapath/Audio_Codec/initialize_audio/clk_out2
    SLICE_X157Y120       FDRE                                         r  datapath/Audio_Codec/initialize_audio/delaycnt_reg[31]/C
  -------------------------------------------------------------------    -------------------
    SLICE_X157Y120       FDRE (Prop_fdre_C_Q)         0.456     2.273 f  datapath/Audio_Codec/initialize_audio/delaycnt_reg[31]/Q
                         net (fo=2, routed)           1.118     3.391    datapath/Audio_Codec/initialize_audio/delaycnt[31]
    SLICE_X156Y115       LUT4 (Prop_lut4_I2_O)        0.124     3.515 f  datapath/Audio_Codec/initialize_audio/state[3]_i_10/O
                         net (fo=1, routed)           0.420     3.935    datapath/Audio_Codec/initialize_audio/state[3]_i_10_n_0
    SLICE_X156Y114       LUT5 (Prop_lut5_I4_O)        0.124     4.059 f  datapath/Audio_Codec/initialize_audio/state[3]_i_5/O
                         net (fo=1, routed)           1.131     5.190    datapath/Audio_Codec/initialize_audio/state[3]_i_5_n_0
    SLICE_X156Y118       LUT4 (Prop_lut4_I0_O)        0.124     5.314 r  datapath/Audio_Codec/initialize_audio/state[3]_i_3/O
                         net (fo=3, routed)           0.413     5.727    datapath/Audio_Codec/initialize_audio/state[3]_i_3_n_0
    SLICE_X159Y119       LUT5 (Prop_lut5_I0_O)        0.124     5.851 r  datapath/Audio_Codec/initialize_audio/initA[6]_i_4/O
                         net (fo=2, routed)           0.676     6.527    datapath/Audio_Codec/initialize_audio/twi_controller/initEn_reg
    SLICE_X159Y119       LUT6 (Prop_lut6_I4_O)        0.124     6.651 r  datapath/Audio_Codec/initialize_audio/twi_controller/initA[6]_i_1/O
                         net (fo=7, routed)           0.524     7.175    datapath/Audio_Codec/initialize_audio/twi_controller_n_6
    SLICE_X162Y122       FDRE                                         r  datapath/Audio_Codec/initialize_audio/initA_reg[1]/CE
  -------------------------------------------------------------------    -------------------

                         (clock clk_out2_clk_wiz_1 rise edge)
                                                     20.000    20.000 r  
    BUFGCTRL_X0Y2        BUFG                         0.000    20.000 r  clk_IBUF_BUFG_inst/O
                         net (fo=513, routed)         1.643    21.643    datapath/Audio_Codec/audiocodec_master_clock/inst/clk_in1
    MMCME2_ADV_X0Y2      MMCME2_ADV (Prop_mmcme2_adv_CLKIN1_CLKOUT1)
                                                     -3.494    18.149 r  datapath/Audio_Codec/audiocodec_master_clock/inst/mmcm_adv_inst/CLKOUT1
                         net (fo=1, routed)           1.760    19.909    datapath/Audio_Codec/audiocodec_master_clock/inst/clk_out2_clk_wiz_1
    BUFGCTRL_X0Y3        BUFG (Prop_bufg_I_O)         0.091    20.000 r  datapath/Audio_Codec/audiocodec_master_clock/inst/clkout2_buf/O
                         net (fo=115, routed)         1.699    21.699    datapath/Audio_Codec/initialize_audio/clk_out2
    SLICE_X162Y122       FDRE                                         r  datapath/Audio_Codec/initialize_audio/initA_reg[1]/C
                         clock pessimism              0.080    21.779    
                         clock uncertainty           -0.084    21.696    
    SLICE_X162Y122       FDRE (Setup_fdre_C_CE)      -0.169    21.527    datapath/Audio_Codec/initialize_audio/initA_reg[1]
  -------------------------------------------------------------------
                         required time                         21.527    
                         arrival time                          -7.175    
  -------------------------------------------------------------------
                         slack                                 14.352    

Slack (MET) :             14.352ns  (required time - arrival time)
  Source:                 datapath/Audio_Codec/initialize_audio/delaycnt_reg[31]/C
                            (rising edge-triggered cell FDRE clocked by clk_out2_clk_wiz_1  {rise@0.000ns fall@10.000ns period=20.000ns})
  Destination:            datapath/Audio_Codec/initialize_audio/initA_reg[2]/CE
                            (rising edge-triggered cell FDRE clocked by clk_out2_clk_wiz_1  {rise@0.000ns fall@10.000ns period=20.000ns})
  Path Group:             clk_out2_clk_wiz_1
  Path Type:              Setup (Max at Slow Process Corner)
  Requirement:            20.000ns  (clk_out2_clk_wiz_1 rise@20.000ns - clk_out2_clk_wiz_1 rise@0.000ns)
  Data Path Delay:        5.357ns  (logic 1.076ns (20.084%)  route 4.281ns (79.916%))
  Logic Levels:           5  (LUT4=2 LUT5=2 LUT6=1)
  Clock Path Skew:        -0.038ns (DCD - SCD + CPR)
    Destination Clock Delay (DCD):    1.699ns = ( 21.699 - 20.000 ) 
    Source Clock Delay      (SCD):    1.817ns
    Clock Pessimism Removal (CPR):    0.080ns
  Clock Uncertainty:      0.084ns  ((TSJ^2 + DJ^2)^1/2) / 2 + PE
    Total System Jitter     (TSJ):    0.071ns
    Discrete Jitter          (DJ):    0.152ns
    Phase Error              (PE):    0.000ns

    Location             Delay type                Incr(ns)  Path(ns)    Netlist Resource(s)
  -------------------------------------------------------------------    -------------------
                         (clock clk_out2_clk_wiz_1 rise edge)
                                                      0.000     0.000 r  
    BUFGCTRL_X0Y2        BUFG                         0.000     0.000 r  clk_IBUF_BUFG_inst/O
                         net (fo=513, routed)         1.761     1.761    datapath/Audio_Codec/audiocodec_master_clock/inst/clk_in1
    MMCME2_ADV_X0Y2      MMCME2_ADV (Prop_mmcme2_adv_CLKIN1_CLKOUT1)
                                                     -3.701    -1.939 r  datapath/Audio_Codec/audiocodec_master_clock/inst/mmcm_adv_inst/CLKOUT1
                         net (fo=1, routed)           1.843    -0.096    datapath/Audio_Codec/audiocodec_master_clock/inst/clk_out2_clk_wiz_1
    BUFGCTRL_X0Y3        BUFG (Prop_bufg_I_O)         0.096    -0.000 r  datapath/Audio_Codec/audiocodec_master_clock/inst/clkout2_buf/O
                         net (fo=115, routed)         1.817     1.817    datapath/Audio_Codec/initialize_audio/clk_out2
    SLICE_X157Y120       FDRE                                         r  datapath/Audio_Codec/initialize_audio/delaycnt_reg[31]/C
  -------------------------------------------------------------------    -------------------
    SLICE_X157Y120       FDRE (Prop_fdre_C_Q)         0.456     2.273 f  datapath/Audio_Codec/initialize_audio/delaycnt_reg[31]/Q
                         net (fo=2, routed)           1.118     3.391    datapath/Audio_Codec/initialize_audio/delaycnt[31]
    SLICE_X156Y115       LUT4 (Prop_lut4_I2_O)        0.124     3.515 f  datapath/Audio_Codec/initialize_audio/state[3]_i_10/O
                         net (fo=1, routed)           0.420     3.935    datapath/Audio_Codec/initialize_audio/state[3]_i_10_n_0
    SLICE_X156Y114       LUT5 (Prop_lut5_I4_O)        0.124     4.059 f  datapath/Audio_Codec/initialize_audio/state[3]_i_5/O
                         net (fo=1, routed)           1.131     5.190    datapath/Audio_Codec/initialize_audio/state[3]_i_5_n_0
    SLICE_X156Y118       LUT4 (Prop_lut4_I0_O)        0.124     5.314 r  datapath/Audio_Codec/initialize_audio/state[3]_i_3/O
                         net (fo=3, routed)           0.413     5.727    datapath/Audio_Codec/initialize_audio/state[3]_i_3_n_0
    SLICE_X159Y119       LUT5 (Prop_lut5_I0_O)        0.124     5.851 r  datapath/Audio_Codec/initialize_audio/initA[6]_i_4/O
                         net (fo=2, routed)           0.676     6.527    datapath/Audio_Codec/initialize_audio/twi_controller/initEn_reg
    SLICE_X159Y119       LUT6 (Prop_lut6_I4_O)        0.124     6.651 r  datapath/Audio_Codec/initialize_audio/twi_controller/initA[6]_i_1/O
                         net (fo=7, routed)           0.524     7.175    datapath/Audio_Codec/initialize_audio/twi_controller_n_6
    SLICE_X162Y122       FDRE                                         r  datapath/Audio_Codec/initialize_audio/initA_reg[2]/CE
  -------------------------------------------------------------------    -------------------

                         (clock clk_out2_clk_wiz_1 rise edge)
                                                     20.000    20.000 r  
    BUFGCTRL_X0Y2        BUFG                         0.000    20.000 r  clk_IBUF_BUFG_inst/O
                         net (fo=513, routed)         1.643    21.643    datapath/Audio_Codec/audiocodec_master_clock/inst/clk_in1
    MMCME2_ADV_X0Y2      MMCME2_ADV (Prop_mmcme2_adv_CLKIN1_CLKOUT1)
                                                     -3.494    18.149 r  datapath/Audio_Codec/audiocodec_master_clock/inst/mmcm_adv_inst/CLKOUT1
                         net (fo=1, routed)           1.760    19.909    datapath/Audio_Codec/audiocodec_master_clock/inst/clk_out2_clk_wiz_1
    BUFGCTRL_X0Y3        BUFG (Prop_bufg_I_O)         0.091    20.000 r  datapath/Audio_Codec/audiocodec_master_clock/inst/clkout2_buf/O
                         net (fo=115, routed)         1.699    21.699    datapath/Audio_Codec/initialize_audio/clk_out2
    SLICE_X162Y122       FDRE                                         r  datapath/Audio_Codec/initialize_audio/initA_reg[2]/C
                         clock pessimism              0.080    21.779    
                         clock uncertainty           -0.084    21.696    
    SLICE_X162Y122       FDRE (Setup_fdre_C_CE)      -0.169    21.527    datapath/Audio_Codec/initialize_audio/initA_reg[2]
  -------------------------------------------------------------------
                         required time                         21.527    
                         arrival time                          -7.175    
  -------------------------------------------------------------------
                         slack                                 14.352    

Slack (MET) :             14.352ns  (required time - arrival time)
  Source:                 datapath/Audio_Codec/initialize_audio/delaycnt_reg[31]/C
                            (rising edge-triggered cell FDRE clocked by clk_out2_clk_wiz_1  {rise@0.000ns fall@10.000ns period=20.000ns})
  Destination:            datapath/Audio_Codec/initialize_audio/initA_reg[6]/CE
                            (rising edge-triggered cell FDRE clocked by clk_out2_clk_wiz_1  {rise@0.000ns fall@10.000ns period=20.000ns})
  Path Group:             clk_out2_clk_wiz_1
  Path Type:              Setup (Max at Slow Process Corner)
  Requirement:            20.000ns  (clk_out2_clk_wiz_1 rise@20.000ns - clk_out2_clk_wiz_1 rise@0.000ns)
  Data Path Delay:        5.357ns  (logic 1.076ns (20.084%)  route 4.281ns (79.916%))
  Logic Levels:           5  (LUT4=2 LUT5=2 LUT6=1)
  Clock Path Skew:        -0.038ns (DCD - SCD + CPR)
    Destination Clock Delay (DCD):    1.699ns = ( 21.699 - 20.000 ) 
    Source Clock Delay      (SCD):    1.817ns
    Clock Pessimism Removal (CPR):    0.080ns
  Clock Uncertainty:      0.084ns  ((TSJ^2 + DJ^2)^1/2) / 2 + PE
    Total System Jitter     (TSJ):    0.071ns
    Discrete Jitter          (DJ):    0.152ns
    Phase Error              (PE):    0.000ns

    Location             Delay type                Incr(ns)  Path(ns)    Netlist Resource(s)
  -------------------------------------------------------------------    -------------------
                         (clock clk_out2_clk_wiz_1 rise edge)
                                                      0.000     0.000 r  
    BUFGCTRL_X0Y2        BUFG                         0.000     0.000 r  clk_IBUF_BUFG_inst/O
                         net (fo=513, routed)         1.761     1.761    datapath/Audio_Codec/audiocodec_master_clock/inst/clk_in1
    MMCME2_ADV_X0Y2      MMCME2_ADV (Prop_mmcme2_adv_CLKIN1_CLKOUT1)
                                                     -3.701    -1.939 r  datapath/Audio_Codec/audiocodec_master_clock/inst/mmcm_adv_inst/CLKOUT1
                         net (fo=1, routed)           1.843    -0.096    datapath/Audio_Codec/audiocodec_master_clock/inst/clk_out2_clk_wiz_1
    BUFGCTRL_X0Y3        BUFG (Prop_bufg_I_O)         0.096    -0.000 r  datapath/Audio_Codec/audiocodec_master_clock/inst/clkout2_buf/O
                         net (fo=115, routed)         1.817     1.817    datapath/Audio_Codec/initialize_audio/clk_out2
    SLICE_X157Y120       FDRE                                         r  datapath/Audio_Codec/initialize_audio/delaycnt_reg[31]/C
  -------------------------------------------------------------------    -------------------
    SLICE_X157Y120       FDRE (Prop_fdre_C_Q)         0.456     2.273 f  datapath/Audio_Codec/initialize_audio/delaycnt_reg[31]/Q
                         net (fo=2, routed)           1.118     3.391    datapath/Audio_Codec/initialize_audio/delaycnt[31]
    SLICE_X156Y115       LUT4 (Prop_lut4_I2_O)        0.124     3.515 f  datapath/Audio_Codec/initialize_audio/state[3]_i_10/O
                         net (fo=1, routed)           0.420     3.935    datapath/Audio_Codec/initialize_audio/state[3]_i_10_n_0
    SLICE_X156Y114       LUT5 (Prop_lut5_I4_O)        0.124     4.059 f  datapath/Audio_Codec/initialize_audio/state[3]_i_5/O
                         net (fo=1, routed)           1.131     5.190    datapath/Audio_Codec/initialize_audio/state[3]_i_5_n_0
    SLICE_X156Y118       LUT4 (Prop_lut4_I0_O)        0.124     5.314 r  datapath/Audio_Codec/initialize_audio/state[3]_i_3/O
                         net (fo=3, routed)           0.413     5.727    datapath/Audio_Codec/initialize_audio/state[3]_i_3_n_0
    SLICE_X159Y119       LUT5 (Prop_lut5_I0_O)        0.124     5.851 r  datapath/Audio_Codec/initialize_audio/initA[6]_i_4/O
                         net (fo=2, routed)           0.676     6.527    datapath/Audio_Codec/initialize_audio/twi_controller/initEn_reg
    SLICE_X159Y119       LUT6 (Prop_lut6_I4_O)        0.124     6.651 r  datapath/Audio_Codec/initialize_audio/twi_controller/initA[6]_i_1/O
                         net (fo=7, routed)           0.524     7.175    datapath/Audio_Codec/initialize_audio/twi_controller_n_6
    SLICE_X162Y122       FDRE                                         r  datapath/Audio_Codec/initialize_audio/initA_reg[6]/CE
  -------------------------------------------------------------------    -------------------

                         (clock clk_out2_clk_wiz_1 rise edge)
                                                     20.000    20.000 r  
    BUFGCTRL_X0Y2        BUFG                         0.000    20.000 r  clk_IBUF_BUFG_inst/O
                         net (fo=513, routed)         1.643    21.643    datapath/Audio_Codec/audiocodec_master_clock/inst/clk_in1
    MMCME2_ADV_X0Y2      MMCME2_ADV (Prop_mmcme2_adv_CLKIN1_CLKOUT1)
                                                     -3.494    18.149 r  datapath/Audio_Codec/audiocodec_master_clock/inst/mmcm_adv_inst/CLKOUT1
                         net (fo=1, routed)           1.760    19.909    datapath/Audio_Codec/audiocodec_master_clock/inst/clk_out2_clk_wiz_1
    BUFGCTRL_X0Y3        BUFG (Prop_bufg_I_O)         0.091    20.000 r  datapath/Audio_Codec/audiocodec_master_clock/inst/clkout2_buf/O
                         net (fo=115, routed)         1.699    21.699    datapath/Audio_Codec/initialize_audio/clk_out2
    SLICE_X162Y122       FDRE                                         r  datapath/Audio_Codec/initialize_audio/initA_reg[6]/C
                         clock pessimism              0.080    21.779    
                         clock uncertainty           -0.084    21.696    
    SLICE_X162Y122       FDRE (Setup_fdre_C_CE)      -0.169    21.527    datapath/Audio_Codec/initialize_audio/initA_reg[6]
  -------------------------------------------------------------------
                         required time                         21.527    
                         arrival time                          -7.175    
  -------------------------------------------------------------------
                         slack                                 14.352    





Min Delay Paths
--------------------------------------------------------------------------------------
Slack (MET) :             0.136ns  (arrival time - required time)
  Source:                 datapath/Audio_Codec/initialize_audio/data_i_reg[5]/C
                            (rising edge-triggered cell FDRE clocked by clk_out2_clk_wiz_1  {rise@0.000ns fall@10.000ns period=20.000ns})
  Destination:            datapath/Audio_Codec/initialize_audio/twi_controller/dataByte_reg[5]/D
                            (rising edge-triggered cell FDRE clocked by clk_out2_clk_wiz_1  {rise@0.000ns fall@10.000ns period=20.000ns})
  Path Group:             clk_out2_clk_wiz_1
  Path Type:              Hold (Min at Fast Process Corner)
  Requirement:            0.000ns  (clk_out2_clk_wiz_1 rise@0.000ns - clk_out2_clk_wiz_1 rise@0.000ns)
  Data Path Delay:        0.240ns  (logic 0.186ns (77.515%)  route 0.054ns (22.485%))
  Logic Levels:           1  (LUT4=1)
  Clock Path Skew:        0.013ns (DCD - SCD - CPR)
    Destination Clock Delay (DCD):    0.909ns
    Source Clock Delay      (SCD):    0.638ns
    Clock Pessimism Removal (CPR):    0.258ns

    Location             Delay type                Incr(ns)  Path(ns)    Netlist Resource(s)
  -------------------------------------------------------------------    -------------------
                         (clock clk_out2_clk_wiz_1 rise edge)
                                                      0.000     0.000 r  
    BUFGCTRL_X0Y2        BUFG                         0.000     0.000 r  clk_IBUF_BUFG_inst/O
                         net (fo=513, routed)         0.610     0.610    datapath/Audio_Codec/audiocodec_master_clock/inst/clk_in1
    MMCME2_ADV_X0Y2      MMCME2_ADV (Prop_mmcme2_adv_CLKIN1_CLKOUT1)
                                                     -1.180    -0.571 r  datapath/Audio_Codec/audiocodec_master_clock/inst/mmcm_adv_inst/CLKOUT1
                         net (fo=1, routed)           0.545    -0.026    datapath/Audio_Codec/audiocodec_master_clock/inst/clk_out2_clk_wiz_1
    BUFGCTRL_X0Y3        BUFG (Prop_bufg_I_O)         0.026     0.000 r  datapath/Audio_Codec/audiocodec_master_clock/inst/clkout2_buf/O
                         net (fo=115, routed)         0.638     0.638    datapath/Audio_Codec/initialize_audio/clk_out2
    SLICE_X160Y121       FDRE                                         r  datapath/Audio_Codec/initialize_audio/data_i_reg[5]/C
  -------------------------------------------------------------------    -------------------
    SLICE_X160Y121       FDRE (Prop_fdre_C_Q)         0.141     0.779 r  datapath/Audio_Codec/initialize_audio/data_i_reg[5]/Q
                         net (fo=1, routed)           0.054     0.833    datapath/Audio_Codec/initialize_audio/twi_controller/data_i[5]
    SLICE_X161Y121       LUT4 (Prop_lut4_I2_O)        0.045     0.878 r  datapath/Audio_Codec/initialize_audio/twi_controller/dataByte[5]_i_1/O
                         net (fo=1, routed)           0.000     0.878    datapath/Audio_Codec/initialize_audio/twi_controller/p_1_in_0[5]
    SLICE_X161Y121       FDRE                                         r  datapath/Audio_Codec/initialize_audio/twi_controller/dataByte_reg[5]/D
  -------------------------------------------------------------------    -------------------

                         (clock clk_out2_clk_wiz_1 rise edge)
                                                      0.000     0.000 r  
    BUFGCTRL_X0Y2        BUFG                         0.000     0.000 r  clk_IBUF_BUFG_inst/O
                         net (fo=513, routed)         0.879     0.879    datapath/Audio_Codec/audiocodec_master_clock/inst/clk_in1
    MMCME2_ADV_X0Y2      MMCME2_ADV (Prop_mmcme2_adv_CLKIN1_CLKOUT1)
                                                     -1.502    -0.624 r  datapath/Audio_Codec/audiocodec_master_clock/inst/mmcm_adv_inst/CLKOUT1
                         net (fo=1, routed)           0.595    -0.029    datapath/Audio_Codec/audiocodec_master_clock/inst/clk_out2_clk_wiz_1
    BUFGCTRL_X0Y3        BUFG (Prop_bufg_I_O)         0.029    -0.000 r  datapath/Audio_Codec/audiocodec_master_clock/inst/clkout2_buf/O
                         net (fo=115, routed)         0.909     0.909    datapath/Audio_Codec/initialize_audio/twi_controller/clk_out2
    SLICE_X161Y121       FDRE                                         r  datapath/Audio_Codec/initialize_audio/twi_controller/dataByte_reg[5]/C
                         clock pessimism             -0.258     0.651    
    SLICE_X161Y121       FDRE (Hold_fdre_C_D)         0.091     0.742    datapath/Audio_Codec/initialize_audio/twi_controller/dataByte_reg[5]
  -------------------------------------------------------------------
                         required time                         -0.742    
                         arrival time                           0.878    
  -------------------------------------------------------------------
                         slack                                  0.136    

Slack (MET) :             0.165ns  (arrival time - required time)
  Source:                 datapath/Audio_Codec/initialize_audio/data_i_reg[1]/C
                            (rising edge-triggered cell FDRE clocked by clk_out2_clk_wiz_1  {rise@0.000ns fall@10.000ns period=20.000ns})
  Destination:            datapath/Audio_Codec/initialize_audio/twi_controller/dataByte_reg[1]/D
                            (rising edge-triggered cell FDRE clocked by clk_out2_clk_wiz_1  {rise@0.000ns fall@10.000ns period=20.000ns})
  Path Group:             clk_out2_clk_wiz_1
  Path Type:              Hold (Min at Fast Process Corner)
  Requirement:            0.000ns  (clk_out2_clk_wiz_1 rise@0.000ns - clk_out2_clk_wiz_1 rise@0.000ns)
  Data Path Delay:        0.295ns  (logic 0.186ns (63.017%)  route 0.109ns (36.983%))
  Logic Levels:           1  (LUT4=1)
  Clock Path Skew:        0.039ns (DCD - SCD - CPR)
    Destination Clock Delay (DCD):    0.910ns
    Source Clock Delay      (SCD):    0.637ns
    Clock Pessimism Removal (CPR):    0.234ns

    Location             Delay type                Incr(ns)  Path(ns)    Netlist Resource(s)
  -------------------------------------------------------------------    -------------------
                         (clock clk_out2_clk_wiz_1 rise edge)
                                                      0.000     0.000 r  
    BUFGCTRL_X0Y2        BUFG                         0.000     0.000 r  clk_IBUF_BUFG_inst/O
                         net (fo=513, routed)         0.610     0.610    datapath/Audio_Codec/audiocodec_master_clock/inst/clk_in1
    MMCME2_ADV_X0Y2      MMCME2_ADV (Prop_mmcme2_adv_CLKIN1_CLKOUT1)
                                                     -1.180    -0.571 r  datapath/Audio_Codec/audiocodec_master_clock/inst/mmcm_adv_inst/CLKOUT1
                         net (fo=1, routed)           0.545    -0.026    datapath/Audio_Codec/audiocodec_master_clock/inst/clk_out2_clk_wiz_1
    BUFGCTRL_X0Y3        BUFG (Prop_bufg_I_O)         0.026     0.000 r  datapath/Audio_Codec/audiocodec_master_clock/inst/clkout2_buf/O
                         net (fo=115, routed)         0.637     0.637    datapath/Audio_Codec/initialize_audio/clk_out2
    SLICE_X159Y121       FDRE                                         r  datapath/Audio_Codec/initialize_audio/data_i_reg[1]/C
  -------------------------------------------------------------------    -------------------
    SLICE_X159Y121       FDRE (Prop_fdre_C_Q)         0.141     0.778 r  datapath/Audio_Codec/initialize_audio/data_i_reg[1]/Q
                         net (fo=1, routed)           0.109     0.887    datapath/Audio_Codec/initialize_audio/twi_controller/data_i[1]
    SLICE_X161Y120       LUT4 (Prop_lut4_I2_O)        0.045     0.932 r  datapath/Audio_Codec/initialize_audio/twi_controller/dataByte[1]_i_1/O
                         net (fo=1, routed)           0.000     0.932    datapath/Audio_Codec/initialize_audio/twi_controller/p_1_in_0[1]
    SLICE_X161Y120       FDRE                                         r  datapath/Audio_Codec/initialize_audio/twi_controller/dataByte_reg[1]/D
  -------------------------------------------------------------------    -------------------

                         (clock clk_out2_clk_wiz_1 rise edge)
                                                      0.000     0.000 r  
    BUFGCTRL_X0Y2        BUFG                         0.000     0.000 r  clk_IBUF_BUFG_inst/O
                         net (fo=513, routed)         0.879     0.879    datapath/Audio_Codec/audiocodec_master_clock/inst/clk_in1
    MMCME2_ADV_X0Y2      MMCME2_ADV (Prop_mmcme2_adv_CLKIN1_CLKOUT1)
                                                     -1.502    -0.624 r  datapath/Audio_Codec/audiocodec_master_clock/inst/mmcm_adv_inst/CLKOUT1
                         net (fo=1, routed)           0.595    -0.029    datapath/Audio_Codec/audiocodec_master_clock/inst/clk_out2_clk_wiz_1
    BUFGCTRL_X0Y3        BUFG (Prop_bufg_I_O)         0.029    -0.000 r  datapath/Audio_Codec/audiocodec_master_clock/inst/clkout2_buf/O
                         net (fo=115, routed)         0.910     0.910    datapath/Audio_Codec/initialize_audio/twi_controller/clk_out2
    SLICE_X161Y120       FDRE                                         r  datapath/Audio_Codec/initialize_audio/twi_controller/dataByte_reg[1]/C
                         clock pessimism             -0.234     0.676    
    SLICE_X161Y120       FDRE (Hold_fdre_C_D)         0.091     0.767    datapath/Audio_Codec/initialize_audio/twi_controller/dataByte_reg[1]
  -------------------------------------------------------------------
                         required time                         -0.767    
                         arrival time                           0.932    
  -------------------------------------------------------------------
                         slack                                  0.165    

Slack (MET) :             0.169ns  (arrival time - required time)
  Source:                 datapath/Audio_Codec/initialize_audio/data_i_reg[4]/C
                            (rising edge-triggered cell FDRE clocked by clk_out2_clk_wiz_1  {rise@0.000ns fall@10.000ns period=20.000ns})
  Destination:            datapath/Audio_Codec/initialize_audio/twi_controller/dataByte_reg[4]/D
                            (rising edge-triggered cell FDRE clocked by clk_out2_clk_wiz_1  {rise@0.000ns fall@10.000ns period=20.000ns})
  Path Group:             clk_out2_clk_wiz_1
  Path Type:              Hold (Min at Fast Process Corner)
  Requirement:            0.000ns  (clk_out2_clk_wiz_1 rise@0.000ns - clk_out2_clk_wiz_1 rise@0.000ns)
  Data Path Delay:        0.299ns  (logic 0.186ns (62.223%)  route 0.113ns (37.777%))
  Logic Levels:           1  (LUT4=1)
  Clock Path Skew:        0.038ns (DCD - SCD - CPR)
    Destination Clock Delay (DCD):    0.910ns
    Source Clock Delay      (SCD):    0.638ns
    Clock Pessimism Removal (CPR):    0.234ns

    Location             Delay type                Incr(ns)  Path(ns)    Netlist Resource(s)
  -------------------------------------------------------------------    -------------------
                         (clock clk_out2_clk_wiz_1 rise edge)
                                                      0.000     0.000 r  
    BUFGCTRL_X0Y2        BUFG                         0.000     0.000 r  clk_IBUF_BUFG_inst/O
                         net (fo=513, routed)         0.610     0.610    datapath/Audio_Codec/audiocodec_master_clock/inst/clk_in1
    MMCME2_ADV_X0Y2      MMCME2_ADV (Prop_mmcme2_adv_CLKIN1_CLKOUT1)
                                                     -1.180    -0.571 r  datapath/Audio_Codec/audiocodec_master_clock/inst/mmcm_adv_inst/CLKOUT1
                         net (fo=1, routed)           0.545    -0.026    datapath/Audio_Codec/audiocodec_master_clock/inst/clk_out2_clk_wiz_1
    BUFGCTRL_X0Y3        BUFG (Prop_bufg_I_O)         0.026     0.000 r  datapath/Audio_Codec/audiocodec_master_clock/inst/clkout2_buf/O
                         net (fo=115, routed)         0.638     0.638    datapath/Audio_Codec/initialize_audio/clk_out2
    SLICE_X159Y120       FDRE                                         r  datapath/Audio_Codec/initialize_audio/data_i_reg[4]/C
  -------------------------------------------------------------------    -------------------
    SLICE_X159Y120       FDRE (Prop_fdre_C_Q)         0.141     0.779 r  datapath/Audio_Codec/initialize_audio/data_i_reg[4]/Q
                         net (fo=1, routed)           0.113     0.892    datapath/Audio_Codec/initialize_audio/twi_controller/data_i[4]
    SLICE_X161Y120       LUT4 (Prop_lut4_I2_O)        0.045     0.937 r  datapath/Audio_Codec/initialize_audio/twi_controller/dataByte[4]_i_1/O
                         net (fo=1, routed)           0.000     0.937    datapath/Audio_Codec/initialize_audio/twi_controller/p_1_in_0[4]
    SLICE_X161Y120       FDRE                                         r  datapath/Audio_Codec/initialize_audio/twi_controller/dataByte_reg[4]/D
  -------------------------------------------------------------------    -------------------

                         (clock clk_out2_clk_wiz_1 rise edge)
                                                      0.000     0.000 r  
    BUFGCTRL_X0Y2        BUFG                         0.000     0.000 r  clk_IBUF_BUFG_inst/O
                         net (fo=513, routed)         0.879     0.879    datapath/Audio_Codec/audiocodec_master_clock/inst/clk_in1
    MMCME2_ADV_X0Y2      MMCME2_ADV (Prop_mmcme2_adv_CLKIN1_CLKOUT1)
                                                     -1.502    -0.624 r  datapath/Audio_Codec/audiocodec_master_clock/inst/mmcm_adv_inst/CLKOUT1
                         net (fo=1, routed)           0.595    -0.029    datapath/Audio_Codec/audiocodec_master_clock/inst/clk_out2_clk_wiz_1
    BUFGCTRL_X0Y3        BUFG (Prop_bufg_I_O)         0.029    -0.000 r  datapath/Audio_Codec/audiocodec_master_clock/inst/clkout2_buf/O
                         net (fo=115, routed)         0.910     0.910    datapath/Audio_Codec/initialize_audio/twi_controller/clk_out2
    SLICE_X161Y120       FDRE                                         r  datapath/Audio_Codec/initialize_audio/twi_controller/dataByte_reg[4]/C
                         clock pessimism             -0.234     0.676    
    SLICE_X161Y120       FDRE (Hold_fdre_C_D)         0.092     0.768    datapath/Audio_Codec/initialize_audio/twi_controller/dataByte_reg[4]
  -------------------------------------------------------------------
                         required time                         -0.768    
                         arrival time                           0.937    
  -------------------------------------------------------------------
                         slack                                  0.169    

Slack (MET) :             0.178ns  (arrival time - required time)
  Source:                 datapath/Audio_Codec/initialize_audio/twi_controller/FSM_gray_state_reg[0]/C
                            (rising edge-triggered cell FDRE clocked by clk_out2_clk_wiz_1  {rise@0.000ns fall@10.000ns period=20.000ns})
  Destination:            datapath/Audio_Codec/initialize_audio/twi_controller/int_Rst_reg/D
                            (rising edge-triggered cell FDRE clocked by clk_out2_clk_wiz_1  {rise@0.000ns fall@10.000ns period=20.000ns})
  Path Group:             clk_out2_clk_wiz_1
  Path Type:              Hold (Min at Fast Process Corner)
  Requirement:            0.000ns  (clk_out2_clk_wiz_1 rise@0.000ns - clk_out2_clk_wiz_1 rise@0.000ns)
  Data Path Delay:        0.283ns  (logic 0.186ns (65.630%)  route 0.097ns (34.370%))
  Logic Levels:           1  (LUT6=1)
  Clock Path Skew:        0.013ns (DCD - SCD - CPR)
    Destination Clock Delay (DCD):    0.913ns
    Source Clock Delay      (SCD):    0.642ns
    Clock Pessimism Removal (CPR):    0.258ns

    Location             Delay type                Incr(ns)  Path(ns)    Netlist Resource(s)
  -------------------------------------------------------------------    -------------------
                         (clock clk_out2_clk_wiz_1 rise edge)
                                                      0.000     0.000 r  
    BUFGCTRL_X0Y2        BUFG                         0.000     0.000 r  clk_IBUF_BUFG_inst/O
                         net (fo=513, routed)         0.610     0.610    datapath/Audio_Codec/audiocodec_master_clock/inst/clk_in1
    MMCME2_ADV_X0Y2      MMCME2_ADV (Prop_mmcme2_adv_CLKIN1_CLKOUT1)
                                                     -1.180    -0.571 r  datapath/Audio_Codec/audiocodec_master_clock/inst/mmcm_adv_inst/CLKOUT1
                         net (fo=1, routed)           0.545    -0.026    datapath/Audio_Codec/audiocodec_master_clock/inst/clk_out2_clk_wiz_1
    BUFGCTRL_X0Y3        BUFG (Prop_bufg_I_O)         0.026     0.000 r  datapath/Audio_Codec/audiocodec_master_clock/inst/clkout2_buf/O
                         net (fo=115, routed)         0.642     0.642    datapath/Audio_Codec/initialize_audio/twi_controller/clk_out2
    SLICE_X160Y117       FDRE                                         r  datapath/Audio_Codec/initialize_audio/twi_controller/FSM_gray_state_reg[0]/C
  -------------------------------------------------------------------    -------------------
    SLICE_X160Y117       FDRE (Prop_fdre_C_Q)         0.141     0.783 f  datapath/Audio_Codec/initialize_audio/twi_controller/FSM_gray_state_reg[0]/Q
                         net (fo=25, routed)          0.097     0.880    datapath/Audio_Codec/initialize_audio/twi_controller/state[0]
    SLICE_X161Y117       LUT6 (Prop_lut6_I1_O)        0.045     0.925 r  datapath/Audio_Codec/initialize_audio/twi_controller/int_Rst_i_1/O
                         net (fo=1, routed)           0.000     0.925    datapath/Audio_Codec/initialize_audio/twi_controller/int_Rst_i_1_n_0
    SLICE_X161Y117       FDRE                                         r  datapath/Audio_Codec/initialize_audio/twi_controller/int_Rst_reg/D
  -------------------------------------------------------------------    -------------------

                         (clock clk_out2_clk_wiz_1 rise edge)
                                                      0.000     0.000 r  
    BUFGCTRL_X0Y2        BUFG                         0.000     0.000 r  clk_IBUF_BUFG_inst/O
                         net (fo=513, routed)         0.879     0.879    datapath/Audio_Codec/audiocodec_master_clock/inst/clk_in1
    MMCME2_ADV_X0Y2      MMCME2_ADV (Prop_mmcme2_adv_CLKIN1_CLKOUT1)
                                                     -1.502    -0.624 r  datapath/Audio_Codec/audiocodec_master_clock/inst/mmcm_adv_inst/CLKOUT1
                         net (fo=1, routed)           0.595    -0.029    datapath/Audio_Codec/audiocodec_master_clock/inst/clk_out2_clk_wiz_1
    BUFGCTRL_X0Y3        BUFG (Prop_bufg_I_O)         0.029    -0.000 r  datapath/Audio_Codec/audiocodec_master_clock/inst/clkout2_buf/O
                         net (fo=115, routed)         0.913     0.913    datapath/Audio_Codec/initialize_audio/twi_controller/clk_out2
    SLICE_X161Y117       FDRE                                         r  datapath/Audio_Codec/initialize_audio/twi_controller/int_Rst_reg/C
                         clock pessimism             -0.258     0.655    
    SLICE_X161Y117       FDRE (Hold_fdre_C_D)         0.092     0.747    datapath/Audio_Codec/initialize_audio/twi_controller/int_Rst_reg
  -------------------------------------------------------------------
                         required time                         -0.747    
                         arrival time                           0.925    
  -------------------------------------------------------------------
                         slack                                  0.178    

Slack (MET) :             0.184ns  (arrival time - required time)
  Source:                 datapath/Audio_Codec/initialize_audio/data_i_reg[3]/C
                            (rising edge-triggered cell FDRE clocked by clk_out2_clk_wiz_1  {rise@0.000ns fall@10.000ns period=20.000ns})
  Destination:            datapath/Audio_Codec/initialize_audio/twi_controller/dataByte_reg[3]/D
                            (rising edge-triggered cell FDRE clocked by clk_out2_clk_wiz_1  {rise@0.000ns fall@10.000ns period=20.000ns})
  Path Group:             clk_out2_clk_wiz_1
  Path Type:              Hold (Min at Fast Process Corner)
  Requirement:            0.000ns  (clk_out2_clk_wiz_1 rise@0.000ns - clk_out2_clk_wiz_1 rise@0.000ns)
  Data Path Delay:        0.291ns  (logic 0.186ns (63.918%)  route 0.105ns (36.082%))
  Logic Levels:           1  (LUT4=1)
  Clock Path Skew:        0.015ns (DCD - SCD - CPR)
    Destination Clock Delay (DCD):    0.910ns
    Source Clock Delay      (SCD):    0.638ns
    Clock Pessimism Removal (CPR):    0.257ns

    Location             Delay type                Incr(ns)  Path(ns)    Netlist Resource(s)
  -------------------------------------------------------------------    -------------------
                         (clock clk_out2_clk_wiz_1 rise edge)
                                                      0.000     0.000 r  
    BUFGCTRL_X0Y2        BUFG                         0.000     0.000 r  clk_IBUF_BUFG_inst/O
                         net (fo=513, routed)         0.610     0.610    datapath/Audio_Codec/audiocodec_master_clock/inst/clk_in1
    MMCME2_ADV_X0Y2      MMCME2_ADV (Prop_mmcme2_adv_CLKIN1_CLKOUT1)
                                                     -1.180    -0.571 r  datapath/Audio_Codec/audiocodec_master_clock/inst/mmcm_adv_inst/CLKOUT1
                         net (fo=1, routed)           0.545    -0.026    datapath/Audio_Codec/audiocodec_master_clock/inst/clk_out2_clk_wiz_1
    BUFGCTRL_X0Y3        BUFG (Prop_bufg_I_O)         0.026     0.000 r  datapath/Audio_Codec/audiocodec_master_clock/inst/clkout2_buf/O
                         net (fo=115, routed)         0.638     0.638    datapath/Audio_Codec/initialize_audio/clk_out2
    SLICE_X160Y121       FDRE                                         r  datapath/Audio_Codec/initialize_audio/data_i_reg[3]/C
  -------------------------------------------------------------------    -------------------
    SLICE_X160Y121       FDRE (Prop_fdre_C_Q)         0.141     0.779 r  datapath/Audio_Codec/initialize_audio/data_i_reg[3]/Q
                         net (fo=1, routed)           0.105     0.884    datapath/Audio_Codec/initialize_audio/twi_controller/data_i[3]
    SLICE_X161Y120       LUT4 (Prop_lut4_I2_O)        0.045     0.929 r  datapath/Audio_Codec/initialize_audio/twi_controller/dataByte[3]_i_1/O
                         net (fo=1, routed)           0.000     0.929    datapath/Audio_Codec/initialize_audio/twi_controller/p_1_in_0[3]
    SLICE_X161Y120       FDRE                                         r  datapath/Audio_Codec/initialize_audio/twi_controller/dataByte_reg[3]/D
  -------------------------------------------------------------------    -------------------

                         (clock clk_out2_clk_wiz_1 rise edge)
                                                      0.000     0.000 r  
    BUFGCTRL_X0Y2        BUFG                         0.000     0.000 r  clk_IBUF_BUFG_inst/O
                         net (fo=513, routed)         0.879     0.879    datapath/Audio_Codec/audiocodec_master_clock/inst/clk_in1
    MMCME2_ADV_X0Y2      MMCME2_ADV (Prop_mmcme2_adv_CLKIN1_CLKOUT1)
                                                     -1.502    -0.624 r  datapath/Audio_Codec/audiocodec_master_clock/inst/mmcm_adv_inst/CLKOUT1
                         net (fo=1, routed)           0.595    -0.029    datapath/Audio_Codec/audiocodec_master_clock/inst/clk_out2_clk_wiz_1
    BUFGCTRL_X0Y3        BUFG (Prop_bufg_I_O)         0.029    -0.000 r  datapath/Audio_Codec/audiocodec_master_clock/inst/clkout2_buf/O
                         net (fo=115, routed)         0.910     0.910    datapath/Audio_Codec/initialize_audio/twi_controller/clk_out2
    SLICE_X161Y120       FDRE                                         r  datapath/Audio_Codec/initialize_audio/twi_controller/dataByte_reg[3]/C
                         clock pessimism             -0.257     0.653    
    SLICE_X161Y120       FDRE (Hold_fdre_C_D)         0.092     0.745    datapath/Audio_Codec/initialize_audio/twi_controller/dataByte_reg[3]
  -------------------------------------------------------------------
                         required time                         -0.745    
                         arrival time                           0.929    
  -------------------------------------------------------------------
                         slack                                  0.184    

Slack (MET) :             0.188ns  (arrival time - required time)
  Source:                 datapath/Audio_Codec/initialize_audio/initWord_reg[23]/C
                            (rising edge-triggered cell FDRE clocked by clk_out2_clk_wiz_1  {rise@0.000ns fall@10.000ns period=20.000ns})
  Destination:            datapath/Audio_Codec/initialize_audio/data_i_reg[7]/D
                            (rising edge-triggered cell FDRE clocked by clk_out2_clk_wiz_1  {rise@0.000ns fall@10.000ns period=20.000ns})
  Path Group:             clk_out2_clk_wiz_1
  Path Type:              Hold (Min at Fast Process Corner)
  Requirement:            0.000ns  (clk_out2_clk_wiz_1 rise@0.000ns - clk_out2_clk_wiz_1 rise@0.000ns)
  Data Path Delay:        0.316ns  (logic 0.186ns (58.786%)  route 0.130ns (41.214%))
  Logic Levels:           1  (LUT6=1)
  Clock Path Skew:        0.036ns (DCD - SCD - CPR)
    Destination Clock Delay (DCD):    0.908ns
    Source Clock Delay      (SCD):    0.638ns
    Clock Pessimism Removal (CPR):    0.234ns

    Location             Delay type                Incr(ns)  Path(ns)    Netlist Resource(s)
  -------------------------------------------------------------------    -------------------
                         (clock clk_out2_clk_wiz_1 rise edge)
                                                      0.000     0.000 r  
    BUFGCTRL_X0Y2        BUFG                         0.000     0.000 r  clk_IBUF_BUFG_inst/O
                         net (fo=513, routed)         0.610     0.610    datapath/Audio_Codec/audiocodec_master_clock/inst/clk_in1
    MMCME2_ADV_X0Y2      MMCME2_ADV (Prop_mmcme2_adv_CLKIN1_CLKOUT1)
                                                     -1.180    -0.571 r  datapath/Audio_Codec/audiocodec_master_clock/inst/mmcm_adv_inst/CLKOUT1
                         net (fo=1, routed)           0.545    -0.026    datapath/Audio_Codec/audiocodec_master_clock/inst/clk_out2_clk_wiz_1
    BUFGCTRL_X0Y3        BUFG (Prop_bufg_I_O)         0.026     0.000 r  datapath/Audio_Codec/audiocodec_master_clock/inst/clkout2_buf/O
                         net (fo=115, routed)         0.638     0.638    datapath/Audio_Codec/initialize_audio/clk_out2
    SLICE_X161Y122       FDRE                                         r  datapath/Audio_Codec/initialize_audio/initWord_reg[23]/C
  -------------------------------------------------------------------    -------------------
    SLICE_X161Y122       FDRE (Prop_fdre_C_Q)         0.141     0.779 r  datapath/Audio_Codec/initialize_audio/initWord_reg[23]/Q
                         net (fo=3, routed)           0.130     0.909    datapath/Audio_Codec/initialize_audio/data1[7]
    SLICE_X159Y121       LUT6 (Prop_lut6_I4_O)        0.045     0.954 r  datapath/Audio_Codec/initialize_audio/data_i[7]_i_1/O
                         net (fo=1, routed)           0.000     0.954    datapath/Audio_Codec/initialize_audio/data_i[7]_i_1_n_0
    SLICE_X159Y121       FDRE                                         r  datapath/Audio_Codec/initialize_audio/data_i_reg[7]/D
  -------------------------------------------------------------------    -------------------

                         (clock clk_out2_clk_wiz_1 rise edge)
                                                      0.000     0.000 r  
    BUFGCTRL_X0Y2        BUFG                         0.000     0.000 r  clk_IBUF_BUFG_inst/O
                         net (fo=513, routed)         0.879     0.879    datapath/Audio_Codec/audiocodec_master_clock/inst/clk_in1
    MMCME2_ADV_X0Y2      MMCME2_ADV (Prop_mmcme2_adv_CLKIN1_CLKOUT1)
                                                     -1.502    -0.624 r  datapath/Audio_Codec/audiocodec_master_clock/inst/mmcm_adv_inst/CLKOUT1
                         net (fo=1, routed)           0.595    -0.029    datapath/Audio_Codec/audiocodec_master_clock/inst/clk_out2_clk_wiz_1
    BUFGCTRL_X0Y3        BUFG (Prop_bufg_I_O)         0.029    -0.000 r  datapath/Audio_Codec/audiocodec_master_clock/inst/clkout2_buf/O
                         net (fo=115, routed)         0.908     0.908    datapath/Audio_Codec/initialize_audio/clk_out2
    SLICE_X159Y121       FDRE                                         r  datapath/Audio_Codec/initialize_audio/data_i_reg[7]/C
                         clock pessimism             -0.234     0.674    
    SLICE_X159Y121       FDRE (Hold_fdre_C_D)         0.092     0.766    datapath/Audio_Codec/initialize_audio/data_i_reg[7]
  -------------------------------------------------------------------
                         required time                         -0.766    
                         arrival time                           0.954    
  -------------------------------------------------------------------
                         slack                                  0.188    

Slack (MET) :             0.197ns  (arrival time - required time)
  Source:                 datapath/Audio_Codec/initialize_audio/initWord_reg[16]/C
                            (rising edge-triggered cell FDRE clocked by clk_out2_clk_wiz_1  {rise@0.000ns fall@10.000ns period=20.000ns})
  Destination:            datapath/Audio_Codec/initialize_audio/data_i_reg[0]/D
                            (rising edge-triggered cell FDRE clocked by clk_out2_clk_wiz_1  {rise@0.000ns fall@10.000ns period=20.000ns})
  Path Group:             clk_out2_clk_wiz_1
  Path Type:              Hold (Min at Fast Process Corner)
  Requirement:            0.000ns  (clk_out2_clk_wiz_1 rise@0.000ns - clk_out2_clk_wiz_1 rise@0.000ns)
  Data Path Delay:        0.302ns  (logic 0.186ns (61.653%)  route 0.116ns (38.347%))
  Logic Levels:           1  (LUT6=1)
  Clock Path Skew:        0.014ns (DCD - SCD - CPR)
    Destination Clock Delay (DCD):    0.910ns
    Source Clock Delay      (SCD):    0.639ns
    Clock Pessimism Removal (CPR):    0.257ns

    Location             Delay type                Incr(ns)  Path(ns)    Netlist Resource(s)
  -------------------------------------------------------------------    -------------------
                         (clock clk_out2_clk_wiz_1 rise edge)
                                                      0.000     0.000 r  
    BUFGCTRL_X0Y2        BUFG                         0.000     0.000 r  clk_IBUF_BUFG_inst/O
                         net (fo=513, routed)         0.610     0.610    datapath/Audio_Codec/audiocodec_master_clock/inst/clk_in1
    MMCME2_ADV_X0Y2      MMCME2_ADV (Prop_mmcme2_adv_CLKIN1_CLKOUT1)
                                                     -1.180    -0.571 r  datapath/Audio_Codec/audiocodec_master_clock/inst/mmcm_adv_inst/CLKOUT1
                         net (fo=1, routed)           0.545    -0.026    datapath/Audio_Codec/audiocodec_master_clock/inst/clk_out2_clk_wiz_1
    BUFGCTRL_X0Y3        BUFG (Prop_bufg_I_O)         0.026     0.000 r  datapath/Audio_Codec/audiocodec_master_clock/inst/clkout2_buf/O
                         net (fo=115, routed)         0.639     0.639    datapath/Audio_Codec/initialize_audio/clk_out2
    SLICE_X163Y120       FDRE                                         r  datapath/Audio_Codec/initialize_audio/initWord_reg[16]/C
  -------------------------------------------------------------------    -------------------
    SLICE_X163Y120       FDRE (Prop_fdre_C_Q)         0.141     0.780 r  datapath/Audio_Codec/initialize_audio/initWord_reg[16]/Q
                         net (fo=2, routed)           0.116     0.895    datapath/Audio_Codec/initialize_audio/data1[0]
    SLICE_X160Y120       LUT6 (Prop_lut6_I0_O)        0.045     0.940 r  datapath/Audio_Codec/initialize_audio/data_i[0]_i_1/O
                         net (fo=1, routed)           0.000     0.940    datapath/Audio_Codec/initialize_audio/data_i[0]_i_1_n_0
    SLICE_X160Y120       FDRE                                         r  datapath/Audio_Codec/initialize_audio/data_i_reg[0]/D
  -------------------------------------------------------------------    -------------------

                         (clock clk_out2_clk_wiz_1 rise edge)
                                                      0.000     0.000 r  
    BUFGCTRL_X0Y2        BUFG                         0.000     0.000 r  clk_IBUF_BUFG_inst/O
                         net (fo=513, routed)         0.879     0.879    datapath/Audio_Codec/audiocodec_master_clock/inst/clk_in1
    MMCME2_ADV_X0Y2      MMCME2_ADV (Prop_mmcme2_adv_CLKIN1_CLKOUT1)
                                                     -1.502    -0.624 r  datapath/Audio_Codec/audiocodec_master_clock/inst/mmcm_adv_inst/CLKOUT1
                         net (fo=1, routed)           0.595    -0.029    datapath/Audio_Codec/audiocodec_master_clock/inst/clk_out2_clk_wiz_1
    BUFGCTRL_X0Y3        BUFG (Prop_bufg_I_O)         0.029    -0.000 r  datapath/Audio_Codec/audiocodec_master_clock/inst/clkout2_buf/O
                         net (fo=115, routed)         0.910     0.910    datapath/Audio_Codec/initialize_audio/clk_out2
    SLICE_X160Y120       FDRE                                         r  datapath/Audio_Codec/initialize_audio/data_i_reg[0]/C
                         clock pessimism             -0.257     0.653    
    SLICE_X160Y120       FDRE (Hold_fdre_C_D)         0.091     0.744    datapath/Audio_Codec/initialize_audio/data_i_reg[0]
  -------------------------------------------------------------------
                         required time                         -0.744    
                         arrival time                           0.940    
  -------------------------------------------------------------------
                         slack                                  0.197    

Slack (MET) :             0.201ns  (arrival time - required time)
  Source:                 datapath/Audio_Codec/initialize_audio/initA_reg[3]/C
                            (rising edge-triggered cell FDRE clocked by clk_out2_clk_wiz_1  {rise@0.000ns fall@10.000ns period=20.000ns})
  Destination:            datapath/Audio_Codec/initialize_audio/initA_reg[6]/D
                            (rising edge-triggered cell FDRE clocked by clk_out2_clk_wiz_1  {rise@0.000ns fall@10.000ns period=20.000ns})
  Path Group:             clk_out2_clk_wiz_1
  Path Type:              Hold (Min at Fast Process Corner)
  Requirement:            0.000ns  (clk_out2_clk_wiz_1 rise@0.000ns - clk_out2_clk_wiz_1 rise@0.000ns)
  Data Path Delay:        0.335ns  (logic 0.186ns (55.575%)  route 0.149ns (44.425%))
  Logic Levels:           1  (LUT6=1)
  Clock Path Skew:        0.013ns (DCD - SCD - CPR)
    Destination Clock Delay (DCD):    0.908ns
    Source Clock Delay      (SCD):    0.638ns
    Clock Pessimism Removal (CPR):    0.257ns

    Location             Delay type                Incr(ns)  Path(ns)    Netlist Resource(s)
  -------------------------------------------------------------------    -------------------
                         (clock clk_out2_clk_wiz_1 rise edge)
                                                      0.000     0.000 r  
    BUFGCTRL_X0Y2        BUFG                         0.000     0.000 r  clk_IBUF_BUFG_inst/O
                         net (fo=513, routed)         0.610     0.610    datapath/Audio_Codec/audiocodec_master_clock/inst/clk_in1
    MMCME2_ADV_X0Y2      MMCME2_ADV (Prop_mmcme2_adv_CLKIN1_CLKOUT1)
                                                     -1.180    -0.571 r  datapath/Audio_Codec/audiocodec_master_clock/inst/mmcm_adv_inst/CLKOUT1
                         net (fo=1, routed)           0.545    -0.026    datapath/Audio_Codec/audiocodec_master_clock/inst/clk_out2_clk_wiz_1
    BUFGCTRL_X0Y3        BUFG (Prop_bufg_I_O)         0.026     0.000 r  datapath/Audio_Codec/audiocodec_master_clock/inst/clkout2_buf/O
                         net (fo=115, routed)         0.638     0.638    datapath/Audio_Codec/initialize_audio/clk_out2
    SLICE_X163Y122       FDRE                                         r  datapath/Audio_Codec/initialize_audio/initA_reg[3]/C
  -------------------------------------------------------------------    -------------------
    SLICE_X163Y122       FDRE (Prop_fdre_C_Q)         0.141     0.779 r  datapath/Audio_Codec/initialize_audio/initA_reg[3]/Q
                         net (fo=21, routed)          0.149     0.927    datapath/Audio_Codec/initialize_audio/initA_reg[3]
    SLICE_X162Y122       LUT6 (Prop_lut6_I4_O)        0.045     0.972 r  datapath/Audio_Codec/initialize_audio/initA[6]_i_2/O
                         net (fo=1, routed)           0.000     0.972    datapath/Audio_Codec/initialize_audio/p_1_in[6]
    SLICE_X162Y122       FDRE                                         r  datapath/Audio_Codec/initialize_audio/initA_reg[6]/D
  -------------------------------------------------------------------    -------------------

                         (clock clk_out2_clk_wiz_1 rise edge)
                                                      0.000     0.000 r  
    BUFGCTRL_X0Y2        BUFG                         0.000     0.000 r  clk_IBUF_BUFG_inst/O
                         net (fo=513, routed)         0.879     0.879    datapath/Audio_Codec/audiocodec_master_clock/inst/clk_in1
    MMCME2_ADV_X0Y2      MMCME2_ADV (Prop_mmcme2_adv_CLKIN1_CLKOUT1)
                                                     -1.502    -0.624 r  datapath/Audio_Codec/audiocodec_master_clock/inst/mmcm_adv_inst/CLKOUT1
                         net (fo=1, routed)           0.595    -0.029    datapath/Audio_Codec/audiocodec_master_clock/inst/clk_out2_clk_wiz_1
    BUFGCTRL_X0Y3        BUFG (Prop_bufg_I_O)         0.029    -0.000 r  datapath/Audio_Codec/audiocodec_master_clock/inst/clkout2_buf/O
                         net (fo=115, routed)         0.908     0.908    datapath/Audio_Codec/initialize_audio/clk_out2
    SLICE_X162Y122       FDRE                                         r  datapath/Audio_Codec/initialize_audio/initA_reg[6]/C
                         clock pessimism             -0.257     0.651    
    SLICE_X162Y122       FDRE (Hold_fdre_C_D)         0.121     0.772    datapath/Audio_Codec/initialize_audio/initA_reg[6]
  -------------------------------------------------------------------
                         required time                         -0.772    
                         arrival time                           0.972    
  -------------------------------------------------------------------
                         slack                                  0.201    

Slack (MET) :             0.202ns  (arrival time - required time)
  Source:                 datapath/Audio_Codec/initialize_audio/initWord_reg[9]/C
                            (rising edge-triggered cell FDRE clocked by clk_out2_clk_wiz_1  {rise@0.000ns fall@10.000ns period=20.000ns})
  Destination:            datapath/Audio_Codec/initialize_audio/data_i_reg[1]/D
                            (rising edge-triggered cell FDRE clocked by clk_out2_clk_wiz_1  {rise@0.000ns fall@10.000ns period=20.000ns})
  Path Group:             clk_out2_clk_wiz_1
  Path Type:              Hold (Min at Fast Process Corner)
  Requirement:            0.000ns  (clk_out2_clk_wiz_1 rise@0.000ns - clk_out2_clk_wiz_1 rise@0.000ns)
  Data Path Delay:        0.330ns  (logic 0.186ns (56.355%)  route 0.144ns (43.645%))
  Logic Levels:           1  (LUT6=1)
  Clock Path Skew:        0.036ns (DCD - SCD - CPR)
    Destination Clock Delay (DCD):    0.908ns
    Source Clock Delay      (SCD):    0.638ns
    Clock Pessimism Removal (CPR):    0.234ns

    Location             Delay type                Incr(ns)  Path(ns)    Netlist Resource(s)
  -------------------------------------------------------------------    -------------------
                         (clock clk_out2_clk_wiz_1 rise edge)
                                                      0.000     0.000 r  
    BUFGCTRL_X0Y2        BUFG                         0.000     0.000 r  clk_IBUF_BUFG_inst/O
                         net (fo=513, routed)         0.610     0.610    datapath/Audio_Codec/audiocodec_master_clock/inst/clk_in1
    MMCME2_ADV_X0Y2      MMCME2_ADV (Prop_mmcme2_adv_CLKIN1_CLKOUT1)
                                                     -1.180    -0.571 r  datapath/Audio_Codec/audiocodec_master_clock/inst/mmcm_adv_inst/CLKOUT1
                         net (fo=1, routed)           0.545    -0.026    datapath/Audio_Codec/audiocodec_master_clock/inst/clk_out2_clk_wiz_1
    BUFGCTRL_X0Y3        BUFG (Prop_bufg_I_O)         0.026     0.000 r  datapath/Audio_Codec/audiocodec_master_clock/inst/clkout2_buf/O
                         net (fo=115, routed)         0.638     0.638    datapath/Audio_Codec/initialize_audio/clk_out2
    SLICE_X160Y122       FDRE                                         r  datapath/Audio_Codec/initialize_audio/initWord_reg[9]/C
  -------------------------------------------------------------------    -------------------
    SLICE_X160Y122       FDRE (Prop_fdre_C_Q)         0.141     0.779 r  datapath/Audio_Codec/initialize_audio/initWord_reg[9]/Q
                         net (fo=1, routed)           0.144     0.923    datapath/Audio_Codec/initialize_audio/data2[1]
    SLICE_X159Y121       LUT6 (Prop_lut6_I0_O)        0.045     0.968 r  datapath/Audio_Codec/initialize_audio/data_i[1]_i_1/O
                         net (fo=1, routed)           0.000     0.968    datapath/Audio_Codec/initialize_audio/data_i[1]_i_1_n_0
    SLICE_X159Y121       FDRE                                         r  datapath/Audio_Codec/initialize_audio/data_i_reg[1]/D
  -------------------------------------------------------------------    -------------------

                         (clock clk_out2_clk_wiz_1 rise edge)
                                                      0.000     0.000 r  
    BUFGCTRL_X0Y2        BUFG                         0.000     0.000 r  clk_IBUF_BUFG_inst/O
                         net (fo=513, routed)         0.879     0.879    datapath/Audio_Codec/audiocodec_master_clock/inst/clk_in1
    MMCME2_ADV_X0Y2      MMCME2_ADV (Prop_mmcme2_adv_CLKIN1_CLKOUT1)
                                                     -1.502    -0.624 r  datapath/Audio_Codec/audiocodec_master_clock/inst/mmcm_adv_inst/CLKOUT1
                         net (fo=1, routed)           0.595    -0.029    datapath/Audio_Codec/audiocodec_master_clock/inst/clk_out2_clk_wiz_1
    BUFGCTRL_X0Y3        BUFG (Prop_bufg_I_O)         0.029    -0.000 r  datapath/Audio_Codec/audiocodec_master_clock/inst/clkout2_buf/O
                         net (fo=115, routed)         0.908     0.908    datapath/Audio_Codec/initialize_audio/clk_out2
    SLICE_X159Y121       FDRE                                         r  datapath/Audio_Codec/initialize_audio/data_i_reg[1]/C
                         clock pessimism             -0.234     0.674    
    SLICE_X159Y121       FDRE (Hold_fdre_C_D)         0.092     0.766    datapath/Audio_Codec/initialize_audio/data_i_reg[1]
  -------------------------------------------------------------------
                         required time                         -0.766    
                         arrival time                           0.968    
  -------------------------------------------------------------------
                         slack                                  0.202    

Slack (MET) :             0.210ns  (arrival time - required time)
  Source:                 datapath/Audio_Codec/initialize_audio/initA_reg[0]/C
                            (rising edge-triggered cell FDRE clocked by clk_out2_clk_wiz_1  {rise@0.000ns fall@10.000ns period=20.000ns})
  Destination:            datapath/Audio_Codec/initialize_audio/initA_reg[4]/D
                            (rising edge-triggered cell FDRE clocked by clk_out2_clk_wiz_1  {rise@0.000ns fall@10.000ns period=20.000ns})
  Path Group:             clk_out2_clk_wiz_1
  Path Type:              Hold (Min at Fast Process Corner)
  Requirement:            0.000ns  (clk_out2_clk_wiz_1 rise@0.000ns - clk_out2_clk_wiz_1 rise@0.000ns)
  Data Path Delay:        0.330ns  (logic 0.212ns (64.332%)  route 0.118ns (35.668%))
  Logic Levels:           1  (LUT5=1)
  Clock Path Skew:        0.013ns (DCD - SCD - CPR)
    Destination Clock Delay (DCD):    0.908ns
    Source Clock Delay      (SCD):    0.638ns
    Clock Pessimism Removal (CPR):    0.257ns

    Location             Delay type                Incr(ns)  Path(ns)    Netlist Resource(s)
  -------------------------------------------------------------------    -------------------
                         (clock clk_out2_clk_wiz_1 rise edge)
                                                      0.000     0.000 r  
    BUFGCTRL_X0Y2        BUFG                         0.000     0.000 r  clk_IBUF_BUFG_inst/O
                         net (fo=513, routed)         0.610     0.610    datapath/Audio_Codec/audiocodec_master_clock/inst/clk_in1
    MMCME2_ADV_X0Y2      MMCME2_ADV (Prop_mmcme2_adv_CLKIN1_CLKOUT1)
                                                     -1.180    -0.571 r  datapath/Audio_Codec/audiocodec_master_clock/inst/mmcm_adv_inst/CLKOUT1
                         net (fo=1, routed)           0.545    -0.026    datapath/Audio_Codec/audiocodec_master_clock/inst/clk_out2_clk_wiz_1
    BUFGCTRL_X0Y3        BUFG (Prop_bufg_I_O)         0.026     0.000 r  datapath/Audio_Codec/audiocodec_master_clock/inst/clkout2_buf/O
                         net (fo=115, routed)         0.638     0.638    datapath/Audio_Codec/initialize_audio/clk_out2
    SLICE_X162Y122       FDRE                                         r  datapath/Audio_Codec/initialize_audio/initA_reg[0]/C
  -------------------------------------------------------------------    -------------------
    SLICE_X162Y122       FDRE (Prop_fdre_C_Q)         0.164     0.802 r  datapath/Audio_Codec/initialize_audio/initA_reg[0]/Q
                         net (fo=25, routed)          0.118     0.919    datapath/Audio_Codec/initialize_audio/initA_reg[0]
    SLICE_X163Y122       LUT5 (Prop_lut5_I4_O)        0.048     0.967 r  datapath/Audio_Codec/initialize_audio/initA[4]_i_1/O
                         net (fo=1, routed)           0.000     0.967    datapath/Audio_Codec/initialize_audio/p_1_in[4]
    SLICE_X163Y122       FDRE                                         r  datapath/Audio_Codec/initialize_audio/initA_reg[4]/D
  -------------------------------------------------------------------    -------------------

                         (clock clk_out2_clk_wiz_1 rise edge)
                                                      0.000     0.000 r  
    BUFGCTRL_X0Y2        BUFG                         0.000     0.000 r  clk_IBUF_BUFG_inst/O
                         net (fo=513, routed)         0.879     0.879    datapath/Audio_Codec/audiocodec_master_clock/inst/clk_in1
    MMCME2_ADV_X0Y2      MMCME2_ADV (Prop_mmcme2_adv_CLKIN1_CLKOUT1)
                                                     -1.502    -0.624 r  datapath/Audio_Codec/audiocodec_master_clock/inst/mmcm_adv_inst/CLKOUT1
                         net (fo=1, routed)           0.595    -0.029    datapath/Audio_Codec/audiocodec_master_clock/inst/clk_out2_clk_wiz_1
    BUFGCTRL_X0Y3        BUFG (Prop_bufg_I_O)         0.029    -0.000 r  datapath/Audio_Codec/audiocodec_master_clock/inst/clkout2_buf/O
                         net (fo=115, routed)         0.908     0.908    datapath/Audio_Codec/initialize_audio/clk_out2
    SLICE_X163Y122       FDRE                                         r  datapath/Audio_Codec/initialize_audio/initA_reg[4]/C
                         clock pessimism             -0.257     0.651    
    SLICE_X163Y122       FDRE (Hold_fdre_C_D)         0.107     0.758    datapath/Audio_Codec/initialize_audio/initA_reg[4]
  -------------------------------------------------------------------
                         required time                         -0.758    
                         arrival time                           0.967    
  -------------------------------------------------------------------
                         slack                                  0.210    





Pulse Width Checks
--------------------------------------------------------------------------------------
Clock Name:         clk_out2_clk_wiz_1
Waveform(ns):       { 0.000 10.000 }
Period(ns):         20.000
Sources:            { datapath/Audio_Codec/audiocodec_master_clock/inst/mmcm_adv_inst/CLKOUT1 }

Check Type        Corner  Lib Pin             Reference Pin  Required(ns)  Actual(ns)  Slack(ns)  Location         Pin
Min Period        n/a     BUFG/I              n/a            2.155         20.000      17.845     BUFGCTRL_X0Y3    datapath/Audio_Codec/audiocodec_master_clock/inst/clkout2_buf/I
Min Period        n/a     MMCME2_ADV/CLKOUT1  n/a            1.249         20.000      18.751     MMCME2_ADV_X0Y2  datapath/Audio_Codec/audiocodec_master_clock/inst/mmcm_adv_inst/CLKOUT1
Min Period        n/a     FDRE/C              n/a            1.000         20.000      19.000     SLICE_X160Y120   datapath/Audio_Codec/initialize_audio/data_i_reg[0]/C
Min Period        n/a     FDRE/C              n/a            1.000         20.000      19.000     SLICE_X159Y121   datapath/Audio_Codec/initialize_audio/data_i_reg[1]/C
Min Period        n/a     FDRE/C              n/a            1.000         20.000      19.000     SLICE_X160Y121   datapath/Audio_Codec/initialize_audio/data_i_reg[2]/C
Min Period        n/a     FDRE/C              n/a            1.000         20.000      19.000     SLICE_X160Y121   datapath/Audio_Codec/initialize_audio/data_i_reg[3]/C
Min Period        n/a     FDRE/C              n/a            1.000         20.000      19.000     SLICE_X159Y120   datapath/Audio_Codec/initialize_audio/data_i_reg[4]/C
Min Period        n/a     FDRE/C              n/a            1.000         20.000      19.000     SLICE_X160Y121   datapath/Audio_Codec/initialize_audio/data_i_reg[5]/C
Min Period        n/a     FDRE/C              n/a            1.000         20.000      19.000     SLICE_X159Y121   datapath/Audio_Codec/initialize_audio/data_i_reg[6]/C
Min Period        n/a     FDRE/C              n/a            1.000         20.000      19.000     SLICE_X159Y121   datapath/Audio_Codec/initialize_audio/data_i_reg[7]/C
Max Period        n/a     MMCME2_ADV/CLKOUT1  n/a            213.360       20.000      193.360    MMCME2_ADV_X0Y2  datapath/Audio_Codec/audiocodec_master_clock/inst/mmcm_adv_inst/CLKOUT1
Low Pulse Width   Slow    FDRE/C              n/a            0.500         10.000      9.500      SLICE_X160Y120   datapath/Audio_Codec/initialize_audio/data_i_reg[0]/C
Low Pulse Width   Fast    FDRE/C              n/a            0.500         10.000      9.500      SLICE_X160Y120   datapath/Audio_Codec/initialize_audio/data_i_reg[0]/C
Low Pulse Width   Slow    FDRE/C              n/a            0.500         10.000      9.500      SLICE_X159Y121   datapath/Audio_Codec/initialize_audio/data_i_reg[1]/C
Low Pulse Width   Fast    FDRE/C              n/a            0.500         10.000      9.500      SLICE_X159Y121   datapath/Audio_Codec/initialize_audio/data_i_reg[1]/C
Low Pulse Width   Slow    FDRE/C              n/a            0.500         10.000      9.500      SLICE_X160Y121   datapath/Audio_Codec/initialize_audio/data_i_reg[2]/C
Low Pulse Width   Fast    FDRE/C              n/a            0.500         10.000      9.500      SLICE_X160Y121   datapath/Audio_Codec/initialize_audio/data_i_reg[2]/C
Low Pulse Width   Slow    FDRE/C              n/a            0.500         10.000      9.500      SLICE_X160Y121   datapath/Audio_Codec/initialize_audio/data_i_reg[3]/C
Low Pulse Width   Fast    FDRE/C              n/a            0.500         10.000      9.500      SLICE_X160Y121   datapath/Audio_Codec/initialize_audio/data_i_reg[3]/C
Low Pulse Width   Slow    FDRE/C              n/a            0.500         10.000      9.500      SLICE_X159Y120   datapath/Audio_Codec/initialize_audio/data_i_reg[4]/C
Low Pulse Width   Fast    FDRE/C              n/a            0.500         10.000      9.500      SLICE_X159Y120   datapath/Audio_Codec/initialize_audio/data_i_reg[4]/C
High Pulse Width  Slow    FDRE/C              n/a            0.500         10.000      9.500      SLICE_X160Y120   datapath/Audio_Codec/initialize_audio/data_i_reg[0]/C
High Pulse Width  Fast    FDRE/C              n/a            0.500         10.000      9.500      SLICE_X160Y120   datapath/Audio_Codec/initialize_audio/data_i_reg[0]/C
High Pulse Width  Slow    FDRE/C              n/a            0.500         10.000      9.500      SLICE_X159Y121   datapath/Audio_Codec/initialize_audio/data_i_reg[1]/C
High Pulse Width  Fast    FDRE/C              n/a            0.500         10.000      9.500      SLICE_X159Y121   datapath/Audio_Codec/initialize_audio/data_i_reg[1]/C
High Pulse Width  Slow    FDRE/C              n/a            0.500         10.000      9.500      SLICE_X160Y121   datapath/Audio_Codec/initialize_audio/data_i_reg[2]/C
High Pulse Width  Fast    FDRE/C              n/a            0.500         10.000      9.500      SLICE_X160Y121   datapath/Audio_Codec/initialize_audio/data_i_reg[2]/C
High Pulse Width  Slow    FDRE/C              n/a            0.500         10.000      9.500      SLICE_X160Y121   datapath/Audio_Codec/initialize_audio/data_i_reg[3]/C
High Pulse Width  Fast    FDRE/C              n/a            0.500         10.000      9.500      SLICE_X160Y121   datapath/Audio_Codec/initialize_audio/data_i_reg[3]/C
High Pulse Width  Slow    FDRE/C              n/a            0.500         10.000      9.500      SLICE_X159Y120   datapath/Audio_Codec/initialize_audio/data_i_reg[4]/C
High Pulse Width  Fast    FDRE/C              n/a            0.500         10.000      9.500      SLICE_X159Y120   datapath/Audio_Codec/initialize_audio/data_i_reg[4]/C



---------------------------------------------------------------------------------------------------
From Clock:  clkfbout_clk_wiz_1
  To Clock:  clkfbout_clk_wiz_1

Setup :           NA  Failing Endpoints,  Worst Slack           NA  ,  Total Violation           NA
Hold  :           NA  Failing Endpoints,  Worst Slack           NA  ,  Total Violation           NA
PW    :            0  Failing Endpoints,  Worst Slack        7.845ns,  Total Violation        0.000ns
---------------------------------------------------------------------------------------------------


Pulse Width Checks
--------------------------------------------------------------------------------------
Clock Name:         clkfbout_clk_wiz_1
Waveform(ns):       { 0.000 5.000 }
Period(ns):         10.000
Sources:            { datapath/Audio_Codec/audiocodec_master_clock/inst/mmcm_adv_inst/CLKFBOUT }

Check Type  Corner  Lib Pin              Reference Pin  Required(ns)  Actual(ns)  Slack(ns)  Location         Pin
Min Period  n/a     BUFG/I               n/a            2.155         10.000      7.845      BUFGCTRL_X0Y5    datapath/Audio_Codec/audiocodec_master_clock/inst/clkf_buf/I
Min Period  n/a     MMCME2_ADV/CLKFBOUT  n/a            1.249         10.000      8.751      MMCME2_ADV_X0Y2  datapath/Audio_Codec/audiocodec_master_clock/inst/mmcm_adv_inst/CLKFBOUT
Min Period  n/a     MMCME2_ADV/CLKFBIN   n/a            1.249         10.000      8.751      MMCME2_ADV_X0Y2  datapath/Audio_Codec/audiocodec_master_clock/inst/mmcm_adv_inst/CLKFBIN
Max Period  n/a     MMCME2_ADV/CLKFBIN   n/a            100.000       10.000      90.000     MMCME2_ADV_X0Y2  datapath/Audio_Codec/audiocodec_master_clock/inst/mmcm_adv_inst/CLKFBIN
Max Period  n/a     MMCME2_ADV/CLKFBOUT  n/a            213.360       10.000      203.360    MMCME2_ADV_X0Y2  datapath/Audio_Codec/audiocodec_master_clock/inst/mmcm_adv_inst/CLKFBOUT



---------------------------------------------------------------------------------------------------
From Clock:  datapath/video_inst/mmcm_adv_inst_display_clocks/inst/clk_in1
  To Clock:  datapath/video_inst/mmcm_adv_inst_display_clocks/inst/clk_in1

Setup :           NA  Failing Endpoints,  Worst Slack           NA  ,  Total Violation           NA
Hold  :           NA  Failing Endpoints,  Worst Slack           NA  ,  Total Violation           NA
PW    :            0  Failing Endpoints,  Worst Slack        3.000ns,  Total Violation        0.000ns
---------------------------------------------------------------------------------------------------


Pulse Width Checks
--------------------------------------------------------------------------------------
Clock Name:         datapath/video_inst/mmcm_adv_inst_display_clocks/inst/clk_in1
Waveform(ns):       { 0.000 5.000 }
Period(ns):         10.000
Sources:            { datapath/video_inst/mmcm_adv_inst_display_clocks/inst/clk_in1 }

Check Type        Corner  Lib Pin            Reference Pin  Required(ns)  Actual(ns)  Slack(ns)  Location         Pin
Min Period        n/a     MMCME2_ADV/CLKIN1  n/a            1.249         10.000      8.751      MMCME2_ADV_X1Y0  datapath/video_inst/mmcm_adv_inst_display_clocks/inst/mmcm_adv_inst/CLKIN1
Max Period        n/a     MMCME2_ADV/CLKIN1  n/a            100.000       10.000      90.000     MMCME2_ADV_X1Y0  datapath/video_inst/mmcm_adv_inst_display_clocks/inst/mmcm_adv_inst/CLKIN1
Low Pulse Width   Slow    MMCME2_ADV/CLKIN1  n/a            2.000         5.000       3.000      MMCME2_ADV_X1Y0  datapath/video_inst/mmcm_adv_inst_display_clocks/inst/mmcm_adv_inst/CLKIN1
Low Pulse Width   Fast    MMCME2_ADV/CLKIN1  n/a            2.000         5.000       3.000      MMCME2_ADV_X1Y0  datapath/video_inst/mmcm_adv_inst_display_clocks/inst/mmcm_adv_inst/CLKIN1
High Pulse Width  Slow    MMCME2_ADV/CLKIN1  n/a            2.000         5.000       3.000      MMCME2_ADV_X1Y0  datapath/video_inst/mmcm_adv_inst_display_clocks/inst/mmcm_adv_inst/CLKIN1
High Pulse Width  Fast    MMCME2_ADV/CLKIN1  n/a            2.000         5.000       3.000      MMCME2_ADV_X1Y0  datapath/video_inst/mmcm_adv_inst_display_clocks/inst/mmcm_adv_inst/CLKIN1



---------------------------------------------------------------------------------------------------
From Clock:  clk_out1_clk_wiz_0
  To Clock:  clk_out1_clk_wiz_0

Setup :            0  Failing Endpoints,  Worst Slack       17.510ns,  Total Violation        0.000ns
Hold  :            0  Failing Endpoints,  Worst Slack        0.148ns,  Total Violation        0.000ns
PW    :            0  Failing Endpoints,  Worst Slack       19.500ns,  Total Violation        0.000ns
---------------------------------------------------------------------------------------------------


Max Delay Paths
--------------------------------------------------------------------------------------
Slack (MET) :             17.510ns  (required time - arrival time)
  Source:                 datapath/video_inst/Inst_vga/vga_signal_generator1/vertical_counter/processQ_reg[2]/C
                            (rising edge-triggered cell FDRE clocked by clk_out1_clk_wiz_0  {rise@0.000ns fall@20.000ns period=40.000ns})
  Destination:            datapath/video_inst/inst_dvid/TDMS_encoder_green/encoded_reg[2]/D
                            (rising edge-triggered cell FDSE clocked by clk_out1_clk_wiz_0  {rise@0.000ns fall@20.000ns period=40.000ns})
  Path Group:             clk_out1_clk_wiz_0
  Path Type:              Setup (Max at Slow Process Corner)
  Requirement:            40.000ns  (clk_out1_clk_wiz_0 rise@40.000ns - clk_out1_clk_wiz_0 rise@0.000ns)
  Data Path Delay:        22.366ns  (logic 6.717ns (30.032%)  route 15.649ns (69.968%))
  Logic Levels:           25  (CARRY4=11 LUT2=2 LUT3=5 LUT5=3 LUT6=4)
  Clock Path Skew:        0.033ns (DCD - SCD + CPR)
    Destination Clock Delay (DCD):    1.711ns = ( 41.711 - 40.000 ) 
    Source Clock Delay      (SCD):    1.753ns
    Clock Pessimism Removal (CPR):    0.075ns
  Clock Uncertainty:      0.095ns  ((TSJ^2 + DJ^2)^1/2) / 2 + PE
    Total System Jitter     (TSJ):    0.071ns
    Discrete Jitter          (DJ):    0.175ns
    Phase Error              (PE):    0.000ns

    Location             Delay type                Incr(ns)  Path(ns)    Netlist Resource(s)
  -------------------------------------------------------------------    -------------------
                         (clock clk_out1_clk_wiz_0 rise edge)
                                                      0.000     0.000 r  
    BUFGCTRL_X0Y2        BUFG                         0.000     0.000 r  clk_IBUF_BUFG_inst/O
                         net (fo=513, routed)         2.106     2.106    datapath/video_inst/mmcm_adv_inst_display_clocks/inst/clk_in1
    MMCME2_ADV_X1Y0      MMCME2_ADV (Prop_mmcme2_adv_CLKIN1_CLKOUT0)
                                                     -4.900    -2.793 r  datapath/video_inst/mmcm_adv_inst_display_clocks/inst/mmcm_adv_inst/CLKOUT0
                         net (fo=1, routed)           2.697    -0.096    datapath/video_inst/mmcm_adv_inst_display_clocks/inst/clk_out1_clk_wiz_0
    BUFGCTRL_X0Y4        BUFG (Prop_bufg_I_O)         0.096    -0.000 r  datapath/video_inst/mmcm_adv_inst_display_clocks/inst/clkout1_buf/O
                         net (fo=64, routed)          1.753     1.753    datapath/video_inst/Inst_vga/vga_signal_generator1/vertical_counter/clk_out1
    SLICE_X145Y139       FDRE                                         r  datapath/video_inst/Inst_vga/vga_signal_generator1/vertical_counter/processQ_reg[2]/C
  -------------------------------------------------------------------    -------------------
    SLICE_X145Y139       FDRE (Prop_fdre_C_Q)         0.419     2.172 r  datapath/video_inst/Inst_vga/vga_signal_generator1/vertical_counter/processQ_reg[2]/Q
                         net (fo=103, routed)         2.264     4.437    datapath/video_inst/Inst_vga/vga_signal_generator1/vertical_counter/processQ_reg[2]_0
    SLICE_X156Y139       LUT3 (Prop_lut3_I1_O)        0.299     4.736 r  datapath/video_inst/Inst_vga/vga_signal_generator1/vertical_counter/dc_bias[3]_i_27/O
                         net (fo=51, routed)          1.908     6.644    datapath/video_inst/Inst_vga/color_mapper1/dc_bias_reg[3]_i_350_1
    SLICE_X144Y129       LUT5 (Prop_lut5_I1_O)        0.124     6.768 f  datapath/video_inst/Inst_vga/color_mapper1/dc_bias[3]_i_334/O
                         net (fo=4, routed)           0.951     7.719    datapath/video_inst/Inst_vga/vga_signal_generator1/vertical_counter/processQ_reg[7]_0[1]
    SLICE_X145Y133       LUT3 (Prop_lut3_I0_O)        0.124     7.843 r  datapath/video_inst/Inst_vga/vga_signal_generator1/vertical_counter/dc_bias[3]_i_439/O
                         net (fo=19, routed)          1.816     9.659    datapath/video_inst/Inst_vga/color_mapper1/dc_bias[3]_i_533_0
    SLICE_X150Y140       LUT3 (Prop_lut3_I0_O)        0.124     9.783 r  datapath/video_inst/Inst_vga/color_mapper1/dc_bias[3]_i_414/O
                         net (fo=4, routed)           0.892    10.676    datapath/video_inst/Inst_vga/vga_signal_generator1/vertical_counter/dc_bias_reg[3]_i_655[0]
    SLICE_X150Y133       LUT6 (Prop_lut6_I3_O)        0.124    10.800 r  datapath/video_inst/Inst_vga/vga_signal_generator1/vertical_counter/dc_bias[3]_i_720/O
                         net (fo=1, routed)           0.000    10.800    datapath/video_inst/Inst_vga/color_mapper1/dc_bias[3]_i_651_0[0]
    SLICE_X150Y133       CARRY4 (Prop_carry4_S[1]_CO[3])
                                                      0.533    11.333 r  datapath/video_inst/Inst_vga/color_mapper1/dc_bias_reg[3]_i_655/CO[3]
                         net (fo=1, routed)           0.000    11.333    datapath/video_inst/Inst_vga/color_mapper1/dc_bias_reg[3]_i_655_n_0
    SLICE_X150Y134       CARRY4 (Prop_carry4_CI_CO[3])
                                                      0.117    11.450 r  datapath/video_inst/Inst_vga/color_mapper1/dc_bias_reg[3]_i_514/CO[3]
                         net (fo=1, routed)           0.000    11.450    datapath/video_inst/Inst_vga/color_mapper1/dc_bias_reg[3]_i_514_n_0
    SLICE_X150Y135       CARRY4 (Prop_carry4_CI_CO[3])
                                                      0.117    11.567 r  datapath/video_inst/Inst_vga/color_mapper1/dc_bias_reg[3]_i_398/CO[3]
                         net (fo=1, routed)           0.000    11.567    datapath/video_inst/Inst_vga/color_mapper1/dc_bias_reg[3]_i_398_n_0
    SLICE_X150Y136       CARRY4 (Prop_carry4_CI_CO[3])
                                                      0.117    11.684 r  datapath/video_inst/Inst_vga/color_mapper1/dc_bias_reg[3]_i_248/CO[3]
                         net (fo=1, routed)           0.000    11.684    datapath/video_inst/Inst_vga/color_mapper1/dc_bias_reg[3]_i_248_n_0
    SLICE_X150Y137       CARRY4 (Prop_carry4_CI_O[0])
                                                      0.219    11.903 r  datapath/video_inst/Inst_vga/color_mapper1/dc_bias_reg[3]_i_436/O[0]
                         net (fo=3, routed)           1.150    13.052    datapath/video_inst/Inst_vga/color_mapper1/dc_bias_reg[3]_i_436_n_7
    SLICE_X146Y134       LUT2 (Prop_lut2_I0_O)        0.323    13.375 r  datapath/video_inst/Inst_vga/color_mapper1/dc_bias[3]_i_262/O
                         net (fo=1, routed)           0.789    14.164    datapath/video_inst/Inst_vga/color_mapper1/dc_bias[3]_i_262_n_0
    SLICE_X151Y138       CARRY4 (Prop_carry4_DI[1]_O[3])
                                                      0.820    14.984 r  datapath/video_inst/Inst_vga/color_mapper1/dc_bias_reg[3]_i_153/O[3]
                         net (fo=4, routed)           0.769    15.754    datapath/video_inst/Inst_vga/color_mapper1/dc_bias_reg[3]_i_153_n_4
    SLICE_X145Y137       LUT3 (Prop_lut3_I2_O)        0.306    16.060 r  datapath/video_inst/Inst_vga/color_mapper1/dc_bias[3]_i_159/O
                         net (fo=1, routed)           0.570    16.630    datapath/video_inst/Inst_vga/color_mapper1/dc_bias[3]_i_159_n_0
    SLICE_X145Y137       LUT5 (Prop_lut5_I4_O)        0.124    16.754 r  datapath/video_inst/Inst_vga/color_mapper1/dc_bias[3]_i_102/O
                         net (fo=2, routed)           0.504    17.258    datapath/video_inst/Inst_vga/color_mapper1/dc_bias[3]_i_102_n_0
    SLICE_X147Y137       LUT6 (Prop_lut6_I0_O)        0.124    17.382 r  datapath/video_inst/Inst_vga/color_mapper1/dc_bias[3]_i_106/O
                         net (fo=1, routed)           0.000    17.382    datapath/video_inst/Inst_vga/color_mapper1/dc_bias[3]_i_106_n_0
    SLICE_X147Y137       CARRY4 (Prop_carry4_S[2]_CO[3])
                                                      0.398    17.780 r  datapath/video_inst/Inst_vga/color_mapper1/dc_bias_reg[3]_i_53/CO[3]
                         net (fo=1, routed)           0.000    17.780    datapath/video_inst/Inst_vga/color_mapper1/dc_bias_reg[3]_i_53_n_0
    SLICE_X147Y138       CARRY4 (Prop_carry4_CI_O[1])
                                                      0.334    18.114 r  datapath/video_inst/Inst_vga/color_mapper1/dc_bias_reg[3]_i_94/O[1]
                         net (fo=2, routed)           0.613    18.727    datapath/video_inst/Inst_vga/color_mapper1/dc_bias_reg[3]_i_94_n_6
    SLICE_X153Y137       LUT2 (Prop_lut2_I0_O)        0.303    19.030 r  datapath/video_inst/Inst_vga/color_mapper1/dc_bias[3]_i_96/O
                         net (fo=1, routed)           0.000    19.030    datapath/video_inst/Inst_vga/color_mapper1/dc_bias[3]_i_96_n_0
    SLICE_X153Y137       CARRY4 (Prop_carry4_S[1]_O[1])
                                                      0.227    19.257 r  datapath/video_inst/Inst_vga/color_mapper1/dc_bias_reg[3]_i_51/O[1]
                         net (fo=1, routed)           0.530    19.787    datapath/video_inst/Inst_vga/vga_signal_generator1/vertical_counter/dc_bias_reg[3]_i_11[1]
    SLICE_X152Y137       LUT5 (Prop_lut5_I4_O)        0.303    20.090 r  datapath/video_inst/Inst_vga/vga_signal_generator1/vertical_counter/dc_bias[3]_i_32/O
                         net (fo=1, routed)           0.000    20.090    datapath/video_inst/Inst_vga/color_mapper1/dc_bias[3]_i_13_0[3]
    SLICE_X152Y137       CARRY4 (Prop_carry4_S[3]_CO[3])
                                                      0.376    20.466 r  datapath/video_inst/Inst_vga/color_mapper1/dc_bias_reg[3]_i_11/CO[3]
                         net (fo=1, routed)           0.000    20.466    datapath/video_inst/Inst_vga/color_mapper1/dc_bias_reg[3]_i_11_n_0
    SLICE_X152Y138       CARRY4 (Prop_carry4_CI_O[0])
                                                      0.219    20.685 r  datapath/video_inst/Inst_vga/color_mapper1/dc_bias_reg[3]_i_10/O[0]
                         net (fo=2, routed)           0.662    21.347    datapath/video_inst/Inst_vga/color_mapper1/dc_bias_reg[3]_i_10_n_7
    SLICE_X153Y138       LUT3 (Prop_lut3_I1_O)        0.295    21.642 r  datapath/video_inst/Inst_vga/color_mapper1/dc_bias[3]_i_3__0/O
                         net (fo=4, routed)           0.545    22.187    datapath/video_inst/Inst_vga/vga_signal_generator1/vertical_counter/encoded_reg[8]_1
    SLICE_X154Y137       LUT6 (Prop_lut6_I4_O)        0.124    22.311 r  datapath/video_inst/Inst_vga/vga_signal_generator1/vertical_counter/dc_bias[3]_i_2/O
                         net (fo=6, routed)           1.098    23.408    datapath/video_inst/inst_dvid/TDMS_encoder_green/pixel[color][0]
    SLICE_X161Y139       LUT6 (Prop_lut6_I4_O)        0.124    23.532 r  datapath/video_inst/inst_dvid/TDMS_encoder_green/encoded[1]_i_1/O
                         net (fo=2, routed)           0.587    24.120    datapath/video_inst/inst_dvid/TDMS_encoder_green/encoded[1]_i_1_n_0
    SLICE_X160Y139       FDSE                                         r  datapath/video_inst/inst_dvid/TDMS_encoder_green/encoded_reg[2]/D
  -------------------------------------------------------------------    -------------------

                         (clock clk_out1_clk_wiz_0 rise edge)
                                                     40.000    40.000 r  
    BUFGCTRL_X0Y2        BUFG                         0.000    40.000 r  clk_IBUF_BUFG_inst/O
                         net (fo=513, routed)         1.972    41.972    datapath/video_inst/mmcm_adv_inst_display_clocks/inst/clk_in1
    MMCME2_ADV_X1Y0      MMCME2_ADV (Prop_mmcme2_adv_CLKIN1_CLKOUT0)
                                                     -4.637    37.335 r  datapath/video_inst/mmcm_adv_inst_display_clocks/inst/mmcm_adv_inst/CLKOUT0
                         net (fo=1, routed)           2.574    39.909    datapath/video_inst/mmcm_adv_inst_display_clocks/inst/clk_out1_clk_wiz_0
    BUFGCTRL_X0Y4        BUFG (Prop_bufg_I_O)         0.091    40.000 r  datapath/video_inst/mmcm_adv_inst_display_clocks/inst/clkout1_buf/O
                         net (fo=64, routed)          1.711    41.711    datapath/video_inst/inst_dvid/TDMS_encoder_green/clk_out1
    SLICE_X160Y139       FDSE                                         r  datapath/video_inst/inst_dvid/TDMS_encoder_green/encoded_reg[2]/C
                         clock pessimism              0.075    41.786    
                         clock uncertainty           -0.095    41.692    
    SLICE_X160Y139       FDSE (Setup_fdse_C_D)       -0.062    41.630    datapath/video_inst/inst_dvid/TDMS_encoder_green/encoded_reg[2]
  -------------------------------------------------------------------
                         required time                         41.630    
                         arrival time                         -24.120    
  -------------------------------------------------------------------
                         slack                                 17.510    

Slack (MET) :             17.709ns  (required time - arrival time)
  Source:                 datapath/video_inst/Inst_vga/vga_signal_generator1/vertical_counter/processQ_reg[2]/C
                            (rising edge-triggered cell FDRE clocked by clk_out1_clk_wiz_0  {rise@0.000ns fall@20.000ns period=40.000ns})
  Destination:            datapath/video_inst/inst_dvid/TDMS_encoder_green/encoded_reg[1]/D
                            (rising edge-triggered cell FDRE clocked by clk_out1_clk_wiz_0  {rise@0.000ns fall@20.000ns period=40.000ns})
  Path Group:             clk_out1_clk_wiz_0
  Path Type:              Setup (Max at Slow Process Corner)
  Requirement:            40.000ns  (clk_out1_clk_wiz_0 rise@40.000ns - clk_out1_clk_wiz_0 rise@0.000ns)
  Data Path Delay:        22.183ns  (logic 6.717ns (30.280%)  route 15.466ns (69.720%))
  Logic Levels:           25  (CARRY4=11 LUT2=2 LUT3=5 LUT5=3 LUT6=4)
  Clock Path Skew:        0.033ns (DCD - SCD + CPR)
    Destination Clock Delay (DCD):    1.711ns = ( 41.711 - 40.000 ) 
    Source Clock Delay      (SCD):    1.753ns
    Clock Pessimism Removal (CPR):    0.075ns
  Clock Uncertainty:      0.095ns  ((TSJ^2 + DJ^2)^1/2) / 2 + PE
    Total System Jitter     (TSJ):    0.071ns
    Discrete Jitter          (DJ):    0.175ns
    Phase Error              (PE):    0.000ns

    Location             Delay type                Incr(ns)  Path(ns)    Netlist Resource(s)
  -------------------------------------------------------------------    -------------------
                         (clock clk_out1_clk_wiz_0 rise edge)
                                                      0.000     0.000 r  
    BUFGCTRL_X0Y2        BUFG                         0.000     0.000 r  clk_IBUF_BUFG_inst/O
                         net (fo=513, routed)         2.106     2.106    datapath/video_inst/mmcm_adv_inst_display_clocks/inst/clk_in1
    MMCME2_ADV_X1Y0      MMCME2_ADV (Prop_mmcme2_adv_CLKIN1_CLKOUT0)
                                                     -4.900    -2.793 r  datapath/video_inst/mmcm_adv_inst_display_clocks/inst/mmcm_adv_inst/CLKOUT0
                         net (fo=1, routed)           2.697    -0.096    datapath/video_inst/mmcm_adv_inst_display_clocks/inst/clk_out1_clk_wiz_0
    BUFGCTRL_X0Y4        BUFG (Prop_bufg_I_O)         0.096    -0.000 r  datapath/video_inst/mmcm_adv_inst_display_clocks/inst/clkout1_buf/O
                         net (fo=64, routed)          1.753     1.753    datapath/video_inst/Inst_vga/vga_signal_generator1/vertical_counter/clk_out1
    SLICE_X145Y139       FDRE                                         r  datapath/video_inst/Inst_vga/vga_signal_generator1/vertical_counter/processQ_reg[2]/C
  -------------------------------------------------------------------    -------------------
    SLICE_X145Y139       FDRE (Prop_fdre_C_Q)         0.419     2.172 r  datapath/video_inst/Inst_vga/vga_signal_generator1/vertical_counter/processQ_reg[2]/Q
                         net (fo=103, routed)         2.264     4.437    datapath/video_inst/Inst_vga/vga_signal_generator1/vertical_counter/processQ_reg[2]_0
    SLICE_X156Y139       LUT3 (Prop_lut3_I1_O)        0.299     4.736 r  datapath/video_inst/Inst_vga/vga_signal_generator1/vertical_counter/dc_bias[3]_i_27/O
                         net (fo=51, routed)          1.908     6.644    datapath/video_inst/Inst_vga/color_mapper1/dc_bias_reg[3]_i_350_1
    SLICE_X144Y129       LUT5 (Prop_lut5_I1_O)        0.124     6.768 f  datapath/video_inst/Inst_vga/color_mapper1/dc_bias[3]_i_334/O
                         net (fo=4, routed)           0.951     7.719    datapath/video_inst/Inst_vga/vga_signal_generator1/vertical_counter/processQ_reg[7]_0[1]
    SLICE_X145Y133       LUT3 (Prop_lut3_I0_O)        0.124     7.843 r  datapath/video_inst/Inst_vga/vga_signal_generator1/vertical_counter/dc_bias[3]_i_439/O
                         net (fo=19, routed)          1.816     9.659    datapath/video_inst/Inst_vga/color_mapper1/dc_bias[3]_i_533_0
    SLICE_X150Y140       LUT3 (Prop_lut3_I0_O)        0.124     9.783 r  datapath/video_inst/Inst_vga/color_mapper1/dc_bias[3]_i_414/O
                         net (fo=4, routed)           0.892    10.676    datapath/video_inst/Inst_vga/vga_signal_generator1/vertical_counter/dc_bias_reg[3]_i_655[0]
    SLICE_X150Y133       LUT6 (Prop_lut6_I3_O)        0.124    10.800 r  datapath/video_inst/Inst_vga/vga_signal_generator1/vertical_counter/dc_bias[3]_i_720/O
                         net (fo=1, routed)           0.000    10.800    datapath/video_inst/Inst_vga/color_mapper1/dc_bias[3]_i_651_0[0]
    SLICE_X150Y133       CARRY4 (Prop_carry4_S[1]_CO[3])
                                                      0.533    11.333 r  datapath/video_inst/Inst_vga/color_mapper1/dc_bias_reg[3]_i_655/CO[3]
                         net (fo=1, routed)           0.000    11.333    datapath/video_inst/Inst_vga/color_mapper1/dc_bias_reg[3]_i_655_n_0
    SLICE_X150Y134       CARRY4 (Prop_carry4_CI_CO[3])
                                                      0.117    11.450 r  datapath/video_inst/Inst_vga/color_mapper1/dc_bias_reg[3]_i_514/CO[3]
                         net (fo=1, routed)           0.000    11.450    datapath/video_inst/Inst_vga/color_mapper1/dc_bias_reg[3]_i_514_n_0
    SLICE_X150Y135       CARRY4 (Prop_carry4_CI_CO[3])
                                                      0.117    11.567 r  datapath/video_inst/Inst_vga/color_mapper1/dc_bias_reg[3]_i_398/CO[3]
                         net (fo=1, routed)           0.000    11.567    datapath/video_inst/Inst_vga/color_mapper1/dc_bias_reg[3]_i_398_n_0
    SLICE_X150Y136       CARRY4 (Prop_carry4_CI_CO[3])
                                                      0.117    11.684 r  datapath/video_inst/Inst_vga/color_mapper1/dc_bias_reg[3]_i_248/CO[3]
                         net (fo=1, routed)           0.000    11.684    datapath/video_inst/Inst_vga/color_mapper1/dc_bias_reg[3]_i_248_n_0
    SLICE_X150Y137       CARRY4 (Prop_carry4_CI_O[0])
                                                      0.219    11.903 r  datapath/video_inst/Inst_vga/color_mapper1/dc_bias_reg[3]_i_436/O[0]
                         net (fo=3, routed)           1.150    13.052    datapath/video_inst/Inst_vga/color_mapper1/dc_bias_reg[3]_i_436_n_7
    SLICE_X146Y134       LUT2 (Prop_lut2_I0_O)        0.323    13.375 r  datapath/video_inst/Inst_vga/color_mapper1/dc_bias[3]_i_262/O
                         net (fo=1, routed)           0.789    14.164    datapath/video_inst/Inst_vga/color_mapper1/dc_bias[3]_i_262_n_0
    SLICE_X151Y138       CARRY4 (Prop_carry4_DI[1]_O[3])
                                                      0.820    14.984 r  datapath/video_inst/Inst_vga/color_mapper1/dc_bias_reg[3]_i_153/O[3]
                         net (fo=4, routed)           0.769    15.754    datapath/video_inst/Inst_vga/color_mapper1/dc_bias_reg[3]_i_153_n_4
    SLICE_X145Y137       LUT3 (Prop_lut3_I2_O)        0.306    16.060 r  datapath/video_inst/Inst_vga/color_mapper1/dc_bias[3]_i_159/O
                         net (fo=1, routed)           0.570    16.630    datapath/video_inst/Inst_vga/color_mapper1/dc_bias[3]_i_159_n_0
    SLICE_X145Y137       LUT5 (Prop_lut5_I4_O)        0.124    16.754 r  datapath/video_inst/Inst_vga/color_mapper1/dc_bias[3]_i_102/O
                         net (fo=2, routed)           0.504    17.258    datapath/video_inst/Inst_vga/color_mapper1/dc_bias[3]_i_102_n_0
    SLICE_X147Y137       LUT6 (Prop_lut6_I0_O)        0.124    17.382 r  datapath/video_inst/Inst_vga/color_mapper1/dc_bias[3]_i_106/O
                         net (fo=1, routed)           0.000    17.382    datapath/video_inst/Inst_vga/color_mapper1/dc_bias[3]_i_106_n_0
    SLICE_X147Y137       CARRY4 (Prop_carry4_S[2]_CO[3])
                                                      0.398    17.780 r  datapath/video_inst/Inst_vga/color_mapper1/dc_bias_reg[3]_i_53/CO[3]
                         net (fo=1, routed)           0.000    17.780    datapath/video_inst/Inst_vga/color_mapper1/dc_bias_reg[3]_i_53_n_0
    SLICE_X147Y138       CARRY4 (Prop_carry4_CI_O[1])
                                                      0.334    18.114 r  datapath/video_inst/Inst_vga/color_mapper1/dc_bias_reg[3]_i_94/O[1]
                         net (fo=2, routed)           0.613    18.727    datapath/video_inst/Inst_vga/color_mapper1/dc_bias_reg[3]_i_94_n_6
    SLICE_X153Y137       LUT2 (Prop_lut2_I0_O)        0.303    19.030 r  datapath/video_inst/Inst_vga/color_mapper1/dc_bias[3]_i_96/O
                         net (fo=1, routed)           0.000    19.030    datapath/video_inst/Inst_vga/color_mapper1/dc_bias[3]_i_96_n_0
    SLICE_X153Y137       CARRY4 (Prop_carry4_S[1]_O[1])
                                                      0.227    19.257 r  datapath/video_inst/Inst_vga/color_mapper1/dc_bias_reg[3]_i_51/O[1]
                         net (fo=1, routed)           0.530    19.787    datapath/video_inst/Inst_vga/vga_signal_generator1/vertical_counter/dc_bias_reg[3]_i_11[1]
    SLICE_X152Y137       LUT5 (Prop_lut5_I4_O)        0.303    20.090 r  datapath/video_inst/Inst_vga/vga_signal_generator1/vertical_counter/dc_bias[3]_i_32/O
                         net (fo=1, routed)           0.000    20.090    datapath/video_inst/Inst_vga/color_mapper1/dc_bias[3]_i_13_0[3]
    SLICE_X152Y137       CARRY4 (Prop_carry4_S[3]_CO[3])
                                                      0.376    20.466 r  datapath/video_inst/Inst_vga/color_mapper1/dc_bias_reg[3]_i_11/CO[3]
                         net (fo=1, routed)           0.000    20.466    datapath/video_inst/Inst_vga/color_mapper1/dc_bias_reg[3]_i_11_n_0
    SLICE_X152Y138       CARRY4 (Prop_carry4_CI_O[0])
                                                      0.219    20.685 r  datapath/video_inst/Inst_vga/color_mapper1/dc_bias_reg[3]_i_10/O[0]
                         net (fo=2, routed)           0.662    21.347    datapath/video_inst/Inst_vga/color_mapper1/dc_bias_reg[3]_i_10_n_7
    SLICE_X153Y138       LUT3 (Prop_lut3_I1_O)        0.295    21.642 r  datapath/video_inst/Inst_vga/color_mapper1/dc_bias[3]_i_3__0/O
                         net (fo=4, routed)           0.545    22.187    datapath/video_inst/Inst_vga/vga_signal_generator1/vertical_counter/encoded_reg[8]_1
    SLICE_X154Y137       LUT6 (Prop_lut6_I4_O)        0.124    22.311 r  datapath/video_inst/Inst_vga/vga_signal_generator1/vertical_counter/dc_bias[3]_i_2/O
                         net (fo=6, routed)           1.098    23.408    datapath/video_inst/inst_dvid/TDMS_encoder_green/pixel[color][0]
    SLICE_X161Y139       LUT6 (Prop_lut6_I4_O)        0.124    23.532 r  datapath/video_inst/inst_dvid/TDMS_encoder_green/encoded[1]_i_1/O
                         net (fo=2, routed)           0.404    23.936    datapath/video_inst/inst_dvid/TDMS_encoder_green/encoded[1]_i_1_n_0
    SLICE_X160Y139       FDRE                                         r  datapath/video_inst/inst_dvid/TDMS_encoder_green/encoded_reg[1]/D
  -------------------------------------------------------------------    -------------------

                         (clock clk_out1_clk_wiz_0 rise edge)
                                                     40.000    40.000 r  
    BUFGCTRL_X0Y2        BUFG                         0.000    40.000 r  clk_IBUF_BUFG_inst/O
                         net (fo=513, routed)         1.972    41.972    datapath/video_inst/mmcm_adv_inst_display_clocks/inst/clk_in1
    MMCME2_ADV_X1Y0      MMCME2_ADV (Prop_mmcme2_adv_CLKIN1_CLKOUT0)
                                                     -4.637    37.335 r  datapath/video_inst/mmcm_adv_inst_display_clocks/inst/mmcm_adv_inst/CLKOUT0
                         net (fo=1, routed)           2.574    39.909    datapath/video_inst/mmcm_adv_inst_display_clocks/inst/clk_out1_clk_wiz_0
    BUFGCTRL_X0Y4        BUFG (Prop_bufg_I_O)         0.091    40.000 r  datapath/video_inst/mmcm_adv_inst_display_clocks/inst/clkout1_buf/O
                         net (fo=64, routed)          1.711    41.711    datapath/video_inst/inst_dvid/TDMS_encoder_green/clk_out1
    SLICE_X160Y139       FDRE                                         r  datapath/video_inst/inst_dvid/TDMS_encoder_green/encoded_reg[1]/C
                         clock pessimism              0.075    41.786    
                         clock uncertainty           -0.095    41.692    
    SLICE_X160Y139       FDRE (Setup_fdre_C_D)       -0.047    41.645    datapath/video_inst/inst_dvid/TDMS_encoder_green/encoded_reg[1]
  -------------------------------------------------------------------
                         required time                         41.645    
                         arrival time                         -23.936    
  -------------------------------------------------------------------
                         slack                                 17.709    

Slack (MET) :             17.986ns  (required time - arrival time)
  Source:                 datapath/video_inst/Inst_vga/vga_signal_generator1/vertical_counter/processQ_reg[2]/C
                            (rising edge-triggered cell FDRE clocked by clk_out1_clk_wiz_0  {rise@0.000ns fall@20.000ns period=40.000ns})
  Destination:            datapath/video_inst/inst_dvid/TDMS_encoder_blue/encoded_reg[1]/D
                            (rising edge-triggered cell FDRE clocked by clk_out1_clk_wiz_0  {rise@0.000ns fall@20.000ns period=40.000ns})
  Path Group:             clk_out1_clk_wiz_0
  Path Type:              Setup (Max at Slow Process Corner)
  Requirement:            40.000ns  (clk_out1_clk_wiz_0 rise@40.000ns - clk_out1_clk_wiz_0 rise@0.000ns)
  Data Path Delay:        22.028ns  (logic 6.717ns (30.493%)  route 15.311ns (69.507%))
  Logic Levels:           25  (CARRY4=11 LUT2=2 LUT3=5 LUT5=3 LUT6=4)
  Clock Path Skew:        0.032ns (DCD - SCD + CPR)
    Destination Clock Delay (DCD):    1.710ns = ( 41.710 - 40.000 ) 
    Source Clock Delay      (SCD):    1.753ns
    Clock Pessimism Removal (CPR):    0.075ns
  Clock Uncertainty:      0.095ns  ((TSJ^2 + DJ^2)^1/2) / 2 + PE
    Total System Jitter     (TSJ):    0.071ns
    Discrete Jitter          (DJ):    0.175ns
    Phase Error              (PE):    0.000ns

    Location             Delay type                Incr(ns)  Path(ns)    Netlist Resource(s)
  -------------------------------------------------------------------    -------------------
                         (clock clk_out1_clk_wiz_0 rise edge)
                                                      0.000     0.000 r  
    BUFGCTRL_X0Y2        BUFG                         0.000     0.000 r  clk_IBUF_BUFG_inst/O
                         net (fo=513, routed)         2.106     2.106    datapath/video_inst/mmcm_adv_inst_display_clocks/inst/clk_in1
    MMCME2_ADV_X1Y0      MMCME2_ADV (Prop_mmcme2_adv_CLKIN1_CLKOUT0)
                                                     -4.900    -2.793 r  datapath/video_inst/mmcm_adv_inst_display_clocks/inst/mmcm_adv_inst/CLKOUT0
                         net (fo=1, routed)           2.697    -0.096    datapath/video_inst/mmcm_adv_inst_display_clocks/inst/clk_out1_clk_wiz_0
    BUFGCTRL_X0Y4        BUFG (Prop_bufg_I_O)         0.096    -0.000 r  datapath/video_inst/mmcm_adv_inst_display_clocks/inst/clkout1_buf/O
                         net (fo=64, routed)          1.753     1.753    datapath/video_inst/Inst_vga/vga_signal_generator1/vertical_counter/clk_out1
    SLICE_X145Y139       FDRE                                         r  datapath/video_inst/Inst_vga/vga_signal_generator1/vertical_counter/processQ_reg[2]/C
  -------------------------------------------------------------------    -------------------
    SLICE_X145Y139       FDRE (Prop_fdre_C_Q)         0.419     2.172 r  datapath/video_inst/Inst_vga/vga_signal_generator1/vertical_counter/processQ_reg[2]/Q
                         net (fo=103, routed)         2.264     4.437    datapath/video_inst/Inst_vga/vga_signal_generator1/vertical_counter/processQ_reg[2]_0
    SLICE_X156Y139       LUT3 (Prop_lut3_I1_O)        0.299     4.736 r  datapath/video_inst/Inst_vga/vga_signal_generator1/vertical_counter/dc_bias[3]_i_27/O
                         net (fo=51, routed)          1.908     6.644    datapath/video_inst/Inst_vga/color_mapper1/dc_bias_reg[3]_i_350_1
    SLICE_X144Y129       LUT5 (Prop_lut5_I1_O)        0.124     6.768 f  datapath/video_inst/Inst_vga/color_mapper1/dc_bias[3]_i_334/O
                         net (fo=4, routed)           0.951     7.719    datapath/video_inst/Inst_vga/vga_signal_generator1/vertical_counter/processQ_reg[7]_0[1]
    SLICE_X145Y133       LUT3 (Prop_lut3_I0_O)        0.124     7.843 r  datapath/video_inst/Inst_vga/vga_signal_generator1/vertical_counter/dc_bias[3]_i_439/O
                         net (fo=19, routed)          1.816     9.659    datapath/video_inst/Inst_vga/color_mapper1/dc_bias[3]_i_533_0
    SLICE_X150Y140       LUT3 (Prop_lut3_I0_O)        0.124     9.783 r  datapath/video_inst/Inst_vga/color_mapper1/dc_bias[3]_i_414/O
                         net (fo=4, routed)           0.892    10.676    datapath/video_inst/Inst_vga/vga_signal_generator1/vertical_counter/dc_bias_reg[3]_i_655[0]
    SLICE_X150Y133       LUT6 (Prop_lut6_I3_O)        0.124    10.800 r  datapath/video_inst/Inst_vga/vga_signal_generator1/vertical_counter/dc_bias[3]_i_720/O
                         net (fo=1, routed)           0.000    10.800    datapath/video_inst/Inst_vga/color_mapper1/dc_bias[3]_i_651_0[0]
    SLICE_X150Y133       CARRY4 (Prop_carry4_S[1]_CO[3])
                                                      0.533    11.333 r  datapath/video_inst/Inst_vga/color_mapper1/dc_bias_reg[3]_i_655/CO[3]
                         net (fo=1, routed)           0.000    11.333    datapath/video_inst/Inst_vga/color_mapper1/dc_bias_reg[3]_i_655_n_0
    SLICE_X150Y134       CARRY4 (Prop_carry4_CI_CO[3])
                                                      0.117    11.450 r  datapath/video_inst/Inst_vga/color_mapper1/dc_bias_reg[3]_i_514/CO[3]
                         net (fo=1, routed)           0.000    11.450    datapath/video_inst/Inst_vga/color_mapper1/dc_bias_reg[3]_i_514_n_0
    SLICE_X150Y135       CARRY4 (Prop_carry4_CI_CO[3])
                                                      0.117    11.567 r  datapath/video_inst/Inst_vga/color_mapper1/dc_bias_reg[3]_i_398/CO[3]
                         net (fo=1, routed)           0.000    11.567    datapath/video_inst/Inst_vga/color_mapper1/dc_bias_reg[3]_i_398_n_0
    SLICE_X150Y136       CARRY4 (Prop_carry4_CI_CO[3])
                                                      0.117    11.684 r  datapath/video_inst/Inst_vga/color_mapper1/dc_bias_reg[3]_i_248/CO[3]
                         net (fo=1, routed)           0.000    11.684    datapath/video_inst/Inst_vga/color_mapper1/dc_bias_reg[3]_i_248_n_0
    SLICE_X150Y137       CARRY4 (Prop_carry4_CI_O[0])
                                                      0.219    11.903 r  datapath/video_inst/Inst_vga/color_mapper1/dc_bias_reg[3]_i_436/O[0]
                         net (fo=3, routed)           1.150    13.052    datapath/video_inst/Inst_vga/color_mapper1/dc_bias_reg[3]_i_436_n_7
    SLICE_X146Y134       LUT2 (Prop_lut2_I0_O)        0.323    13.375 r  datapath/video_inst/Inst_vga/color_mapper1/dc_bias[3]_i_262/O
                         net (fo=1, routed)           0.789    14.164    datapath/video_inst/Inst_vga/color_mapper1/dc_bias[3]_i_262_n_0
    SLICE_X151Y138       CARRY4 (Prop_carry4_DI[1]_O[3])
                                                      0.820    14.984 r  datapath/video_inst/Inst_vga/color_mapper1/dc_bias_reg[3]_i_153/O[3]
                         net (fo=4, routed)           0.769    15.754    datapath/video_inst/Inst_vga/color_mapper1/dc_bias_reg[3]_i_153_n_4
    SLICE_X145Y137       LUT3 (Prop_lut3_I2_O)        0.306    16.060 r  datapath/video_inst/Inst_vga/color_mapper1/dc_bias[3]_i_159/O
                         net (fo=1, routed)           0.570    16.630    datapath/video_inst/Inst_vga/color_mapper1/dc_bias[3]_i_159_n_0
    SLICE_X145Y137       LUT5 (Prop_lut5_I4_O)        0.124    16.754 r  datapath/video_inst/Inst_vga/color_mapper1/dc_bias[3]_i_102/O
                         net (fo=2, routed)           0.504    17.258    datapath/video_inst/Inst_vga/color_mapper1/dc_bias[3]_i_102_n_0
    SLICE_X147Y137       LUT6 (Prop_lut6_I0_O)        0.124    17.382 r  datapath/video_inst/Inst_vga/color_mapper1/dc_bias[3]_i_106/O
                         net (fo=1, routed)           0.000    17.382    datapath/video_inst/Inst_vga/color_mapper1/dc_bias[3]_i_106_n_0
    SLICE_X147Y137       CARRY4 (Prop_carry4_S[2]_CO[3])
                                                      0.398    17.780 r  datapath/video_inst/Inst_vga/color_mapper1/dc_bias_reg[3]_i_53/CO[3]
                         net (fo=1, routed)           0.000    17.780    datapath/video_inst/Inst_vga/color_mapper1/dc_bias_reg[3]_i_53_n_0
    SLICE_X147Y138       CARRY4 (Prop_carry4_CI_O[1])
                                                      0.334    18.114 r  datapath/video_inst/Inst_vga/color_mapper1/dc_bias_reg[3]_i_94/O[1]
                         net (fo=2, routed)           0.613    18.727    datapath/video_inst/Inst_vga/color_mapper1/dc_bias_reg[3]_i_94_n_6
    SLICE_X153Y137       LUT2 (Prop_lut2_I0_O)        0.303    19.030 r  datapath/video_inst/Inst_vga/color_mapper1/dc_bias[3]_i_96/O
                         net (fo=1, routed)           0.000    19.030    datapath/video_inst/Inst_vga/color_mapper1/dc_bias[3]_i_96_n_0
    SLICE_X153Y137       CARRY4 (Prop_carry4_S[1]_O[1])
                                                      0.227    19.257 r  datapath/video_inst/Inst_vga/color_mapper1/dc_bias_reg[3]_i_51/O[1]
                         net (fo=1, routed)           0.530    19.787    datapath/video_inst/Inst_vga/vga_signal_generator1/vertical_counter/dc_bias_reg[3]_i_11[1]
    SLICE_X152Y137       LUT5 (Prop_lut5_I4_O)        0.303    20.090 r  datapath/video_inst/Inst_vga/vga_signal_generator1/vertical_counter/dc_bias[3]_i_32/O
                         net (fo=1, routed)           0.000    20.090    datapath/video_inst/Inst_vga/color_mapper1/dc_bias[3]_i_13_0[3]
    SLICE_X152Y137       CARRY4 (Prop_carry4_S[3]_CO[3])
                                                      0.376    20.466 r  datapath/video_inst/Inst_vga/color_mapper1/dc_bias_reg[3]_i_11/CO[3]
                         net (fo=1, routed)           0.000    20.466    datapath/video_inst/Inst_vga/color_mapper1/dc_bias_reg[3]_i_11_n_0
    SLICE_X152Y138       CARRY4 (Prop_carry4_CI_O[0])
                                                      0.219    20.685 r  datapath/video_inst/Inst_vga/color_mapper1/dc_bias_reg[3]_i_10/O[0]
                         net (fo=2, routed)           0.662    21.347    datapath/video_inst/Inst_vga/color_mapper1/dc_bias_reg[3]_i_10_n_7
    SLICE_X153Y138       LUT3 (Prop_lut3_I1_O)        0.295    21.642 r  datapath/video_inst/Inst_vga/color_mapper1/dc_bias[3]_i_3__0/O
                         net (fo=4, routed)           0.612    22.254    datapath/video_inst/Inst_vga/color_mapper1/processQ_reg[9]_12
    SLICE_X154Y135       LUT6 (Prop_lut6_I0_O)        0.124    22.378 r  datapath/video_inst/Inst_vga/color_mapper1/dc_bias[3]_i_2__0/O
                         net (fo=10, routed)          1.279    23.658    datapath/video_inst/Inst_vga/vga_signal_generator1/encoded_reg[1]
    SLICE_X158Y142       LUT6 (Prop_lut6_I3_O)        0.124    23.782 r  datapath/video_inst/Inst_vga/vga_signal_generator1/encoded[1]_i_1__0/O
                         net (fo=1, routed)           0.000    23.782    datapath/video_inst/inst_dvid/TDMS_encoder_blue/encoded_reg[4]_0[1]
    SLICE_X158Y142       FDRE                                         r  datapath/video_inst/inst_dvid/TDMS_encoder_blue/encoded_reg[1]/D
  -------------------------------------------------------------------    -------------------

                         (clock clk_out1_clk_wiz_0 rise edge)
                                                     40.000    40.000 r  
    BUFGCTRL_X0Y2        BUFG                         0.000    40.000 r  clk_IBUF_BUFG_inst/O
                         net (fo=513, routed)         1.972    41.972    datapath/video_inst/mmcm_adv_inst_display_clocks/inst/clk_in1
    MMCME2_ADV_X1Y0      MMCME2_ADV (Prop_mmcme2_adv_CLKIN1_CLKOUT0)
                                                     -4.637    37.335 r  datapath/video_inst/mmcm_adv_inst_display_clocks/inst/mmcm_adv_inst/CLKOUT0
                         net (fo=1, routed)           2.574    39.909    datapath/video_inst/mmcm_adv_inst_display_clocks/inst/clk_out1_clk_wiz_0
    BUFGCTRL_X0Y4        BUFG (Prop_bufg_I_O)         0.091    40.000 r  datapath/video_inst/mmcm_adv_inst_display_clocks/inst/clkout1_buf/O
                         net (fo=64, routed)          1.710    41.710    datapath/video_inst/inst_dvid/TDMS_encoder_blue/clk_out1
    SLICE_X158Y142       FDRE                                         r  datapath/video_inst/inst_dvid/TDMS_encoder_blue/encoded_reg[1]/C
                         clock pessimism              0.075    41.785    
                         clock uncertainty           -0.095    41.691    
    SLICE_X158Y142       FDRE (Setup_fdre_C_D)        0.077    41.768    datapath/video_inst/inst_dvid/TDMS_encoder_blue/encoded_reg[1]
  -------------------------------------------------------------------
                         required time                         41.768    
                         arrival time                         -23.782    
  -------------------------------------------------------------------
                         slack                                 17.986    

Slack (MET) :             17.998ns  (required time - arrival time)
  Source:                 datapath/video_inst/Inst_vga/vga_signal_generator1/vertical_counter/processQ_reg[2]/C
                            (rising edge-triggered cell FDRE clocked by clk_out1_clk_wiz_0  {rise@0.000ns fall@20.000ns period=40.000ns})
  Destination:            datapath/video_inst/inst_dvid/TDMS_encoder_blue/encoded_reg[2]/D
                            (rising edge-triggered cell FDRE clocked by clk_out1_clk_wiz_0  {rise@0.000ns fall@20.000ns period=40.000ns})
  Path Group:             clk_out1_clk_wiz_0
  Path Type:              Setup (Max at Slow Process Corner)
  Requirement:            40.000ns  (clk_out1_clk_wiz_0 rise@40.000ns - clk_out1_clk_wiz_0 rise@0.000ns)
  Data Path Delay:        22.020ns  (logic 6.717ns (30.504%)  route 15.303ns (69.496%))
  Logic Levels:           25  (CARRY4=11 LUT2=2 LUT3=5 LUT5=3 LUT6=4)
  Clock Path Skew:        0.032ns (DCD - SCD + CPR)
    Destination Clock Delay (DCD):    1.710ns = ( 41.710 - 40.000 ) 
    Source Clock Delay      (SCD):    1.753ns
    Clock Pessimism Removal (CPR):    0.075ns
  Clock Uncertainty:      0.095ns  ((TSJ^2 + DJ^2)^1/2) / 2 + PE
    Total System Jitter     (TSJ):    0.071ns
    Discrete Jitter          (DJ):    0.175ns
    Phase Error              (PE):    0.000ns

    Location             Delay type                Incr(ns)  Path(ns)    Netlist Resource(s)
  -------------------------------------------------------------------    -------------------
                         (clock clk_out1_clk_wiz_0 rise edge)
                                                      0.000     0.000 r  
    BUFGCTRL_X0Y2        BUFG                         0.000     0.000 r  clk_IBUF_BUFG_inst/O
                         net (fo=513, routed)         2.106     2.106    datapath/video_inst/mmcm_adv_inst_display_clocks/inst/clk_in1
    MMCME2_ADV_X1Y0      MMCME2_ADV (Prop_mmcme2_adv_CLKIN1_CLKOUT0)
                                                     -4.900    -2.793 r  datapath/video_inst/mmcm_adv_inst_display_clocks/inst/mmcm_adv_inst/CLKOUT0
                         net (fo=1, routed)           2.697    -0.096    datapath/video_inst/mmcm_adv_inst_display_clocks/inst/clk_out1_clk_wiz_0
    BUFGCTRL_X0Y4        BUFG (Prop_bufg_I_O)         0.096    -0.000 r  datapath/video_inst/mmcm_adv_inst_display_clocks/inst/clkout1_buf/O
                         net (fo=64, routed)          1.753     1.753    datapath/video_inst/Inst_vga/vga_signal_generator1/vertical_counter/clk_out1
    SLICE_X145Y139       FDRE                                         r  datapath/video_inst/Inst_vga/vga_signal_generator1/vertical_counter/processQ_reg[2]/C
  -------------------------------------------------------------------    -------------------
    SLICE_X145Y139       FDRE (Prop_fdre_C_Q)         0.419     2.172 r  datapath/video_inst/Inst_vga/vga_signal_generator1/vertical_counter/processQ_reg[2]/Q
                         net (fo=103, routed)         2.264     4.437    datapath/video_inst/Inst_vga/vga_signal_generator1/vertical_counter/processQ_reg[2]_0
    SLICE_X156Y139       LUT3 (Prop_lut3_I1_O)        0.299     4.736 r  datapath/video_inst/Inst_vga/vga_signal_generator1/vertical_counter/dc_bias[3]_i_27/O
                         net (fo=51, routed)          1.908     6.644    datapath/video_inst/Inst_vga/color_mapper1/dc_bias_reg[3]_i_350_1
    SLICE_X144Y129       LUT5 (Prop_lut5_I1_O)        0.124     6.768 f  datapath/video_inst/Inst_vga/color_mapper1/dc_bias[3]_i_334/O
                         net (fo=4, routed)           0.951     7.719    datapath/video_inst/Inst_vga/vga_signal_generator1/vertical_counter/processQ_reg[7]_0[1]
    SLICE_X145Y133       LUT3 (Prop_lut3_I0_O)        0.124     7.843 r  datapath/video_inst/Inst_vga/vga_signal_generator1/vertical_counter/dc_bias[3]_i_439/O
                         net (fo=19, routed)          1.816     9.659    datapath/video_inst/Inst_vga/color_mapper1/dc_bias[3]_i_533_0
    SLICE_X150Y140       LUT3 (Prop_lut3_I0_O)        0.124     9.783 r  datapath/video_inst/Inst_vga/color_mapper1/dc_bias[3]_i_414/O
                         net (fo=4, routed)           0.892    10.676    datapath/video_inst/Inst_vga/vga_signal_generator1/vertical_counter/dc_bias_reg[3]_i_655[0]
    SLICE_X150Y133       LUT6 (Prop_lut6_I3_O)        0.124    10.800 r  datapath/video_inst/Inst_vga/vga_signal_generator1/vertical_counter/dc_bias[3]_i_720/O
                         net (fo=1, routed)           0.000    10.800    datapath/video_inst/Inst_vga/color_mapper1/dc_bias[3]_i_651_0[0]
    SLICE_X150Y133       CARRY4 (Prop_carry4_S[1]_CO[3])
                                                      0.533    11.333 r  datapath/video_inst/Inst_vga/color_mapper1/dc_bias_reg[3]_i_655/CO[3]
                         net (fo=1, routed)           0.000    11.333    datapath/video_inst/Inst_vga/color_mapper1/dc_bias_reg[3]_i_655_n_0
    SLICE_X150Y134       CARRY4 (Prop_carry4_CI_CO[3])
                                                      0.117    11.450 r  datapath/video_inst/Inst_vga/color_mapper1/dc_bias_reg[3]_i_514/CO[3]
                         net (fo=1, routed)           0.000    11.450    datapath/video_inst/Inst_vga/color_mapper1/dc_bias_reg[3]_i_514_n_0
    SLICE_X150Y135       CARRY4 (Prop_carry4_CI_CO[3])
                                                      0.117    11.567 r  datapath/video_inst/Inst_vga/color_mapper1/dc_bias_reg[3]_i_398/CO[3]
                         net (fo=1, routed)           0.000    11.567    datapath/video_inst/Inst_vga/color_mapper1/dc_bias_reg[3]_i_398_n_0
    SLICE_X150Y136       CARRY4 (Prop_carry4_CI_CO[3])
                                                      0.117    11.684 r  datapath/video_inst/Inst_vga/color_mapper1/dc_bias_reg[3]_i_248/CO[3]
                         net (fo=1, routed)           0.000    11.684    datapath/video_inst/Inst_vga/color_mapper1/dc_bias_reg[3]_i_248_n_0
    SLICE_X150Y137       CARRY4 (Prop_carry4_CI_O[0])
                                                      0.219    11.903 r  datapath/video_inst/Inst_vga/color_mapper1/dc_bias_reg[3]_i_436/O[0]
                         net (fo=3, routed)           1.150    13.052    datapath/video_inst/Inst_vga/color_mapper1/dc_bias_reg[3]_i_436_n_7
    SLICE_X146Y134       LUT2 (Prop_lut2_I0_O)        0.323    13.375 r  datapath/video_inst/Inst_vga/color_mapper1/dc_bias[3]_i_262/O
                         net (fo=1, routed)           0.789    14.164    datapath/video_inst/Inst_vga/color_mapper1/dc_bias[3]_i_262_n_0
    SLICE_X151Y138       CARRY4 (Prop_carry4_DI[1]_O[3])
                                                      0.820    14.984 r  datapath/video_inst/Inst_vga/color_mapper1/dc_bias_reg[3]_i_153/O[3]
                         net (fo=4, routed)           0.769    15.754    datapath/video_inst/Inst_vga/color_mapper1/dc_bias_reg[3]_i_153_n_4
    SLICE_X145Y137       LUT3 (Prop_lut3_I2_O)        0.306    16.060 r  datapath/video_inst/Inst_vga/color_mapper1/dc_bias[3]_i_159/O
                         net (fo=1, routed)           0.570    16.630    datapath/video_inst/Inst_vga/color_mapper1/dc_bias[3]_i_159_n_0
    SLICE_X145Y137       LUT5 (Prop_lut5_I4_O)        0.124    16.754 r  datapath/video_inst/Inst_vga/color_mapper1/dc_bias[3]_i_102/O
                         net (fo=2, routed)           0.504    17.258    datapath/video_inst/Inst_vga/color_mapper1/dc_bias[3]_i_102_n_0
    SLICE_X147Y137       LUT6 (Prop_lut6_I0_O)        0.124    17.382 r  datapath/video_inst/Inst_vga/color_mapper1/dc_bias[3]_i_106/O
                         net (fo=1, routed)           0.000    17.382    datapath/video_inst/Inst_vga/color_mapper1/dc_bias[3]_i_106_n_0
    SLICE_X147Y137       CARRY4 (Prop_carry4_S[2]_CO[3])
                                                      0.398    17.780 r  datapath/video_inst/Inst_vga/color_mapper1/dc_bias_reg[3]_i_53/CO[3]
                         net (fo=1, routed)           0.000    17.780    datapath/video_inst/Inst_vga/color_mapper1/dc_bias_reg[3]_i_53_n_0
    SLICE_X147Y138       CARRY4 (Prop_carry4_CI_O[1])
                                                      0.334    18.114 r  datapath/video_inst/Inst_vga/color_mapper1/dc_bias_reg[3]_i_94/O[1]
                         net (fo=2, routed)           0.613    18.727    datapath/video_inst/Inst_vga/color_mapper1/dc_bias_reg[3]_i_94_n_6
    SLICE_X153Y137       LUT2 (Prop_lut2_I0_O)        0.303    19.030 r  datapath/video_inst/Inst_vga/color_mapper1/dc_bias[3]_i_96/O
                         net (fo=1, routed)           0.000    19.030    datapath/video_inst/Inst_vga/color_mapper1/dc_bias[3]_i_96_n_0
    SLICE_X153Y137       CARRY4 (Prop_carry4_S[1]_O[1])
                                                      0.227    19.257 r  datapath/video_inst/Inst_vga/color_mapper1/dc_bias_reg[3]_i_51/O[1]
                         net (fo=1, routed)           0.530    19.787    datapath/video_inst/Inst_vga/vga_signal_generator1/vertical_counter/dc_bias_reg[3]_i_11[1]
    SLICE_X152Y137       LUT5 (Prop_lut5_I4_O)        0.303    20.090 r  datapath/video_inst/Inst_vga/vga_signal_generator1/vertical_counter/dc_bias[3]_i_32/O
                         net (fo=1, routed)           0.000    20.090    datapath/video_inst/Inst_vga/color_mapper1/dc_bias[3]_i_13_0[3]
    SLICE_X152Y137       CARRY4 (Prop_carry4_S[3]_CO[3])
                                                      0.376    20.466 r  datapath/video_inst/Inst_vga/color_mapper1/dc_bias_reg[3]_i_11/CO[3]
                         net (fo=1, routed)           0.000    20.466    datapath/video_inst/Inst_vga/color_mapper1/dc_bias_reg[3]_i_11_n_0
    SLICE_X152Y138       CARRY4 (Prop_carry4_CI_O[0])
                                                      0.219    20.685 r  datapath/video_inst/Inst_vga/color_mapper1/dc_bias_reg[3]_i_10/O[0]
                         net (fo=2, routed)           0.662    21.347    datapath/video_inst/Inst_vga/color_mapper1/dc_bias_reg[3]_i_10_n_7
    SLICE_X153Y138       LUT3 (Prop_lut3_I1_O)        0.295    21.642 r  datapath/video_inst/Inst_vga/color_mapper1/dc_bias[3]_i_3__0/O
                         net (fo=4, routed)           0.612    22.254    datapath/video_inst/Inst_vga/color_mapper1/processQ_reg[9]_12
    SLICE_X154Y135       LUT6 (Prop_lut6_I0_O)        0.124    22.378 r  datapath/video_inst/Inst_vga/color_mapper1/dc_bias[3]_i_2__0/O
                         net (fo=10, routed)          1.271    23.650    datapath/video_inst/Inst_vga/vga_signal_generator1/encoded_reg[1]
    SLICE_X158Y142       LUT6 (Prop_lut6_I3_O)        0.124    23.774 r  datapath/video_inst/Inst_vga/vga_signal_generator1/encoded[2]_i_1/O
                         net (fo=1, routed)           0.000    23.774    datapath/video_inst/inst_dvid/TDMS_encoder_blue/encoded_reg[4]_0[2]
    SLICE_X158Y142       FDRE                                         r  datapath/video_inst/inst_dvid/TDMS_encoder_blue/encoded_reg[2]/D
  -------------------------------------------------------------------    -------------------

                         (clock clk_out1_clk_wiz_0 rise edge)
                                                     40.000    40.000 r  
    BUFGCTRL_X0Y2        BUFG                         0.000    40.000 r  clk_IBUF_BUFG_inst/O
                         net (fo=513, routed)         1.972    41.972    datapath/video_inst/mmcm_adv_inst_display_clocks/inst/clk_in1
    MMCME2_ADV_X1Y0      MMCME2_ADV (Prop_mmcme2_adv_CLKIN1_CLKOUT0)
                                                     -4.637    37.335 r  datapath/video_inst/mmcm_adv_inst_display_clocks/inst/mmcm_adv_inst/CLKOUT0
                         net (fo=1, routed)           2.574    39.909    datapath/video_inst/mmcm_adv_inst_display_clocks/inst/clk_out1_clk_wiz_0
    BUFGCTRL_X0Y4        BUFG (Prop_bufg_I_O)         0.091    40.000 r  datapath/video_inst/mmcm_adv_inst_display_clocks/inst/clkout1_buf/O
                         net (fo=64, routed)          1.710    41.710    datapath/video_inst/inst_dvid/TDMS_encoder_blue/clk_out1
    SLICE_X158Y142       FDRE                                         r  datapath/video_inst/inst_dvid/TDMS_encoder_blue/encoded_reg[2]/C
                         clock pessimism              0.075    41.785    
                         clock uncertainty           -0.095    41.691    
    SLICE_X158Y142       FDRE (Setup_fdre_C_D)        0.081    41.772    datapath/video_inst/inst_dvid/TDMS_encoder_blue/encoded_reg[2]
  -------------------------------------------------------------------
                         required time                         41.772    
                         arrival time                         -23.774    
  -------------------------------------------------------------------
                         slack                                 17.998    

Slack (MET) :             18.069ns  (required time - arrival time)
  Source:                 datapath/video_inst/Inst_vga/vga_signal_generator1/vertical_counter/processQ_reg[2]/C
                            (rising edge-triggered cell FDRE clocked by clk_out1_clk_wiz_0  {rise@0.000ns fall@20.000ns period=40.000ns})
  Destination:            datapath/video_inst/inst_dvid/TDMS_encoder_green/encoded_reg[9]/D
                            (rising edge-triggered cell FDRE clocked by clk_out1_clk_wiz_0  {rise@0.000ns fall@20.000ns period=40.000ns})
  Path Group:             clk_out1_clk_wiz_0
  Path Type:              Setup (Max at Slow Process Corner)
  Requirement:            40.000ns  (clk_out1_clk_wiz_0 rise@40.000ns - clk_out1_clk_wiz_0 rise@0.000ns)
  Data Path Delay:        21.945ns  (logic 6.745ns (30.736%)  route 15.200ns (69.264%))
  Logic Levels:           25  (CARRY4=11 LUT2=2 LUT3=5 LUT5=4 LUT6=3)
  Clock Path Skew:        0.033ns (DCD - SCD + CPR)
    Destination Clock Delay (DCD):    1.711ns = ( 41.711 - 40.000 ) 
    Source Clock Delay      (SCD):    1.753ns
    Clock Pessimism Removal (CPR):    0.075ns
  Clock Uncertainty:      0.095ns  ((TSJ^2 + DJ^2)^1/2) / 2 + PE
    Total System Jitter     (TSJ):    0.071ns
    Discrete Jitter          (DJ):    0.175ns
    Phase Error              (PE):    0.000ns

    Location             Delay type                Incr(ns)  Path(ns)    Netlist Resource(s)
  -------------------------------------------------------------------    -------------------
                         (clock clk_out1_clk_wiz_0 rise edge)
                                                      0.000     0.000 r  
    BUFGCTRL_X0Y2        BUFG                         0.000     0.000 r  clk_IBUF_BUFG_inst/O
                         net (fo=513, routed)         2.106     2.106    datapath/video_inst/mmcm_adv_inst_display_clocks/inst/clk_in1
    MMCME2_ADV_X1Y0      MMCME2_ADV (Prop_mmcme2_adv_CLKIN1_CLKOUT0)
                                                     -4.900    -2.793 r  datapath/video_inst/mmcm_adv_inst_display_clocks/inst/mmcm_adv_inst/CLKOUT0
                         net (fo=1, routed)           2.697    -0.096    datapath/video_inst/mmcm_adv_inst_display_clocks/inst/clk_out1_clk_wiz_0
    BUFGCTRL_X0Y4        BUFG (Prop_bufg_I_O)         0.096    -0.000 r  datapath/video_inst/mmcm_adv_inst_display_clocks/inst/clkout1_buf/O
                         net (fo=64, routed)          1.753     1.753    datapath/video_inst/Inst_vga/vga_signal_generator1/vertical_counter/clk_out1
    SLICE_X145Y139       FDRE                                         r  datapath/video_inst/Inst_vga/vga_signal_generator1/vertical_counter/processQ_reg[2]/C
  -------------------------------------------------------------------    -------------------
    SLICE_X145Y139       FDRE (Prop_fdre_C_Q)         0.419     2.172 r  datapath/video_inst/Inst_vga/vga_signal_generator1/vertical_counter/processQ_reg[2]/Q
                         net (fo=103, routed)         2.264     4.437    datapath/video_inst/Inst_vga/vga_signal_generator1/vertical_counter/processQ_reg[2]_0
    SLICE_X156Y139       LUT3 (Prop_lut3_I1_O)        0.299     4.736 r  datapath/video_inst/Inst_vga/vga_signal_generator1/vertical_counter/dc_bias[3]_i_27/O
                         net (fo=51, routed)          1.908     6.644    datapath/video_inst/Inst_vga/color_mapper1/dc_bias_reg[3]_i_350_1
    SLICE_X144Y129       LUT5 (Prop_lut5_I1_O)        0.124     6.768 f  datapath/video_inst/Inst_vga/color_mapper1/dc_bias[3]_i_334/O
                         net (fo=4, routed)           0.951     7.719    datapath/video_inst/Inst_vga/vga_signal_generator1/vertical_counter/processQ_reg[7]_0[1]
    SLICE_X145Y133       LUT3 (Prop_lut3_I0_O)        0.124     7.843 r  datapath/video_inst/Inst_vga/vga_signal_generator1/vertical_counter/dc_bias[3]_i_439/O
                         net (fo=19, routed)          1.816     9.659    datapath/video_inst/Inst_vga/color_mapper1/dc_bias[3]_i_533_0
    SLICE_X150Y140       LUT3 (Prop_lut3_I0_O)        0.124     9.783 r  datapath/video_inst/Inst_vga/color_mapper1/dc_bias[3]_i_414/O
                         net (fo=4, routed)           0.892    10.676    datapath/video_inst/Inst_vga/vga_signal_generator1/vertical_counter/dc_bias_reg[3]_i_655[0]
    SLICE_X150Y133       LUT6 (Prop_lut6_I3_O)        0.124    10.800 r  datapath/video_inst/Inst_vga/vga_signal_generator1/vertical_counter/dc_bias[3]_i_720/O
                         net (fo=1, routed)           0.000    10.800    datapath/video_inst/Inst_vga/color_mapper1/dc_bias[3]_i_651_0[0]
    SLICE_X150Y133       CARRY4 (Prop_carry4_S[1]_CO[3])
                                                      0.533    11.333 r  datapath/video_inst/Inst_vga/color_mapper1/dc_bias_reg[3]_i_655/CO[3]
                         net (fo=1, routed)           0.000    11.333    datapath/video_inst/Inst_vga/color_mapper1/dc_bias_reg[3]_i_655_n_0
    SLICE_X150Y134       CARRY4 (Prop_carry4_CI_CO[3])
                                                      0.117    11.450 r  datapath/video_inst/Inst_vga/color_mapper1/dc_bias_reg[3]_i_514/CO[3]
                         net (fo=1, routed)           0.000    11.450    datapath/video_inst/Inst_vga/color_mapper1/dc_bias_reg[3]_i_514_n_0
    SLICE_X150Y135       CARRY4 (Prop_carry4_CI_CO[3])
                                                      0.117    11.567 r  datapath/video_inst/Inst_vga/color_mapper1/dc_bias_reg[3]_i_398/CO[3]
                         net (fo=1, routed)           0.000    11.567    datapath/video_inst/Inst_vga/color_mapper1/dc_bias_reg[3]_i_398_n_0
    SLICE_X150Y136       CARRY4 (Prop_carry4_CI_CO[3])
                                                      0.117    11.684 r  datapath/video_inst/Inst_vga/color_mapper1/dc_bias_reg[3]_i_248/CO[3]
                         net (fo=1, routed)           0.000    11.684    datapath/video_inst/Inst_vga/color_mapper1/dc_bias_reg[3]_i_248_n_0
    SLICE_X150Y137       CARRY4 (Prop_carry4_CI_O[0])
                                                      0.219    11.903 r  datapath/video_inst/Inst_vga/color_mapper1/dc_bias_reg[3]_i_436/O[0]
                         net (fo=3, routed)           1.150    13.052    datapath/video_inst/Inst_vga/color_mapper1/dc_bias_reg[3]_i_436_n_7
    SLICE_X146Y134       LUT2 (Prop_lut2_I0_O)        0.323    13.375 r  datapath/video_inst/Inst_vga/color_mapper1/dc_bias[3]_i_262/O
                         net (fo=1, routed)           0.789    14.164    datapath/video_inst/Inst_vga/color_mapper1/dc_bias[3]_i_262_n_0
    SLICE_X151Y138       CARRY4 (Prop_carry4_DI[1]_O[3])
                                                      0.820    14.984 r  datapath/video_inst/Inst_vga/color_mapper1/dc_bias_reg[3]_i_153/O[3]
                         net (fo=4, routed)           0.769    15.754    datapath/video_inst/Inst_vga/color_mapper1/dc_bias_reg[3]_i_153_n_4
    SLICE_X145Y137       LUT3 (Prop_lut3_I2_O)        0.306    16.060 r  datapath/video_inst/Inst_vga/color_mapper1/dc_bias[3]_i_159/O
                         net (fo=1, routed)           0.570    16.630    datapath/video_inst/Inst_vga/color_mapper1/dc_bias[3]_i_159_n_0
    SLICE_X145Y137       LUT5 (Prop_lut5_I4_O)        0.124    16.754 r  datapath/video_inst/Inst_vga/color_mapper1/dc_bias[3]_i_102/O
                         net (fo=2, routed)           0.504    17.258    datapath/video_inst/Inst_vga/color_mapper1/dc_bias[3]_i_102_n_0
    SLICE_X147Y137       LUT6 (Prop_lut6_I0_O)        0.124    17.382 r  datapath/video_inst/Inst_vga/color_mapper1/dc_bias[3]_i_106/O
                         net (fo=1, routed)           0.000    17.382    datapath/video_inst/Inst_vga/color_mapper1/dc_bias[3]_i_106_n_0
    SLICE_X147Y137       CARRY4 (Prop_carry4_S[2]_CO[3])
                                                      0.398    17.780 r  datapath/video_inst/Inst_vga/color_mapper1/dc_bias_reg[3]_i_53/CO[3]
                         net (fo=1, routed)           0.000    17.780    datapath/video_inst/Inst_vga/color_mapper1/dc_bias_reg[3]_i_53_n_0
    SLICE_X147Y138       CARRY4 (Prop_carry4_CI_O[1])
                                                      0.334    18.114 r  datapath/video_inst/Inst_vga/color_mapper1/dc_bias_reg[3]_i_94/O[1]
                         net (fo=2, routed)           0.613    18.727    datapath/video_inst/Inst_vga/color_mapper1/dc_bias_reg[3]_i_94_n_6
    SLICE_X153Y137       LUT2 (Prop_lut2_I0_O)        0.303    19.030 r  datapath/video_inst/Inst_vga/color_mapper1/dc_bias[3]_i_96/O
                         net (fo=1, routed)           0.000    19.030    datapath/video_inst/Inst_vga/color_mapper1/dc_bias[3]_i_96_n_0
    SLICE_X153Y137       CARRY4 (Prop_carry4_S[1]_O[1])
                                                      0.227    19.257 r  datapath/video_inst/Inst_vga/color_mapper1/dc_bias_reg[3]_i_51/O[1]
                         net (fo=1, routed)           0.530    19.787    datapath/video_inst/Inst_vga/vga_signal_generator1/vertical_counter/dc_bias_reg[3]_i_11[1]
    SLICE_X152Y137       LUT5 (Prop_lut5_I4_O)        0.303    20.090 r  datapath/video_inst/Inst_vga/vga_signal_generator1/vertical_counter/dc_bias[3]_i_32/O
                         net (fo=1, routed)           0.000    20.090    datapath/video_inst/Inst_vga/color_mapper1/dc_bias[3]_i_13_0[3]
    SLICE_X152Y137       CARRY4 (Prop_carry4_S[3]_CO[3])
                                                      0.376    20.466 r  datapath/video_inst/Inst_vga/color_mapper1/dc_bias_reg[3]_i_11/CO[3]
                         net (fo=1, routed)           0.000    20.466    datapath/video_inst/Inst_vga/color_mapper1/dc_bias_reg[3]_i_11_n_0
    SLICE_X152Y138       CARRY4 (Prop_carry4_CI_O[0])
                                                      0.219    20.685 r  datapath/video_inst/Inst_vga/color_mapper1/dc_bias_reg[3]_i_10/O[0]
                         net (fo=2, routed)           0.662    21.347    datapath/video_inst/Inst_vga/color_mapper1/dc_bias_reg[3]_i_10_n_7
    SLICE_X153Y138       LUT3 (Prop_lut3_I1_O)        0.295    21.642 r  datapath/video_inst/Inst_vga/color_mapper1/dc_bias[3]_i_3__0/O
                         net (fo=4, routed)           0.545    22.187    datapath/video_inst/Inst_vga/vga_signal_generator1/vertical_counter/encoded_reg[8]_1
    SLICE_X154Y137       LUT6 (Prop_lut6_I4_O)        0.124    22.311 r  datapath/video_inst/Inst_vga/vga_signal_generator1/vertical_counter/dc_bias[3]_i_2/O
                         net (fo=6, routed)           1.235    23.546    datapath/video_inst/inst_dvid/TDMS_encoder_green/pixel[color][0]
    SLICE_X161Y139       LUT5 (Prop_lut5_I2_O)        0.152    23.698 r  datapath/video_inst/inst_dvid/TDMS_encoder_green/encoded[9]_i_1/O
                         net (fo=1, routed)           0.000    23.698    datapath/video_inst/inst_dvid/TDMS_encoder_green/encoded[9]_i_1_n_0
    SLICE_X161Y139       FDRE                                         r  datapath/video_inst/inst_dvid/TDMS_encoder_green/encoded_reg[9]/D
  -------------------------------------------------------------------    -------------------

                         (clock clk_out1_clk_wiz_0 rise edge)
                                                     40.000    40.000 r  
    BUFGCTRL_X0Y2        BUFG                         0.000    40.000 r  clk_IBUF_BUFG_inst/O
                         net (fo=513, routed)         1.972    41.972    datapath/video_inst/mmcm_adv_inst_display_clocks/inst/clk_in1
    MMCME2_ADV_X1Y0      MMCME2_ADV (Prop_mmcme2_adv_CLKIN1_CLKOUT0)
                                                     -4.637    37.335 r  datapath/video_inst/mmcm_adv_inst_display_clocks/inst/mmcm_adv_inst/CLKOUT0
                         net (fo=1, routed)           2.574    39.909    datapath/video_inst/mmcm_adv_inst_display_clocks/inst/clk_out1_clk_wiz_0
    BUFGCTRL_X0Y4        BUFG (Prop_bufg_I_O)         0.091    40.000 r  datapath/video_inst/mmcm_adv_inst_display_clocks/inst/clkout1_buf/O
                         net (fo=64, routed)          1.711    41.711    datapath/video_inst/inst_dvid/TDMS_encoder_green/clk_out1
    SLICE_X161Y139       FDRE                                         r  datapath/video_inst/inst_dvid/TDMS_encoder_green/encoded_reg[9]/C
                         clock pessimism              0.075    41.786    
                         clock uncertainty           -0.095    41.692    
    SLICE_X161Y139       FDRE (Setup_fdre_C_D)        0.075    41.767    datapath/video_inst/inst_dvid/TDMS_encoder_green/encoded_reg[9]
  -------------------------------------------------------------------
                         required time                         41.767    
                         arrival time                         -23.698    
  -------------------------------------------------------------------
                         slack                                 18.069    

Slack (MET) :             18.101ns  (required time - arrival time)
  Source:                 datapath/video_inst/Inst_vga/vga_signal_generator1/vertical_counter/processQ_reg[2]/C
                            (rising edge-triggered cell FDRE clocked by clk_out1_clk_wiz_0  {rise@0.000ns fall@20.000ns period=40.000ns})
  Destination:            datapath/video_inst/inst_dvid/TDMS_encoder_red/dc_bias_reg[2]/D
                            (rising edge-triggered cell FDRE clocked by clk_out1_clk_wiz_0  {rise@0.000ns fall@20.000ns period=40.000ns})
  Path Group:             clk_out1_clk_wiz_0
  Path Type:              Setup (Max at Slow Process Corner)
  Requirement:            40.000ns  (clk_out1_clk_wiz_0 rise@40.000ns - clk_out1_clk_wiz_0 rise@0.000ns)
  Data Path Delay:        21.868ns  (logic 6.717ns (30.717%)  route 15.151ns (69.283%))
  Logic Levels:           25  (CARRY4=11 LUT2=2 LUT3=5 LUT5=4 LUT6=3)
  Clock Path Skew:        0.032ns (DCD - SCD + CPR)
    Destination Clock Delay (DCD):    1.710ns = ( 41.710 - 40.000 ) 
    Source Clock Delay      (SCD):    1.753ns
    Clock Pessimism Removal (CPR):    0.075ns
  Clock Uncertainty:      0.095ns  ((TSJ^2 + DJ^2)^1/2) / 2 + PE
    Total System Jitter     (TSJ):    0.071ns
    Discrete Jitter          (DJ):    0.175ns
    Phase Error              (PE):    0.000ns

    Location             Delay type                Incr(ns)  Path(ns)    Netlist Resource(s)
  -------------------------------------------------------------------    -------------------
                         (clock clk_out1_clk_wiz_0 rise edge)
                                                      0.000     0.000 r  
    BUFGCTRL_X0Y2        BUFG                         0.000     0.000 r  clk_IBUF_BUFG_inst/O
                         net (fo=513, routed)         2.106     2.106    datapath/video_inst/mmcm_adv_inst_display_clocks/inst/clk_in1
    MMCME2_ADV_X1Y0      MMCME2_ADV (Prop_mmcme2_adv_CLKIN1_CLKOUT0)
                                                     -4.900    -2.793 r  datapath/video_inst/mmcm_adv_inst_display_clocks/inst/mmcm_adv_inst/CLKOUT0
                         net (fo=1, routed)           2.697    -0.096    datapath/video_inst/mmcm_adv_inst_display_clocks/inst/clk_out1_clk_wiz_0
    BUFGCTRL_X0Y4        BUFG (Prop_bufg_I_O)         0.096    -0.000 r  datapath/video_inst/mmcm_adv_inst_display_clocks/inst/clkout1_buf/O
                         net (fo=64, routed)          1.753     1.753    datapath/video_inst/Inst_vga/vga_signal_generator1/vertical_counter/clk_out1
    SLICE_X145Y139       FDRE                                         r  datapath/video_inst/Inst_vga/vga_signal_generator1/vertical_counter/processQ_reg[2]/C
  -------------------------------------------------------------------    -------------------
    SLICE_X145Y139       FDRE (Prop_fdre_C_Q)         0.419     2.172 r  datapath/video_inst/Inst_vga/vga_signal_generator1/vertical_counter/processQ_reg[2]/Q
                         net (fo=103, routed)         2.264     4.437    datapath/video_inst/Inst_vga/vga_signal_generator1/vertical_counter/processQ_reg[2]_0
    SLICE_X156Y139       LUT3 (Prop_lut3_I1_O)        0.299     4.736 r  datapath/video_inst/Inst_vga/vga_signal_generator1/vertical_counter/dc_bias[3]_i_27/O
                         net (fo=51, routed)          1.908     6.644    datapath/video_inst/Inst_vga/color_mapper1/dc_bias_reg[3]_i_350_1
    SLICE_X144Y129       LUT5 (Prop_lut5_I1_O)        0.124     6.768 f  datapath/video_inst/Inst_vga/color_mapper1/dc_bias[3]_i_334/O
                         net (fo=4, routed)           0.951     7.719    datapath/video_inst/Inst_vga/vga_signal_generator1/vertical_counter/processQ_reg[7]_0[1]
    SLICE_X145Y133       LUT3 (Prop_lut3_I0_O)        0.124     7.843 r  datapath/video_inst/Inst_vga/vga_signal_generator1/vertical_counter/dc_bias[3]_i_439/O
                         net (fo=19, routed)          1.816     9.659    datapath/video_inst/Inst_vga/color_mapper1/dc_bias[3]_i_533_0
    SLICE_X150Y140       LUT3 (Prop_lut3_I0_O)        0.124     9.783 r  datapath/video_inst/Inst_vga/color_mapper1/dc_bias[3]_i_414/O
                         net (fo=4, routed)           0.892    10.676    datapath/video_inst/Inst_vga/vga_signal_generator1/vertical_counter/dc_bias_reg[3]_i_655[0]
    SLICE_X150Y133       LUT6 (Prop_lut6_I3_O)        0.124    10.800 r  datapath/video_inst/Inst_vga/vga_signal_generator1/vertical_counter/dc_bias[3]_i_720/O
                         net (fo=1, routed)           0.000    10.800    datapath/video_inst/Inst_vga/color_mapper1/dc_bias[3]_i_651_0[0]
    SLICE_X150Y133       CARRY4 (Prop_carry4_S[1]_CO[3])
                                                      0.533    11.333 r  datapath/video_inst/Inst_vga/color_mapper1/dc_bias_reg[3]_i_655/CO[3]
                         net (fo=1, routed)           0.000    11.333    datapath/video_inst/Inst_vga/color_mapper1/dc_bias_reg[3]_i_655_n_0
    SLICE_X150Y134       CARRY4 (Prop_carry4_CI_CO[3])
                                                      0.117    11.450 r  datapath/video_inst/Inst_vga/color_mapper1/dc_bias_reg[3]_i_514/CO[3]
                         net (fo=1, routed)           0.000    11.450    datapath/video_inst/Inst_vga/color_mapper1/dc_bias_reg[3]_i_514_n_0
    SLICE_X150Y135       CARRY4 (Prop_carry4_CI_CO[3])
                                                      0.117    11.567 r  datapath/video_inst/Inst_vga/color_mapper1/dc_bias_reg[3]_i_398/CO[3]
                         net (fo=1, routed)           0.000    11.567    datapath/video_inst/Inst_vga/color_mapper1/dc_bias_reg[3]_i_398_n_0
    SLICE_X150Y136       CARRY4 (Prop_carry4_CI_CO[3])
                                                      0.117    11.684 r  datapath/video_inst/Inst_vga/color_mapper1/dc_bias_reg[3]_i_248/CO[3]
                         net (fo=1, routed)           0.000    11.684    datapath/video_inst/Inst_vga/color_mapper1/dc_bias_reg[3]_i_248_n_0
    SLICE_X150Y137       CARRY4 (Prop_carry4_CI_O[0])
                                                      0.219    11.903 r  datapath/video_inst/Inst_vga/color_mapper1/dc_bias_reg[3]_i_436/O[0]
                         net (fo=3, routed)           1.150    13.052    datapath/video_inst/Inst_vga/color_mapper1/dc_bias_reg[3]_i_436_n_7
    SLICE_X146Y134       LUT2 (Prop_lut2_I0_O)        0.323    13.375 r  datapath/video_inst/Inst_vga/color_mapper1/dc_bias[3]_i_262/O
                         net (fo=1, routed)           0.789    14.164    datapath/video_inst/Inst_vga/color_mapper1/dc_bias[3]_i_262_n_0
    SLICE_X151Y138       CARRY4 (Prop_carry4_DI[1]_O[3])
                                                      0.820    14.984 r  datapath/video_inst/Inst_vga/color_mapper1/dc_bias_reg[3]_i_153/O[3]
                         net (fo=4, routed)           0.769    15.754    datapath/video_inst/Inst_vga/color_mapper1/dc_bias_reg[3]_i_153_n_4
    SLICE_X145Y137       LUT3 (Prop_lut3_I2_O)        0.306    16.060 r  datapath/video_inst/Inst_vga/color_mapper1/dc_bias[3]_i_159/O
                         net (fo=1, routed)           0.570    16.630    datapath/video_inst/Inst_vga/color_mapper1/dc_bias[3]_i_159_n_0
    SLICE_X145Y137       LUT5 (Prop_lut5_I4_O)        0.124    16.754 r  datapath/video_inst/Inst_vga/color_mapper1/dc_bias[3]_i_102/O
                         net (fo=2, routed)           0.504    17.258    datapath/video_inst/Inst_vga/color_mapper1/dc_bias[3]_i_102_n_0
    SLICE_X147Y137       LUT6 (Prop_lut6_I0_O)        0.124    17.382 r  datapath/video_inst/Inst_vga/color_mapper1/dc_bias[3]_i_106/O
                         net (fo=1, routed)           0.000    17.382    datapath/video_inst/Inst_vga/color_mapper1/dc_bias[3]_i_106_n_0
    SLICE_X147Y137       CARRY4 (Prop_carry4_S[2]_CO[3])
                                                      0.398    17.780 r  datapath/video_inst/Inst_vga/color_mapper1/dc_bias_reg[3]_i_53/CO[3]
                         net (fo=1, routed)           0.000    17.780    datapath/video_inst/Inst_vga/color_mapper1/dc_bias_reg[3]_i_53_n_0
    SLICE_X147Y138       CARRY4 (Prop_carry4_CI_O[1])
                                                      0.334    18.114 r  datapath/video_inst/Inst_vga/color_mapper1/dc_bias_reg[3]_i_94/O[1]
                         net (fo=2, routed)           0.613    18.727    datapath/video_inst/Inst_vga/color_mapper1/dc_bias_reg[3]_i_94_n_6
    SLICE_X153Y137       LUT2 (Prop_lut2_I0_O)        0.303    19.030 r  datapath/video_inst/Inst_vga/color_mapper1/dc_bias[3]_i_96/O
                         net (fo=1, routed)           0.000    19.030    datapath/video_inst/Inst_vga/color_mapper1/dc_bias[3]_i_96_n_0
    SLICE_X153Y137       CARRY4 (Prop_carry4_S[1]_O[1])
                                                      0.227    19.257 r  datapath/video_inst/Inst_vga/color_mapper1/dc_bias_reg[3]_i_51/O[1]
                         net (fo=1, routed)           0.530    19.787    datapath/video_inst/Inst_vga/vga_signal_generator1/vertical_counter/dc_bias_reg[3]_i_11[1]
    SLICE_X152Y137       LUT5 (Prop_lut5_I4_O)        0.303    20.090 r  datapath/video_inst/Inst_vga/vga_signal_generator1/vertical_counter/dc_bias[3]_i_32/O
                         net (fo=1, routed)           0.000    20.090    datapath/video_inst/Inst_vga/color_mapper1/dc_bias[3]_i_13_0[3]
    SLICE_X152Y137       CARRY4 (Prop_carry4_S[3]_CO[3])
                                                      0.376    20.466 r  datapath/video_inst/Inst_vga/color_mapper1/dc_bias_reg[3]_i_11/CO[3]
                         net (fo=1, routed)           0.000    20.466    datapath/video_inst/Inst_vga/color_mapper1/dc_bias_reg[3]_i_11_n_0
    SLICE_X152Y138       CARRY4 (Prop_carry4_CI_O[0])
                                                      0.219    20.685 r  datapath/video_inst/Inst_vga/color_mapper1/dc_bias_reg[3]_i_10/O[0]
                         net (fo=2, routed)           0.662    21.347    datapath/video_inst/Inst_vga/color_mapper1/dc_bias_reg[3]_i_10_n_7
    SLICE_X153Y138       LUT3 (Prop_lut3_I1_O)        0.295    21.642 r  datapath/video_inst/Inst_vga/color_mapper1/dc_bias[3]_i_3__0/O
                         net (fo=4, routed)           0.458    22.100    datapath/video_inst/Inst_vga/color_mapper1/processQ_reg[9]_12
    SLICE_X154Y137       LUT6 (Prop_lut6_I0_O)        0.124    22.224 r  datapath/video_inst/Inst_vga/color_mapper1/dc_bias[3]_i_2__1/O
                         net (fo=14, routed)          1.273    23.497    datapath/video_inst/inst_dvid/TDMS_encoder_red/pixel[color][0]
    SLICE_X159Y141       LUT5 (Prop_lut5_I4_O)        0.124    23.621 r  datapath/video_inst/inst_dvid/TDMS_encoder_red/dc_bias[2]_i_1__1/O
                         net (fo=1, routed)           0.000    23.621    datapath/video_inst/inst_dvid/TDMS_encoder_red/dc_bias[2]_i_1__1_n_0
    SLICE_X159Y141       FDRE                                         r  datapath/video_inst/inst_dvid/TDMS_encoder_red/dc_bias_reg[2]/D
  -------------------------------------------------------------------    -------------------

                         (clock clk_out1_clk_wiz_0 rise edge)
                                                     40.000    40.000 r  
    BUFGCTRL_X0Y2        BUFG                         0.000    40.000 r  clk_IBUF_BUFG_inst/O
                         net (fo=513, routed)         1.972    41.972    datapath/video_inst/mmcm_adv_inst_display_clocks/inst/clk_in1
    MMCME2_ADV_X1Y0      MMCME2_ADV (Prop_mmcme2_adv_CLKIN1_CLKOUT0)
                                                     -4.637    37.335 r  datapath/video_inst/mmcm_adv_inst_display_clocks/inst/mmcm_adv_inst/CLKOUT0
                         net (fo=1, routed)           2.574    39.909    datapath/video_inst/mmcm_adv_inst_display_clocks/inst/clk_out1_clk_wiz_0
    BUFGCTRL_X0Y4        BUFG (Prop_bufg_I_O)         0.091    40.000 r  datapath/video_inst/mmcm_adv_inst_display_clocks/inst/clkout1_buf/O
                         net (fo=64, routed)          1.710    41.710    datapath/video_inst/inst_dvid/TDMS_encoder_red/clk_out1
    SLICE_X159Y141       FDRE                                         r  datapath/video_inst/inst_dvid/TDMS_encoder_red/dc_bias_reg[2]/C
                         clock pessimism              0.075    41.785    
                         clock uncertainty           -0.095    41.691    
    SLICE_X159Y141       FDRE (Setup_fdre_C_D)        0.031    41.722    datapath/video_inst/inst_dvid/TDMS_encoder_red/dc_bias_reg[2]
  -------------------------------------------------------------------
                         required time                         41.722    
                         arrival time                         -23.621    
  -------------------------------------------------------------------
                         slack                                 18.101    

Slack (MET) :             18.117ns  (required time - arrival time)
  Source:                 datapath/video_inst/Inst_vga/vga_signal_generator1/vertical_counter/processQ_reg[2]/C
                            (rising edge-triggered cell FDRE clocked by clk_out1_clk_wiz_0  {rise@0.000ns fall@20.000ns period=40.000ns})
  Destination:            datapath/video_inst/inst_dvid/TDMS_encoder_red/dc_bias_reg[1]/D
                            (rising edge-triggered cell FDRE clocked by clk_out1_clk_wiz_0  {rise@0.000ns fall@20.000ns period=40.000ns})
  Path Group:             clk_out1_clk_wiz_0
  Path Type:              Setup (Max at Slow Process Corner)
  Requirement:            40.000ns  (clk_out1_clk_wiz_0 rise@40.000ns - clk_out1_clk_wiz_0 rise@0.000ns)
  Data Path Delay:        21.896ns  (logic 6.743ns (30.796%)  route 15.153ns (69.204%))
  Logic Levels:           25  (CARRY4=11 LUT2=2 LUT3=5 LUT4=1 LUT5=3 LUT6=3)
  Clock Path Skew:        0.032ns (DCD - SCD + CPR)
    Destination Clock Delay (DCD):    1.710ns = ( 41.710 - 40.000 ) 
    Source Clock Delay      (SCD):    1.753ns
    Clock Pessimism Removal (CPR):    0.075ns
  Clock Uncertainty:      0.095ns  ((TSJ^2 + DJ^2)^1/2) / 2 + PE
    Total System Jitter     (TSJ):    0.071ns
    Discrete Jitter          (DJ):    0.175ns
    Phase Error              (PE):    0.000ns

    Location             Delay type                Incr(ns)  Path(ns)    Netlist Resource(s)
  -------------------------------------------------------------------    -------------------
                         (clock clk_out1_clk_wiz_0 rise edge)
                                                      0.000     0.000 r  
    BUFGCTRL_X0Y2        BUFG                         0.000     0.000 r  clk_IBUF_BUFG_inst/O
                         net (fo=513, routed)         2.106     2.106    datapath/video_inst/mmcm_adv_inst_display_clocks/inst/clk_in1
    MMCME2_ADV_X1Y0      MMCME2_ADV (Prop_mmcme2_adv_CLKIN1_CLKOUT0)
                                                     -4.900    -2.793 r  datapath/video_inst/mmcm_adv_inst_display_clocks/inst/mmcm_adv_inst/CLKOUT0
                         net (fo=1, routed)           2.697    -0.096    datapath/video_inst/mmcm_adv_inst_display_clocks/inst/clk_out1_clk_wiz_0
    BUFGCTRL_X0Y4        BUFG (Prop_bufg_I_O)         0.096    -0.000 r  datapath/video_inst/mmcm_adv_inst_display_clocks/inst/clkout1_buf/O
                         net (fo=64, routed)          1.753     1.753    datapath/video_inst/Inst_vga/vga_signal_generator1/vertical_counter/clk_out1
    SLICE_X145Y139       FDRE                                         r  datapath/video_inst/Inst_vga/vga_signal_generator1/vertical_counter/processQ_reg[2]/C
  -------------------------------------------------------------------    -------------------
    SLICE_X145Y139       FDRE (Prop_fdre_C_Q)         0.419     2.172 r  datapath/video_inst/Inst_vga/vga_signal_generator1/vertical_counter/processQ_reg[2]/Q
                         net (fo=103, routed)         2.264     4.437    datapath/video_inst/Inst_vga/vga_signal_generator1/vertical_counter/processQ_reg[2]_0
    SLICE_X156Y139       LUT3 (Prop_lut3_I1_O)        0.299     4.736 r  datapath/video_inst/Inst_vga/vga_signal_generator1/vertical_counter/dc_bias[3]_i_27/O
                         net (fo=51, routed)          1.908     6.644    datapath/video_inst/Inst_vga/color_mapper1/dc_bias_reg[3]_i_350_1
    SLICE_X144Y129       LUT5 (Prop_lut5_I1_O)        0.124     6.768 f  datapath/video_inst/Inst_vga/color_mapper1/dc_bias[3]_i_334/O
                         net (fo=4, routed)           0.951     7.719    datapath/video_inst/Inst_vga/vga_signal_generator1/vertical_counter/processQ_reg[7]_0[1]
    SLICE_X145Y133       LUT3 (Prop_lut3_I0_O)        0.124     7.843 r  datapath/video_inst/Inst_vga/vga_signal_generator1/vertical_counter/dc_bias[3]_i_439/O
                         net (fo=19, routed)          1.816     9.659    datapath/video_inst/Inst_vga/color_mapper1/dc_bias[3]_i_533_0
    SLICE_X150Y140       LUT3 (Prop_lut3_I0_O)        0.124     9.783 r  datapath/video_inst/Inst_vga/color_mapper1/dc_bias[3]_i_414/O
                         net (fo=4, routed)           0.892    10.676    datapath/video_inst/Inst_vga/vga_signal_generator1/vertical_counter/dc_bias_reg[3]_i_655[0]
    SLICE_X150Y133       LUT6 (Prop_lut6_I3_O)        0.124    10.800 r  datapath/video_inst/Inst_vga/vga_signal_generator1/vertical_counter/dc_bias[3]_i_720/O
                         net (fo=1, routed)           0.000    10.800    datapath/video_inst/Inst_vga/color_mapper1/dc_bias[3]_i_651_0[0]
    SLICE_X150Y133       CARRY4 (Prop_carry4_S[1]_CO[3])
                                                      0.533    11.333 r  datapath/video_inst/Inst_vga/color_mapper1/dc_bias_reg[3]_i_655/CO[3]
                         net (fo=1, routed)           0.000    11.333    datapath/video_inst/Inst_vga/color_mapper1/dc_bias_reg[3]_i_655_n_0
    SLICE_X150Y134       CARRY4 (Prop_carry4_CI_CO[3])
                                                      0.117    11.450 r  datapath/video_inst/Inst_vga/color_mapper1/dc_bias_reg[3]_i_514/CO[3]
                         net (fo=1, routed)           0.000    11.450    datapath/video_inst/Inst_vga/color_mapper1/dc_bias_reg[3]_i_514_n_0
    SLICE_X150Y135       CARRY4 (Prop_carry4_CI_CO[3])
                                                      0.117    11.567 r  datapath/video_inst/Inst_vga/color_mapper1/dc_bias_reg[3]_i_398/CO[3]
                         net (fo=1, routed)           0.000    11.567    datapath/video_inst/Inst_vga/color_mapper1/dc_bias_reg[3]_i_398_n_0
    SLICE_X150Y136       CARRY4 (Prop_carry4_CI_CO[3])
                                                      0.117    11.684 r  datapath/video_inst/Inst_vga/color_mapper1/dc_bias_reg[3]_i_248/CO[3]
                         net (fo=1, routed)           0.000    11.684    datapath/video_inst/Inst_vga/color_mapper1/dc_bias_reg[3]_i_248_n_0
    SLICE_X150Y137       CARRY4 (Prop_carry4_CI_O[0])
                                                      0.219    11.903 r  datapath/video_inst/Inst_vga/color_mapper1/dc_bias_reg[3]_i_436/O[0]
                         net (fo=3, routed)           1.150    13.052    datapath/video_inst/Inst_vga/color_mapper1/dc_bias_reg[3]_i_436_n_7
    SLICE_X146Y134       LUT2 (Prop_lut2_I0_O)        0.323    13.375 r  datapath/video_inst/Inst_vga/color_mapper1/dc_bias[3]_i_262/O
                         net (fo=1, routed)           0.789    14.164    datapath/video_inst/Inst_vga/color_mapper1/dc_bias[3]_i_262_n_0
    SLICE_X151Y138       CARRY4 (Prop_carry4_DI[1]_O[3])
                                                      0.820    14.984 r  datapath/video_inst/Inst_vga/color_mapper1/dc_bias_reg[3]_i_153/O[3]
                         net (fo=4, routed)           0.769    15.754    datapath/video_inst/Inst_vga/color_mapper1/dc_bias_reg[3]_i_153_n_4
    SLICE_X145Y137       LUT3 (Prop_lut3_I2_O)        0.306    16.060 r  datapath/video_inst/Inst_vga/color_mapper1/dc_bias[3]_i_159/O
                         net (fo=1, routed)           0.570    16.630    datapath/video_inst/Inst_vga/color_mapper1/dc_bias[3]_i_159_n_0
    SLICE_X145Y137       LUT5 (Prop_lut5_I4_O)        0.124    16.754 r  datapath/video_inst/Inst_vga/color_mapper1/dc_bias[3]_i_102/O
                         net (fo=2, routed)           0.504    17.258    datapath/video_inst/Inst_vga/color_mapper1/dc_bias[3]_i_102_n_0
    SLICE_X147Y137       LUT6 (Prop_lut6_I0_O)        0.124    17.382 r  datapath/video_inst/Inst_vga/color_mapper1/dc_bias[3]_i_106/O
                         net (fo=1, routed)           0.000    17.382    datapath/video_inst/Inst_vga/color_mapper1/dc_bias[3]_i_106_n_0
    SLICE_X147Y137       CARRY4 (Prop_carry4_S[2]_CO[3])
                                                      0.398    17.780 r  datapath/video_inst/Inst_vga/color_mapper1/dc_bias_reg[3]_i_53/CO[3]
                         net (fo=1, routed)           0.000    17.780    datapath/video_inst/Inst_vga/color_mapper1/dc_bias_reg[3]_i_53_n_0
    SLICE_X147Y138       CARRY4 (Prop_carry4_CI_O[1])
                                                      0.334    18.114 r  datapath/video_inst/Inst_vga/color_mapper1/dc_bias_reg[3]_i_94/O[1]
                         net (fo=2, routed)           0.613    18.727    datapath/video_inst/Inst_vga/color_mapper1/dc_bias_reg[3]_i_94_n_6
    SLICE_X153Y137       LUT2 (Prop_lut2_I0_O)        0.303    19.030 r  datapath/video_inst/Inst_vga/color_mapper1/dc_bias[3]_i_96/O
                         net (fo=1, routed)           0.000    19.030    datapath/video_inst/Inst_vga/color_mapper1/dc_bias[3]_i_96_n_0
    SLICE_X153Y137       CARRY4 (Prop_carry4_S[1]_O[1])
                                                      0.227    19.257 r  datapath/video_inst/Inst_vga/color_mapper1/dc_bias_reg[3]_i_51/O[1]
                         net (fo=1, routed)           0.530    19.787    datapath/video_inst/Inst_vga/vga_signal_generator1/vertical_counter/dc_bias_reg[3]_i_11[1]
    SLICE_X152Y137       LUT5 (Prop_lut5_I4_O)        0.303    20.090 r  datapath/video_inst/Inst_vga/vga_signal_generator1/vertical_counter/dc_bias[3]_i_32/O
                         net (fo=1, routed)           0.000    20.090    datapath/video_inst/Inst_vga/color_mapper1/dc_bias[3]_i_13_0[3]
    SLICE_X152Y137       CARRY4 (Prop_carry4_S[3]_CO[3])
                                                      0.376    20.466 r  datapath/video_inst/Inst_vga/color_mapper1/dc_bias_reg[3]_i_11/CO[3]
                         net (fo=1, routed)           0.000    20.466    datapath/video_inst/Inst_vga/color_mapper1/dc_bias_reg[3]_i_11_n_0
    SLICE_X152Y138       CARRY4 (Prop_carry4_CI_O[0])
                                                      0.219    20.685 r  datapath/video_inst/Inst_vga/color_mapper1/dc_bias_reg[3]_i_10/O[0]
                         net (fo=2, routed)           0.662    21.347    datapath/video_inst/Inst_vga/color_mapper1/dc_bias_reg[3]_i_10_n_7
    SLICE_X153Y138       LUT3 (Prop_lut3_I1_O)        0.295    21.642 r  datapath/video_inst/Inst_vga/color_mapper1/dc_bias[3]_i_3__0/O
                         net (fo=4, routed)           0.458    22.100    datapath/video_inst/Inst_vga/color_mapper1/processQ_reg[9]_12
    SLICE_X154Y137       LUT6 (Prop_lut6_I0_O)        0.124    22.224 r  datapath/video_inst/Inst_vga/color_mapper1/dc_bias[3]_i_2__1/O
                         net (fo=14, routed)          1.275    23.499    datapath/video_inst/inst_dvid/TDMS_encoder_red/pixel[color][0]
    SLICE_X159Y141       LUT4 (Prop_lut4_I3_O)        0.150    23.649 r  datapath/video_inst/inst_dvid/TDMS_encoder_red/dc_bias[1]_i_1__1/O
                         net (fo=1, routed)           0.000    23.649    datapath/video_inst/inst_dvid/TDMS_encoder_red/dc_bias[1]_i_1__1_n_0
    SLICE_X159Y141       FDRE                                         r  datapath/video_inst/inst_dvid/TDMS_encoder_red/dc_bias_reg[1]/D
  -------------------------------------------------------------------    -------------------

                         (clock clk_out1_clk_wiz_0 rise edge)
                                                     40.000    40.000 r  
    BUFGCTRL_X0Y2        BUFG                         0.000    40.000 r  clk_IBUF_BUFG_inst/O
                         net (fo=513, routed)         1.972    41.972    datapath/video_inst/mmcm_adv_inst_display_clocks/inst/clk_in1
    MMCME2_ADV_X1Y0      MMCME2_ADV (Prop_mmcme2_adv_CLKIN1_CLKOUT0)
                                                     -4.637    37.335 r  datapath/video_inst/mmcm_adv_inst_display_clocks/inst/mmcm_adv_inst/CLKOUT0
                         net (fo=1, routed)           2.574    39.909    datapath/video_inst/mmcm_adv_inst_display_clocks/inst/clk_out1_clk_wiz_0
    BUFGCTRL_X0Y4        BUFG (Prop_bufg_I_O)         0.091    40.000 r  datapath/video_inst/mmcm_adv_inst_display_clocks/inst/clkout1_buf/O
                         net (fo=64, routed)          1.710    41.710    datapath/video_inst/inst_dvid/TDMS_encoder_red/clk_out1
    SLICE_X159Y141       FDRE                                         r  datapath/video_inst/inst_dvid/TDMS_encoder_red/dc_bias_reg[1]/C
                         clock pessimism              0.075    41.785    
                         clock uncertainty           -0.095    41.691    
    SLICE_X159Y141       FDRE (Setup_fdre_C_D)        0.075    41.766    datapath/video_inst/inst_dvid/TDMS_encoder_red/dc_bias_reg[1]
  -------------------------------------------------------------------
                         required time                         41.766    
                         arrival time                         -23.649    
  -------------------------------------------------------------------
                         slack                                 18.117    

Slack (MET) :             18.119ns  (required time - arrival time)
  Source:                 datapath/video_inst/Inst_vga/vga_signal_generator1/vertical_counter/processQ_reg[2]/C
                            (rising edge-triggered cell FDRE clocked by clk_out1_clk_wiz_0  {rise@0.000ns fall@20.000ns period=40.000ns})
  Destination:            datapath/video_inst/inst_dvid/TDMS_encoder_red/dc_bias_reg[3]/D
                            (rising edge-triggered cell FDRE clocked by clk_out1_clk_wiz_0  {rise@0.000ns fall@20.000ns period=40.000ns})
  Path Group:             clk_out1_clk_wiz_0
  Path Type:              Setup (Max at Slow Process Corner)
  Requirement:            40.000ns  (clk_out1_clk_wiz_0 rise@40.000ns - clk_out1_clk_wiz_0 rise@0.000ns)
  Data Path Delay:        21.894ns  (logic 6.743ns (30.799%)  route 15.151ns (69.201%))
  Logic Levels:           25  (CARRY4=11 LUT2=2 LUT3=5 LUT5=4 LUT6=3)
  Clock Path Skew:        0.032ns (DCD - SCD + CPR)
    Destination Clock Delay (DCD):    1.710ns = ( 41.710 - 40.000 ) 
    Source Clock Delay      (SCD):    1.753ns
    Clock Pessimism Removal (CPR):    0.075ns
  Clock Uncertainty:      0.095ns  ((TSJ^2 + DJ^2)^1/2) / 2 + PE
    Total System Jitter     (TSJ):    0.071ns
    Discrete Jitter          (DJ):    0.175ns
    Phase Error              (PE):    0.000ns

    Location             Delay type                Incr(ns)  Path(ns)    Netlist Resource(s)
  -------------------------------------------------------------------    -------------------
                         (clock clk_out1_clk_wiz_0 rise edge)
                                                      0.000     0.000 r  
    BUFGCTRL_X0Y2        BUFG                         0.000     0.000 r  clk_IBUF_BUFG_inst/O
                         net (fo=513, routed)         2.106     2.106    datapath/video_inst/mmcm_adv_inst_display_clocks/inst/clk_in1
    MMCME2_ADV_X1Y0      MMCME2_ADV (Prop_mmcme2_adv_CLKIN1_CLKOUT0)
                                                     -4.900    -2.793 r  datapath/video_inst/mmcm_adv_inst_display_clocks/inst/mmcm_adv_inst/CLKOUT0
                         net (fo=1, routed)           2.697    -0.096    datapath/video_inst/mmcm_adv_inst_display_clocks/inst/clk_out1_clk_wiz_0
    BUFGCTRL_X0Y4        BUFG (Prop_bufg_I_O)         0.096    -0.000 r  datapath/video_inst/mmcm_adv_inst_display_clocks/inst/clkout1_buf/O
                         net (fo=64, routed)          1.753     1.753    datapath/video_inst/Inst_vga/vga_signal_generator1/vertical_counter/clk_out1
    SLICE_X145Y139       FDRE                                         r  datapath/video_inst/Inst_vga/vga_signal_generator1/vertical_counter/processQ_reg[2]/C
  -------------------------------------------------------------------    -------------------
    SLICE_X145Y139       FDRE (Prop_fdre_C_Q)         0.419     2.172 r  datapath/video_inst/Inst_vga/vga_signal_generator1/vertical_counter/processQ_reg[2]/Q
                         net (fo=103, routed)         2.264     4.437    datapath/video_inst/Inst_vga/vga_signal_generator1/vertical_counter/processQ_reg[2]_0
    SLICE_X156Y139       LUT3 (Prop_lut3_I1_O)        0.299     4.736 r  datapath/video_inst/Inst_vga/vga_signal_generator1/vertical_counter/dc_bias[3]_i_27/O
                         net (fo=51, routed)          1.908     6.644    datapath/video_inst/Inst_vga/color_mapper1/dc_bias_reg[3]_i_350_1
    SLICE_X144Y129       LUT5 (Prop_lut5_I1_O)        0.124     6.768 f  datapath/video_inst/Inst_vga/color_mapper1/dc_bias[3]_i_334/O
                         net (fo=4, routed)           0.951     7.719    datapath/video_inst/Inst_vga/vga_signal_generator1/vertical_counter/processQ_reg[7]_0[1]
    SLICE_X145Y133       LUT3 (Prop_lut3_I0_O)        0.124     7.843 r  datapath/video_inst/Inst_vga/vga_signal_generator1/vertical_counter/dc_bias[3]_i_439/O
                         net (fo=19, routed)          1.816     9.659    datapath/video_inst/Inst_vga/color_mapper1/dc_bias[3]_i_533_0
    SLICE_X150Y140       LUT3 (Prop_lut3_I0_O)        0.124     9.783 r  datapath/video_inst/Inst_vga/color_mapper1/dc_bias[3]_i_414/O
                         net (fo=4, routed)           0.892    10.676    datapath/video_inst/Inst_vga/vga_signal_generator1/vertical_counter/dc_bias_reg[3]_i_655[0]
    SLICE_X150Y133       LUT6 (Prop_lut6_I3_O)        0.124    10.800 r  datapath/video_inst/Inst_vga/vga_signal_generator1/vertical_counter/dc_bias[3]_i_720/O
                         net (fo=1, routed)           0.000    10.800    datapath/video_inst/Inst_vga/color_mapper1/dc_bias[3]_i_651_0[0]
    SLICE_X150Y133       CARRY4 (Prop_carry4_S[1]_CO[3])
                                                      0.533    11.333 r  datapath/video_inst/Inst_vga/color_mapper1/dc_bias_reg[3]_i_655/CO[3]
                         net (fo=1, routed)           0.000    11.333    datapath/video_inst/Inst_vga/color_mapper1/dc_bias_reg[3]_i_655_n_0
    SLICE_X150Y134       CARRY4 (Prop_carry4_CI_CO[3])
                                                      0.117    11.450 r  datapath/video_inst/Inst_vga/color_mapper1/dc_bias_reg[3]_i_514/CO[3]
                         net (fo=1, routed)           0.000    11.450    datapath/video_inst/Inst_vga/color_mapper1/dc_bias_reg[3]_i_514_n_0
    SLICE_X150Y135       CARRY4 (Prop_carry4_CI_CO[3])
                                                      0.117    11.567 r  datapath/video_inst/Inst_vga/color_mapper1/dc_bias_reg[3]_i_398/CO[3]
                         net (fo=1, routed)           0.000    11.567    datapath/video_inst/Inst_vga/color_mapper1/dc_bias_reg[3]_i_398_n_0
    SLICE_X150Y136       CARRY4 (Prop_carry4_CI_CO[3])
                                                      0.117    11.684 r  datapath/video_inst/Inst_vga/color_mapper1/dc_bias_reg[3]_i_248/CO[3]
                         net (fo=1, routed)           0.000    11.684    datapath/video_inst/Inst_vga/color_mapper1/dc_bias_reg[3]_i_248_n_0
    SLICE_X150Y137       CARRY4 (Prop_carry4_CI_O[0])
                                                      0.219    11.903 r  datapath/video_inst/Inst_vga/color_mapper1/dc_bias_reg[3]_i_436/O[0]
                         net (fo=3, routed)           1.150    13.052    datapath/video_inst/Inst_vga/color_mapper1/dc_bias_reg[3]_i_436_n_7
    SLICE_X146Y134       LUT2 (Prop_lut2_I0_O)        0.323    13.375 r  datapath/video_inst/Inst_vga/color_mapper1/dc_bias[3]_i_262/O
                         net (fo=1, routed)           0.789    14.164    datapath/video_inst/Inst_vga/color_mapper1/dc_bias[3]_i_262_n_0
    SLICE_X151Y138       CARRY4 (Prop_carry4_DI[1]_O[3])
                                                      0.820    14.984 r  datapath/video_inst/Inst_vga/color_mapper1/dc_bias_reg[3]_i_153/O[3]
                         net (fo=4, routed)           0.769    15.754    datapath/video_inst/Inst_vga/color_mapper1/dc_bias_reg[3]_i_153_n_4
    SLICE_X145Y137       LUT3 (Prop_lut3_I2_O)        0.306    16.060 r  datapath/video_inst/Inst_vga/color_mapper1/dc_bias[3]_i_159/O
                         net (fo=1, routed)           0.570    16.630    datapath/video_inst/Inst_vga/color_mapper1/dc_bias[3]_i_159_n_0
    SLICE_X145Y137       LUT5 (Prop_lut5_I4_O)        0.124    16.754 r  datapath/video_inst/Inst_vga/color_mapper1/dc_bias[3]_i_102/O
                         net (fo=2, routed)           0.504    17.258    datapath/video_inst/Inst_vga/color_mapper1/dc_bias[3]_i_102_n_0
    SLICE_X147Y137       LUT6 (Prop_lut6_I0_O)        0.124    17.382 r  datapath/video_inst/Inst_vga/color_mapper1/dc_bias[3]_i_106/O
                         net (fo=1, routed)           0.000    17.382    datapath/video_inst/Inst_vga/color_mapper1/dc_bias[3]_i_106_n_0
    SLICE_X147Y137       CARRY4 (Prop_carry4_S[2]_CO[3])
                                                      0.398    17.780 r  datapath/video_inst/Inst_vga/color_mapper1/dc_bias_reg[3]_i_53/CO[3]
                         net (fo=1, routed)           0.000    17.780    datapath/video_inst/Inst_vga/color_mapper1/dc_bias_reg[3]_i_53_n_0
    SLICE_X147Y138       CARRY4 (Prop_carry4_CI_O[1])
                                                      0.334    18.114 r  datapath/video_inst/Inst_vga/color_mapper1/dc_bias_reg[3]_i_94/O[1]
                         net (fo=2, routed)           0.613    18.727    datapath/video_inst/Inst_vga/color_mapper1/dc_bias_reg[3]_i_94_n_6
    SLICE_X153Y137       LUT2 (Prop_lut2_I0_O)        0.303    19.030 r  datapath/video_inst/Inst_vga/color_mapper1/dc_bias[3]_i_96/O
                         net (fo=1, routed)           0.000    19.030    datapath/video_inst/Inst_vga/color_mapper1/dc_bias[3]_i_96_n_0
    SLICE_X153Y137       CARRY4 (Prop_carry4_S[1]_O[1])
                                                      0.227    19.257 r  datapath/video_inst/Inst_vga/color_mapper1/dc_bias_reg[3]_i_51/O[1]
                         net (fo=1, routed)           0.530    19.787    datapath/video_inst/Inst_vga/vga_signal_generator1/vertical_counter/dc_bias_reg[3]_i_11[1]
    SLICE_X152Y137       LUT5 (Prop_lut5_I4_O)        0.303    20.090 r  datapath/video_inst/Inst_vga/vga_signal_generator1/vertical_counter/dc_bias[3]_i_32/O
                         net (fo=1, routed)           0.000    20.090    datapath/video_inst/Inst_vga/color_mapper1/dc_bias[3]_i_13_0[3]
    SLICE_X152Y137       CARRY4 (Prop_carry4_S[3]_CO[3])
                                                      0.376    20.466 r  datapath/video_inst/Inst_vga/color_mapper1/dc_bias_reg[3]_i_11/CO[3]
                         net (fo=1, routed)           0.000    20.466    datapath/video_inst/Inst_vga/color_mapper1/dc_bias_reg[3]_i_11_n_0
    SLICE_X152Y138       CARRY4 (Prop_carry4_CI_O[0])
                                                      0.219    20.685 r  datapath/video_inst/Inst_vga/color_mapper1/dc_bias_reg[3]_i_10/O[0]
                         net (fo=2, routed)           0.662    21.347    datapath/video_inst/Inst_vga/color_mapper1/dc_bias_reg[3]_i_10_n_7
    SLICE_X153Y138       LUT3 (Prop_lut3_I1_O)        0.295    21.642 r  datapath/video_inst/Inst_vga/color_mapper1/dc_bias[3]_i_3__0/O
                         net (fo=4, routed)           0.458    22.100    datapath/video_inst/Inst_vga/color_mapper1/processQ_reg[9]_12
    SLICE_X154Y137       LUT6 (Prop_lut6_I0_O)        0.124    22.224 r  datapath/video_inst/Inst_vga/color_mapper1/dc_bias[3]_i_2__1/O
                         net (fo=14, routed)          1.273    23.497    datapath/video_inst/inst_dvid/TDMS_encoder_red/pixel[color][0]
    SLICE_X159Y141       LUT5 (Prop_lut5_I4_O)        0.150    23.647 r  datapath/video_inst/inst_dvid/TDMS_encoder_red/dc_bias[3]_i_1__1/O
                         net (fo=1, routed)           0.000    23.647    datapath/video_inst/inst_dvid/TDMS_encoder_red/dc_bias[3]_i_1__1_n_0
    SLICE_X159Y141       FDRE                                         r  datapath/video_inst/inst_dvid/TDMS_encoder_red/dc_bias_reg[3]/D
  -------------------------------------------------------------------    -------------------

                         (clock clk_out1_clk_wiz_0 rise edge)
                                                     40.000    40.000 r  
    BUFGCTRL_X0Y2        BUFG                         0.000    40.000 r  clk_IBUF_BUFG_inst/O
                         net (fo=513, routed)         1.972    41.972    datapath/video_inst/mmcm_adv_inst_display_clocks/inst/clk_in1
    MMCME2_ADV_X1Y0      MMCME2_ADV (Prop_mmcme2_adv_CLKIN1_CLKOUT0)
                                                     -4.637    37.335 r  datapath/video_inst/mmcm_adv_inst_display_clocks/inst/mmcm_adv_inst/CLKOUT0
                         net (fo=1, routed)           2.574    39.909    datapath/video_inst/mmcm_adv_inst_display_clocks/inst/clk_out1_clk_wiz_0
    BUFGCTRL_X0Y4        BUFG (Prop_bufg_I_O)         0.091    40.000 r  datapath/video_inst/mmcm_adv_inst_display_clocks/inst/clkout1_buf/O
                         net (fo=64, routed)          1.710    41.710    datapath/video_inst/inst_dvid/TDMS_encoder_red/clk_out1
    SLICE_X159Y141       FDRE                                         r  datapath/video_inst/inst_dvid/TDMS_encoder_red/dc_bias_reg[3]/C
                         clock pessimism              0.075    41.785    
                         clock uncertainty           -0.095    41.691    
    SLICE_X159Y141       FDRE (Setup_fdre_C_D)        0.075    41.766    datapath/video_inst/inst_dvid/TDMS_encoder_red/dc_bias_reg[3]
  -------------------------------------------------------------------
                         required time                         41.766    
                         arrival time                         -23.647    
  -------------------------------------------------------------------
                         slack                                 18.119    

Slack (MET) :             18.159ns  (required time - arrival time)
  Source:                 datapath/video_inst/Inst_vga/vga_signal_generator1/vertical_counter/processQ_reg[2]/C
                            (rising edge-triggered cell FDRE clocked by clk_out1_clk_wiz_0  {rise@0.000ns fall@20.000ns period=40.000ns})
  Destination:            datapath/video_inst/inst_dvid/TDMS_encoder_blue/dc_bias_reg[1]/D
                            (rising edge-triggered cell FDRE clocked by clk_out1_clk_wiz_0  {rise@0.000ns fall@20.000ns period=40.000ns})
  Path Group:             clk_out1_clk_wiz_0
  Path Type:              Setup (Max at Slow Process Corner)
  Requirement:            40.000ns  (clk_out1_clk_wiz_0 rise@40.000ns - clk_out1_clk_wiz_0 rise@0.000ns)
  Data Path Delay:        21.808ns  (logic 6.717ns (30.801%)  route 15.091ns (69.199%))
  Logic Levels:           25  (CARRY4=11 LUT2=2 LUT3=5 LUT5=3 LUT6=4)
  Clock Path Skew:        0.032ns (DCD - SCD + CPR)
    Destination Clock Delay (DCD):    1.710ns = ( 41.710 - 40.000 ) 
    Source Clock Delay      (SCD):    1.753ns
    Clock Pessimism Removal (CPR):    0.075ns
  Clock Uncertainty:      0.095ns  ((TSJ^2 + DJ^2)^1/2) / 2 + PE
    Total System Jitter     (TSJ):    0.071ns
    Discrete Jitter          (DJ):    0.175ns
    Phase Error              (PE):    0.000ns

    Location             Delay type                Incr(ns)  Path(ns)    Netlist Resource(s)
  -------------------------------------------------------------------    -------------------
                         (clock clk_out1_clk_wiz_0 rise edge)
                                                      0.000     0.000 r  
    BUFGCTRL_X0Y2        BUFG                         0.000     0.000 r  clk_IBUF_BUFG_inst/O
                         net (fo=513, routed)         2.106     2.106    datapath/video_inst/mmcm_adv_inst_display_clocks/inst/clk_in1
    MMCME2_ADV_X1Y0      MMCME2_ADV (Prop_mmcme2_adv_CLKIN1_CLKOUT0)
                                                     -4.900    -2.793 r  datapath/video_inst/mmcm_adv_inst_display_clocks/inst/mmcm_adv_inst/CLKOUT0
                         net (fo=1, routed)           2.697    -0.096    datapath/video_inst/mmcm_adv_inst_display_clocks/inst/clk_out1_clk_wiz_0
    BUFGCTRL_X0Y4        BUFG (Prop_bufg_I_O)         0.096    -0.000 r  datapath/video_inst/mmcm_adv_inst_display_clocks/inst/clkout1_buf/O
                         net (fo=64, routed)          1.753     1.753    datapath/video_inst/Inst_vga/vga_signal_generator1/vertical_counter/clk_out1
    SLICE_X145Y139       FDRE                                         r  datapath/video_inst/Inst_vga/vga_signal_generator1/vertical_counter/processQ_reg[2]/C
  -------------------------------------------------------------------    -------------------
    SLICE_X145Y139       FDRE (Prop_fdre_C_Q)         0.419     2.172 r  datapath/video_inst/Inst_vga/vga_signal_generator1/vertical_counter/processQ_reg[2]/Q
                         net (fo=103, routed)         2.264     4.437    datapath/video_inst/Inst_vga/vga_signal_generator1/vertical_counter/processQ_reg[2]_0
    SLICE_X156Y139       LUT3 (Prop_lut3_I1_O)        0.299     4.736 r  datapath/video_inst/Inst_vga/vga_signal_generator1/vertical_counter/dc_bias[3]_i_27/O
                         net (fo=51, routed)          1.908     6.644    datapath/video_inst/Inst_vga/color_mapper1/dc_bias_reg[3]_i_350_1
    SLICE_X144Y129       LUT5 (Prop_lut5_I1_O)        0.124     6.768 f  datapath/video_inst/Inst_vga/color_mapper1/dc_bias[3]_i_334/O
                         net (fo=4, routed)           0.951     7.719    datapath/video_inst/Inst_vga/vga_signal_generator1/vertical_counter/processQ_reg[7]_0[1]
    SLICE_X145Y133       LUT3 (Prop_lut3_I0_O)        0.124     7.843 r  datapath/video_inst/Inst_vga/vga_signal_generator1/vertical_counter/dc_bias[3]_i_439/O
                         net (fo=19, routed)          1.816     9.659    datapath/video_inst/Inst_vga/color_mapper1/dc_bias[3]_i_533_0
    SLICE_X150Y140       LUT3 (Prop_lut3_I0_O)        0.124     9.783 r  datapath/video_inst/Inst_vga/color_mapper1/dc_bias[3]_i_414/O
                         net (fo=4, routed)           0.892    10.676    datapath/video_inst/Inst_vga/vga_signal_generator1/vertical_counter/dc_bias_reg[3]_i_655[0]
    SLICE_X150Y133       LUT6 (Prop_lut6_I3_O)        0.124    10.800 r  datapath/video_inst/Inst_vga/vga_signal_generator1/vertical_counter/dc_bias[3]_i_720/O
                         net (fo=1, routed)           0.000    10.800    datapath/video_inst/Inst_vga/color_mapper1/dc_bias[3]_i_651_0[0]
    SLICE_X150Y133       CARRY4 (Prop_carry4_S[1]_CO[3])
                                                      0.533    11.333 r  datapath/video_inst/Inst_vga/color_mapper1/dc_bias_reg[3]_i_655/CO[3]
                         net (fo=1, routed)           0.000    11.333    datapath/video_inst/Inst_vga/color_mapper1/dc_bias_reg[3]_i_655_n_0
    SLICE_X150Y134       CARRY4 (Prop_carry4_CI_CO[3])
                                                      0.117    11.450 r  datapath/video_inst/Inst_vga/color_mapper1/dc_bias_reg[3]_i_514/CO[3]
                         net (fo=1, routed)           0.000    11.450    datapath/video_inst/Inst_vga/color_mapper1/dc_bias_reg[3]_i_514_n_0
    SLICE_X150Y135       CARRY4 (Prop_carry4_CI_CO[3])
                                                      0.117    11.567 r  datapath/video_inst/Inst_vga/color_mapper1/dc_bias_reg[3]_i_398/CO[3]
                         net (fo=1, routed)           0.000    11.567    datapath/video_inst/Inst_vga/color_mapper1/dc_bias_reg[3]_i_398_n_0
    SLICE_X150Y136       CARRY4 (Prop_carry4_CI_CO[3])
                                                      0.117    11.684 r  datapath/video_inst/Inst_vga/color_mapper1/dc_bias_reg[3]_i_248/CO[3]
                         net (fo=1, routed)           0.000    11.684    datapath/video_inst/Inst_vga/color_mapper1/dc_bias_reg[3]_i_248_n_0
    SLICE_X150Y137       CARRY4 (Prop_carry4_CI_O[0])
                                                      0.219    11.903 r  datapath/video_inst/Inst_vga/color_mapper1/dc_bias_reg[3]_i_436/O[0]
                         net (fo=3, routed)           1.150    13.052    datapath/video_inst/Inst_vga/color_mapper1/dc_bias_reg[3]_i_436_n_7
    SLICE_X146Y134       LUT2 (Prop_lut2_I0_O)        0.323    13.375 r  datapath/video_inst/Inst_vga/color_mapper1/dc_bias[3]_i_262/O
                         net (fo=1, routed)           0.789    14.164    datapath/video_inst/Inst_vga/color_mapper1/dc_bias[3]_i_262_n_0
    SLICE_X151Y138       CARRY4 (Prop_carry4_DI[1]_O[3])
                                                      0.820    14.984 r  datapath/video_inst/Inst_vga/color_mapper1/dc_bias_reg[3]_i_153/O[3]
                         net (fo=4, routed)           0.769    15.754    datapath/video_inst/Inst_vga/color_mapper1/dc_bias_reg[3]_i_153_n_4
    SLICE_X145Y137       LUT3 (Prop_lut3_I2_O)        0.306    16.060 r  datapath/video_inst/Inst_vga/color_mapper1/dc_bias[3]_i_159/O
                         net (fo=1, routed)           0.570    16.630    datapath/video_inst/Inst_vga/color_mapper1/dc_bias[3]_i_159_n_0
    SLICE_X145Y137       LUT5 (Prop_lut5_I4_O)        0.124    16.754 r  datapath/video_inst/Inst_vga/color_mapper1/dc_bias[3]_i_102/O
                         net (fo=2, routed)           0.504    17.258    datapath/video_inst/Inst_vga/color_mapper1/dc_bias[3]_i_102_n_0
    SLICE_X147Y137       LUT6 (Prop_lut6_I0_O)        0.124    17.382 r  datapath/video_inst/Inst_vga/color_mapper1/dc_bias[3]_i_106/O
                         net (fo=1, routed)           0.000    17.382    datapath/video_inst/Inst_vga/color_mapper1/dc_bias[3]_i_106_n_0
    SLICE_X147Y137       CARRY4 (Prop_carry4_S[2]_CO[3])
                                                      0.398    17.780 r  datapath/video_inst/Inst_vga/color_mapper1/dc_bias_reg[3]_i_53/CO[3]
                         net (fo=1, routed)           0.000    17.780    datapath/video_inst/Inst_vga/color_mapper1/dc_bias_reg[3]_i_53_n_0
    SLICE_X147Y138       CARRY4 (Prop_carry4_CI_O[1])
                                                      0.334    18.114 r  datapath/video_inst/Inst_vga/color_mapper1/dc_bias_reg[3]_i_94/O[1]
                         net (fo=2, routed)           0.613    18.727    datapath/video_inst/Inst_vga/color_mapper1/dc_bias_reg[3]_i_94_n_6
    SLICE_X153Y137       LUT2 (Prop_lut2_I0_O)        0.303    19.030 r  datapath/video_inst/Inst_vga/color_mapper1/dc_bias[3]_i_96/O
                         net (fo=1, routed)           0.000    19.030    datapath/video_inst/Inst_vga/color_mapper1/dc_bias[3]_i_96_n_0
    SLICE_X153Y137       CARRY4 (Prop_carry4_S[1]_O[1])
                                                      0.227    19.257 r  datapath/video_inst/Inst_vga/color_mapper1/dc_bias_reg[3]_i_51/O[1]
                         net (fo=1, routed)           0.530    19.787    datapath/video_inst/Inst_vga/vga_signal_generator1/vertical_counter/dc_bias_reg[3]_i_11[1]
    SLICE_X152Y137       LUT5 (Prop_lut5_I4_O)        0.303    20.090 r  datapath/video_inst/Inst_vga/vga_signal_generator1/vertical_counter/dc_bias[3]_i_32/O
                         net (fo=1, routed)           0.000    20.090    datapath/video_inst/Inst_vga/color_mapper1/dc_bias[3]_i_13_0[3]
    SLICE_X152Y137       CARRY4 (Prop_carry4_S[3]_CO[3])
                                                      0.376    20.466 r  datapath/video_inst/Inst_vga/color_mapper1/dc_bias_reg[3]_i_11/CO[3]
                         net (fo=1, routed)           0.000    20.466    datapath/video_inst/Inst_vga/color_mapper1/dc_bias_reg[3]_i_11_n_0
    SLICE_X152Y138       CARRY4 (Prop_carry4_CI_O[0])
                                                      0.219    20.685 r  datapath/video_inst/Inst_vga/color_mapper1/dc_bias_reg[3]_i_10/O[0]
                         net (fo=2, routed)           0.662    21.347    datapath/video_inst/Inst_vga/color_mapper1/dc_bias_reg[3]_i_10_n_7
    SLICE_X153Y138       LUT3 (Prop_lut3_I1_O)        0.295    21.642 r  datapath/video_inst/Inst_vga/color_mapper1/dc_bias[3]_i_3__0/O
                         net (fo=4, routed)           0.612    22.254    datapath/video_inst/Inst_vga/color_mapper1/processQ_reg[9]_12
    SLICE_X154Y135       LUT6 (Prop_lut6_I0_O)        0.124    22.378 r  datapath/video_inst/Inst_vga/color_mapper1/dc_bias[3]_i_2__0/O
                         net (fo=10, routed)          1.059    23.437    datapath/video_inst/inst_dvid/TDMS_encoder_blue/pixel[color][0]
    SLICE_X156Y141       LUT6 (Prop_lut6_I4_O)        0.124    23.561 r  datapath/video_inst/inst_dvid/TDMS_encoder_blue/dc_bias[1]_i_1__0/O
                         net (fo=1, routed)           0.000    23.561    datapath/video_inst/inst_dvid/TDMS_encoder_blue/dc_bias[1]_i_1__0_n_0
    SLICE_X156Y141       FDRE                                         r  datapath/video_inst/inst_dvid/TDMS_encoder_blue/dc_bias_reg[1]/D
  -------------------------------------------------------------------    -------------------

                         (clock clk_out1_clk_wiz_0 rise edge)
                                                     40.000    40.000 r  
    BUFGCTRL_X0Y2        BUFG                         0.000    40.000 r  clk_IBUF_BUFG_inst/O
                         net (fo=513, routed)         1.972    41.972    datapath/video_inst/mmcm_adv_inst_display_clocks/inst/clk_in1
    MMCME2_ADV_X1Y0      MMCME2_ADV (Prop_mmcme2_adv_CLKIN1_CLKOUT0)
                                                     -4.637    37.335 r  datapath/video_inst/mmcm_adv_inst_display_clocks/inst/mmcm_adv_inst/CLKOUT0
                         net (fo=1, routed)           2.574    39.909    datapath/video_inst/mmcm_adv_inst_display_clocks/inst/clk_out1_clk_wiz_0
    BUFGCTRL_X0Y4        BUFG (Prop_bufg_I_O)         0.091    40.000 r  datapath/video_inst/mmcm_adv_inst_display_clocks/inst/clkout1_buf/O
                         net (fo=64, routed)          1.710    41.710    datapath/video_inst/inst_dvid/TDMS_encoder_blue/clk_out1
    SLICE_X156Y141       FDRE                                         r  datapath/video_inst/inst_dvid/TDMS_encoder_blue/dc_bias_reg[1]/C
                         clock pessimism              0.075    41.785    
                         clock uncertainty           -0.095    41.691    
    SLICE_X156Y141       FDRE (Setup_fdre_C_D)        0.029    41.720    datapath/video_inst/inst_dvid/TDMS_encoder_blue/dc_bias_reg[1]
  -------------------------------------------------------------------
                         required time                         41.720    
                         arrival time                         -23.561    
  -------------------------------------------------------------------
                         slack                                 18.159    

Slack (MET) :             18.171ns  (required time - arrival time)
  Source:                 datapath/video_inst/Inst_vga/vga_signal_generator1/vertical_counter/processQ_reg[2]/C
                            (rising edge-triggered cell FDRE clocked by clk_out1_clk_wiz_0  {rise@0.000ns fall@20.000ns period=40.000ns})
  Destination:            datapath/video_inst/inst_dvid/TDMS_encoder_green/encoded_reg[8]/D
                            (rising edge-triggered cell FDRE clocked by clk_out1_clk_wiz_0  {rise@0.000ns fall@20.000ns period=40.000ns})
  Path Group:             clk_out1_clk_wiz_0
  Path Type:              Setup (Max at Slow Process Corner)
  Requirement:            40.000ns  (clk_out1_clk_wiz_0 rise@40.000ns - clk_out1_clk_wiz_0 rise@0.000ns)
  Data Path Delay:        21.796ns  (logic 6.717ns (30.817%)  route 15.079ns (69.183%))
  Logic Levels:           25  (CARRY4=11 LUT2=3 LUT3=5 LUT5=3 LUT6=3)
  Clock Path Skew:        0.033ns (DCD - SCD + CPR)
    Destination Clock Delay (DCD):    1.711ns = ( 41.711 - 40.000 ) 
    Source Clock Delay      (SCD):    1.753ns
    Clock Pessimism Removal (CPR):    0.075ns
  Clock Uncertainty:      0.095ns  ((TSJ^2 + DJ^2)^1/2) / 2 + PE
    Total System Jitter     (TSJ):    0.071ns
    Discrete Jitter          (DJ):    0.175ns
    Phase Error              (PE):    0.000ns

    Location             Delay type                Incr(ns)  Path(ns)    Netlist Resource(s)
  -------------------------------------------------------------------    -------------------
                         (clock clk_out1_clk_wiz_0 rise edge)
                                                      0.000     0.000 r  
    BUFGCTRL_X0Y2        BUFG                         0.000     0.000 r  clk_IBUF_BUFG_inst/O
                         net (fo=513, routed)         2.106     2.106    datapath/video_inst/mmcm_adv_inst_display_clocks/inst/clk_in1
    MMCME2_ADV_X1Y0      MMCME2_ADV (Prop_mmcme2_adv_CLKIN1_CLKOUT0)
                                                     -4.900    -2.793 r  datapath/video_inst/mmcm_adv_inst_display_clocks/inst/mmcm_adv_inst/CLKOUT0
                         net (fo=1, routed)           2.697    -0.096    datapath/video_inst/mmcm_adv_inst_display_clocks/inst/clk_out1_clk_wiz_0
    BUFGCTRL_X0Y4        BUFG (Prop_bufg_I_O)         0.096    -0.000 r  datapath/video_inst/mmcm_adv_inst_display_clocks/inst/clkout1_buf/O
                         net (fo=64, routed)          1.753     1.753    datapath/video_inst/Inst_vga/vga_signal_generator1/vertical_counter/clk_out1
    SLICE_X145Y139       FDRE                                         r  datapath/video_inst/Inst_vga/vga_signal_generator1/vertical_counter/processQ_reg[2]/C
  -------------------------------------------------------------------    -------------------
    SLICE_X145Y139       FDRE (Prop_fdre_C_Q)         0.419     2.172 r  datapath/video_inst/Inst_vga/vga_signal_generator1/vertical_counter/processQ_reg[2]/Q
                         net (fo=103, routed)         2.264     4.437    datapath/video_inst/Inst_vga/vga_signal_generator1/vertical_counter/processQ_reg[2]_0
    SLICE_X156Y139       LUT3 (Prop_lut3_I1_O)        0.299     4.736 r  datapath/video_inst/Inst_vga/vga_signal_generator1/vertical_counter/dc_bias[3]_i_27/O
                         net (fo=51, routed)          1.908     6.644    datapath/video_inst/Inst_vga/color_mapper1/dc_bias_reg[3]_i_350_1
    SLICE_X144Y129       LUT5 (Prop_lut5_I1_O)        0.124     6.768 f  datapath/video_inst/Inst_vga/color_mapper1/dc_bias[3]_i_334/O
                         net (fo=4, routed)           0.951     7.719    datapath/video_inst/Inst_vga/vga_signal_generator1/vertical_counter/processQ_reg[7]_0[1]
    SLICE_X145Y133       LUT3 (Prop_lut3_I0_O)        0.124     7.843 r  datapath/video_inst/Inst_vga/vga_signal_generator1/vertical_counter/dc_bias[3]_i_439/O
                         net (fo=19, routed)          1.816     9.659    datapath/video_inst/Inst_vga/color_mapper1/dc_bias[3]_i_533_0
    SLICE_X150Y140       LUT3 (Prop_lut3_I0_O)        0.124     9.783 r  datapath/video_inst/Inst_vga/color_mapper1/dc_bias[3]_i_414/O
                         net (fo=4, routed)           0.892    10.676    datapath/video_inst/Inst_vga/vga_signal_generator1/vertical_counter/dc_bias_reg[3]_i_655[0]
    SLICE_X150Y133       LUT6 (Prop_lut6_I3_O)        0.124    10.800 r  datapath/video_inst/Inst_vga/vga_signal_generator1/vertical_counter/dc_bias[3]_i_720/O
                         net (fo=1, routed)           0.000    10.800    datapath/video_inst/Inst_vga/color_mapper1/dc_bias[3]_i_651_0[0]
    SLICE_X150Y133       CARRY4 (Prop_carry4_S[1]_CO[3])
                                                      0.533    11.333 r  datapath/video_inst/Inst_vga/color_mapper1/dc_bias_reg[3]_i_655/CO[3]
                         net (fo=1, routed)           0.000    11.333    datapath/video_inst/Inst_vga/color_mapper1/dc_bias_reg[3]_i_655_n_0
    SLICE_X150Y134       CARRY4 (Prop_carry4_CI_CO[3])
                                                      0.117    11.450 r  datapath/video_inst/Inst_vga/color_mapper1/dc_bias_reg[3]_i_514/CO[3]
                         net (fo=1, routed)           0.000    11.450    datapath/video_inst/Inst_vga/color_mapper1/dc_bias_reg[3]_i_514_n_0
    SLICE_X150Y135       CARRY4 (Prop_carry4_CI_CO[3])
                                                      0.117    11.567 r  datapath/video_inst/Inst_vga/color_mapper1/dc_bias_reg[3]_i_398/CO[3]
                         net (fo=1, routed)           0.000    11.567    datapath/video_inst/Inst_vga/color_mapper1/dc_bias_reg[3]_i_398_n_0
    SLICE_X150Y136       CARRY4 (Prop_carry4_CI_CO[3])
                                                      0.117    11.684 r  datapath/video_inst/Inst_vga/color_mapper1/dc_bias_reg[3]_i_248/CO[3]
                         net (fo=1, routed)           0.000    11.684    datapath/video_inst/Inst_vga/color_mapper1/dc_bias_reg[3]_i_248_n_0
    SLICE_X150Y137       CARRY4 (Prop_carry4_CI_O[0])
                                                      0.219    11.903 r  datapath/video_inst/Inst_vga/color_mapper1/dc_bias_reg[3]_i_436/O[0]
                         net (fo=3, routed)           1.150    13.052    datapath/video_inst/Inst_vga/color_mapper1/dc_bias_reg[3]_i_436_n_7
    SLICE_X146Y134       LUT2 (Prop_lut2_I0_O)        0.323    13.375 r  datapath/video_inst/Inst_vga/color_mapper1/dc_bias[3]_i_262/O
                         net (fo=1, routed)           0.789    14.164    datapath/video_inst/Inst_vga/color_mapper1/dc_bias[3]_i_262_n_0
    SLICE_X151Y138       CARRY4 (Prop_carry4_DI[1]_O[3])
                                                      0.820    14.984 r  datapath/video_inst/Inst_vga/color_mapper1/dc_bias_reg[3]_i_153/O[3]
                         net (fo=4, routed)           0.769    15.754    datapath/video_inst/Inst_vga/color_mapper1/dc_bias_reg[3]_i_153_n_4
    SLICE_X145Y137       LUT3 (Prop_lut3_I2_O)        0.306    16.060 r  datapath/video_inst/Inst_vga/color_mapper1/dc_bias[3]_i_159/O
                         net (fo=1, routed)           0.570    16.630    datapath/video_inst/Inst_vga/color_mapper1/dc_bias[3]_i_159_n_0
    SLICE_X145Y137       LUT5 (Prop_lut5_I4_O)        0.124    16.754 r  datapath/video_inst/Inst_vga/color_mapper1/dc_bias[3]_i_102/O
                         net (fo=2, routed)           0.504    17.258    datapath/video_inst/Inst_vga/color_mapper1/dc_bias[3]_i_102_n_0
    SLICE_X147Y137       LUT6 (Prop_lut6_I0_O)        0.124    17.382 r  datapath/video_inst/Inst_vga/color_mapper1/dc_bias[3]_i_106/O
                         net (fo=1, routed)           0.000    17.382    datapath/video_inst/Inst_vga/color_mapper1/dc_bias[3]_i_106_n_0
    SLICE_X147Y137       CARRY4 (Prop_carry4_S[2]_CO[3])
                                                      0.398    17.780 r  datapath/video_inst/Inst_vga/color_mapper1/dc_bias_reg[3]_i_53/CO[3]
                         net (fo=1, routed)           0.000    17.780    datapath/video_inst/Inst_vga/color_mapper1/dc_bias_reg[3]_i_53_n_0
    SLICE_X147Y138       CARRY4 (Prop_carry4_CI_O[1])
                                                      0.334    18.114 r  datapath/video_inst/Inst_vga/color_mapper1/dc_bias_reg[3]_i_94/O[1]
                         net (fo=2, routed)           0.613    18.727    datapath/video_inst/Inst_vga/color_mapper1/dc_bias_reg[3]_i_94_n_6
    SLICE_X153Y137       LUT2 (Prop_lut2_I0_O)        0.303    19.030 r  datapath/video_inst/Inst_vga/color_mapper1/dc_bias[3]_i_96/O
                         net (fo=1, routed)           0.000    19.030    datapath/video_inst/Inst_vga/color_mapper1/dc_bias[3]_i_96_n_0
    SLICE_X153Y137       CARRY4 (Prop_carry4_S[1]_O[1])
                                                      0.227    19.257 r  datapath/video_inst/Inst_vga/color_mapper1/dc_bias_reg[3]_i_51/O[1]
                         net (fo=1, routed)           0.530    19.787    datapath/video_inst/Inst_vga/vga_signal_generator1/vertical_counter/dc_bias_reg[3]_i_11[1]
    SLICE_X152Y137       LUT5 (Prop_lut5_I4_O)        0.303    20.090 r  datapath/video_inst/Inst_vga/vga_signal_generator1/vertical_counter/dc_bias[3]_i_32/O
                         net (fo=1, routed)           0.000    20.090    datapath/video_inst/Inst_vga/color_mapper1/dc_bias[3]_i_13_0[3]
    SLICE_X152Y137       CARRY4 (Prop_carry4_S[3]_CO[3])
                                                      0.376    20.466 r  datapath/video_inst/Inst_vga/color_mapper1/dc_bias_reg[3]_i_11/CO[3]
                         net (fo=1, routed)           0.000    20.466    datapath/video_inst/Inst_vga/color_mapper1/dc_bias_reg[3]_i_11_n_0
    SLICE_X152Y138       CARRY4 (Prop_carry4_CI_O[0])
                                                      0.219    20.685 f  datapath/video_inst/Inst_vga/color_mapper1/dc_bias_reg[3]_i_10/O[0]
                         net (fo=2, routed)           0.662    21.347    datapath/video_inst/Inst_vga/color_mapper1/dc_bias_reg[3]_i_10_n_7
    SLICE_X153Y138       LUT3 (Prop_lut3_I1_O)        0.295    21.642 f  datapath/video_inst/Inst_vga/color_mapper1/dc_bias[3]_i_3__0/O
                         net (fo=4, routed)           0.555    22.197    datapath/video_inst/Inst_vga/vga_signal_generator1/vertical_counter/encoded_reg[8]_1
    SLICE_X154Y137       LUT6 (Prop_lut6_I4_O)        0.124    22.321 f  datapath/video_inst/Inst_vga/vga_signal_generator1/vertical_counter/dc_bias[3]_i_3/O
                         net (fo=7, routed)           1.105    23.425    datapath/video_inst/inst_dvid/TDMS_encoder_green/pixel[color][1]
    SLICE_X161Y139       LUT2 (Prop_lut2_I0_O)        0.124    23.549 r  datapath/video_inst/inst_dvid/TDMS_encoder_green/encoded[8]_i_1/O
                         net (fo=1, routed)           0.000    23.549    datapath/video_inst/inst_dvid/TDMS_encoder_green/encoded[8]_i_1_n_0
    SLICE_X161Y139       FDRE                                         r  datapath/video_inst/inst_dvid/TDMS_encoder_green/encoded_reg[8]/D
  -------------------------------------------------------------------    -------------------

                         (clock clk_out1_clk_wiz_0 rise edge)
                                                     40.000    40.000 r  
    BUFGCTRL_X0Y2        BUFG                         0.000    40.000 r  clk_IBUF_BUFG_inst/O
                         net (fo=513, routed)         1.972    41.972    datapath/video_inst/mmcm_adv_inst_display_clocks/inst/clk_in1
    MMCME2_ADV_X1Y0      MMCME2_ADV (Prop_mmcme2_adv_CLKIN1_CLKOUT0)
                                                     -4.637    37.335 r  datapath/video_inst/mmcm_adv_inst_display_clocks/inst/mmcm_adv_inst/CLKOUT0
                         net (fo=1, routed)           2.574    39.909    datapath/video_inst/mmcm_adv_inst_display_clocks/inst/clk_out1_clk_wiz_0
    BUFGCTRL_X0Y4        BUFG (Prop_bufg_I_O)         0.091    40.000 r  datapath/video_inst/mmcm_adv_inst_display_clocks/inst/clkout1_buf/O
                         net (fo=64, routed)          1.711    41.711    datapath/video_inst/inst_dvid/TDMS_encoder_green/clk_out1
    SLICE_X161Y139       FDRE                                         r  datapath/video_inst/inst_dvid/TDMS_encoder_green/encoded_reg[8]/C
                         clock pessimism              0.075    41.786    
                         clock uncertainty           -0.095    41.692    
    SLICE_X161Y139       FDRE (Setup_fdre_C_D)        0.029    41.721    datapath/video_inst/inst_dvid/TDMS_encoder_green/encoded_reg[8]
  -------------------------------------------------------------------
                         required time                         41.721    
                         arrival time                         -23.550    
  -------------------------------------------------------------------
                         slack                                 18.171    





Min Delay Paths
--------------------------------------------------------------------------------------
Slack (MET) :             0.148ns  (arrival time - required time)
  Source:                 datapath/video_inst/inst_dvid/TDMS_encoder_red/encoded_reg[2]/C
                            (rising edge-triggered cell FDSE clocked by clk_out1_clk_wiz_0  {rise@0.000ns fall@20.000ns period=40.000ns})
  Destination:            datapath/video_inst/inst_dvid/latched_red_reg[2]/D
                            (rising edge-triggered cell FDRE clocked by clk_out1_clk_wiz_0  {rise@0.000ns fall@20.000ns period=40.000ns})
  Path Group:             clk_out1_clk_wiz_0
  Path Type:              Hold (Min at Fast Process Corner)
  Requirement:            0.000ns  (clk_out1_clk_wiz_0 rise@0.000ns - clk_out1_clk_wiz_0 rise@0.000ns)
  Data Path Delay:        0.254ns  (logic 0.141ns (55.533%)  route 0.113ns (44.467%))
  Logic Levels:           0  
  Clock Path Skew:        0.040ns (DCD - SCD - CPR)
    Destination Clock Delay (DCD):    0.920ns
    Source Clock Delay      (SCD):    0.646ns
    Clock Pessimism Removal (CPR):    0.234ns

    Location             Delay type                Incr(ns)  Path(ns)    Netlist Resource(s)
  -------------------------------------------------------------------    -------------------
                         (clock clk_out1_clk_wiz_0 rise edge)
                                                      0.000     0.000 r  
    BUFGCTRL_X0Y2        BUFG                         0.000     0.000 r  clk_IBUF_BUFG_inst/O
                         net (fo=513, routed)         0.745     0.745    datapath/video_inst/mmcm_adv_inst_display_clocks/inst/clk_in1
    MMCME2_ADV_X1Y0      MMCME2_ADV (Prop_mmcme2_adv_CLKIN1_CLKOUT0)
                                                     -1.683    -0.938 r  datapath/video_inst/mmcm_adv_inst_display_clocks/inst/mmcm_adv_inst/CLKOUT0
                         net (fo=1, routed)           0.912    -0.026    datapath/video_inst/mmcm_adv_inst_display_clocks/inst/clk_out1_clk_wiz_0
    BUFGCTRL_X0Y4        BUFG (Prop_bufg_I_O)         0.026    -0.000 r  datapath/video_inst/mmcm_adv_inst_display_clocks/inst/clkout1_buf/O
                         net (fo=64, routed)          0.646     0.646    datapath/video_inst/inst_dvid/TDMS_encoder_red/clk_out1
    SLICE_X159Y141       FDSE                                         r  datapath/video_inst/inst_dvid/TDMS_encoder_red/encoded_reg[2]/C
  -------------------------------------------------------------------    -------------------
    SLICE_X159Y141       FDSE (Prop_fdse_C_Q)         0.141     0.787 r  datapath/video_inst/inst_dvid/TDMS_encoder_red/encoded_reg[2]/Q
                         net (fo=1, routed)           0.113     0.900    datapath/video_inst/inst_dvid/TDMS_encoder_red_n_2
    SLICE_X161Y141       FDRE                                         r  datapath/video_inst/inst_dvid/latched_red_reg[2]/D
  -------------------------------------------------------------------    -------------------

                         (clock clk_out1_clk_wiz_0 rise edge)
                                                      0.000     0.000 r  
    BUFGCTRL_X0Y2        BUFG                         0.000     0.000 r  clk_IBUF_BUFG_inst/O
                         net (fo=513, routed)         1.022     1.022    datapath/video_inst/mmcm_adv_inst_display_clocks/inst/clk_in1
    MMCME2_ADV_X1Y0      MMCME2_ADV (Prop_mmcme2_adv_CLKIN1_CLKOUT0)
                                                     -2.040    -1.018 r  datapath/video_inst/mmcm_adv_inst_display_clocks/inst/mmcm_adv_inst/CLKOUT0
                         net (fo=1, routed)           0.989    -0.029    datapath/video_inst/mmcm_adv_inst_display_clocks/inst/clk_out1_clk_wiz_0
    BUFGCTRL_X0Y4        BUFG (Prop_bufg_I_O)         0.029    -0.000 r  datapath/video_inst/mmcm_adv_inst_display_clocks/inst/clkout1_buf/O
                         net (fo=64, routed)          0.920     0.920    datapath/video_inst/inst_dvid/clk_out1
    SLICE_X161Y141       FDRE                                         r  datapath/video_inst/inst_dvid/latched_red_reg[2]/C
                         clock pessimism             -0.234     0.686    
    SLICE_X161Y141       FDRE (Hold_fdre_C_D)         0.066     0.752    datapath/video_inst/inst_dvid/latched_red_reg[2]
  -------------------------------------------------------------------
                         required time                         -0.752    
                         arrival time                           0.900    
  -------------------------------------------------------------------
                         slack                                  0.148    

Slack (MET) :             0.156ns  (arrival time - required time)
  Source:                 datapath/video_inst/inst_dvid/TDMS_encoder_blue/encoded_reg[9]/C
                            (rising edge-triggered cell FDRE clocked by clk_out1_clk_wiz_0  {rise@0.000ns fall@20.000ns period=40.000ns})
  Destination:            datapath/video_inst/inst_dvid/latched_blue_reg[9]/D
                            (rising edge-triggered cell FDRE clocked by clk_out1_clk_wiz_0  {rise@0.000ns fall@20.000ns period=40.000ns})
  Path Group:             clk_out1_clk_wiz_0
  Path Type:              Hold (Min at Fast Process Corner)
  Requirement:            0.000ns  (clk_out1_clk_wiz_0 rise@0.000ns - clk_out1_clk_wiz_0 rise@0.000ns)
  Data Path Delay:        0.220ns  (logic 0.164ns (74.580%)  route 0.056ns (25.420%))
  Logic Levels:           0  
  Clock Path Skew:        0.000ns (DCD - SCD - CPR)
    Destination Clock Delay (DCD):    0.919ns
    Source Clock Delay      (SCD):    0.646ns
    Clock Pessimism Removal (CPR):    0.273ns

    Location             Delay type                Incr(ns)  Path(ns)    Netlist Resource(s)
  -------------------------------------------------------------------    -------------------
                         (clock clk_out1_clk_wiz_0 rise edge)
                                                      0.000     0.000 r  
    BUFGCTRL_X0Y2        BUFG                         0.000     0.000 r  clk_IBUF_BUFG_inst/O
                         net (fo=513, routed)         0.745     0.745    datapath/video_inst/mmcm_adv_inst_display_clocks/inst/clk_in1
    MMCME2_ADV_X1Y0      MMCME2_ADV (Prop_mmcme2_adv_CLKIN1_CLKOUT0)
                                                     -1.683    -0.938 r  datapath/video_inst/mmcm_adv_inst_display_clocks/inst/mmcm_adv_inst/CLKOUT0
                         net (fo=1, routed)           0.912    -0.026    datapath/video_inst/mmcm_adv_inst_display_clocks/inst/clk_out1_clk_wiz_0
    BUFGCTRL_X0Y4        BUFG (Prop_bufg_I_O)         0.026    -0.000 r  datapath/video_inst/mmcm_adv_inst_display_clocks/inst/clkout1_buf/O
                         net (fo=64, routed)          0.646     0.646    datapath/video_inst/inst_dvid/TDMS_encoder_blue/clk_out1
    SLICE_X158Y141       FDRE                                         r  datapath/video_inst/inst_dvid/TDMS_encoder_blue/encoded_reg[9]/C
  -------------------------------------------------------------------    -------------------
    SLICE_X158Y141       FDRE (Prop_fdre_C_Q)         0.164     0.810 r  datapath/video_inst/inst_dvid/TDMS_encoder_blue/encoded_reg[9]/Q
                         net (fo=1, routed)           0.056     0.865    datapath/video_inst/inst_dvid/TDMS_encoder_blue_n_2
    SLICE_X158Y141       FDRE                                         r  datapath/video_inst/inst_dvid/latched_blue_reg[9]/D
  -------------------------------------------------------------------    -------------------

                         (clock clk_out1_clk_wiz_0 rise edge)
                                                      0.000     0.000 r  
    BUFGCTRL_X0Y2        BUFG                         0.000     0.000 r  clk_IBUF_BUFG_inst/O
                         net (fo=513, routed)         1.022     1.022    datapath/video_inst/mmcm_adv_inst_display_clocks/inst/clk_in1
    MMCME2_ADV_X1Y0      MMCME2_ADV (Prop_mmcme2_adv_CLKIN1_CLKOUT0)
                                                     -2.040    -1.018 r  datapath/video_inst/mmcm_adv_inst_display_clocks/inst/mmcm_adv_inst/CLKOUT0
                         net (fo=1, routed)           0.989    -0.029    datapath/video_inst/mmcm_adv_inst_display_clocks/inst/clk_out1_clk_wiz_0
    BUFGCTRL_X0Y4        BUFG (Prop_bufg_I_O)         0.029    -0.000 r  datapath/video_inst/mmcm_adv_inst_display_clocks/inst/clkout1_buf/O
                         net (fo=64, routed)          0.919     0.919    datapath/video_inst/inst_dvid/clk_out1
    SLICE_X158Y141       FDRE                                         r  datapath/video_inst/inst_dvid/latched_blue_reg[9]/C
                         clock pessimism             -0.273     0.646    
    SLICE_X158Y141       FDRE (Hold_fdre_C_D)         0.064     0.710    datapath/video_inst/inst_dvid/latched_blue_reg[9]
  -------------------------------------------------------------------
                         required time                         -0.710    
                         arrival time                           0.865    
  -------------------------------------------------------------------
                         slack                                  0.156    

Slack (MET) :             0.160ns  (arrival time - required time)
  Source:                 datapath/video_inst/inst_dvid/TDMS_encoder_blue/encoded_reg[0]/C
                            (rising edge-triggered cell FDRE clocked by clk_out1_clk_wiz_0  {rise@0.000ns fall@20.000ns period=40.000ns})
  Destination:            datapath/video_inst/inst_dvid/latched_blue_reg[0]/D
                            (rising edge-triggered cell FDRE clocked by clk_out1_clk_wiz_0  {rise@0.000ns fall@20.000ns period=40.000ns})
  Path Group:             clk_out1_clk_wiz_0
  Path Type:              Hold (Min at Fast Process Corner)
  Requirement:            0.000ns  (clk_out1_clk_wiz_0 rise@0.000ns - clk_out1_clk_wiz_0 rise@0.000ns)
  Data Path Delay:        0.220ns  (logic 0.164ns (74.580%)  route 0.056ns (25.420%))
  Logic Levels:           0  
  Clock Path Skew:        0.000ns (DCD - SCD - CPR)
    Destination Clock Delay (DCD):    0.919ns
    Source Clock Delay      (SCD):    0.646ns
    Clock Pessimism Removal (CPR):    0.273ns

    Location             Delay type                Incr(ns)  Path(ns)    Netlist Resource(s)
  -------------------------------------------------------------------    -------------------
                         (clock clk_out1_clk_wiz_0 rise edge)
                                                      0.000     0.000 r  
    BUFGCTRL_X0Y2        BUFG                         0.000     0.000 r  clk_IBUF_BUFG_inst/O
                         net (fo=513, routed)         0.745     0.745    datapath/video_inst/mmcm_adv_inst_display_clocks/inst/clk_in1
    MMCME2_ADV_X1Y0      MMCME2_ADV (Prop_mmcme2_adv_CLKIN1_CLKOUT0)
                                                     -1.683    -0.938 r  datapath/video_inst/mmcm_adv_inst_display_clocks/inst/mmcm_adv_inst/CLKOUT0
                         net (fo=1, routed)           0.912    -0.026    datapath/video_inst/mmcm_adv_inst_display_clocks/inst/clk_out1_clk_wiz_0
    BUFGCTRL_X0Y4        BUFG (Prop_bufg_I_O)         0.026    -0.000 r  datapath/video_inst/mmcm_adv_inst_display_clocks/inst/clkout1_buf/O
                         net (fo=64, routed)          0.646     0.646    datapath/video_inst/inst_dvid/TDMS_encoder_blue/clk_out1
    SLICE_X158Y141       FDRE                                         r  datapath/video_inst/inst_dvid/TDMS_encoder_blue/encoded_reg[0]/C
  -------------------------------------------------------------------    -------------------
    SLICE_X158Y141       FDRE (Prop_fdre_C_Q)         0.164     0.810 r  datapath/video_inst/inst_dvid/TDMS_encoder_blue/encoded_reg[0]/Q
                         net (fo=1, routed)           0.056     0.865    datapath/video_inst/inst_dvid/TDMS_encoder_blue_n_7
    SLICE_X158Y141       FDRE                                         r  datapath/video_inst/inst_dvid/latched_blue_reg[0]/D
  -------------------------------------------------------------------    -------------------

                         (clock clk_out1_clk_wiz_0 rise edge)
                                                      0.000     0.000 r  
    BUFGCTRL_X0Y2        BUFG                         0.000     0.000 r  clk_IBUF_BUFG_inst/O
                         net (fo=513, routed)         1.022     1.022    datapath/video_inst/mmcm_adv_inst_display_clocks/inst/clk_in1
    MMCME2_ADV_X1Y0      MMCME2_ADV (Prop_mmcme2_adv_CLKIN1_CLKOUT0)
                                                     -2.040    -1.018 r  datapath/video_inst/mmcm_adv_inst_display_clocks/inst/mmcm_adv_inst/CLKOUT0
                         net (fo=1, routed)           0.989    -0.029    datapath/video_inst/mmcm_adv_inst_display_clocks/inst/clk_out1_clk_wiz_0
    BUFGCTRL_X0Y4        BUFG (Prop_bufg_I_O)         0.029    -0.000 r  datapath/video_inst/mmcm_adv_inst_display_clocks/inst/clkout1_buf/O
                         net (fo=64, routed)          0.919     0.919    datapath/video_inst/inst_dvid/clk_out1
    SLICE_X158Y141       FDRE                                         r  datapath/video_inst/inst_dvid/latched_blue_reg[0]/C
                         clock pessimism             -0.273     0.646    
    SLICE_X158Y141       FDRE (Hold_fdre_C_D)         0.060     0.706    datapath/video_inst/inst_dvid/latched_blue_reg[0]
  -------------------------------------------------------------------
                         required time                         -0.706    
                         arrival time                           0.865    
  -------------------------------------------------------------------
                         slack                                  0.160    

Slack (MET) :             0.167ns  (arrival time - required time)
  Source:                 datapath/video_inst/inst_dvid/TDMS_encoder_blue/encoded_reg[4]/C
                            (rising edge-triggered cell FDRE clocked by clk_out1_clk_wiz_0  {rise@0.000ns fall@20.000ns period=40.000ns})
  Destination:            datapath/video_inst/inst_dvid/latched_blue_reg[4]/D
                            (rising edge-triggered cell FDRE clocked by clk_out1_clk_wiz_0  {rise@0.000ns fall@20.000ns period=40.000ns})
  Path Group:             clk_out1_clk_wiz_0
  Path Type:              Hold (Min at Fast Process Corner)
  Requirement:            0.000ns  (clk_out1_clk_wiz_0 rise@0.000ns - clk_out1_clk_wiz_0 rise@0.000ns)
  Data Path Delay:        0.220ns  (logic 0.164ns (74.580%)  route 0.056ns (25.420%))
  Logic Levels:           0  
  Clock Path Skew:        0.000ns (DCD - SCD - CPR)
    Destination Clock Delay (DCD):    0.919ns
    Source Clock Delay      (SCD):    0.646ns
    Clock Pessimism Removal (CPR):    0.273ns

    Location             Delay type                Incr(ns)  Path(ns)    Netlist Resource(s)
  -------------------------------------------------------------------    -------------------
                         (clock clk_out1_clk_wiz_0 rise edge)
                                                      0.000     0.000 r  
    BUFGCTRL_X0Y2        BUFG                         0.000     0.000 r  clk_IBUF_BUFG_inst/O
                         net (fo=513, routed)         0.745     0.745    datapath/video_inst/mmcm_adv_inst_display_clocks/inst/clk_in1
    MMCME2_ADV_X1Y0      MMCME2_ADV (Prop_mmcme2_adv_CLKIN1_CLKOUT0)
                                                     -1.683    -0.938 r  datapath/video_inst/mmcm_adv_inst_display_clocks/inst/mmcm_adv_inst/CLKOUT0
                         net (fo=1, routed)           0.912    -0.026    datapath/video_inst/mmcm_adv_inst_display_clocks/inst/clk_out1_clk_wiz_0
    BUFGCTRL_X0Y4        BUFG (Prop_bufg_I_O)         0.026    -0.000 r  datapath/video_inst/mmcm_adv_inst_display_clocks/inst/clkout1_buf/O
                         net (fo=64, routed)          0.646     0.646    datapath/video_inst/inst_dvid/TDMS_encoder_blue/clk_out1
    SLICE_X158Y141       FDRE                                         r  datapath/video_inst/inst_dvid/TDMS_encoder_blue/encoded_reg[4]/C
  -------------------------------------------------------------------    -------------------
    SLICE_X158Y141       FDRE (Prop_fdre_C_Q)         0.164     0.810 r  datapath/video_inst/inst_dvid/TDMS_encoder_blue/encoded_reg[4]/Q
                         net (fo=1, routed)           0.056     0.865    datapath/video_inst/inst_dvid/TDMS_encoder_blue_n_4
    SLICE_X158Y141       FDRE                                         r  datapath/video_inst/inst_dvid/latched_blue_reg[4]/D
  -------------------------------------------------------------------    -------------------

                         (clock clk_out1_clk_wiz_0 rise edge)
                                                      0.000     0.000 r  
    BUFGCTRL_X0Y2        BUFG                         0.000     0.000 r  clk_IBUF_BUFG_inst/O
                         net (fo=513, routed)         1.022     1.022    datapath/video_inst/mmcm_adv_inst_display_clocks/inst/clk_in1
    MMCME2_ADV_X1Y0      MMCME2_ADV (Prop_mmcme2_adv_CLKIN1_CLKOUT0)
                                                     -2.040    -1.018 r  datapath/video_inst/mmcm_adv_inst_display_clocks/inst/mmcm_adv_inst/CLKOUT0
                         net (fo=1, routed)           0.989    -0.029    datapath/video_inst/mmcm_adv_inst_display_clocks/inst/clk_out1_clk_wiz_0
    BUFGCTRL_X0Y4        BUFG (Prop_bufg_I_O)         0.029    -0.000 r  datapath/video_inst/mmcm_adv_inst_display_clocks/inst/clkout1_buf/O
                         net (fo=64, routed)          0.919     0.919    datapath/video_inst/inst_dvid/clk_out1
    SLICE_X158Y141       FDRE                                         r  datapath/video_inst/inst_dvid/latched_blue_reg[4]/C
                         clock pessimism             -0.273     0.646    
    SLICE_X158Y141       FDRE (Hold_fdre_C_D)         0.053     0.699    datapath/video_inst/inst_dvid/latched_blue_reg[4]
  -------------------------------------------------------------------
                         required time                         -0.699    
                         arrival time                           0.865    
  -------------------------------------------------------------------
                         slack                                  0.167    

Slack (MET) :             0.167ns  (arrival time - required time)
  Source:                 datapath/video_inst/inst_dvid/TDMS_encoder_red/encoded_reg[0]/C
                            (rising edge-triggered cell FDRE clocked by clk_out1_clk_wiz_0  {rise@0.000ns fall@20.000ns period=40.000ns})
  Destination:            datapath/video_inst/inst_dvid/latched_red_reg[0]/D
                            (rising edge-triggered cell FDRE clocked by clk_out1_clk_wiz_0  {rise@0.000ns fall@20.000ns period=40.000ns})
  Path Group:             clk_out1_clk_wiz_0
  Path Type:              Hold (Min at Fast Process Corner)
  Requirement:            0.000ns  (clk_out1_clk_wiz_0 rise@0.000ns - clk_out1_clk_wiz_0 rise@0.000ns)
  Data Path Delay:        0.253ns  (logic 0.141ns (55.730%)  route 0.112ns (44.270%))
  Logic Levels:           0  
  Clock Path Skew:        0.016ns (DCD - SCD - CPR)
    Destination Clock Delay (DCD):    0.919ns
    Source Clock Delay      (SCD):    0.646ns
    Clock Pessimism Removal (CPR):    0.257ns

    Location             Delay type                Incr(ns)  Path(ns)    Netlist Resource(s)
  -------------------------------------------------------------------    -------------------
                         (clock clk_out1_clk_wiz_0 rise edge)
                                                      0.000     0.000 r  
    BUFGCTRL_X0Y2        BUFG                         0.000     0.000 r  clk_IBUF_BUFG_inst/O
                         net (fo=513, routed)         0.745     0.745    datapath/video_inst/mmcm_adv_inst_display_clocks/inst/clk_in1
    MMCME2_ADV_X1Y0      MMCME2_ADV (Prop_mmcme2_adv_CLKIN1_CLKOUT0)
                                                     -1.683    -0.938 r  datapath/video_inst/mmcm_adv_inst_display_clocks/inst/mmcm_adv_inst/CLKOUT0
                         net (fo=1, routed)           0.912    -0.026    datapath/video_inst/mmcm_adv_inst_display_clocks/inst/clk_out1_clk_wiz_0
    BUFGCTRL_X0Y4        BUFG (Prop_bufg_I_O)         0.026    -0.000 r  datapath/video_inst/mmcm_adv_inst_display_clocks/inst/clkout1_buf/O
                         net (fo=64, routed)          0.646     0.646    datapath/video_inst/inst_dvid/TDMS_encoder_red/clk_out1
    SLICE_X159Y141       FDRE                                         r  datapath/video_inst/inst_dvid/TDMS_encoder_red/encoded_reg[0]/C
  -------------------------------------------------------------------    -------------------
    SLICE_X159Y141       FDRE (Prop_fdre_C_Q)         0.141     0.787 r  datapath/video_inst/inst_dvid/TDMS_encoder_red/encoded_reg[0]/Q
                         net (fo=1, routed)           0.112     0.899    datapath/video_inst/inst_dvid/TDMS_encoder_red_n_3
    SLICE_X159Y142       FDRE                                         r  datapath/video_inst/inst_dvid/latched_red_reg[0]/D
  -------------------------------------------------------------------    -------------------

                         (clock clk_out1_clk_wiz_0 rise edge)
                                                      0.000     0.000 r  
    BUFGCTRL_X0Y2        BUFG                         0.000     0.000 r  clk_IBUF_BUFG_inst/O
                         net (fo=513, routed)         1.022     1.022    datapath/video_inst/mmcm_adv_inst_display_clocks/inst/clk_in1
    MMCME2_ADV_X1Y0      MMCME2_ADV (Prop_mmcme2_adv_CLKIN1_CLKOUT0)
                                                     -2.040    -1.018 r  datapath/video_inst/mmcm_adv_inst_display_clocks/inst/mmcm_adv_inst/CLKOUT0
                         net (fo=1, routed)           0.989    -0.029    datapath/video_inst/mmcm_adv_inst_display_clocks/inst/clk_out1_clk_wiz_0
    BUFGCTRL_X0Y4        BUFG (Prop_bufg_I_O)         0.029    -0.000 r  datapath/video_inst/mmcm_adv_inst_display_clocks/inst/clkout1_buf/O
                         net (fo=64, routed)          0.919     0.919    datapath/video_inst/inst_dvid/clk_out1
    SLICE_X159Y142       FDRE                                         r  datapath/video_inst/inst_dvid/latched_red_reg[0]/C
                         clock pessimism             -0.257     0.662    
    SLICE_X159Y142       FDRE (Hold_fdre_C_D)         0.070     0.732    datapath/video_inst/inst_dvid/latched_red_reg[0]
  -------------------------------------------------------------------
                         required time                         -0.732    
                         arrival time                           0.899    
  -------------------------------------------------------------------
                         slack                                  0.167    

Slack (MET) :             0.201ns  (arrival time - required time)
  Source:                 datapath/video_inst/inst_dvid/TDMS_encoder_blue/encoded_reg[2]/C
                            (rising edge-triggered cell FDRE clocked by clk_out1_clk_wiz_0  {rise@0.000ns fall@20.000ns period=40.000ns})
  Destination:            datapath/video_inst/inst_dvid/latched_blue_reg[2]/D
                            (rising edge-triggered cell FDRE clocked by clk_out1_clk_wiz_0  {rise@0.000ns fall@20.000ns period=40.000ns})
  Path Group:             clk_out1_clk_wiz_0
  Path Type:              Hold (Min at Fast Process Corner)
  Requirement:            0.000ns  (clk_out1_clk_wiz_0 rise@0.000ns - clk_out1_clk_wiz_0 rise@0.000ns)
  Data Path Delay:        0.280ns  (logic 0.164ns (58.537%)  route 0.116ns (41.463%))
  Logic Levels:           0  
  Clock Path Skew:        0.013ns (DCD - SCD - CPR)
    Destination Clock Delay (DCD):    0.919ns
    Source Clock Delay      (SCD):    0.646ns
    Clock Pessimism Removal (CPR):    0.260ns

    Location             Delay type                Incr(ns)  Path(ns)    Netlist Resource(s)
  -------------------------------------------------------------------    -------------------
                         (clock clk_out1_clk_wiz_0 rise edge)
                                                      0.000     0.000 r  
    BUFGCTRL_X0Y2        BUFG                         0.000     0.000 r  clk_IBUF_BUFG_inst/O
                         net (fo=513, routed)         0.745     0.745    datapath/video_inst/mmcm_adv_inst_display_clocks/inst/clk_in1
    MMCME2_ADV_X1Y0      MMCME2_ADV (Prop_mmcme2_adv_CLKIN1_CLKOUT0)
                                                     -1.683    -0.938 r  datapath/video_inst/mmcm_adv_inst_display_clocks/inst/mmcm_adv_inst/CLKOUT0
                         net (fo=1, routed)           0.912    -0.026    datapath/video_inst/mmcm_adv_inst_display_clocks/inst/clk_out1_clk_wiz_0
    BUFGCTRL_X0Y4        BUFG (Prop_bufg_I_O)         0.026    -0.000 r  datapath/video_inst/mmcm_adv_inst_display_clocks/inst/clkout1_buf/O
                         net (fo=64, routed)          0.646     0.646    datapath/video_inst/inst_dvid/TDMS_encoder_blue/clk_out1
    SLICE_X158Y142       FDRE                                         r  datapath/video_inst/inst_dvid/TDMS_encoder_blue/encoded_reg[2]/C
  -------------------------------------------------------------------    -------------------
    SLICE_X158Y142       FDRE (Prop_fdre_C_Q)         0.164     0.810 r  datapath/video_inst/inst_dvid/TDMS_encoder_blue/encoded_reg[2]/Q
                         net (fo=1, routed)           0.116     0.926    datapath/video_inst/inst_dvid/TDMS_encoder_blue_n_5
    SLICE_X159Y142       FDRE                                         r  datapath/video_inst/inst_dvid/latched_blue_reg[2]/D
  -------------------------------------------------------------------    -------------------

                         (clock clk_out1_clk_wiz_0 rise edge)
                                                      0.000     0.000 r  
    BUFGCTRL_X0Y2        BUFG                         0.000     0.000 r  clk_IBUF_BUFG_inst/O
                         net (fo=513, routed)         1.022     1.022    datapath/video_inst/mmcm_adv_inst_display_clocks/inst/clk_in1
    MMCME2_ADV_X1Y0      MMCME2_ADV (Prop_mmcme2_adv_CLKIN1_CLKOUT0)
                                                     -2.040    -1.018 r  datapath/video_inst/mmcm_adv_inst_display_clocks/inst/mmcm_adv_inst/CLKOUT0
                         net (fo=1, routed)           0.989    -0.029    datapath/video_inst/mmcm_adv_inst_display_clocks/inst/clk_out1_clk_wiz_0
    BUFGCTRL_X0Y4        BUFG (Prop_bufg_I_O)         0.029    -0.000 r  datapath/video_inst/mmcm_adv_inst_display_clocks/inst/clkout1_buf/O
                         net (fo=64, routed)          0.919     0.919    datapath/video_inst/inst_dvid/clk_out1
    SLICE_X159Y142       FDRE                                         r  datapath/video_inst/inst_dvid/latched_blue_reg[2]/C
                         clock pessimism             -0.260     0.659    
    SLICE_X159Y142       FDRE (Hold_fdre_C_D)         0.066     0.725    datapath/video_inst/inst_dvid/latched_blue_reg[2]
  -------------------------------------------------------------------
                         required time                         -0.725    
                         arrival time                           0.926    
  -------------------------------------------------------------------
                         slack                                  0.201    

Slack (MET) :             0.220ns  (arrival time - required time)
  Source:                 datapath/video_inst/inst_dvid/TDMS_encoder_blue/encoded_reg[8]/C
                            (rising edge-triggered cell FDRE clocked by clk_out1_clk_wiz_0  {rise@0.000ns fall@20.000ns period=40.000ns})
  Destination:            datapath/video_inst/inst_dvid/latched_blue_reg[8]/D
                            (rising edge-triggered cell FDRE clocked by clk_out1_clk_wiz_0  {rise@0.000ns fall@20.000ns period=40.000ns})
  Path Group:             clk_out1_clk_wiz_0
  Path Type:              Hold (Min at Fast Process Corner)
  Requirement:            0.000ns  (clk_out1_clk_wiz_0 rise@0.000ns - clk_out1_clk_wiz_0 rise@0.000ns)
  Data Path Delay:        0.280ns  (logic 0.164ns (58.537%)  route 0.116ns (41.463%))
  Logic Levels:           0  
  Clock Path Skew:        0.000ns (DCD - SCD - CPR)
    Destination Clock Delay (DCD):    0.919ns
    Source Clock Delay      (SCD):    0.646ns
    Clock Pessimism Removal (CPR):    0.273ns

    Location             Delay type                Incr(ns)  Path(ns)    Netlist Resource(s)
  -------------------------------------------------------------------    -------------------
                         (clock clk_out1_clk_wiz_0 rise edge)
                                                      0.000     0.000 r  
    BUFGCTRL_X0Y2        BUFG                         0.000     0.000 r  clk_IBUF_BUFG_inst/O
                         net (fo=513, routed)         0.745     0.745    datapath/video_inst/mmcm_adv_inst_display_clocks/inst/clk_in1
    MMCME2_ADV_X1Y0      MMCME2_ADV (Prop_mmcme2_adv_CLKIN1_CLKOUT0)
                                                     -1.683    -0.938 r  datapath/video_inst/mmcm_adv_inst_display_clocks/inst/mmcm_adv_inst/CLKOUT0
                         net (fo=1, routed)           0.912    -0.026    datapath/video_inst/mmcm_adv_inst_display_clocks/inst/clk_out1_clk_wiz_0
    BUFGCTRL_X0Y4        BUFG (Prop_bufg_I_O)         0.026    -0.000 r  datapath/video_inst/mmcm_adv_inst_display_clocks/inst/clkout1_buf/O
                         net (fo=64, routed)          0.646     0.646    datapath/video_inst/inst_dvid/TDMS_encoder_blue/clk_out1
    SLICE_X158Y142       FDRE                                         r  datapath/video_inst/inst_dvid/TDMS_encoder_blue/encoded_reg[8]/C
  -------------------------------------------------------------------    -------------------
    SLICE_X158Y142       FDRE (Prop_fdre_C_Q)         0.164     0.810 r  datapath/video_inst/inst_dvid/TDMS_encoder_blue/encoded_reg[8]/Q
                         net (fo=1, routed)           0.116     0.926    datapath/video_inst/inst_dvid/TDMS_encoder_blue_n_3
    SLICE_X158Y142       FDRE                                         r  datapath/video_inst/inst_dvid/latched_blue_reg[8]/D
  -------------------------------------------------------------------    -------------------

                         (clock clk_out1_clk_wiz_0 rise edge)
                                                      0.000     0.000 r  
    BUFGCTRL_X0Y2        BUFG                         0.000     0.000 r  clk_IBUF_BUFG_inst/O
                         net (fo=513, routed)         1.022     1.022    datapath/video_inst/mmcm_adv_inst_display_clocks/inst/clk_in1
    MMCME2_ADV_X1Y0      MMCME2_ADV (Prop_mmcme2_adv_CLKIN1_CLKOUT0)
                                                     -2.040    -1.018 r  datapath/video_inst/mmcm_adv_inst_display_clocks/inst/mmcm_adv_inst/CLKOUT0
                         net (fo=1, routed)           0.989    -0.029    datapath/video_inst/mmcm_adv_inst_display_clocks/inst/clk_out1_clk_wiz_0
    BUFGCTRL_X0Y4        BUFG (Prop_bufg_I_O)         0.029    -0.000 r  datapath/video_inst/mmcm_adv_inst_display_clocks/inst/clkout1_buf/O
                         net (fo=64, routed)          0.919     0.919    datapath/video_inst/inst_dvid/clk_out1
    SLICE_X158Y142       FDRE                                         r  datapath/video_inst/inst_dvid/latched_blue_reg[8]/C
                         clock pessimism             -0.273     0.646    
    SLICE_X158Y142       FDRE (Hold_fdre_C_D)         0.060     0.706    datapath/video_inst/inst_dvid/latched_blue_reg[8]
  -------------------------------------------------------------------
                         required time                         -0.706    
                         arrival time                           0.926    
  -------------------------------------------------------------------
                         slack                                  0.220    

Slack (MET) :             0.230ns  (arrival time - required time)
  Source:                 datapath/video_inst/inst_dvid/TDMS_encoder_green/encoded_reg[9]/C
                            (rising edge-triggered cell FDRE clocked by clk_out1_clk_wiz_0  {rise@0.000ns fall@20.000ns period=40.000ns})
  Destination:            datapath/video_inst/inst_dvid/latched_green_reg[9]/D
                            (rising edge-triggered cell FDRE clocked by clk_out1_clk_wiz_0  {rise@0.000ns fall@20.000ns period=40.000ns})
  Path Group:             clk_out1_clk_wiz_0
  Path Type:              Hold (Min at Fast Process Corner)
  Requirement:            0.000ns  (clk_out1_clk_wiz_0 rise@0.000ns - clk_out1_clk_wiz_0 rise@0.000ns)
  Data Path Delay:        0.247ns  (logic 0.128ns (51.736%)  route 0.119ns (48.264%))
  Logic Levels:           0  
  Clock Path Skew:        0.000ns (DCD - SCD - CPR)
    Destination Clock Delay (DCD):    0.919ns
    Source Clock Delay      (SCD):    0.646ns
    Clock Pessimism Removal (CPR):    0.273ns

    Location             Delay type                Incr(ns)  Path(ns)    Netlist Resource(s)
  -------------------------------------------------------------------    -------------------
                         (clock clk_out1_clk_wiz_0 rise edge)
                                                      0.000     0.000 r  
    BUFGCTRL_X0Y2        BUFG                         0.000     0.000 r  clk_IBUF_BUFG_inst/O
                         net (fo=513, routed)         0.745     0.745    datapath/video_inst/mmcm_adv_inst_display_clocks/inst/clk_in1
    MMCME2_ADV_X1Y0      MMCME2_ADV (Prop_mmcme2_adv_CLKIN1_CLKOUT0)
                                                     -1.683    -0.938 r  datapath/video_inst/mmcm_adv_inst_display_clocks/inst/mmcm_adv_inst/CLKOUT0
                         net (fo=1, routed)           0.912    -0.026    datapath/video_inst/mmcm_adv_inst_display_clocks/inst/clk_out1_clk_wiz_0
    BUFGCTRL_X0Y4        BUFG (Prop_bufg_I_O)         0.026    -0.000 r  datapath/video_inst/mmcm_adv_inst_display_clocks/inst/clkout1_buf/O
                         net (fo=64, routed)          0.646     0.646    datapath/video_inst/inst_dvid/TDMS_encoder_green/clk_out1
    SLICE_X161Y139       FDRE                                         r  datapath/video_inst/inst_dvid/TDMS_encoder_green/encoded_reg[9]/C
  -------------------------------------------------------------------    -------------------
    SLICE_X161Y139       FDRE (Prop_fdre_C_Q)         0.128     0.774 r  datapath/video_inst/inst_dvid/TDMS_encoder_green/encoded_reg[9]/Q
                         net (fo=1, routed)           0.119     0.893    datapath/video_inst/inst_dvid/TDMS_encoder_green_n_0
    SLICE_X161Y139       FDRE                                         r  datapath/video_inst/inst_dvid/latched_green_reg[9]/D
  -------------------------------------------------------------------    -------------------

                         (clock clk_out1_clk_wiz_0 rise edge)
                                                      0.000     0.000 r  
    BUFGCTRL_X0Y2        BUFG                         0.000     0.000 r  clk_IBUF_BUFG_inst/O
                         net (fo=513, routed)         1.022     1.022    datapath/video_inst/mmcm_adv_inst_display_clocks/inst/clk_in1
    MMCME2_ADV_X1Y0      MMCME2_ADV (Prop_mmcme2_adv_CLKIN1_CLKOUT0)
                                                     -2.040    -1.018 r  datapath/video_inst/mmcm_adv_inst_display_clocks/inst/mmcm_adv_inst/CLKOUT0
                         net (fo=1, routed)           0.989    -0.029    datapath/video_inst/mmcm_adv_inst_display_clocks/inst/clk_out1_clk_wiz_0
    BUFGCTRL_X0Y4        BUFG (Prop_bufg_I_O)         0.029    -0.000 r  datapath/video_inst/mmcm_adv_inst_display_clocks/inst/clkout1_buf/O
                         net (fo=64, routed)          0.919     0.919    datapath/video_inst/inst_dvid/clk_out1
    SLICE_X161Y139       FDRE                                         r  datapath/video_inst/inst_dvid/latched_green_reg[9]/C
                         clock pessimism             -0.273     0.646    
    SLICE_X161Y139       FDRE (Hold_fdre_C_D)         0.017     0.663    datapath/video_inst/inst_dvid/latched_green_reg[9]
  -------------------------------------------------------------------
                         required time                         -0.663    
                         arrival time                           0.893    
  -------------------------------------------------------------------
                         slack                                  0.230    

Slack (MET) :             0.239ns  (arrival time - required time)
  Source:                 datapath/video_inst/inst_dvid/TDMS_encoder_green/encoded_reg[8]/C
                            (rising edge-triggered cell FDRE clocked by clk_out1_clk_wiz_0  {rise@0.000ns fall@20.000ns period=40.000ns})
  Destination:            datapath/video_inst/inst_dvid/latched_green_reg[8]/D
                            (rising edge-triggered cell FDRE clocked by clk_out1_clk_wiz_0  {rise@0.000ns fall@20.000ns period=40.000ns})
  Path Group:             clk_out1_clk_wiz_0
  Path Type:              Hold (Min at Fast Process Corner)
  Requirement:            0.000ns  (clk_out1_clk_wiz_0 rise@0.000ns - clk_out1_clk_wiz_0 rise@0.000ns)
  Data Path Delay:        0.311ns  (logic 0.141ns (45.298%)  route 0.170ns (54.702%))
  Logic Levels:           0  
  Clock Path Skew:        0.000ns (DCD - SCD - CPR)
    Destination Clock Delay (DCD):    0.919ns
    Source Clock Delay      (SCD):    0.646ns
    Clock Pessimism Removal (CPR):    0.273ns

    Location             Delay type                Incr(ns)  Path(ns)    Netlist Resource(s)
  -------------------------------------------------------------------    -------------------
                         (clock clk_out1_clk_wiz_0 rise edge)
                                                      0.000     0.000 r  
    BUFGCTRL_X0Y2        BUFG                         0.000     0.000 r  clk_IBUF_BUFG_inst/O
                         net (fo=513, routed)         0.745     0.745    datapath/video_inst/mmcm_adv_inst_display_clocks/inst/clk_in1
    MMCME2_ADV_X1Y0      MMCME2_ADV (Prop_mmcme2_adv_CLKIN1_CLKOUT0)
                                                     -1.683    -0.938 r  datapath/video_inst/mmcm_adv_inst_display_clocks/inst/mmcm_adv_inst/CLKOUT0
                         net (fo=1, routed)           0.912    -0.026    datapath/video_inst/mmcm_adv_inst_display_clocks/inst/clk_out1_clk_wiz_0
    BUFGCTRL_X0Y4        BUFG (Prop_bufg_I_O)         0.026    -0.000 r  datapath/video_inst/mmcm_adv_inst_display_clocks/inst/clkout1_buf/O
                         net (fo=64, routed)          0.646     0.646    datapath/video_inst/inst_dvid/TDMS_encoder_green/clk_out1
    SLICE_X161Y139       FDRE                                         r  datapath/video_inst/inst_dvid/TDMS_encoder_green/encoded_reg[8]/C
  -------------------------------------------------------------------    -------------------
    SLICE_X161Y139       FDRE (Prop_fdre_C_Q)         0.141     0.787 r  datapath/video_inst/inst_dvid/TDMS_encoder_green/encoded_reg[8]/Q
                         net (fo=1, routed)           0.170     0.957    datapath/video_inst/inst_dvid/TDMS_encoder_green_n_1
    SLICE_X161Y139       FDRE                                         r  datapath/video_inst/inst_dvid/latched_green_reg[8]/D
  -------------------------------------------------------------------    -------------------

                         (clock clk_out1_clk_wiz_0 rise edge)
                                                      0.000     0.000 r  
    BUFGCTRL_X0Y2        BUFG                         0.000     0.000 r  clk_IBUF_BUFG_inst/O
                         net (fo=513, routed)         1.022     1.022    datapath/video_inst/mmcm_adv_inst_display_clocks/inst/clk_in1
    MMCME2_ADV_X1Y0      MMCME2_ADV (Prop_mmcme2_adv_CLKIN1_CLKOUT0)
                                                     -2.040    -1.018 r  datapath/video_inst/mmcm_adv_inst_display_clocks/inst/mmcm_adv_inst/CLKOUT0
                         net (fo=1, routed)           0.989    -0.029    datapath/video_inst/mmcm_adv_inst_display_clocks/inst/clk_out1_clk_wiz_0
    BUFGCTRL_X0Y4        BUFG (Prop_bufg_I_O)         0.029    -0.000 r  datapath/video_inst/mmcm_adv_inst_display_clocks/inst/clkout1_buf/O
                         net (fo=64, routed)          0.919     0.919    datapath/video_inst/inst_dvid/clk_out1
    SLICE_X161Y139       FDRE                                         r  datapath/video_inst/inst_dvid/latched_green_reg[8]/C
                         clock pessimism             -0.273     0.646    
    SLICE_X161Y139       FDRE (Hold_fdre_C_D)         0.072     0.718    datapath/video_inst/inst_dvid/latched_green_reg[8]
  -------------------------------------------------------------------
                         required time                         -0.718    
                         arrival time                           0.957    
  -------------------------------------------------------------------
                         slack                                  0.239    

Slack (MET) :             0.241ns  (arrival time - required time)
  Source:                 datapath/video_inst/inst_dvid/TDMS_encoder_red/encoded_reg[8]/C
                            (rising edge-triggered cell FDRE clocked by clk_out1_clk_wiz_0  {rise@0.000ns fall@20.000ns period=40.000ns})
  Destination:            datapath/video_inst/inst_dvid/latched_red_reg[8]/D
                            (rising edge-triggered cell FDRE clocked by clk_out1_clk_wiz_0  {rise@0.000ns fall@20.000ns period=40.000ns})
  Path Group:             clk_out1_clk_wiz_0
  Path Type:              Hold (Min at Fast Process Corner)
  Requirement:            0.000ns  (clk_out1_clk_wiz_0 rise@0.000ns - clk_out1_clk_wiz_0 rise@0.000ns)
  Data Path Delay:        0.311ns  (logic 0.141ns (45.298%)  route 0.170ns (54.702%))
  Logic Levels:           0  
  Clock Path Skew:        0.000ns (DCD - SCD - CPR)
    Destination Clock Delay (DCD):    0.920ns
    Source Clock Delay      (SCD):    0.647ns
    Clock Pessimism Removal (CPR):    0.273ns

    Location             Delay type                Incr(ns)  Path(ns)    Netlist Resource(s)
  -------------------------------------------------------------------    -------------------
                         (clock clk_out1_clk_wiz_0 rise edge)
                                                      0.000     0.000 r  
    BUFGCTRL_X0Y2        BUFG                         0.000     0.000 r  clk_IBUF_BUFG_inst/O
                         net (fo=513, routed)         0.745     0.745    datapath/video_inst/mmcm_adv_inst_display_clocks/inst/clk_in1
    MMCME2_ADV_X1Y0      MMCME2_ADV (Prop_mmcme2_adv_CLKIN1_CLKOUT0)
                                                     -1.683    -0.938 r  datapath/video_inst/mmcm_adv_inst_display_clocks/inst/mmcm_adv_inst/CLKOUT0
                         net (fo=1, routed)           0.912    -0.026    datapath/video_inst/mmcm_adv_inst_display_clocks/inst/clk_out1_clk_wiz_0
    BUFGCTRL_X0Y4        BUFG (Prop_bufg_I_O)         0.026    -0.000 r  datapath/video_inst/mmcm_adv_inst_display_clocks/inst/clkout1_buf/O
                         net (fo=64, routed)          0.647     0.647    datapath/video_inst/inst_dvid/TDMS_encoder_red/clk_out1
    SLICE_X161Y141       FDRE                                         r  datapath/video_inst/inst_dvid/TDMS_encoder_red/encoded_reg[8]/C
  -------------------------------------------------------------------    -------------------
    SLICE_X161Y141       FDRE (Prop_fdre_C_Q)         0.141     0.788 r  datapath/video_inst/inst_dvid/TDMS_encoder_red/encoded_reg[8]/Q
                         net (fo=1, routed)           0.170     0.958    datapath/video_inst/inst_dvid/TDMS_encoder_red_n_1
    SLICE_X161Y141       FDRE                                         r  datapath/video_inst/inst_dvid/latched_red_reg[8]/D
  -------------------------------------------------------------------    -------------------

                         (clock clk_out1_clk_wiz_0 rise edge)
                                                      0.000     0.000 r  
    BUFGCTRL_X0Y2        BUFG                         0.000     0.000 r  clk_IBUF_BUFG_inst/O
                         net (fo=513, routed)         1.022     1.022    datapath/video_inst/mmcm_adv_inst_display_clocks/inst/clk_in1
    MMCME2_ADV_X1Y0      MMCME2_ADV (Prop_mmcme2_adv_CLKIN1_CLKOUT0)
                                                     -2.040    -1.018 r  datapath/video_inst/mmcm_adv_inst_display_clocks/inst/mmcm_adv_inst/CLKOUT0
                         net (fo=1, routed)           0.989    -0.029    datapath/video_inst/mmcm_adv_inst_display_clocks/inst/clk_out1_clk_wiz_0
    BUFGCTRL_X0Y4        BUFG (Prop_bufg_I_O)         0.029    -0.000 r  datapath/video_inst/mmcm_adv_inst_display_clocks/inst/clkout1_buf/O
                         net (fo=64, routed)          0.920     0.920    datapath/video_inst/inst_dvid/clk_out1
    SLICE_X161Y141       FDRE                                         r  datapath/video_inst/inst_dvid/latched_red_reg[8]/C
                         clock pessimism             -0.273     0.647    
    SLICE_X161Y141       FDRE (Hold_fdre_C_D)         0.070     0.717    datapath/video_inst/inst_dvid/latched_red_reg[8]
  -------------------------------------------------------------------
                         required time                         -0.717    
                         arrival time                           0.958    
  -------------------------------------------------------------------
                         slack                                  0.241    





Pulse Width Checks
--------------------------------------------------------------------------------------
Clock Name:         clk_out1_clk_wiz_0
Waveform(ns):       { 0.000 20.000 }
Period(ns):         40.000
Sources:            { datapath/video_inst/mmcm_adv_inst_display_clocks/inst/mmcm_adv_inst/CLKOUT0 }

Check Type        Corner  Lib Pin             Reference Pin  Required(ns)  Actual(ns)  Slack(ns)  Location         Pin
Min Period        n/a     BUFG/I              n/a            2.155         40.000      37.845     BUFGCTRL_X0Y4    datapath/video_inst/mmcm_adv_inst_display_clocks/inst/clkout1_buf/I
Min Period        n/a     MMCME2_ADV/CLKOUT0  n/a            1.249         40.000      38.751     MMCME2_ADV_X1Y0  datapath/video_inst/mmcm_adv_inst_display_clocks/inst/mmcm_adv_inst/CLKOUT0
Min Period        n/a     FDRE/C              n/a            1.000         40.000      39.000     SLICE_X156Y138   datapath/video_inst/Inst_vga/vga_signal_generator1/vga_reg[blank]/C
Min Period        n/a     FDRE/C              n/a            1.000         40.000      39.000     SLICE_X155Y132   datapath/video_inst/Inst_vga/vga_signal_generator1/vga_reg[hsync]/C
Min Period        n/a     FDRE/C              n/a            1.000         40.000      39.000     SLICE_X156Y139   datapath/video_inst/Inst_vga/vga_signal_generator1/vga_reg[vsync]/C
Min Period        n/a     FDRE/C              n/a            1.000         40.000      39.000     SLICE_X154Y131   datapath/video_inst/Inst_vga/vga_signal_generator1/horizontal_counter/processQ_reg[0]/C
Min Period        n/a     FDRE/C              n/a            1.000         40.000      39.000     SLICE_X150Y127   datapath/video_inst/Inst_vga/vga_signal_generator1/horizontal_counter/processQ_reg[1]/C
Min Period        n/a     FDRE/C              n/a            1.000         40.000      39.000     SLICE_X150Y130   datapath/video_inst/Inst_vga/vga_signal_generator1/horizontal_counter/processQ_reg[2]/C
Min Period        n/a     FDRE/C              n/a            1.000         40.000      39.000     SLICE_X150Y130   datapath/video_inst/Inst_vga/vga_signal_generator1/horizontal_counter/processQ_reg[3]/C
Min Period        n/a     FDRE/C              n/a            1.000         40.000      39.000     SLICE_X154Y131   datapath/video_inst/Inst_vga/vga_signal_generator1/horizontal_counter/processQ_reg[4]/C
Max Period        n/a     MMCME2_ADV/CLKOUT0  n/a            213.360       40.000      173.360    MMCME2_ADV_X1Y0  datapath/video_inst/mmcm_adv_inst_display_clocks/inst/mmcm_adv_inst/CLKOUT0
Low Pulse Width   Slow    FDRE/C              n/a            0.500         20.000      19.500     SLICE_X156Y138   datapath/video_inst/Inst_vga/vga_signal_generator1/vga_reg[blank]/C
Low Pulse Width   Fast    FDRE/C              n/a            0.500         20.000      19.500     SLICE_X156Y138   datapath/video_inst/Inst_vga/vga_signal_generator1/vga_reg[blank]/C
Low Pulse Width   Slow    FDRE/C              n/a            0.500         20.000      19.500     SLICE_X155Y132   datapath/video_inst/Inst_vga/vga_signal_generator1/vga_reg[hsync]/C
Low Pulse Width   Fast    FDRE/C              n/a            0.500         20.000      19.500     SLICE_X155Y132   datapath/video_inst/Inst_vga/vga_signal_generator1/vga_reg[hsync]/C
Low Pulse Width   Slow    FDRE/C              n/a            0.500         20.000      19.500     SLICE_X156Y139   datapath/video_inst/Inst_vga/vga_signal_generator1/vga_reg[vsync]/C
Low Pulse Width   Fast    FDRE/C              n/a            0.500         20.000      19.500     SLICE_X156Y139   datapath/video_inst/Inst_vga/vga_signal_generator1/vga_reg[vsync]/C
Low Pulse Width   Slow    FDRE/C              n/a            0.500         20.000      19.500     SLICE_X154Y131   datapath/video_inst/Inst_vga/vga_signal_generator1/horizontal_counter/processQ_reg[0]/C
Low Pulse Width   Fast    FDRE/C              n/a            0.500         20.000      19.500     SLICE_X154Y131   datapath/video_inst/Inst_vga/vga_signal_generator1/horizontal_counter/processQ_reg[0]/C
Low Pulse Width   Slow    FDRE/C              n/a            0.500         20.000      19.500     SLICE_X150Y127   datapath/video_inst/Inst_vga/vga_signal_generator1/horizontal_counter/processQ_reg[1]/C
Low Pulse Width   Fast    FDRE/C              n/a            0.500         20.000      19.500     SLICE_X150Y127   datapath/video_inst/Inst_vga/vga_signal_generator1/horizontal_counter/processQ_reg[1]/C
High Pulse Width  Slow    FDRE/C              n/a            0.500         20.000      19.500     SLICE_X156Y138   datapath/video_inst/Inst_vga/vga_signal_generator1/vga_reg[blank]/C
High Pulse Width  Fast    FDRE/C              n/a            0.500         20.000      19.500     SLICE_X156Y138   datapath/video_inst/Inst_vga/vga_signal_generator1/vga_reg[blank]/C
High Pulse Width  Slow    FDRE/C              n/a            0.500         20.000      19.500     SLICE_X155Y132   datapath/video_inst/Inst_vga/vga_signal_generator1/vga_reg[hsync]/C
High Pulse Width  Fast    FDRE/C              n/a            0.500         20.000      19.500     SLICE_X155Y132   datapath/video_inst/Inst_vga/vga_signal_generator1/vga_reg[hsync]/C
High Pulse Width  Slow    FDRE/C              n/a            0.500         20.000      19.500     SLICE_X156Y139   datapath/video_inst/Inst_vga/vga_signal_generator1/vga_reg[vsync]/C
High Pulse Width  Fast    FDRE/C              n/a            0.500         20.000      19.500     SLICE_X156Y139   datapath/video_inst/Inst_vga/vga_signal_generator1/vga_reg[vsync]/C
High Pulse Width  Slow    FDRE/C              n/a            0.500         20.000      19.500     SLICE_X154Y131   datapath/video_inst/Inst_vga/vga_signal_generator1/horizontal_counter/processQ_reg[0]/C
High Pulse Width  Fast    FDRE/C              n/a            0.500         20.000      19.500     SLICE_X154Y131   datapath/video_inst/Inst_vga/vga_signal_generator1/horizontal_counter/processQ_reg[0]/C
High Pulse Width  Slow    FDRE/C              n/a            0.500         20.000      19.500     SLICE_X150Y127   datapath/video_inst/Inst_vga/vga_signal_generator1/horizontal_counter/processQ_reg[1]/C
High Pulse Width  Fast    FDRE/C              n/a            0.500         20.000      19.500     SLICE_X150Y127   datapath/video_inst/Inst_vga/vga_signal_generator1/horizontal_counter/processQ_reg[1]/C



---------------------------------------------------------------------------------------------------
From Clock:  clk_out2_clk_wiz_0
  To Clock:  clk_out2_clk_wiz_0

Setup :            0  Failing Endpoints,  Worst Slack        2.884ns,  Total Violation        0.000ns
Hold  :            0  Failing Endpoints,  Worst Slack        0.196ns,  Total Violation        0.000ns
PW    :            0  Failing Endpoints,  Worst Slack        3.500ns,  Total Violation        0.000ns
---------------------------------------------------------------------------------------------------


Max Delay Paths
--------------------------------------------------------------------------------------
Slack (MET) :             2.884ns  (required time - arrival time)
  Source:                 datapath/video_inst/inst_dvid/shift_clock_reg[8]/C
                            (rising edge-triggered cell FDRE clocked by clk_out2_clk_wiz_0  {rise@0.000ns fall@4.000ns period=8.000ns})
  Destination:            datapath/video_inst/inst_dvid/shift_red_reg[0]/S
                            (rising edge-triggered cell FDSE clocked by clk_out2_clk_wiz_0  {rise@0.000ns fall@4.000ns period=8.000ns})
  Path Group:             clk_out2_clk_wiz_0
  Path Type:              Setup (Max at Slow Process Corner)
  Requirement:            8.000ns  (clk_out2_clk_wiz_0 rise@8.000ns - clk_out2_clk_wiz_0 rise@0.000ns)
  Data Path Delay:        4.487ns  (logic 0.890ns (19.836%)  route 3.597ns (80.164%))
  Logic Levels:           3  (LUT2=1 LUT5=1 LUT6=1)
  Clock Path Skew:        -0.033ns (DCD - SCD + CPR)
    Destination Clock Delay (DCD):    1.711ns = ( 9.711 - 8.000 ) 
    Source Clock Delay      (SCD):    1.833ns
    Clock Pessimism Removal (CPR):    0.089ns
  Clock Uncertainty:      0.072ns  ((TSJ^2 + DJ^2)^1/2) / 2 + PE
    Total System Jitter     (TSJ):    0.071ns
    Discrete Jitter          (DJ):    0.125ns
    Phase Error              (PE):    0.000ns

    Location             Delay type                Incr(ns)  Path(ns)    Netlist Resource(s)
  -------------------------------------------------------------------    -------------------
                         (clock clk_out2_clk_wiz_0 rise edge)
                                                      0.000     0.000 r  
    BUFGCTRL_X0Y2        BUFG                         0.000     0.000 r  clk_IBUF_BUFG_inst/O
                         net (fo=513, routed)         2.106     2.106    datapath/video_inst/mmcm_adv_inst_display_clocks/inst/clk_in1
    MMCME2_ADV_X1Y0      MMCME2_ADV (Prop_mmcme2_adv_CLKIN1_CLKOUT1)
                                                     -4.900    -2.793 r  datapath/video_inst/mmcm_adv_inst_display_clocks/inst/mmcm_adv_inst/CLKOUT1
                         net (fo=1, routed)           2.697    -0.096    datapath/video_inst/mmcm_adv_inst_display_clocks/inst/clk_out2_clk_wiz_0
    BUFGCTRL_X0Y0        BUFG (Prop_bufg_I_O)         0.096    -0.000 r  datapath/video_inst/mmcm_adv_inst_display_clocks/inst/clkout2_buf/O
                         net (fo=44, routed)          1.833     1.833    datapath/video_inst/inst_dvid/clk_out2
    SLICE_X162Y148       FDRE                                         r  datapath/video_inst/inst_dvid/shift_clock_reg[8]/C
  -------------------------------------------------------------------    -------------------
    SLICE_X162Y148       FDRE (Prop_fdre_C_Q)         0.518     2.351 f  datapath/video_inst/inst_dvid/shift_clock_reg[8]/Q
                         net (fo=2, routed)           1.020     3.372    datapath/video_inst/inst_dvid/shift_clock_reg_n_0_[8]
    SLICE_X162Y148       LUT6 (Prop_lut6_I0_O)        0.124     3.496 f  datapath/video_inst/inst_dvid/shift_red[9]_i_2/O
                         net (fo=1, routed)           0.307     3.803    datapath/video_inst/inst_dvid/shift_red[9]_i_2_n_0
    SLICE_X162Y147       LUT5 (Prop_lut5_I0_O)        0.124     3.927 f  datapath/video_inst/inst_dvid/shift_red[9]_i_1/O
                         net (fo=31, routed)          1.096     5.023    datapath/video_inst/inst_dvid/shift_red[9]_i_1_n_0
    SLICE_X161Y142       LUT2 (Prop_lut2_I1_O)        0.124     5.147 r  datapath/video_inst/inst_dvid/shift_red[7]_i_1/O
                         net (fo=5, routed)           1.173     6.320    datapath/video_inst/inst_dvid/shift_red[7]_i_1_n_0
    SLICE_X162Y140       FDSE                                         r  datapath/video_inst/inst_dvid/shift_red_reg[0]/S
  -------------------------------------------------------------------    -------------------

                         (clock clk_out2_clk_wiz_0 rise edge)
                                                      8.000     8.000 r  
    BUFGCTRL_X0Y2        BUFG                         0.000     8.000 r  clk_IBUF_BUFG_inst/O
                         net (fo=513, routed)         1.972     9.972    datapath/video_inst/mmcm_adv_inst_display_clocks/inst/clk_in1
    MMCME2_ADV_X1Y0      MMCME2_ADV (Prop_mmcme2_adv_CLKIN1_CLKOUT1)
                                                     -4.637     5.335 r  datapath/video_inst/mmcm_adv_inst_display_clocks/inst/mmcm_adv_inst/CLKOUT1
                         net (fo=1, routed)           2.574     7.909    datapath/video_inst/mmcm_adv_inst_display_clocks/inst/clk_out2_clk_wiz_0
    BUFGCTRL_X0Y0        BUFG (Prop_bufg_I_O)         0.091     8.000 r  datapath/video_inst/mmcm_adv_inst_display_clocks/inst/clkout2_buf/O
                         net (fo=44, routed)          1.711     9.711    datapath/video_inst/inst_dvid/clk_out2
    SLICE_X162Y140       FDSE                                         r  datapath/video_inst/inst_dvid/shift_red_reg[0]/C
                         clock pessimism              0.089     9.800    
                         clock uncertainty           -0.072     9.728    
    SLICE_X162Y140       FDSE (Setup_fdse_C_S)       -0.524     9.204    datapath/video_inst/inst_dvid/shift_red_reg[0]
  -------------------------------------------------------------------
                         required time                          9.204    
                         arrival time                          -6.320    
  -------------------------------------------------------------------
                         slack                                  2.884    

Slack (MET) :             2.884ns  (required time - arrival time)
  Source:                 datapath/video_inst/inst_dvid/shift_clock_reg[8]/C
                            (rising edge-triggered cell FDRE clocked by clk_out2_clk_wiz_0  {rise@0.000ns fall@4.000ns period=8.000ns})
  Destination:            datapath/video_inst/inst_dvid/shift_red_reg[1]/S
                            (rising edge-triggered cell FDSE clocked by clk_out2_clk_wiz_0  {rise@0.000ns fall@4.000ns period=8.000ns})
  Path Group:             clk_out2_clk_wiz_0
  Path Type:              Setup (Max at Slow Process Corner)
  Requirement:            8.000ns  (clk_out2_clk_wiz_0 rise@8.000ns - clk_out2_clk_wiz_0 rise@0.000ns)
  Data Path Delay:        4.487ns  (logic 0.890ns (19.836%)  route 3.597ns (80.164%))
  Logic Levels:           3  (LUT2=1 LUT5=1 LUT6=1)
  Clock Path Skew:        -0.033ns (DCD - SCD + CPR)
    Destination Clock Delay (DCD):    1.711ns = ( 9.711 - 8.000 ) 
    Source Clock Delay      (SCD):    1.833ns
    Clock Pessimism Removal (CPR):    0.089ns
  Clock Uncertainty:      0.072ns  ((TSJ^2 + DJ^2)^1/2) / 2 + PE
    Total System Jitter     (TSJ):    0.071ns
    Discrete Jitter          (DJ):    0.125ns
    Phase Error              (PE):    0.000ns

    Location             Delay type                Incr(ns)  Path(ns)    Netlist Resource(s)
  -------------------------------------------------------------------    -------------------
                         (clock clk_out2_clk_wiz_0 rise edge)
                                                      0.000     0.000 r  
    BUFGCTRL_X0Y2        BUFG                         0.000     0.000 r  clk_IBUF_BUFG_inst/O
                         net (fo=513, routed)         2.106     2.106    datapath/video_inst/mmcm_adv_inst_display_clocks/inst/clk_in1
    MMCME2_ADV_X1Y0      MMCME2_ADV (Prop_mmcme2_adv_CLKIN1_CLKOUT1)
                                                     -4.900    -2.793 r  datapath/video_inst/mmcm_adv_inst_display_clocks/inst/mmcm_adv_inst/CLKOUT1
                         net (fo=1, routed)           2.697    -0.096    datapath/video_inst/mmcm_adv_inst_display_clocks/inst/clk_out2_clk_wiz_0
    BUFGCTRL_X0Y0        BUFG (Prop_bufg_I_O)         0.096    -0.000 r  datapath/video_inst/mmcm_adv_inst_display_clocks/inst/clkout2_buf/O
                         net (fo=44, routed)          1.833     1.833    datapath/video_inst/inst_dvid/clk_out2
    SLICE_X162Y148       FDRE                                         r  datapath/video_inst/inst_dvid/shift_clock_reg[8]/C
  -------------------------------------------------------------------    -------------------
    SLICE_X162Y148       FDRE (Prop_fdre_C_Q)         0.518     2.351 f  datapath/video_inst/inst_dvid/shift_clock_reg[8]/Q
                         net (fo=2, routed)           1.020     3.372    datapath/video_inst/inst_dvid/shift_clock_reg_n_0_[8]
    SLICE_X162Y148       LUT6 (Prop_lut6_I0_O)        0.124     3.496 f  datapath/video_inst/inst_dvid/shift_red[9]_i_2/O
                         net (fo=1, routed)           0.307     3.803    datapath/video_inst/inst_dvid/shift_red[9]_i_2_n_0
    SLICE_X162Y147       LUT5 (Prop_lut5_I0_O)        0.124     3.927 f  datapath/video_inst/inst_dvid/shift_red[9]_i_1/O
                         net (fo=31, routed)          1.096     5.023    datapath/video_inst/inst_dvid/shift_red[9]_i_1_n_0
    SLICE_X161Y142       LUT2 (Prop_lut2_I1_O)        0.124     5.147 r  datapath/video_inst/inst_dvid/shift_red[7]_i_1/O
                         net (fo=5, routed)           1.173     6.320    datapath/video_inst/inst_dvid/shift_red[7]_i_1_n_0
    SLICE_X162Y140       FDSE                                         r  datapath/video_inst/inst_dvid/shift_red_reg[1]/S
  -------------------------------------------------------------------    -------------------

                         (clock clk_out2_clk_wiz_0 rise edge)
                                                      8.000     8.000 r  
    BUFGCTRL_X0Y2        BUFG                         0.000     8.000 r  clk_IBUF_BUFG_inst/O
                         net (fo=513, routed)         1.972     9.972    datapath/video_inst/mmcm_adv_inst_display_clocks/inst/clk_in1
    MMCME2_ADV_X1Y0      MMCME2_ADV (Prop_mmcme2_adv_CLKIN1_CLKOUT1)
                                                     -4.637     5.335 r  datapath/video_inst/mmcm_adv_inst_display_clocks/inst/mmcm_adv_inst/CLKOUT1
                         net (fo=1, routed)           2.574     7.909    datapath/video_inst/mmcm_adv_inst_display_clocks/inst/clk_out2_clk_wiz_0
    BUFGCTRL_X0Y0        BUFG (Prop_bufg_I_O)         0.091     8.000 r  datapath/video_inst/mmcm_adv_inst_display_clocks/inst/clkout2_buf/O
                         net (fo=44, routed)          1.711     9.711    datapath/video_inst/inst_dvid/clk_out2
    SLICE_X162Y140       FDSE                                         r  datapath/video_inst/inst_dvid/shift_red_reg[1]/C
                         clock pessimism              0.089     9.800    
                         clock uncertainty           -0.072     9.728    
    SLICE_X162Y140       FDSE (Setup_fdse_C_S)       -0.524     9.204    datapath/video_inst/inst_dvid/shift_red_reg[1]
  -------------------------------------------------------------------
                         required time                          9.204    
                         arrival time                          -6.320    
  -------------------------------------------------------------------
                         slack                                  2.884    

Slack (MET) :             2.884ns  (required time - arrival time)
  Source:                 datapath/video_inst/inst_dvid/shift_clock_reg[8]/C
                            (rising edge-triggered cell FDRE clocked by clk_out2_clk_wiz_0  {rise@0.000ns fall@4.000ns period=8.000ns})
  Destination:            datapath/video_inst/inst_dvid/shift_red_reg[3]/S
                            (rising edge-triggered cell FDSE clocked by clk_out2_clk_wiz_0  {rise@0.000ns fall@4.000ns period=8.000ns})
  Path Group:             clk_out2_clk_wiz_0
  Path Type:              Setup (Max at Slow Process Corner)
  Requirement:            8.000ns  (clk_out2_clk_wiz_0 rise@8.000ns - clk_out2_clk_wiz_0 rise@0.000ns)
  Data Path Delay:        4.487ns  (logic 0.890ns (19.836%)  route 3.597ns (80.164%))
  Logic Levels:           3  (LUT2=1 LUT5=1 LUT6=1)
  Clock Path Skew:        -0.033ns (DCD - SCD + CPR)
    Destination Clock Delay (DCD):    1.711ns = ( 9.711 - 8.000 ) 
    Source Clock Delay      (SCD):    1.833ns
    Clock Pessimism Removal (CPR):    0.089ns
  Clock Uncertainty:      0.072ns  ((TSJ^2 + DJ^2)^1/2) / 2 + PE
    Total System Jitter     (TSJ):    0.071ns
    Discrete Jitter          (DJ):    0.125ns
    Phase Error              (PE):    0.000ns

    Location             Delay type                Incr(ns)  Path(ns)    Netlist Resource(s)
  -------------------------------------------------------------------    -------------------
                         (clock clk_out2_clk_wiz_0 rise edge)
                                                      0.000     0.000 r  
    BUFGCTRL_X0Y2        BUFG                         0.000     0.000 r  clk_IBUF_BUFG_inst/O
                         net (fo=513, routed)         2.106     2.106    datapath/video_inst/mmcm_adv_inst_display_clocks/inst/clk_in1
    MMCME2_ADV_X1Y0      MMCME2_ADV (Prop_mmcme2_adv_CLKIN1_CLKOUT1)
                                                     -4.900    -2.793 r  datapath/video_inst/mmcm_adv_inst_display_clocks/inst/mmcm_adv_inst/CLKOUT1
                         net (fo=1, routed)           2.697    -0.096    datapath/video_inst/mmcm_adv_inst_display_clocks/inst/clk_out2_clk_wiz_0
    BUFGCTRL_X0Y0        BUFG (Prop_bufg_I_O)         0.096    -0.000 r  datapath/video_inst/mmcm_adv_inst_display_clocks/inst/clkout2_buf/O
                         net (fo=44, routed)          1.833     1.833    datapath/video_inst/inst_dvid/clk_out2
    SLICE_X162Y148       FDRE                                         r  datapath/video_inst/inst_dvid/shift_clock_reg[8]/C
  -------------------------------------------------------------------    -------------------
    SLICE_X162Y148       FDRE (Prop_fdre_C_Q)         0.518     2.351 f  datapath/video_inst/inst_dvid/shift_clock_reg[8]/Q
                         net (fo=2, routed)           1.020     3.372    datapath/video_inst/inst_dvid/shift_clock_reg_n_0_[8]
    SLICE_X162Y148       LUT6 (Prop_lut6_I0_O)        0.124     3.496 f  datapath/video_inst/inst_dvid/shift_red[9]_i_2/O
                         net (fo=1, routed)           0.307     3.803    datapath/video_inst/inst_dvid/shift_red[9]_i_2_n_0
    SLICE_X162Y147       LUT5 (Prop_lut5_I0_O)        0.124     3.927 f  datapath/video_inst/inst_dvid/shift_red[9]_i_1/O
                         net (fo=31, routed)          1.096     5.023    datapath/video_inst/inst_dvid/shift_red[9]_i_1_n_0
    SLICE_X161Y142       LUT2 (Prop_lut2_I1_O)        0.124     5.147 r  datapath/video_inst/inst_dvid/shift_red[7]_i_1/O
                         net (fo=5, routed)           1.173     6.320    datapath/video_inst/inst_dvid/shift_red[7]_i_1_n_0
    SLICE_X162Y140       FDSE                                         r  datapath/video_inst/inst_dvid/shift_red_reg[3]/S
  -------------------------------------------------------------------    -------------------

                         (clock clk_out2_clk_wiz_0 rise edge)
                                                      8.000     8.000 r  
    BUFGCTRL_X0Y2        BUFG                         0.000     8.000 r  clk_IBUF_BUFG_inst/O
                         net (fo=513, routed)         1.972     9.972    datapath/video_inst/mmcm_adv_inst_display_clocks/inst/clk_in1
    MMCME2_ADV_X1Y0      MMCME2_ADV (Prop_mmcme2_adv_CLKIN1_CLKOUT1)
                                                     -4.637     5.335 r  datapath/video_inst/mmcm_adv_inst_display_clocks/inst/mmcm_adv_inst/CLKOUT1
                         net (fo=1, routed)           2.574     7.909    datapath/video_inst/mmcm_adv_inst_display_clocks/inst/clk_out2_clk_wiz_0
    BUFGCTRL_X0Y0        BUFG (Prop_bufg_I_O)         0.091     8.000 r  datapath/video_inst/mmcm_adv_inst_display_clocks/inst/clkout2_buf/O
                         net (fo=44, routed)          1.711     9.711    datapath/video_inst/inst_dvid/clk_out2
    SLICE_X162Y140       FDSE                                         r  datapath/video_inst/inst_dvid/shift_red_reg[3]/C
                         clock pessimism              0.089     9.800    
                         clock uncertainty           -0.072     9.728    
    SLICE_X162Y140       FDSE (Setup_fdse_C_S)       -0.524     9.204    datapath/video_inst/inst_dvid/shift_red_reg[3]
  -------------------------------------------------------------------
                         required time                          9.204    
                         arrival time                          -6.320    
  -------------------------------------------------------------------
                         slack                                  2.884    

Slack (MET) :             2.884ns  (required time - arrival time)
  Source:                 datapath/video_inst/inst_dvid/shift_clock_reg[8]/C
                            (rising edge-triggered cell FDRE clocked by clk_out2_clk_wiz_0  {rise@0.000ns fall@4.000ns period=8.000ns})
  Destination:            datapath/video_inst/inst_dvid/shift_red_reg[5]/S
                            (rising edge-triggered cell FDSE clocked by clk_out2_clk_wiz_0  {rise@0.000ns fall@4.000ns period=8.000ns})
  Path Group:             clk_out2_clk_wiz_0
  Path Type:              Setup (Max at Slow Process Corner)
  Requirement:            8.000ns  (clk_out2_clk_wiz_0 rise@8.000ns - clk_out2_clk_wiz_0 rise@0.000ns)
  Data Path Delay:        4.487ns  (logic 0.890ns (19.836%)  route 3.597ns (80.164%))
  Logic Levels:           3  (LUT2=1 LUT5=1 LUT6=1)
  Clock Path Skew:        -0.033ns (DCD - SCD + CPR)
    Destination Clock Delay (DCD):    1.711ns = ( 9.711 - 8.000 ) 
    Source Clock Delay      (SCD):    1.833ns
    Clock Pessimism Removal (CPR):    0.089ns
  Clock Uncertainty:      0.072ns  ((TSJ^2 + DJ^2)^1/2) / 2 + PE
    Total System Jitter     (TSJ):    0.071ns
    Discrete Jitter          (DJ):    0.125ns
    Phase Error              (PE):    0.000ns

    Location             Delay type                Incr(ns)  Path(ns)    Netlist Resource(s)
  -------------------------------------------------------------------    -------------------
                         (clock clk_out2_clk_wiz_0 rise edge)
                                                      0.000     0.000 r  
    BUFGCTRL_X0Y2        BUFG                         0.000     0.000 r  clk_IBUF_BUFG_inst/O
                         net (fo=513, routed)         2.106     2.106    datapath/video_inst/mmcm_adv_inst_display_clocks/inst/clk_in1
    MMCME2_ADV_X1Y0      MMCME2_ADV (Prop_mmcme2_adv_CLKIN1_CLKOUT1)
                                                     -4.900    -2.793 r  datapath/video_inst/mmcm_adv_inst_display_clocks/inst/mmcm_adv_inst/CLKOUT1
                         net (fo=1, routed)           2.697    -0.096    datapath/video_inst/mmcm_adv_inst_display_clocks/inst/clk_out2_clk_wiz_0
    BUFGCTRL_X0Y0        BUFG (Prop_bufg_I_O)         0.096    -0.000 r  datapath/video_inst/mmcm_adv_inst_display_clocks/inst/clkout2_buf/O
                         net (fo=44, routed)          1.833     1.833    datapath/video_inst/inst_dvid/clk_out2
    SLICE_X162Y148       FDRE                                         r  datapath/video_inst/inst_dvid/shift_clock_reg[8]/C
  -------------------------------------------------------------------    -------------------
    SLICE_X162Y148       FDRE (Prop_fdre_C_Q)         0.518     2.351 f  datapath/video_inst/inst_dvid/shift_clock_reg[8]/Q
                         net (fo=2, routed)           1.020     3.372    datapath/video_inst/inst_dvid/shift_clock_reg_n_0_[8]
    SLICE_X162Y148       LUT6 (Prop_lut6_I0_O)        0.124     3.496 f  datapath/video_inst/inst_dvid/shift_red[9]_i_2/O
                         net (fo=1, routed)           0.307     3.803    datapath/video_inst/inst_dvid/shift_red[9]_i_2_n_0
    SLICE_X162Y147       LUT5 (Prop_lut5_I0_O)        0.124     3.927 f  datapath/video_inst/inst_dvid/shift_red[9]_i_1/O
                         net (fo=31, routed)          1.096     5.023    datapath/video_inst/inst_dvid/shift_red[9]_i_1_n_0
    SLICE_X161Y142       LUT2 (Prop_lut2_I1_O)        0.124     5.147 r  datapath/video_inst/inst_dvid/shift_red[7]_i_1/O
                         net (fo=5, routed)           1.173     6.320    datapath/video_inst/inst_dvid/shift_red[7]_i_1_n_0
    SLICE_X162Y140       FDSE                                         r  datapath/video_inst/inst_dvid/shift_red_reg[5]/S
  -------------------------------------------------------------------    -------------------

                         (clock clk_out2_clk_wiz_0 rise edge)
                                                      8.000     8.000 r  
    BUFGCTRL_X0Y2        BUFG                         0.000     8.000 r  clk_IBUF_BUFG_inst/O
                         net (fo=513, routed)         1.972     9.972    datapath/video_inst/mmcm_adv_inst_display_clocks/inst/clk_in1
    MMCME2_ADV_X1Y0      MMCME2_ADV (Prop_mmcme2_adv_CLKIN1_CLKOUT1)
                                                     -4.637     5.335 r  datapath/video_inst/mmcm_adv_inst_display_clocks/inst/mmcm_adv_inst/CLKOUT1
                         net (fo=1, routed)           2.574     7.909    datapath/video_inst/mmcm_adv_inst_display_clocks/inst/clk_out2_clk_wiz_0
    BUFGCTRL_X0Y0        BUFG (Prop_bufg_I_O)         0.091     8.000 r  datapath/video_inst/mmcm_adv_inst_display_clocks/inst/clkout2_buf/O
                         net (fo=44, routed)          1.711     9.711    datapath/video_inst/inst_dvid/clk_out2
    SLICE_X162Y140       FDSE                                         r  datapath/video_inst/inst_dvid/shift_red_reg[5]/C
                         clock pessimism              0.089     9.800    
                         clock uncertainty           -0.072     9.728    
    SLICE_X162Y140       FDSE (Setup_fdse_C_S)       -0.524     9.204    datapath/video_inst/inst_dvid/shift_red_reg[5]
  -------------------------------------------------------------------
                         required time                          9.204    
                         arrival time                          -6.320    
  -------------------------------------------------------------------
                         slack                                  2.884    

Slack (MET) :             2.884ns  (required time - arrival time)
  Source:                 datapath/video_inst/inst_dvid/shift_clock_reg[8]/C
                            (rising edge-triggered cell FDRE clocked by clk_out2_clk_wiz_0  {rise@0.000ns fall@4.000ns period=8.000ns})
  Destination:            datapath/video_inst/inst_dvid/shift_red_reg[7]/S
                            (rising edge-triggered cell FDSE clocked by clk_out2_clk_wiz_0  {rise@0.000ns fall@4.000ns period=8.000ns})
  Path Group:             clk_out2_clk_wiz_0
  Path Type:              Setup (Max at Slow Process Corner)
  Requirement:            8.000ns  (clk_out2_clk_wiz_0 rise@8.000ns - clk_out2_clk_wiz_0 rise@0.000ns)
  Data Path Delay:        4.487ns  (logic 0.890ns (19.836%)  route 3.597ns (80.164%))
  Logic Levels:           3  (LUT2=1 LUT5=1 LUT6=1)
  Clock Path Skew:        -0.033ns (DCD - SCD + CPR)
    Destination Clock Delay (DCD):    1.711ns = ( 9.711 - 8.000 ) 
    Source Clock Delay      (SCD):    1.833ns
    Clock Pessimism Removal (CPR):    0.089ns
  Clock Uncertainty:      0.072ns  ((TSJ^2 + DJ^2)^1/2) / 2 + PE
    Total System Jitter     (TSJ):    0.071ns
    Discrete Jitter          (DJ):    0.125ns
    Phase Error              (PE):    0.000ns

    Location             Delay type                Incr(ns)  Path(ns)    Netlist Resource(s)
  -------------------------------------------------------------------    -------------------
                         (clock clk_out2_clk_wiz_0 rise edge)
                                                      0.000     0.000 r  
    BUFGCTRL_X0Y2        BUFG                         0.000     0.000 r  clk_IBUF_BUFG_inst/O
                         net (fo=513, routed)         2.106     2.106    datapath/video_inst/mmcm_adv_inst_display_clocks/inst/clk_in1
    MMCME2_ADV_X1Y0      MMCME2_ADV (Prop_mmcme2_adv_CLKIN1_CLKOUT1)
                                                     -4.900    -2.793 r  datapath/video_inst/mmcm_adv_inst_display_clocks/inst/mmcm_adv_inst/CLKOUT1
                         net (fo=1, routed)           2.697    -0.096    datapath/video_inst/mmcm_adv_inst_display_clocks/inst/clk_out2_clk_wiz_0
    BUFGCTRL_X0Y0        BUFG (Prop_bufg_I_O)         0.096    -0.000 r  datapath/video_inst/mmcm_adv_inst_display_clocks/inst/clkout2_buf/O
                         net (fo=44, routed)          1.833     1.833    datapath/video_inst/inst_dvid/clk_out2
    SLICE_X162Y148       FDRE                                         r  datapath/video_inst/inst_dvid/shift_clock_reg[8]/C
  -------------------------------------------------------------------    -------------------
    SLICE_X162Y148       FDRE (Prop_fdre_C_Q)         0.518     2.351 f  datapath/video_inst/inst_dvid/shift_clock_reg[8]/Q
                         net (fo=2, routed)           1.020     3.372    datapath/video_inst/inst_dvid/shift_clock_reg_n_0_[8]
    SLICE_X162Y148       LUT6 (Prop_lut6_I0_O)        0.124     3.496 f  datapath/video_inst/inst_dvid/shift_red[9]_i_2/O
                         net (fo=1, routed)           0.307     3.803    datapath/video_inst/inst_dvid/shift_red[9]_i_2_n_0
    SLICE_X162Y147       LUT5 (Prop_lut5_I0_O)        0.124     3.927 f  datapath/video_inst/inst_dvid/shift_red[9]_i_1/O
                         net (fo=31, routed)          1.096     5.023    datapath/video_inst/inst_dvid/shift_red[9]_i_1_n_0
    SLICE_X161Y142       LUT2 (Prop_lut2_I1_O)        0.124     5.147 r  datapath/video_inst/inst_dvid/shift_red[7]_i_1/O
                         net (fo=5, routed)           1.173     6.320    datapath/video_inst/inst_dvid/shift_red[7]_i_1_n_0
    SLICE_X162Y140       FDSE                                         r  datapath/video_inst/inst_dvid/shift_red_reg[7]/S
  -------------------------------------------------------------------    -------------------

                         (clock clk_out2_clk_wiz_0 rise edge)
                                                      8.000     8.000 r  
    BUFGCTRL_X0Y2        BUFG                         0.000     8.000 r  clk_IBUF_BUFG_inst/O
                         net (fo=513, routed)         1.972     9.972    datapath/video_inst/mmcm_adv_inst_display_clocks/inst/clk_in1
    MMCME2_ADV_X1Y0      MMCME2_ADV (Prop_mmcme2_adv_CLKIN1_CLKOUT1)
                                                     -4.637     5.335 r  datapath/video_inst/mmcm_adv_inst_display_clocks/inst/mmcm_adv_inst/CLKOUT1
                         net (fo=1, routed)           2.574     7.909    datapath/video_inst/mmcm_adv_inst_display_clocks/inst/clk_out2_clk_wiz_0
    BUFGCTRL_X0Y0        BUFG (Prop_bufg_I_O)         0.091     8.000 r  datapath/video_inst/mmcm_adv_inst_display_clocks/inst/clkout2_buf/O
                         net (fo=44, routed)          1.711     9.711    datapath/video_inst/inst_dvid/clk_out2
    SLICE_X162Y140       FDSE                                         r  datapath/video_inst/inst_dvid/shift_red_reg[7]/C
                         clock pessimism              0.089     9.800    
                         clock uncertainty           -0.072     9.728    
    SLICE_X162Y140       FDSE (Setup_fdse_C_S)       -0.524     9.204    datapath/video_inst/inst_dvid/shift_red_reg[7]
  -------------------------------------------------------------------
                         required time                          9.204    
                         arrival time                          -6.320    
  -------------------------------------------------------------------
                         slack                                  2.884    

Slack (MET) :             4.140ns  (required time - arrival time)
  Source:                 datapath/video_inst/inst_dvid/shift_clock_reg[8]/C
                            (rising edge-triggered cell FDRE clocked by clk_out2_clk_wiz_0  {rise@0.000ns fall@4.000ns period=8.000ns})
  Destination:            datapath/video_inst/inst_dvid/shift_green_reg[0]/D
                            (rising edge-triggered cell FDRE clocked by clk_out2_clk_wiz_0  {rise@0.000ns fall@4.000ns period=8.000ns})
  Path Group:             clk_out2_clk_wiz_0
  Path Type:              Setup (Max at Slow Process Corner)
  Requirement:            8.000ns  (clk_out2_clk_wiz_0 rise@8.000ns - clk_out2_clk_wiz_0 rise@0.000ns)
  Data Path Delay:        3.785ns  (logic 0.890ns (23.517%)  route 2.895ns (76.483%))
  Logic Levels:           3  (LUT3=1 LUT5=1 LUT6=1)
  Clock Path Skew:        -0.033ns (DCD - SCD + CPR)
    Destination Clock Delay (DCD):    1.711ns = ( 9.711 - 8.000 ) 
    Source Clock Delay      (SCD):    1.833ns
    Clock Pessimism Removal (CPR):    0.089ns
  Clock Uncertainty:      0.072ns  ((TSJ^2 + DJ^2)^1/2) / 2 + PE
    Total System Jitter     (TSJ):    0.071ns
    Discrete Jitter          (DJ):    0.125ns
    Phase Error              (PE):    0.000ns

    Location             Delay type                Incr(ns)  Path(ns)    Netlist Resource(s)
  -------------------------------------------------------------------    -------------------
                         (clock clk_out2_clk_wiz_0 rise edge)
                                                      0.000     0.000 r  
    BUFGCTRL_X0Y2        BUFG                         0.000     0.000 r  clk_IBUF_BUFG_inst/O
                         net (fo=513, routed)         2.106     2.106    datapath/video_inst/mmcm_adv_inst_display_clocks/inst/clk_in1
    MMCME2_ADV_X1Y0      MMCME2_ADV (Prop_mmcme2_adv_CLKIN1_CLKOUT1)
                                                     -4.900    -2.793 r  datapath/video_inst/mmcm_adv_inst_display_clocks/inst/mmcm_adv_inst/CLKOUT1
                         net (fo=1, routed)           2.697    -0.096    datapath/video_inst/mmcm_adv_inst_display_clocks/inst/clk_out2_clk_wiz_0
    BUFGCTRL_X0Y0        BUFG (Prop_bufg_I_O)         0.096    -0.000 r  datapath/video_inst/mmcm_adv_inst_display_clocks/inst/clkout2_buf/O
                         net (fo=44, routed)          1.833     1.833    datapath/video_inst/inst_dvid/clk_out2
    SLICE_X162Y148       FDRE                                         r  datapath/video_inst/inst_dvid/shift_clock_reg[8]/C
  -------------------------------------------------------------------    -------------------
    SLICE_X162Y148       FDRE (Prop_fdre_C_Q)         0.518     2.351 r  datapath/video_inst/inst_dvid/shift_clock_reg[8]/Q
                         net (fo=2, routed)           1.020     3.372    datapath/video_inst/inst_dvid/shift_clock_reg_n_0_[8]
    SLICE_X162Y148       LUT6 (Prop_lut6_I0_O)        0.124     3.496 r  datapath/video_inst/inst_dvid/shift_red[9]_i_2/O
                         net (fo=1, routed)           0.307     3.803    datapath/video_inst/inst_dvid/shift_red[9]_i_2_n_0
    SLICE_X162Y147       LUT5 (Prop_lut5_I0_O)        0.124     3.927 r  datapath/video_inst/inst_dvid/shift_red[9]_i_1/O
                         net (fo=31, routed)          1.567     5.494    datapath/video_inst/inst_dvid/shift_red[9]_i_1_n_0
    SLICE_X163Y139       LUT3 (Prop_lut3_I1_O)        0.124     5.618 r  datapath/video_inst/inst_dvid/shift_green[0]_i_1/O
                         net (fo=1, routed)           0.000     5.618    datapath/video_inst/inst_dvid/shift_green_1[0]
    SLICE_X163Y139       FDRE                                         r  datapath/video_inst/inst_dvid/shift_green_reg[0]/D
  -------------------------------------------------------------------    -------------------

                         (clock clk_out2_clk_wiz_0 rise edge)
                                                      8.000     8.000 r  
    BUFGCTRL_X0Y2        BUFG                         0.000     8.000 r  clk_IBUF_BUFG_inst/O
                         net (fo=513, routed)         1.972     9.972    datapath/video_inst/mmcm_adv_inst_display_clocks/inst/clk_in1
    MMCME2_ADV_X1Y0      MMCME2_ADV (Prop_mmcme2_adv_CLKIN1_CLKOUT1)
                                                     -4.637     5.335 r  datapath/video_inst/mmcm_adv_inst_display_clocks/inst/mmcm_adv_inst/CLKOUT1
                         net (fo=1, routed)           2.574     7.909    datapath/video_inst/mmcm_adv_inst_display_clocks/inst/clk_out2_clk_wiz_0
    BUFGCTRL_X0Y0        BUFG (Prop_bufg_I_O)         0.091     8.000 r  datapath/video_inst/mmcm_adv_inst_display_clocks/inst/clkout2_buf/O
                         net (fo=44, routed)          1.711     9.711    datapath/video_inst/inst_dvid/clk_out2
    SLICE_X163Y139       FDRE                                         r  datapath/video_inst/inst_dvid/shift_green_reg[0]/C
                         clock pessimism              0.089     9.800    
                         clock uncertainty           -0.072     9.728    
    SLICE_X163Y139       FDRE (Setup_fdre_C_D)        0.029     9.757    datapath/video_inst/inst_dvid/shift_green_reg[0]
  -------------------------------------------------------------------
                         required time                          9.757    
                         arrival time                          -5.618    
  -------------------------------------------------------------------
                         slack                                  4.140    

Slack (MET) :             4.158ns  (required time - arrival time)
  Source:                 datapath/video_inst/inst_dvid/shift_clock_reg[8]/C
                            (rising edge-triggered cell FDRE clocked by clk_out2_clk_wiz_0  {rise@0.000ns fall@4.000ns period=8.000ns})
  Destination:            datapath/video_inst/inst_dvid/shift_green_reg[1]/D
                            (rising edge-triggered cell FDRE clocked by clk_out2_clk_wiz_0  {rise@0.000ns fall@4.000ns period=8.000ns})
  Path Group:             clk_out2_clk_wiz_0
  Path Type:              Setup (Max at Slow Process Corner)
  Requirement:            8.000ns  (clk_out2_clk_wiz_0 rise@8.000ns - clk_out2_clk_wiz_0 rise@0.000ns)
  Data Path Delay:        3.813ns  (logic 0.918ns (24.078%)  route 2.895ns (75.922%))
  Logic Levels:           3  (LUT3=1 LUT5=1 LUT6=1)
  Clock Path Skew:        -0.033ns (DCD - SCD + CPR)
    Destination Clock Delay (DCD):    1.711ns = ( 9.711 - 8.000 ) 
    Source Clock Delay      (SCD):    1.833ns
    Clock Pessimism Removal (CPR):    0.089ns
  Clock Uncertainty:      0.072ns  ((TSJ^2 + DJ^2)^1/2) / 2 + PE
    Total System Jitter     (TSJ):    0.071ns
    Discrete Jitter          (DJ):    0.125ns
    Phase Error              (PE):    0.000ns

    Location             Delay type                Incr(ns)  Path(ns)    Netlist Resource(s)
  -------------------------------------------------------------------    -------------------
                         (clock clk_out2_clk_wiz_0 rise edge)
                                                      0.000     0.000 r  
    BUFGCTRL_X0Y2        BUFG                         0.000     0.000 r  clk_IBUF_BUFG_inst/O
                         net (fo=513, routed)         2.106     2.106    datapath/video_inst/mmcm_adv_inst_display_clocks/inst/clk_in1
    MMCME2_ADV_X1Y0      MMCME2_ADV (Prop_mmcme2_adv_CLKIN1_CLKOUT1)
                                                     -4.900    -2.793 r  datapath/video_inst/mmcm_adv_inst_display_clocks/inst/mmcm_adv_inst/CLKOUT1
                         net (fo=1, routed)           2.697    -0.096    datapath/video_inst/mmcm_adv_inst_display_clocks/inst/clk_out2_clk_wiz_0
    BUFGCTRL_X0Y0        BUFG (Prop_bufg_I_O)         0.096    -0.000 r  datapath/video_inst/mmcm_adv_inst_display_clocks/inst/clkout2_buf/O
                         net (fo=44, routed)          1.833     1.833    datapath/video_inst/inst_dvid/clk_out2
    SLICE_X162Y148       FDRE                                         r  datapath/video_inst/inst_dvid/shift_clock_reg[8]/C
  -------------------------------------------------------------------    -------------------
    SLICE_X162Y148       FDRE (Prop_fdre_C_Q)         0.518     2.351 r  datapath/video_inst/inst_dvid/shift_clock_reg[8]/Q
                         net (fo=2, routed)           1.020     3.372    datapath/video_inst/inst_dvid/shift_clock_reg_n_0_[8]
    SLICE_X162Y148       LUT6 (Prop_lut6_I0_O)        0.124     3.496 r  datapath/video_inst/inst_dvid/shift_red[9]_i_2/O
                         net (fo=1, routed)           0.307     3.803    datapath/video_inst/inst_dvid/shift_red[9]_i_2_n_0
    SLICE_X162Y147       LUT5 (Prop_lut5_I0_O)        0.124     3.927 r  datapath/video_inst/inst_dvid/shift_red[9]_i_1/O
                         net (fo=31, routed)          1.567     5.494    datapath/video_inst/inst_dvid/shift_red[9]_i_1_n_0
    SLICE_X163Y139       LUT3 (Prop_lut3_I1_O)        0.152     5.646 r  datapath/video_inst/inst_dvid/shift_green[1]_i_1/O
                         net (fo=1, routed)           0.000     5.646    datapath/video_inst/inst_dvid/shift_green_1[1]
    SLICE_X163Y139       FDRE                                         r  datapath/video_inst/inst_dvid/shift_green_reg[1]/D
  -------------------------------------------------------------------    -------------------

                         (clock clk_out2_clk_wiz_0 rise edge)
                                                      8.000     8.000 r  
    BUFGCTRL_X0Y2        BUFG                         0.000     8.000 r  clk_IBUF_BUFG_inst/O
                         net (fo=513, routed)         1.972     9.972    datapath/video_inst/mmcm_adv_inst_display_clocks/inst/clk_in1
    MMCME2_ADV_X1Y0      MMCME2_ADV (Prop_mmcme2_adv_CLKIN1_CLKOUT1)
                                                     -4.637     5.335 r  datapath/video_inst/mmcm_adv_inst_display_clocks/inst/mmcm_adv_inst/CLKOUT1
                         net (fo=1, routed)           2.574     7.909    datapath/video_inst/mmcm_adv_inst_display_clocks/inst/clk_out2_clk_wiz_0
    BUFGCTRL_X0Y0        BUFG (Prop_bufg_I_O)         0.091     8.000 r  datapath/video_inst/mmcm_adv_inst_display_clocks/inst/clkout2_buf/O
                         net (fo=44, routed)          1.711     9.711    datapath/video_inst/inst_dvid/clk_out2
    SLICE_X163Y139       FDRE                                         r  datapath/video_inst/inst_dvid/shift_green_reg[1]/C
                         clock pessimism              0.089     9.800    
                         clock uncertainty           -0.072     9.728    
    SLICE_X163Y139       FDRE (Setup_fdre_C_D)        0.075     9.803    datapath/video_inst/inst_dvid/shift_green_reg[1]
  -------------------------------------------------------------------
                         required time                          9.803    
                         arrival time                          -5.646    
  -------------------------------------------------------------------
                         slack                                  4.158    

Slack (MET) :             4.331ns  (required time - arrival time)
  Source:                 datapath/video_inst/inst_dvid/shift_clock_reg[8]/C
                            (rising edge-triggered cell FDRE clocked by clk_out2_clk_wiz_0  {rise@0.000ns fall@4.000ns period=8.000ns})
  Destination:            datapath/video_inst/inst_dvid/shift_red_reg[0]/D
                            (rising edge-triggered cell FDSE clocked by clk_out2_clk_wiz_0  {rise@0.000ns fall@4.000ns period=8.000ns})
  Path Group:             clk_out2_clk_wiz_0
  Path Type:              Setup (Max at Slow Process Corner)
  Requirement:            8.000ns  (clk_out2_clk_wiz_0 rise@8.000ns - clk_out2_clk_wiz_0 rise@0.000ns)
  Data Path Delay:        3.641ns  (logic 0.890ns (24.441%)  route 2.751ns (75.559%))
  Logic Levels:           3  (LUT2=1 LUT5=1 LUT6=1)
  Clock Path Skew:        -0.033ns (DCD - SCD + CPR)
    Destination Clock Delay (DCD):    1.711ns = ( 9.711 - 8.000 ) 
    Source Clock Delay      (SCD):    1.833ns
    Clock Pessimism Removal (CPR):    0.089ns
  Clock Uncertainty:      0.072ns  ((TSJ^2 + DJ^2)^1/2) / 2 + PE
    Total System Jitter     (TSJ):    0.071ns
    Discrete Jitter          (DJ):    0.125ns
    Phase Error              (PE):    0.000ns

    Location             Delay type                Incr(ns)  Path(ns)    Netlist Resource(s)
  -------------------------------------------------------------------    -------------------
                         (clock clk_out2_clk_wiz_0 rise edge)
                                                      0.000     0.000 r  
    BUFGCTRL_X0Y2        BUFG                         0.000     0.000 r  clk_IBUF_BUFG_inst/O
                         net (fo=513, routed)         2.106     2.106    datapath/video_inst/mmcm_adv_inst_display_clocks/inst/clk_in1
    MMCME2_ADV_X1Y0      MMCME2_ADV (Prop_mmcme2_adv_CLKIN1_CLKOUT1)
                                                     -4.900    -2.793 r  datapath/video_inst/mmcm_adv_inst_display_clocks/inst/mmcm_adv_inst/CLKOUT1
                         net (fo=1, routed)           2.697    -0.096    datapath/video_inst/mmcm_adv_inst_display_clocks/inst/clk_out2_clk_wiz_0
    BUFGCTRL_X0Y0        BUFG (Prop_bufg_I_O)         0.096    -0.000 r  datapath/video_inst/mmcm_adv_inst_display_clocks/inst/clkout2_buf/O
                         net (fo=44, routed)          1.833     1.833    datapath/video_inst/inst_dvid/clk_out2
    SLICE_X162Y148       FDRE                                         r  datapath/video_inst/inst_dvid/shift_clock_reg[8]/C
  -------------------------------------------------------------------    -------------------
    SLICE_X162Y148       FDRE (Prop_fdre_C_Q)         0.518     2.351 r  datapath/video_inst/inst_dvid/shift_clock_reg[8]/Q
                         net (fo=2, routed)           1.020     3.372    datapath/video_inst/inst_dvid/shift_clock_reg_n_0_[8]
    SLICE_X162Y148       LUT6 (Prop_lut6_I0_O)        0.124     3.496 r  datapath/video_inst/inst_dvid/shift_red[9]_i_2/O
                         net (fo=1, routed)           0.307     3.803    datapath/video_inst/inst_dvid/shift_red[9]_i_2_n_0
    SLICE_X162Y147       LUT5 (Prop_lut5_I0_O)        0.124     3.927 r  datapath/video_inst/inst_dvid/shift_red[9]_i_1/O
                         net (fo=31, routed)          1.424     5.351    datapath/video_inst/inst_dvid/shift_red[9]_i_1_n_0
    SLICE_X162Y140       LUT2 (Prop_lut2_I0_O)        0.124     5.475 r  datapath/video_inst/inst_dvid/shift_red[0]_i_1/O
                         net (fo=1, routed)           0.000     5.475    datapath/video_inst/inst_dvid/shift_red[0]_i_1_n_0
    SLICE_X162Y140       FDSE                                         r  datapath/video_inst/inst_dvid/shift_red_reg[0]/D
  -------------------------------------------------------------------    -------------------

                         (clock clk_out2_clk_wiz_0 rise edge)
                                                      8.000     8.000 r  
    BUFGCTRL_X0Y2        BUFG                         0.000     8.000 r  clk_IBUF_BUFG_inst/O
                         net (fo=513, routed)         1.972     9.972    datapath/video_inst/mmcm_adv_inst_display_clocks/inst/clk_in1
    MMCME2_ADV_X1Y0      MMCME2_ADV (Prop_mmcme2_adv_CLKIN1_CLKOUT1)
                                                     -4.637     5.335 r  datapath/video_inst/mmcm_adv_inst_display_clocks/inst/mmcm_adv_inst/CLKOUT1
                         net (fo=1, routed)           2.574     7.909    datapath/video_inst/mmcm_adv_inst_display_clocks/inst/clk_out2_clk_wiz_0
    BUFGCTRL_X0Y0        BUFG (Prop_bufg_I_O)         0.091     8.000 r  datapath/video_inst/mmcm_adv_inst_display_clocks/inst/clkout2_buf/O
                         net (fo=44, routed)          1.711     9.711    datapath/video_inst/inst_dvid/clk_out2
    SLICE_X162Y140       FDSE                                         r  datapath/video_inst/inst_dvid/shift_red_reg[0]/C
                         clock pessimism              0.089     9.800    
                         clock uncertainty           -0.072     9.728    
    SLICE_X162Y140       FDSE (Setup_fdse_C_D)        0.077     9.805    datapath/video_inst/inst_dvid/shift_red_reg[0]
  -------------------------------------------------------------------
                         required time                          9.805    
                         arrival time                          -5.475    
  -------------------------------------------------------------------
                         slack                                  4.331    

Slack (MET) :             4.345ns  (required time - arrival time)
  Source:                 datapath/video_inst/inst_dvid/shift_clock_reg[8]/C
                            (rising edge-triggered cell FDRE clocked by clk_out2_clk_wiz_0  {rise@0.000ns fall@4.000ns period=8.000ns})
  Destination:            datapath/video_inst/inst_dvid/shift_red_reg[3]/D
                            (rising edge-triggered cell FDSE clocked by clk_out2_clk_wiz_0  {rise@0.000ns fall@4.000ns period=8.000ns})
  Path Group:             clk_out2_clk_wiz_0
  Path Type:              Setup (Max at Slow Process Corner)
  Requirement:            8.000ns  (clk_out2_clk_wiz_0 rise@8.000ns - clk_out2_clk_wiz_0 rise@0.000ns)
  Data Path Delay:        3.631ns  (logic 0.890ns (24.508%)  route 2.741ns (75.492%))
  Logic Levels:           3  (LUT2=1 LUT5=1 LUT6=1)
  Clock Path Skew:        -0.033ns (DCD - SCD + CPR)
    Destination Clock Delay (DCD):    1.711ns = ( 9.711 - 8.000 ) 
    Source Clock Delay      (SCD):    1.833ns
    Clock Pessimism Removal (CPR):    0.089ns
  Clock Uncertainty:      0.072ns  ((TSJ^2 + DJ^2)^1/2) / 2 + PE
    Total System Jitter     (TSJ):    0.071ns
    Discrete Jitter          (DJ):    0.125ns
    Phase Error              (PE):    0.000ns

    Location             Delay type                Incr(ns)  Path(ns)    Netlist Resource(s)
  -------------------------------------------------------------------    -------------------
                         (clock clk_out2_clk_wiz_0 rise edge)
                                                      0.000     0.000 r  
    BUFGCTRL_X0Y2        BUFG                         0.000     0.000 r  clk_IBUF_BUFG_inst/O
                         net (fo=513, routed)         2.106     2.106    datapath/video_inst/mmcm_adv_inst_display_clocks/inst/clk_in1
    MMCME2_ADV_X1Y0      MMCME2_ADV (Prop_mmcme2_adv_CLKIN1_CLKOUT1)
                                                     -4.900    -2.793 r  datapath/video_inst/mmcm_adv_inst_display_clocks/inst/mmcm_adv_inst/CLKOUT1
                         net (fo=1, routed)           2.697    -0.096    datapath/video_inst/mmcm_adv_inst_display_clocks/inst/clk_out2_clk_wiz_0
    BUFGCTRL_X0Y0        BUFG (Prop_bufg_I_O)         0.096    -0.000 r  datapath/video_inst/mmcm_adv_inst_display_clocks/inst/clkout2_buf/O
                         net (fo=44, routed)          1.833     1.833    datapath/video_inst/inst_dvid/clk_out2
    SLICE_X162Y148       FDRE                                         r  datapath/video_inst/inst_dvid/shift_clock_reg[8]/C
  -------------------------------------------------------------------    -------------------
    SLICE_X162Y148       FDRE (Prop_fdre_C_Q)         0.518     2.351 r  datapath/video_inst/inst_dvid/shift_clock_reg[8]/Q
                         net (fo=2, routed)           1.020     3.372    datapath/video_inst/inst_dvid/shift_clock_reg_n_0_[8]
    SLICE_X162Y148       LUT6 (Prop_lut6_I0_O)        0.124     3.496 r  datapath/video_inst/inst_dvid/shift_red[9]_i_2/O
                         net (fo=1, routed)           0.307     3.803    datapath/video_inst/inst_dvid/shift_red[9]_i_2_n_0
    SLICE_X162Y147       LUT5 (Prop_lut5_I0_O)        0.124     3.927 r  datapath/video_inst/inst_dvid/shift_red[9]_i_1/O
                         net (fo=31, routed)          1.414     5.341    datapath/video_inst/inst_dvid/shift_red[9]_i_1_n_0
    SLICE_X162Y140       LUT2 (Prop_lut2_I0_O)        0.124     5.465 r  datapath/video_inst/inst_dvid/shift_red[3]_i_1/O
                         net (fo=1, routed)           0.000     5.465    datapath/video_inst/inst_dvid/shift_red[3]_i_1_n_0
    SLICE_X162Y140       FDSE                                         r  datapath/video_inst/inst_dvid/shift_red_reg[3]/D
  -------------------------------------------------------------------    -------------------

                         (clock clk_out2_clk_wiz_0 rise edge)
                                                      8.000     8.000 r  
    BUFGCTRL_X0Y2        BUFG                         0.000     8.000 r  clk_IBUF_BUFG_inst/O
                         net (fo=513, routed)         1.972     9.972    datapath/video_inst/mmcm_adv_inst_display_clocks/inst/clk_in1
    MMCME2_ADV_X1Y0      MMCME2_ADV (Prop_mmcme2_adv_CLKIN1_CLKOUT1)
                                                     -4.637     5.335 r  datapath/video_inst/mmcm_adv_inst_display_clocks/inst/mmcm_adv_inst/CLKOUT1
                         net (fo=1, routed)           2.574     7.909    datapath/video_inst/mmcm_adv_inst_display_clocks/inst/clk_out2_clk_wiz_0
    BUFGCTRL_X0Y0        BUFG (Prop_bufg_I_O)         0.091     8.000 r  datapath/video_inst/mmcm_adv_inst_display_clocks/inst/clkout2_buf/O
                         net (fo=44, routed)          1.711     9.711    datapath/video_inst/inst_dvid/clk_out2
    SLICE_X162Y140       FDSE                                         r  datapath/video_inst/inst_dvid/shift_red_reg[3]/C
                         clock pessimism              0.089     9.800    
                         clock uncertainty           -0.072     9.728    
    SLICE_X162Y140       FDSE (Setup_fdse_C_D)        0.081     9.809    datapath/video_inst/inst_dvid/shift_red_reg[3]
  -------------------------------------------------------------------
                         required time                          9.809    
                         arrival time                          -5.465    
  -------------------------------------------------------------------
                         slack                                  4.345    

Slack (MET) :             4.346ns  (required time - arrival time)
  Source:                 datapath/video_inst/inst_dvid/shift_clock_reg[8]/C
                            (rising edge-triggered cell FDRE clocked by clk_out2_clk_wiz_0  {rise@0.000ns fall@4.000ns period=8.000ns})
  Destination:            datapath/video_inst/inst_dvid/shift_red_reg[1]/D
                            (rising edge-triggered cell FDSE clocked by clk_out2_clk_wiz_0  {rise@0.000ns fall@4.000ns period=8.000ns})
  Path Group:             clk_out2_clk_wiz_0
  Path Type:              Setup (Max at Slow Process Corner)
  Requirement:            8.000ns  (clk_out2_clk_wiz_0 rise@8.000ns - clk_out2_clk_wiz_0 rise@0.000ns)
  Data Path Delay:        3.667ns  (logic 0.916ns (24.976%)  route 2.751ns (75.024%))
  Logic Levels:           3  (LUT2=1 LUT5=1 LUT6=1)
  Clock Path Skew:        -0.033ns (DCD - SCD + CPR)
    Destination Clock Delay (DCD):    1.711ns = ( 9.711 - 8.000 ) 
    Source Clock Delay      (SCD):    1.833ns
    Clock Pessimism Removal (CPR):    0.089ns
  Clock Uncertainty:      0.072ns  ((TSJ^2 + DJ^2)^1/2) / 2 + PE
    Total System Jitter     (TSJ):    0.071ns
    Discrete Jitter          (DJ):    0.125ns
    Phase Error              (PE):    0.000ns

    Location             Delay type                Incr(ns)  Path(ns)    Netlist Resource(s)
  -------------------------------------------------------------------    -------------------
                         (clock clk_out2_clk_wiz_0 rise edge)
                                                      0.000     0.000 r  
    BUFGCTRL_X0Y2        BUFG                         0.000     0.000 r  clk_IBUF_BUFG_inst/O
                         net (fo=513, routed)         2.106     2.106    datapath/video_inst/mmcm_adv_inst_display_clocks/inst/clk_in1
    MMCME2_ADV_X1Y0      MMCME2_ADV (Prop_mmcme2_adv_CLKIN1_CLKOUT1)
                                                     -4.900    -2.793 r  datapath/video_inst/mmcm_adv_inst_display_clocks/inst/mmcm_adv_inst/CLKOUT1
                         net (fo=1, routed)           2.697    -0.096    datapath/video_inst/mmcm_adv_inst_display_clocks/inst/clk_out2_clk_wiz_0
    BUFGCTRL_X0Y0        BUFG (Prop_bufg_I_O)         0.096    -0.000 r  datapath/video_inst/mmcm_adv_inst_display_clocks/inst/clkout2_buf/O
                         net (fo=44, routed)          1.833     1.833    datapath/video_inst/inst_dvid/clk_out2
    SLICE_X162Y148       FDRE                                         r  datapath/video_inst/inst_dvid/shift_clock_reg[8]/C
  -------------------------------------------------------------------    -------------------
    SLICE_X162Y148       FDRE (Prop_fdre_C_Q)         0.518     2.351 r  datapath/video_inst/inst_dvid/shift_clock_reg[8]/Q
                         net (fo=2, routed)           1.020     3.372    datapath/video_inst/inst_dvid/shift_clock_reg_n_0_[8]
    SLICE_X162Y148       LUT6 (Prop_lut6_I0_O)        0.124     3.496 r  datapath/video_inst/inst_dvid/shift_red[9]_i_2/O
                         net (fo=1, routed)           0.307     3.803    datapath/video_inst/inst_dvid/shift_red[9]_i_2_n_0
    SLICE_X162Y147       LUT5 (Prop_lut5_I0_O)        0.124     3.927 r  datapath/video_inst/inst_dvid/shift_red[9]_i_1/O
                         net (fo=31, routed)          1.424     5.351    datapath/video_inst/inst_dvid/shift_red[9]_i_1_n_0
    SLICE_X162Y140       LUT2 (Prop_lut2_I0_O)        0.150     5.501 r  datapath/video_inst/inst_dvid/shift_red[1]_i_1/O
                         net (fo=1, routed)           0.000     5.501    datapath/video_inst/inst_dvid/shift_red[1]_i_1_n_0
    SLICE_X162Y140       FDSE                                         r  datapath/video_inst/inst_dvid/shift_red_reg[1]/D
  -------------------------------------------------------------------    -------------------

                         (clock clk_out2_clk_wiz_0 rise edge)
                                                      8.000     8.000 r  
    BUFGCTRL_X0Y2        BUFG                         0.000     8.000 r  clk_IBUF_BUFG_inst/O
                         net (fo=513, routed)         1.972     9.972    datapath/video_inst/mmcm_adv_inst_display_clocks/inst/clk_in1
    MMCME2_ADV_X1Y0      MMCME2_ADV (Prop_mmcme2_adv_CLKIN1_CLKOUT1)
                                                     -4.637     5.335 r  datapath/video_inst/mmcm_adv_inst_display_clocks/inst/mmcm_adv_inst/CLKOUT1
                         net (fo=1, routed)           2.574     7.909    datapath/video_inst/mmcm_adv_inst_display_clocks/inst/clk_out2_clk_wiz_0
    BUFGCTRL_X0Y0        BUFG (Prop_bufg_I_O)         0.091     8.000 r  datapath/video_inst/mmcm_adv_inst_display_clocks/inst/clkout2_buf/O
                         net (fo=44, routed)          1.711     9.711    datapath/video_inst/inst_dvid/clk_out2
    SLICE_X162Y140       FDSE                                         r  datapath/video_inst/inst_dvid/shift_red_reg[1]/C
                         clock pessimism              0.089     9.800    
                         clock uncertainty           -0.072     9.728    
    SLICE_X162Y140       FDSE (Setup_fdse_C_D)        0.118     9.846    datapath/video_inst/inst_dvid/shift_red_reg[1]
  -------------------------------------------------------------------
                         required time                          9.846    
                         arrival time                          -5.501    
  -------------------------------------------------------------------
                         slack                                  4.346    





Min Delay Paths
--------------------------------------------------------------------------------------
Slack (MET) :             0.196ns  (arrival time - required time)
  Source:                 datapath/video_inst/inst_dvid/shift_clock_reg[0]/C
                            (rising edge-triggered cell FDRE clocked by clk_out2_clk_wiz_0  {rise@0.000ns fall@4.000ns period=8.000ns})
  Destination:            datapath/video_inst/inst_dvid/shift_clock_reg[8]/D
                            (rising edge-triggered cell FDRE clocked by clk_out2_clk_wiz_0  {rise@0.000ns fall@4.000ns period=8.000ns})
  Path Group:             clk_out2_clk_wiz_0
  Path Type:              Hold (Min at Fast Process Corner)
  Requirement:            0.000ns  (clk_out2_clk_wiz_0 rise@0.000ns - clk_out2_clk_wiz_0 rise@0.000ns)
  Data Path Delay:        0.272ns  (logic 0.141ns (51.841%)  route 0.131ns (48.159%))
  Logic Levels:           0  
  Clock Path Skew:        0.013ns (DCD - SCD - CPR)
    Destination Clock Delay (DCD):    0.922ns
    Source Clock Delay      (SCD):    0.649ns
    Clock Pessimism Removal (CPR):    0.260ns

    Location             Delay type                Incr(ns)  Path(ns)    Netlist Resource(s)
  -------------------------------------------------------------------    -------------------
                         (clock clk_out2_clk_wiz_0 rise edge)
                                                      0.000     0.000 r  
    BUFGCTRL_X0Y2        BUFG                         0.000     0.000 r  clk_IBUF_BUFG_inst/O
                         net (fo=513, routed)         0.745     0.745    datapath/video_inst/mmcm_adv_inst_display_clocks/inst/clk_in1
    MMCME2_ADV_X1Y0      MMCME2_ADV (Prop_mmcme2_adv_CLKIN1_CLKOUT1)
                                                     -1.683    -0.938 r  datapath/video_inst/mmcm_adv_inst_display_clocks/inst/mmcm_adv_inst/CLKOUT1
                         net (fo=1, routed)           0.912    -0.026    datapath/video_inst/mmcm_adv_inst_display_clocks/inst/clk_out2_clk_wiz_0
    BUFGCTRL_X0Y0        BUFG (Prop_bufg_I_O)         0.026    -0.000 r  datapath/video_inst/mmcm_adv_inst_display_clocks/inst/clkout2_buf/O
                         net (fo=44, routed)          0.649     0.649    datapath/video_inst/inst_dvid/clk_out2
    SLICE_X163Y148       FDRE                                         r  datapath/video_inst/inst_dvid/shift_clock_reg[0]/C
  -------------------------------------------------------------------    -------------------
    SLICE_X163Y148       FDRE (Prop_fdre_C_Q)         0.141     0.790 r  datapath/video_inst/inst_dvid/shift_clock_reg[0]/Q
                         net (fo=3, routed)           0.131     0.921    datapath/video_inst/inst_dvid/shift_clock[0]
    SLICE_X162Y148       FDRE                                         r  datapath/video_inst/inst_dvid/shift_clock_reg[8]/D
  -------------------------------------------------------------------    -------------------

                         (clock clk_out2_clk_wiz_0 rise edge)
                                                      0.000     0.000 r  
    BUFGCTRL_X0Y2        BUFG                         0.000     0.000 r  clk_IBUF_BUFG_inst/O
                         net (fo=513, routed)         1.022     1.022    datapath/video_inst/mmcm_adv_inst_display_clocks/inst/clk_in1
    MMCME2_ADV_X1Y0      MMCME2_ADV (Prop_mmcme2_adv_CLKIN1_CLKOUT1)
                                                     -2.040    -1.018 r  datapath/video_inst/mmcm_adv_inst_display_clocks/inst/mmcm_adv_inst/CLKOUT1
                         net (fo=1, routed)           0.989    -0.029    datapath/video_inst/mmcm_adv_inst_display_clocks/inst/clk_out2_clk_wiz_0
    BUFGCTRL_X0Y0        BUFG (Prop_bufg_I_O)         0.029    -0.000 r  datapath/video_inst/mmcm_adv_inst_display_clocks/inst/clkout2_buf/O
                         net (fo=44, routed)          0.922     0.922    datapath/video_inst/inst_dvid/clk_out2
    SLICE_X162Y148       FDRE                                         r  datapath/video_inst/inst_dvid/shift_clock_reg[8]/C
                         clock pessimism             -0.260     0.662    
    SLICE_X162Y148       FDRE (Hold_fdre_C_D)         0.063     0.725    datapath/video_inst/inst_dvid/shift_clock_reg[8]
  -------------------------------------------------------------------
                         required time                         -0.725    
                         arrival time                           0.921    
  -------------------------------------------------------------------
                         slack                                  0.196    

Slack (MET) :             0.201ns  (arrival time - required time)
  Source:                 datapath/video_inst/inst_dvid/shift_clock_reg[2]/C
                            (rising edge-triggered cell FDRE clocked by clk_out2_clk_wiz_0  {rise@0.000ns fall@4.000ns period=8.000ns})
  Destination:            datapath/video_inst/inst_dvid/shift_clock_reg[0]/D
                            (rising edge-triggered cell FDRE clocked by clk_out2_clk_wiz_0  {rise@0.000ns fall@4.000ns period=8.000ns})
  Path Group:             clk_out2_clk_wiz_0
  Path Type:              Hold (Min at Fast Process Corner)
  Requirement:            0.000ns  (clk_out2_clk_wiz_0 rise@0.000ns - clk_out2_clk_wiz_0 rise@0.000ns)
  Data Path Delay:        0.287ns  (logic 0.164ns (57.121%)  route 0.123ns (42.879%))
  Logic Levels:           0  
  Clock Path Skew:        0.016ns (DCD - SCD - CPR)
    Destination Clock Delay (DCD):    0.922ns
    Source Clock Delay      (SCD):    0.649ns
    Clock Pessimism Removal (CPR):    0.257ns

    Location             Delay type                Incr(ns)  Path(ns)    Netlist Resource(s)
  -------------------------------------------------------------------    -------------------
                         (clock clk_out2_clk_wiz_0 rise edge)
                                                      0.000     0.000 r  
    BUFGCTRL_X0Y2        BUFG                         0.000     0.000 r  clk_IBUF_BUFG_inst/O
                         net (fo=513, routed)         0.745     0.745    datapath/video_inst/mmcm_adv_inst_display_clocks/inst/clk_in1
    MMCME2_ADV_X1Y0      MMCME2_ADV (Prop_mmcme2_adv_CLKIN1_CLKOUT1)
                                                     -1.683    -0.938 r  datapath/video_inst/mmcm_adv_inst_display_clocks/inst/mmcm_adv_inst/CLKOUT1
                         net (fo=1, routed)           0.912    -0.026    datapath/video_inst/mmcm_adv_inst_display_clocks/inst/clk_out2_clk_wiz_0
    BUFGCTRL_X0Y0        BUFG (Prop_bufg_I_O)         0.026    -0.000 r  datapath/video_inst/mmcm_adv_inst_display_clocks/inst/clkout2_buf/O
                         net (fo=44, routed)          0.649     0.649    datapath/video_inst/inst_dvid/clk_out2
    SLICE_X162Y147       FDRE                                         r  datapath/video_inst/inst_dvid/shift_clock_reg[2]/C
  -------------------------------------------------------------------    -------------------
    SLICE_X162Y147       FDRE (Prop_fdre_C_Q)         0.164     0.813 r  datapath/video_inst/inst_dvid/shift_clock_reg[2]/Q
                         net (fo=2, routed)           0.123     0.936    datapath/video_inst/inst_dvid/shift_clock_reg_n_0_[2]
    SLICE_X163Y148       FDRE                                         r  datapath/video_inst/inst_dvid/shift_clock_reg[0]/D
  -------------------------------------------------------------------    -------------------

                         (clock clk_out2_clk_wiz_0 rise edge)
                                                      0.000     0.000 r  
    BUFGCTRL_X0Y2        BUFG                         0.000     0.000 r  clk_IBUF_BUFG_inst/O
                         net (fo=513, routed)         1.022     1.022    datapath/video_inst/mmcm_adv_inst_display_clocks/inst/clk_in1
    MMCME2_ADV_X1Y0      MMCME2_ADV (Prop_mmcme2_adv_CLKIN1_CLKOUT1)
                                                     -2.040    -1.018 r  datapath/video_inst/mmcm_adv_inst_display_clocks/inst/mmcm_adv_inst/CLKOUT1
                         net (fo=1, routed)           0.989    -0.029    datapath/video_inst/mmcm_adv_inst_display_clocks/inst/clk_out2_clk_wiz_0
    BUFGCTRL_X0Y0        BUFG (Prop_bufg_I_O)         0.029    -0.000 r  datapath/video_inst/mmcm_adv_inst_display_clocks/inst/clkout2_buf/O
                         net (fo=44, routed)          0.922     0.922    datapath/video_inst/inst_dvid/clk_out2
    SLICE_X163Y148       FDRE                                         r  datapath/video_inst/inst_dvid/shift_clock_reg[0]/C
                         clock pessimism             -0.257     0.665    
    SLICE_X163Y148       FDRE (Hold_fdre_C_D)         0.070     0.735    datapath/video_inst/inst_dvid/shift_clock_reg[0]
  -------------------------------------------------------------------
                         required time                         -0.735    
                         arrival time                           0.936    
  -------------------------------------------------------------------
                         slack                                  0.201    

Slack (MET) :             0.205ns  (arrival time - required time)
  Source:                 datapath/video_inst/inst_dvid/shift_clock_reg[3]/C
                            (rising edge-triggered cell FDRE clocked by clk_out2_clk_wiz_0  {rise@0.000ns fall@4.000ns period=8.000ns})
  Destination:            datapath/video_inst/inst_dvid/shift_clock_reg[1]/D
                            (rising edge-triggered cell FDRE clocked by clk_out2_clk_wiz_0  {rise@0.000ns fall@4.000ns period=8.000ns})
  Path Group:             clk_out2_clk_wiz_0
  Path Type:              Hold (Min at Fast Process Corner)
  Requirement:            0.000ns  (clk_out2_clk_wiz_0 rise@0.000ns - clk_out2_clk_wiz_0 rise@0.000ns)
  Data Path Delay:        0.287ns  (logic 0.164ns (57.162%)  route 0.123ns (42.838%))
  Logic Levels:           0  
  Clock Path Skew:        0.016ns (DCD - SCD - CPR)
    Destination Clock Delay (DCD):    0.922ns
    Source Clock Delay      (SCD):    0.649ns
    Clock Pessimism Removal (CPR):    0.257ns

    Location             Delay type                Incr(ns)  Path(ns)    Netlist Resource(s)
  -------------------------------------------------------------------    -------------------
                         (clock clk_out2_clk_wiz_0 rise edge)
                                                      0.000     0.000 r  
    BUFGCTRL_X0Y2        BUFG                         0.000     0.000 r  clk_IBUF_BUFG_inst/O
                         net (fo=513, routed)         0.745     0.745    datapath/video_inst/mmcm_adv_inst_display_clocks/inst/clk_in1
    MMCME2_ADV_X1Y0      MMCME2_ADV (Prop_mmcme2_adv_CLKIN1_CLKOUT1)
                                                     -1.683    -0.938 r  datapath/video_inst/mmcm_adv_inst_display_clocks/inst/mmcm_adv_inst/CLKOUT1
                         net (fo=1, routed)           0.912    -0.026    datapath/video_inst/mmcm_adv_inst_display_clocks/inst/clk_out2_clk_wiz_0
    BUFGCTRL_X0Y0        BUFG (Prop_bufg_I_O)         0.026    -0.000 r  datapath/video_inst/mmcm_adv_inst_display_clocks/inst/clkout2_buf/O
                         net (fo=44, routed)          0.649     0.649    datapath/video_inst/inst_dvid/clk_out2
    SLICE_X162Y147       FDRE                                         r  datapath/video_inst/inst_dvid/shift_clock_reg[3]/C
  -------------------------------------------------------------------    -------------------
    SLICE_X162Y147       FDRE (Prop_fdre_C_Q)         0.164     0.813 r  datapath/video_inst/inst_dvid/shift_clock_reg[3]/Q
                         net (fo=2, routed)           0.123     0.936    datapath/video_inst/inst_dvid/shift_clock_reg_n_0_[3]
    SLICE_X163Y148       FDRE                                         r  datapath/video_inst/inst_dvid/shift_clock_reg[1]/D
  -------------------------------------------------------------------    -------------------

                         (clock clk_out2_clk_wiz_0 rise edge)
                                                      0.000     0.000 r  
    BUFGCTRL_X0Y2        BUFG                         0.000     0.000 r  clk_IBUF_BUFG_inst/O
                         net (fo=513, routed)         1.022     1.022    datapath/video_inst/mmcm_adv_inst_display_clocks/inst/clk_in1
    MMCME2_ADV_X1Y0      MMCME2_ADV (Prop_mmcme2_adv_CLKIN1_CLKOUT1)
                                                     -2.040    -1.018 r  datapath/video_inst/mmcm_adv_inst_display_clocks/inst/mmcm_adv_inst/CLKOUT1
                         net (fo=1, routed)           0.989    -0.029    datapath/video_inst/mmcm_adv_inst_display_clocks/inst/clk_out2_clk_wiz_0
    BUFGCTRL_X0Y0        BUFG (Prop_bufg_I_O)         0.029    -0.000 r  datapath/video_inst/mmcm_adv_inst_display_clocks/inst/clkout2_buf/O
                         net (fo=44, routed)          0.922     0.922    datapath/video_inst/inst_dvid/clk_out2
    SLICE_X163Y148       FDRE                                         r  datapath/video_inst/inst_dvid/shift_clock_reg[1]/C
                         clock pessimism             -0.257     0.665    
    SLICE_X163Y148       FDRE (Hold_fdre_C_D)         0.066     0.731    datapath/video_inst/inst_dvid/shift_clock_reg[1]
  -------------------------------------------------------------------
                         required time                         -0.731    
                         arrival time                           0.936    
  -------------------------------------------------------------------
                         slack                                  0.205    

Slack (MET) :             0.209ns  (arrival time - required time)
  Source:                 datapath/video_inst/inst_dvid/shift_clock_reg[7]/C
                            (rising edge-triggered cell FDRE clocked by clk_out2_clk_wiz_0  {rise@0.000ns fall@4.000ns period=8.000ns})
  Destination:            datapath/video_inst/inst_dvid/shift_clock_reg[5]/D
                            (rising edge-triggered cell FDRE clocked by clk_out2_clk_wiz_0  {rise@0.000ns fall@4.000ns period=8.000ns})
  Path Group:             clk_out2_clk_wiz_0
  Path Type:              Hold (Min at Fast Process Corner)
  Requirement:            0.000ns  (clk_out2_clk_wiz_0 rise@0.000ns - clk_out2_clk_wiz_0 rise@0.000ns)
  Data Path Delay:        0.288ns  (logic 0.164ns (56.923%)  route 0.124ns (43.077%))
  Logic Levels:           0  
  Clock Path Skew:        0.016ns (DCD - SCD - CPR)
    Destination Clock Delay (DCD):    0.922ns
    Source Clock Delay      (SCD):    0.649ns
    Clock Pessimism Removal (CPR):    0.257ns

    Location             Delay type                Incr(ns)  Path(ns)    Netlist Resource(s)
  -------------------------------------------------------------------    -------------------
                         (clock clk_out2_clk_wiz_0 rise edge)
                                                      0.000     0.000 r  
    BUFGCTRL_X0Y2        BUFG                         0.000     0.000 r  clk_IBUF_BUFG_inst/O
                         net (fo=513, routed)         0.745     0.745    datapath/video_inst/mmcm_adv_inst_display_clocks/inst/clk_in1
    MMCME2_ADV_X1Y0      MMCME2_ADV (Prop_mmcme2_adv_CLKIN1_CLKOUT1)
                                                     -1.683    -0.938 r  datapath/video_inst/mmcm_adv_inst_display_clocks/inst/mmcm_adv_inst/CLKOUT1
                         net (fo=1, routed)           0.912    -0.026    datapath/video_inst/mmcm_adv_inst_display_clocks/inst/clk_out2_clk_wiz_0
    BUFGCTRL_X0Y0        BUFG (Prop_bufg_I_O)         0.026    -0.000 r  datapath/video_inst/mmcm_adv_inst_display_clocks/inst/clkout2_buf/O
                         net (fo=44, routed)          0.649     0.649    datapath/video_inst/inst_dvid/clk_out2
    SLICE_X162Y148       FDRE                                         r  datapath/video_inst/inst_dvid/shift_clock_reg[7]/C
  -------------------------------------------------------------------    -------------------
    SLICE_X162Y148       FDRE (Prop_fdre_C_Q)         0.164     0.813 r  datapath/video_inst/inst_dvid/shift_clock_reg[7]/Q
                         net (fo=2, routed)           0.124     0.937    datapath/video_inst/inst_dvid/shift_clock_reg_n_0_[7]
    SLICE_X162Y147       FDRE                                         r  datapath/video_inst/inst_dvid/shift_clock_reg[5]/D
  -------------------------------------------------------------------    -------------------

                         (clock clk_out2_clk_wiz_0 rise edge)
                                                      0.000     0.000 r  
    BUFGCTRL_X0Y2        BUFG                         0.000     0.000 r  clk_IBUF_BUFG_inst/O
                         net (fo=513, routed)         1.022     1.022    datapath/video_inst/mmcm_adv_inst_display_clocks/inst/clk_in1
    MMCME2_ADV_X1Y0      MMCME2_ADV (Prop_mmcme2_adv_CLKIN1_CLKOUT1)
                                                     -2.040    -1.018 r  datapath/video_inst/mmcm_adv_inst_display_clocks/inst/mmcm_adv_inst/CLKOUT1
                         net (fo=1, routed)           0.989    -0.029    datapath/video_inst/mmcm_adv_inst_display_clocks/inst/clk_out2_clk_wiz_0
    BUFGCTRL_X0Y0        BUFG (Prop_bufg_I_O)         0.029    -0.000 r  datapath/video_inst/mmcm_adv_inst_display_clocks/inst/clkout2_buf/O
                         net (fo=44, routed)          0.922     0.922    datapath/video_inst/inst_dvid/clk_out2
    SLICE_X162Y147       FDRE                                         r  datapath/video_inst/inst_dvid/shift_clock_reg[5]/C
                         clock pessimism             -0.257     0.665    
    SLICE_X162Y147       FDRE (Hold_fdre_C_D)         0.063     0.728    datapath/video_inst/inst_dvid/shift_clock_reg[5]
  -------------------------------------------------------------------
                         required time                         -0.728    
                         arrival time                           0.937    
  -------------------------------------------------------------------
                         slack                                  0.209    

Slack (MET) :             0.224ns  (arrival time - required time)
  Source:                 datapath/video_inst/inst_dvid/shift_clock_reg[9]/C
                            (rising edge-triggered cell FDRE clocked by clk_out2_clk_wiz_0  {rise@0.000ns fall@4.000ns period=8.000ns})
  Destination:            datapath/video_inst/inst_dvid/shift_clock_reg[7]/D
                            (rising edge-triggered cell FDRE clocked by clk_out2_clk_wiz_0  {rise@0.000ns fall@4.000ns period=8.000ns})
  Path Group:             clk_out2_clk_wiz_0
  Path Type:              Hold (Min at Fast Process Corner)
  Requirement:            0.000ns  (clk_out2_clk_wiz_0 rise@0.000ns - clk_out2_clk_wiz_0 rise@0.000ns)
  Data Path Delay:        0.276ns  (logic 0.164ns (59.419%)  route 0.112ns (40.581%))
  Logic Levels:           0  
  Clock Path Skew:        0.000ns (DCD - SCD - CPR)
    Destination Clock Delay (DCD):    0.922ns
    Source Clock Delay      (SCD):    0.649ns
    Clock Pessimism Removal (CPR):    0.273ns

    Location             Delay type                Incr(ns)  Path(ns)    Netlist Resource(s)
  -------------------------------------------------------------------    -------------------
                         (clock clk_out2_clk_wiz_0 rise edge)
                                                      0.000     0.000 r  
    BUFGCTRL_X0Y2        BUFG                         0.000     0.000 r  clk_IBUF_BUFG_inst/O
                         net (fo=513, routed)         0.745     0.745    datapath/video_inst/mmcm_adv_inst_display_clocks/inst/clk_in1
    MMCME2_ADV_X1Y0      MMCME2_ADV (Prop_mmcme2_adv_CLKIN1_CLKOUT1)
                                                     -1.683    -0.938 r  datapath/video_inst/mmcm_adv_inst_display_clocks/inst/mmcm_adv_inst/CLKOUT1
                         net (fo=1, routed)           0.912    -0.026    datapath/video_inst/mmcm_adv_inst_display_clocks/inst/clk_out2_clk_wiz_0
    BUFGCTRL_X0Y0        BUFG (Prop_bufg_I_O)         0.026    -0.000 r  datapath/video_inst/mmcm_adv_inst_display_clocks/inst/clkout2_buf/O
                         net (fo=44, routed)          0.649     0.649    datapath/video_inst/inst_dvid/clk_out2
    SLICE_X162Y148       FDRE                                         r  datapath/video_inst/inst_dvid/shift_clock_reg[9]/C
  -------------------------------------------------------------------    -------------------
    SLICE_X162Y148       FDRE (Prop_fdre_C_Q)         0.164     0.813 r  datapath/video_inst/inst_dvid/shift_clock_reg[9]/Q
                         net (fo=2, routed)           0.112     0.925    datapath/video_inst/inst_dvid/shift_clock_reg_n_0_[9]
    SLICE_X162Y148       FDRE                                         r  datapath/video_inst/inst_dvid/shift_clock_reg[7]/D
  -------------------------------------------------------------------    -------------------

                         (clock clk_out2_clk_wiz_0 rise edge)
                                                      0.000     0.000 r  
    BUFGCTRL_X0Y2        BUFG                         0.000     0.000 r  clk_IBUF_BUFG_inst/O
                         net (fo=513, routed)         1.022     1.022    datapath/video_inst/mmcm_adv_inst_display_clocks/inst/clk_in1
    MMCME2_ADV_X1Y0      MMCME2_ADV (Prop_mmcme2_adv_CLKIN1_CLKOUT1)
                                                     -2.040    -1.018 r  datapath/video_inst/mmcm_adv_inst_display_clocks/inst/mmcm_adv_inst/CLKOUT1
                         net (fo=1, routed)           0.989    -0.029    datapath/video_inst/mmcm_adv_inst_display_clocks/inst/clk_out2_clk_wiz_0
    BUFGCTRL_X0Y0        BUFG (Prop_bufg_I_O)         0.029    -0.000 r  datapath/video_inst/mmcm_adv_inst_display_clocks/inst/clkout2_buf/O
                         net (fo=44, routed)          0.922     0.922    datapath/video_inst/inst_dvid/clk_out2
    SLICE_X162Y148       FDRE                                         r  datapath/video_inst/inst_dvid/shift_clock_reg[7]/C
                         clock pessimism             -0.273     0.649    
    SLICE_X162Y148       FDRE (Hold_fdre_C_D)         0.052     0.701    datapath/video_inst/inst_dvid/shift_clock_reg[7]
  -------------------------------------------------------------------
                         required time                         -0.701    
                         arrival time                           0.925    
  -------------------------------------------------------------------
                         slack                                  0.224    

Slack (MET) :             0.232ns  (arrival time - required time)
  Source:                 datapath/video_inst/inst_dvid/shift_red_reg[9]/C
                            (rising edge-triggered cell FDRE clocked by clk_out2_clk_wiz_0  {rise@0.000ns fall@4.000ns period=8.000ns})
  Destination:            datapath/video_inst/inst_dvid/shift_red_reg[7]/D
                            (rising edge-triggered cell FDSE clocked by clk_out2_clk_wiz_0  {rise@0.000ns fall@4.000ns period=8.000ns})
  Path Group:             clk_out2_clk_wiz_0
  Path Type:              Hold (Min at Fast Process Corner)
  Requirement:            0.000ns  (clk_out2_clk_wiz_0 rise@0.000ns - clk_out2_clk_wiz_0 rise@0.000ns)
  Data Path Delay:        0.369ns  (logic 0.186ns (50.383%)  route 0.183ns (49.617%))
  Logic Levels:           1  (LUT2=1)
  Clock Path Skew:        0.016ns (DCD - SCD - CPR)
    Destination Clock Delay (DCD):    0.920ns
    Source Clock Delay      (SCD):    0.647ns
    Clock Pessimism Removal (CPR):    0.257ns

    Location             Delay type                Incr(ns)  Path(ns)    Netlist Resource(s)
  -------------------------------------------------------------------    -------------------
                         (clock clk_out2_clk_wiz_0 rise edge)
                                                      0.000     0.000 r  
    BUFGCTRL_X0Y2        BUFG                         0.000     0.000 r  clk_IBUF_BUFG_inst/O
                         net (fo=513, routed)         0.745     0.745    datapath/video_inst/mmcm_adv_inst_display_clocks/inst/clk_in1
    MMCME2_ADV_X1Y0      MMCME2_ADV (Prop_mmcme2_adv_CLKIN1_CLKOUT1)
                                                     -1.683    -0.938 r  datapath/video_inst/mmcm_adv_inst_display_clocks/inst/mmcm_adv_inst/CLKOUT1
                         net (fo=1, routed)           0.912    -0.026    datapath/video_inst/mmcm_adv_inst_display_clocks/inst/clk_out2_clk_wiz_0
    BUFGCTRL_X0Y0        BUFG (Prop_bufg_I_O)         0.026    -0.000 r  datapath/video_inst/mmcm_adv_inst_display_clocks/inst/clkout2_buf/O
                         net (fo=44, routed)          0.647     0.647    datapath/video_inst/inst_dvid/clk_out2
    SLICE_X161Y140       FDRE                                         r  datapath/video_inst/inst_dvid/shift_red_reg[9]/C
  -------------------------------------------------------------------    -------------------
    SLICE_X161Y140       FDRE (Prop_fdre_C_Q)         0.141     0.788 r  datapath/video_inst/inst_dvid/shift_red_reg[9]/Q
                         net (fo=1, routed)           0.183     0.971    datapath/video_inst/inst_dvid/data1[7]
    SLICE_X162Y140       LUT2 (Prop_lut2_I1_O)        0.045     1.016 r  datapath/video_inst/inst_dvid/shift_red[7]_i_2/O
                         net (fo=1, routed)           0.000     1.016    datapath/video_inst/inst_dvid/shift_red[7]_i_2_n_0
    SLICE_X162Y140       FDSE                                         r  datapath/video_inst/inst_dvid/shift_red_reg[7]/D
  -------------------------------------------------------------------    -------------------

                         (clock clk_out2_clk_wiz_0 rise edge)
                                                      0.000     0.000 r  
    BUFGCTRL_X0Y2        BUFG                         0.000     0.000 r  clk_IBUF_BUFG_inst/O
                         net (fo=513, routed)         1.022     1.022    datapath/video_inst/mmcm_adv_inst_display_clocks/inst/clk_in1
    MMCME2_ADV_X1Y0      MMCME2_ADV (Prop_mmcme2_adv_CLKIN1_CLKOUT1)
                                                     -2.040    -1.018 r  datapath/video_inst/mmcm_adv_inst_display_clocks/inst/mmcm_adv_inst/CLKOUT1
                         net (fo=1, routed)           0.989    -0.029    datapath/video_inst/mmcm_adv_inst_display_clocks/inst/clk_out2_clk_wiz_0
    BUFGCTRL_X0Y0        BUFG (Prop_bufg_I_O)         0.029    -0.000 r  datapath/video_inst/mmcm_adv_inst_display_clocks/inst/clkout2_buf/O
                         net (fo=44, routed)          0.920     0.920    datapath/video_inst/inst_dvid/clk_out2
    SLICE_X162Y140       FDSE                                         r  datapath/video_inst/inst_dvid/shift_red_reg[7]/C
                         clock pessimism             -0.257     0.663    
    SLICE_X162Y140       FDSE (Hold_fdse_C_D)         0.121     0.784    datapath/video_inst/inst_dvid/shift_red_reg[7]
  -------------------------------------------------------------------
                         required time                         -0.784    
                         arrival time                           1.016    
  -------------------------------------------------------------------
                         slack                                  0.232    

Slack (MET) :             0.232ns  (arrival time - required time)
  Source:                 datapath/video_inst/inst_dvid/shift_red_reg[8]/C
                            (rising edge-triggered cell FDRE clocked by clk_out2_clk_wiz_0  {rise@0.000ns fall@4.000ns period=8.000ns})
  Destination:            datapath/video_inst/inst_dvid/shift_red_reg[6]/D
                            (rising edge-triggered cell FDRE clocked by clk_out2_clk_wiz_0  {rise@0.000ns fall@4.000ns period=8.000ns})
  Path Group:             clk_out2_clk_wiz_0
  Path Type:              Hold (Min at Fast Process Corner)
  Requirement:            0.000ns  (clk_out2_clk_wiz_0 rise@0.000ns - clk_out2_clk_wiz_0 rise@0.000ns)
  Data Path Delay:        0.369ns  (logic 0.186ns (50.350%)  route 0.183ns (49.650%))
  Logic Levels:           1  (LUT3=1)
  Clock Path Skew:        0.016ns (DCD - SCD - CPR)
    Destination Clock Delay (DCD):    0.920ns
    Source Clock Delay      (SCD):    0.647ns
    Clock Pessimism Removal (CPR):    0.257ns

    Location             Delay type                Incr(ns)  Path(ns)    Netlist Resource(s)
  -------------------------------------------------------------------    -------------------
                         (clock clk_out2_clk_wiz_0 rise edge)
                                                      0.000     0.000 r  
    BUFGCTRL_X0Y2        BUFG                         0.000     0.000 r  clk_IBUF_BUFG_inst/O
                         net (fo=513, routed)         0.745     0.745    datapath/video_inst/mmcm_adv_inst_display_clocks/inst/clk_in1
    MMCME2_ADV_X1Y0      MMCME2_ADV (Prop_mmcme2_adv_CLKIN1_CLKOUT1)
                                                     -1.683    -0.938 r  datapath/video_inst/mmcm_adv_inst_display_clocks/inst/mmcm_adv_inst/CLKOUT1
                         net (fo=1, routed)           0.912    -0.026    datapath/video_inst/mmcm_adv_inst_display_clocks/inst/clk_out2_clk_wiz_0
    BUFGCTRL_X0Y0        BUFG (Prop_bufg_I_O)         0.026    -0.000 r  datapath/video_inst/mmcm_adv_inst_display_clocks/inst/clkout2_buf/O
                         net (fo=44, routed)          0.647     0.647    datapath/video_inst/inst_dvid/clk_out2
    SLICE_X161Y140       FDRE                                         r  datapath/video_inst/inst_dvid/shift_red_reg[8]/C
  -------------------------------------------------------------------    -------------------
    SLICE_X161Y140       FDRE (Prop_fdre_C_Q)         0.141     0.788 r  datapath/video_inst/inst_dvid/shift_red_reg[8]/Q
                         net (fo=1, routed)           0.183     0.971    datapath/video_inst/inst_dvid/data1[6]
    SLICE_X162Y141       LUT3 (Prop_lut3_I0_O)        0.045     1.016 r  datapath/video_inst/inst_dvid/shift_red[6]_i_1/O
                         net (fo=1, routed)           0.000     1.016    datapath/video_inst/inst_dvid/shift_red[6]
    SLICE_X162Y141       FDRE                                         r  datapath/video_inst/inst_dvid/shift_red_reg[6]/D
  -------------------------------------------------------------------    -------------------

                         (clock clk_out2_clk_wiz_0 rise edge)
                                                      0.000     0.000 r  
    BUFGCTRL_X0Y2        BUFG                         0.000     0.000 r  clk_IBUF_BUFG_inst/O
                         net (fo=513, routed)         1.022     1.022    datapath/video_inst/mmcm_adv_inst_display_clocks/inst/clk_in1
    MMCME2_ADV_X1Y0      MMCME2_ADV (Prop_mmcme2_adv_CLKIN1_CLKOUT1)
                                                     -2.040    -1.018 r  datapath/video_inst/mmcm_adv_inst_display_clocks/inst/mmcm_adv_inst/CLKOUT1
                         net (fo=1, routed)           0.989    -0.029    datapath/video_inst/mmcm_adv_inst_display_clocks/inst/clk_out2_clk_wiz_0
    BUFGCTRL_X0Y0        BUFG (Prop_bufg_I_O)         0.029    -0.000 r  datapath/video_inst/mmcm_adv_inst_display_clocks/inst/clkout2_buf/O
                         net (fo=44, routed)          0.920     0.920    datapath/video_inst/inst_dvid/clk_out2
    SLICE_X162Y141       FDRE                                         r  datapath/video_inst/inst_dvid/shift_red_reg[6]/C
                         clock pessimism             -0.257     0.663    
    SLICE_X162Y141       FDRE (Hold_fdre_C_D)         0.121     0.784    datapath/video_inst/inst_dvid/shift_red_reg[6]
  -------------------------------------------------------------------
                         required time                         -0.784    
                         arrival time                           1.016    
  -------------------------------------------------------------------
                         slack                                  0.232    

Slack (MET) :             0.233ns  (arrival time - required time)
  Source:                 datapath/video_inst/inst_dvid/shift_clock_reg[4]/C
                            (rising edge-triggered cell FDRE clocked by clk_out2_clk_wiz_0  {rise@0.000ns fall@4.000ns period=8.000ns})
  Destination:            datapath/video_inst/inst_dvid/shift_clock_reg[2]/D
                            (rising edge-triggered cell FDRE clocked by clk_out2_clk_wiz_0  {rise@0.000ns fall@4.000ns period=8.000ns})
  Path Group:             clk_out2_clk_wiz_0
  Path Type:              Hold (Min at Fast Process Corner)
  Requirement:            0.000ns  (clk_out2_clk_wiz_0 rise@0.000ns - clk_out2_clk_wiz_0 rise@0.000ns)
  Data Path Delay:        0.292ns  (logic 0.164ns (56.232%)  route 0.128ns (43.768%))
  Logic Levels:           0  
  Clock Path Skew:        0.000ns (DCD - SCD - CPR)
    Destination Clock Delay (DCD):    0.922ns
    Source Clock Delay      (SCD):    0.649ns
    Clock Pessimism Removal (CPR):    0.273ns

    Location             Delay type                Incr(ns)  Path(ns)    Netlist Resource(s)
  -------------------------------------------------------------------    -------------------
                         (clock clk_out2_clk_wiz_0 rise edge)
                                                      0.000     0.000 r  
    BUFGCTRL_X0Y2        BUFG                         0.000     0.000 r  clk_IBUF_BUFG_inst/O
                         net (fo=513, routed)         0.745     0.745    datapath/video_inst/mmcm_adv_inst_display_clocks/inst/clk_in1
    MMCME2_ADV_X1Y0      MMCME2_ADV (Prop_mmcme2_adv_CLKIN1_CLKOUT1)
                                                     -1.683    -0.938 r  datapath/video_inst/mmcm_adv_inst_display_clocks/inst/mmcm_adv_inst/CLKOUT1
                         net (fo=1, routed)           0.912    -0.026    datapath/video_inst/mmcm_adv_inst_display_clocks/inst/clk_out2_clk_wiz_0
    BUFGCTRL_X0Y0        BUFG (Prop_bufg_I_O)         0.026    -0.000 r  datapath/video_inst/mmcm_adv_inst_display_clocks/inst/clkout2_buf/O
                         net (fo=44, routed)          0.649     0.649    datapath/video_inst/inst_dvid/clk_out2
    SLICE_X162Y147       FDRE                                         r  datapath/video_inst/inst_dvid/shift_clock_reg[4]/C
  -------------------------------------------------------------------    -------------------
    SLICE_X162Y147       FDRE (Prop_fdre_C_Q)         0.164     0.813 r  datapath/video_inst/inst_dvid/shift_clock_reg[4]/Q
                         net (fo=2, routed)           0.128     0.940    datapath/video_inst/inst_dvid/shift_clock_reg_n_0_[4]
    SLICE_X162Y147       FDRE                                         r  datapath/video_inst/inst_dvid/shift_clock_reg[2]/D
  -------------------------------------------------------------------    -------------------

                         (clock clk_out2_clk_wiz_0 rise edge)
                                                      0.000     0.000 r  
    BUFGCTRL_X0Y2        BUFG                         0.000     0.000 r  clk_IBUF_BUFG_inst/O
                         net (fo=513, routed)         1.022     1.022    datapath/video_inst/mmcm_adv_inst_display_clocks/inst/clk_in1
    MMCME2_ADV_X1Y0      MMCME2_ADV (Prop_mmcme2_adv_CLKIN1_CLKOUT1)
                                                     -2.040    -1.018 r  datapath/video_inst/mmcm_adv_inst_display_clocks/inst/mmcm_adv_inst/CLKOUT1
                         net (fo=1, routed)           0.989    -0.029    datapath/video_inst/mmcm_adv_inst_display_clocks/inst/clk_out2_clk_wiz_0
    BUFGCTRL_X0Y0        BUFG (Prop_bufg_I_O)         0.029    -0.000 r  datapath/video_inst/mmcm_adv_inst_display_clocks/inst/clkout2_buf/O
                         net (fo=44, routed)          0.922     0.922    datapath/video_inst/inst_dvid/clk_out2
    SLICE_X162Y147       FDRE                                         r  datapath/video_inst/inst_dvid/shift_clock_reg[2]/C
                         clock pessimism             -0.273     0.649    
    SLICE_X162Y147       FDRE (Hold_fdre_C_D)         0.059     0.708    datapath/video_inst/inst_dvid/shift_clock_reg[2]
  -------------------------------------------------------------------
                         required time                         -0.708    
                         arrival time                           0.940    
  -------------------------------------------------------------------
                         slack                                  0.233    

Slack (MET) :             0.233ns  (arrival time - required time)
  Source:                 datapath/video_inst/inst_dvid/shift_clock_reg[5]/C
                            (rising edge-triggered cell FDRE clocked by clk_out2_clk_wiz_0  {rise@0.000ns fall@4.000ns period=8.000ns})
  Destination:            datapath/video_inst/inst_dvid/shift_clock_reg[3]/D
                            (rising edge-triggered cell FDRE clocked by clk_out2_clk_wiz_0  {rise@0.000ns fall@4.000ns period=8.000ns})
  Path Group:             clk_out2_clk_wiz_0
  Path Type:              Hold (Min at Fast Process Corner)
  Requirement:            0.000ns  (clk_out2_clk_wiz_0 rise@0.000ns - clk_out2_clk_wiz_0 rise@0.000ns)
  Data Path Delay:        0.285ns  (logic 0.164ns (57.535%)  route 0.121ns (42.465%))
  Logic Levels:           0  
  Clock Path Skew:        0.000ns (DCD - SCD - CPR)
    Destination Clock Delay (DCD):    0.922ns
    Source Clock Delay      (SCD):    0.649ns
    Clock Pessimism Removal (CPR):    0.273ns

    Location             Delay type                Incr(ns)  Path(ns)    Netlist Resource(s)
  -------------------------------------------------------------------    -------------------
                         (clock clk_out2_clk_wiz_0 rise edge)
                                                      0.000     0.000 r  
    BUFGCTRL_X0Y2        BUFG                         0.000     0.000 r  clk_IBUF_BUFG_inst/O
                         net (fo=513, routed)         0.745     0.745    datapath/video_inst/mmcm_adv_inst_display_clocks/inst/clk_in1
    MMCME2_ADV_X1Y0      MMCME2_ADV (Prop_mmcme2_adv_CLKIN1_CLKOUT1)
                                                     -1.683    -0.938 r  datapath/video_inst/mmcm_adv_inst_display_clocks/inst/mmcm_adv_inst/CLKOUT1
                         net (fo=1, routed)           0.912    -0.026    datapath/video_inst/mmcm_adv_inst_display_clocks/inst/clk_out2_clk_wiz_0
    BUFGCTRL_X0Y0        BUFG (Prop_bufg_I_O)         0.026    -0.000 r  datapath/video_inst/mmcm_adv_inst_display_clocks/inst/clkout2_buf/O
                         net (fo=44, routed)          0.649     0.649    datapath/video_inst/inst_dvid/clk_out2
    SLICE_X162Y147       FDRE                                         r  datapath/video_inst/inst_dvid/shift_clock_reg[5]/C
  -------------------------------------------------------------------    -------------------
    SLICE_X162Y147       FDRE (Prop_fdre_C_Q)         0.164     0.813 r  datapath/video_inst/inst_dvid/shift_clock_reg[5]/Q
                         net (fo=2, routed)           0.121     0.934    datapath/video_inst/inst_dvid/shift_clock_reg_n_0_[5]
    SLICE_X162Y147       FDRE                                         r  datapath/video_inst/inst_dvid/shift_clock_reg[3]/D
  -------------------------------------------------------------------    -------------------

                         (clock clk_out2_clk_wiz_0 rise edge)
                                                      0.000     0.000 r  
    BUFGCTRL_X0Y2        BUFG                         0.000     0.000 r  clk_IBUF_BUFG_inst/O
                         net (fo=513, routed)         1.022     1.022    datapath/video_inst/mmcm_adv_inst_display_clocks/inst/clk_in1
    MMCME2_ADV_X1Y0      MMCME2_ADV (Prop_mmcme2_adv_CLKIN1_CLKOUT1)
                                                     -2.040    -1.018 r  datapath/video_inst/mmcm_adv_inst_display_clocks/inst/mmcm_adv_inst/CLKOUT1
                         net (fo=1, routed)           0.989    -0.029    datapath/video_inst/mmcm_adv_inst_display_clocks/inst/clk_out2_clk_wiz_0
    BUFGCTRL_X0Y0        BUFG (Prop_bufg_I_O)         0.029    -0.000 r  datapath/video_inst/mmcm_adv_inst_display_clocks/inst/clkout2_buf/O
                         net (fo=44, routed)          0.922     0.922    datapath/video_inst/inst_dvid/clk_out2
    SLICE_X162Y147       FDRE                                         r  datapath/video_inst/inst_dvid/shift_clock_reg[3]/C
                         clock pessimism             -0.273     0.649    
    SLICE_X162Y147       FDRE (Hold_fdre_C_D)         0.052     0.701    datapath/video_inst/inst_dvid/shift_clock_reg[3]
  -------------------------------------------------------------------
                         required time                         -0.701    
                         arrival time                           0.934    
  -------------------------------------------------------------------
                         slack                                  0.233    

Slack (MET) :             0.233ns  (arrival time - required time)
  Source:                 datapath/video_inst/inst_dvid/shift_clock_reg[8]/C
                            (rising edge-triggered cell FDRE clocked by clk_out2_clk_wiz_0  {rise@0.000ns fall@4.000ns period=8.000ns})
  Destination:            datapath/video_inst/inst_dvid/shift_clock_reg[6]/D
                            (rising edge-triggered cell FDRE clocked by clk_out2_clk_wiz_0  {rise@0.000ns fall@4.000ns period=8.000ns})
  Path Group:             clk_out2_clk_wiz_0
  Path Type:              Hold (Min at Fast Process Corner)
  Requirement:            0.000ns  (clk_out2_clk_wiz_0 rise@0.000ns - clk_out2_clk_wiz_0 rise@0.000ns)
  Data Path Delay:        0.292ns  (logic 0.164ns (56.106%)  route 0.128ns (43.894%))
  Logic Levels:           0  
  Clock Path Skew:        0.000ns (DCD - SCD - CPR)
    Destination Clock Delay (DCD):    0.922ns
    Source Clock Delay      (SCD):    0.649ns
    Clock Pessimism Removal (CPR):    0.273ns

    Location             Delay type                Incr(ns)  Path(ns)    Netlist Resource(s)
  -------------------------------------------------------------------    -------------------
                         (clock clk_out2_clk_wiz_0 rise edge)
                                                      0.000     0.000 r  
    BUFGCTRL_X0Y2        BUFG                         0.000     0.000 r  clk_IBUF_BUFG_inst/O
                         net (fo=513, routed)         0.745     0.745    datapath/video_inst/mmcm_adv_inst_display_clocks/inst/clk_in1
    MMCME2_ADV_X1Y0      MMCME2_ADV (Prop_mmcme2_adv_CLKIN1_CLKOUT1)
                                                     -1.683    -0.938 r  datapath/video_inst/mmcm_adv_inst_display_clocks/inst/mmcm_adv_inst/CLKOUT1
                         net (fo=1, routed)           0.912    -0.026    datapath/video_inst/mmcm_adv_inst_display_clocks/inst/clk_out2_clk_wiz_0
    BUFGCTRL_X0Y0        BUFG (Prop_bufg_I_O)         0.026    -0.000 r  datapath/video_inst/mmcm_adv_inst_display_clocks/inst/clkout2_buf/O
                         net (fo=44, routed)          0.649     0.649    datapath/video_inst/inst_dvid/clk_out2
    SLICE_X162Y148       FDRE                                         r  datapath/video_inst/inst_dvid/shift_clock_reg[8]/C
  -------------------------------------------------------------------    -------------------
    SLICE_X162Y148       FDRE (Prop_fdre_C_Q)         0.164     0.813 r  datapath/video_inst/inst_dvid/shift_clock_reg[8]/Q
                         net (fo=2, routed)           0.128     0.941    datapath/video_inst/inst_dvid/shift_clock_reg_n_0_[8]
    SLICE_X162Y148       FDRE                                         r  datapath/video_inst/inst_dvid/shift_clock_reg[6]/D
  -------------------------------------------------------------------    -------------------

                         (clock clk_out2_clk_wiz_0 rise edge)
                                                      0.000     0.000 r  
    BUFGCTRL_X0Y2        BUFG                         0.000     0.000 r  clk_IBUF_BUFG_inst/O
                         net (fo=513, routed)         1.022     1.022    datapath/video_inst/mmcm_adv_inst_display_clocks/inst/clk_in1
    MMCME2_ADV_X1Y0      MMCME2_ADV (Prop_mmcme2_adv_CLKIN1_CLKOUT1)
                                                     -2.040    -1.018 r  datapath/video_inst/mmcm_adv_inst_display_clocks/inst/mmcm_adv_inst/CLKOUT1
                         net (fo=1, routed)           0.989    -0.029    datapath/video_inst/mmcm_adv_inst_display_clocks/inst/clk_out2_clk_wiz_0
    BUFGCTRL_X0Y0        BUFG (Prop_bufg_I_O)         0.029    -0.000 r  datapath/video_inst/mmcm_adv_inst_display_clocks/inst/clkout2_buf/O
                         net (fo=44, routed)          0.922     0.922    datapath/video_inst/inst_dvid/clk_out2
    SLICE_X162Y148       FDRE                                         r  datapath/video_inst/inst_dvid/shift_clock_reg[6]/C
                         clock pessimism             -0.273     0.649    
    SLICE_X162Y148       FDRE (Hold_fdre_C_D)         0.059     0.708    datapath/video_inst/inst_dvid/shift_clock_reg[6]
  -------------------------------------------------------------------
                         required time                         -0.708    
                         arrival time                           0.941    
  -------------------------------------------------------------------
                         slack                                  0.233    





Pulse Width Checks
--------------------------------------------------------------------------------------
Clock Name:         clk_out2_clk_wiz_0
Waveform(ns):       { 0.000 4.000 }
Period(ns):         8.000
Sources:            { datapath/video_inst/mmcm_adv_inst_display_clocks/inst/mmcm_adv_inst/CLKOUT1 }

Check Type        Corner  Lib Pin             Reference Pin  Required(ns)  Actual(ns)  Slack(ns)  Location         Pin
Min Period        n/a     BUFG/I              n/a            2.155         8.000       5.845      BUFGCTRL_X0Y0    datapath/video_inst/mmcm_adv_inst_display_clocks/inst/clkout2_buf/I
Min Period        n/a     ODDR/C              n/a            1.474         8.000       6.526      OLOGIC_X1Y140    datapath/video_inst/inst_dvid/ODDR2_blue/C
Min Period        n/a     ODDR/C              n/a            1.474         8.000       6.526      OLOGIC_X1Y148    datapath/video_inst/inst_dvid/ODDR2_clock/C
Min Period        n/a     ODDR/C              n/a            1.474         8.000       6.526      OLOGIC_X1Y136    datapath/video_inst/inst_dvid/ODDR2_green/C
Min Period        n/a     ODDR/C              n/a            1.474         8.000       6.526      OLOGIC_X1Y134    datapath/video_inst/inst_dvid/ODDR2_red/C
Min Period        n/a     MMCME2_ADV/CLKOUT1  n/a            1.249         8.000       6.751      MMCME2_ADV_X1Y0  datapath/video_inst/mmcm_adv_inst_display_clocks/inst/mmcm_adv_inst/CLKOUT1
Min Period        n/a     FDRE/C              n/a            1.000         8.000       7.000      SLICE_X161Y142   datapath/video_inst/inst_dvid/shift_blue_reg[0]/C
Min Period        n/a     FDRE/C              n/a            1.000         8.000       7.000      SLICE_X161Y142   datapath/video_inst/inst_dvid/shift_blue_reg[1]/C
Min Period        n/a     FDRE/C              n/a            1.000         8.000       7.000      SLICE_X161Y142   datapath/video_inst/inst_dvid/shift_blue_reg[2]/C
Min Period        n/a     FDRE/C              n/a            1.000         8.000       7.000      SLICE_X161Y142   datapath/video_inst/inst_dvid/shift_blue_reg[3]/C
Max Period        n/a     MMCME2_ADV/CLKOUT1  n/a            213.360       8.000       205.360    MMCME2_ADV_X1Y0  datapath/video_inst/mmcm_adv_inst_display_clocks/inst/mmcm_adv_inst/CLKOUT1
Low Pulse Width   Slow    FDRE/C              n/a            0.500         4.000       3.500      SLICE_X161Y142   datapath/video_inst/inst_dvid/shift_blue_reg[0]/C
Low Pulse Width   Fast    FDRE/C              n/a            0.500         4.000       3.500      SLICE_X161Y142   datapath/video_inst/inst_dvid/shift_blue_reg[0]/C
Low Pulse Width   Slow    FDRE/C              n/a            0.500         4.000       3.500      SLICE_X161Y142   datapath/video_inst/inst_dvid/shift_blue_reg[1]/C
Low Pulse Width   Fast    FDRE/C              n/a            0.500         4.000       3.500      SLICE_X161Y142   datapath/video_inst/inst_dvid/shift_blue_reg[1]/C
Low Pulse Width   Slow    FDRE/C              n/a            0.500         4.000       3.500      SLICE_X161Y142   datapath/video_inst/inst_dvid/shift_blue_reg[2]/C
Low Pulse Width   Fast    FDRE/C              n/a            0.500         4.000       3.500      SLICE_X161Y142   datapath/video_inst/inst_dvid/shift_blue_reg[2]/C
Low Pulse Width   Slow    FDRE/C              n/a            0.500         4.000       3.500      SLICE_X161Y142   datapath/video_inst/inst_dvid/shift_blue_reg[3]/C
Low Pulse Width   Fast    FDRE/C              n/a            0.500         4.000       3.500      SLICE_X161Y142   datapath/video_inst/inst_dvid/shift_blue_reg[3]/C
Low Pulse Width   Slow    FDRE/C              n/a            0.500         4.000       3.500      SLICE_X160Y141   datapath/video_inst/inst_dvid/shift_blue_reg[4]/C
Low Pulse Width   Fast    FDRE/C              n/a            0.500         4.000       3.500      SLICE_X160Y141   datapath/video_inst/inst_dvid/shift_blue_reg[4]/C
High Pulse Width  Slow    FDRE/C              n/a            0.500         4.000       3.500      SLICE_X161Y142   datapath/video_inst/inst_dvid/shift_blue_reg[0]/C
High Pulse Width  Fast    FDRE/C              n/a            0.500         4.000       3.500      SLICE_X161Y142   datapath/video_inst/inst_dvid/shift_blue_reg[0]/C
High Pulse Width  Slow    FDRE/C              n/a            0.500         4.000       3.500      SLICE_X161Y142   datapath/video_inst/inst_dvid/shift_blue_reg[1]/C
High Pulse Width  Fast    FDRE/C              n/a            0.500         4.000       3.500      SLICE_X161Y142   datapath/video_inst/inst_dvid/shift_blue_reg[1]/C
High Pulse Width  Slow    FDRE/C              n/a            0.500         4.000       3.500      SLICE_X161Y142   datapath/video_inst/inst_dvid/shift_blue_reg[2]/C
High Pulse Width  Fast    FDRE/C              n/a            0.500         4.000       3.500      SLICE_X161Y142   datapath/video_inst/inst_dvid/shift_blue_reg[2]/C
High Pulse Width  Slow    FDRE/C              n/a            0.500         4.000       3.500      SLICE_X161Y142   datapath/video_inst/inst_dvid/shift_blue_reg[3]/C
High Pulse Width  Fast    FDRE/C              n/a            0.500         4.000       3.500      SLICE_X161Y142   datapath/video_inst/inst_dvid/shift_blue_reg[3]/C
High Pulse Width  Slow    FDRE/C              n/a            0.500         4.000       3.500      SLICE_X160Y141   datapath/video_inst/inst_dvid/shift_blue_reg[4]/C
High Pulse Width  Fast    FDRE/C              n/a            0.500         4.000       3.500      SLICE_X160Y141   datapath/video_inst/inst_dvid/shift_blue_reg[4]/C



---------------------------------------------------------------------------------------------------
From Clock:  clkfbout_clk_wiz_0
  To Clock:  clkfbout_clk_wiz_0

Setup :           NA  Failing Endpoints,  Worst Slack           NA  ,  Total Violation           NA
Hold  :           NA  Failing Endpoints,  Worst Slack           NA  ,  Total Violation           NA
PW    :            0  Failing Endpoints,  Worst Slack        7.845ns,  Total Violation        0.000ns
---------------------------------------------------------------------------------------------------


Pulse Width Checks
--------------------------------------------------------------------------------------
Clock Name:         clkfbout_clk_wiz_0
Waveform(ns):       { 0.000 5.000 }
Period(ns):         10.000
Sources:            { datapath/video_inst/mmcm_adv_inst_display_clocks/inst/mmcm_adv_inst/CLKFBOUT }

Check Type  Corner  Lib Pin              Reference Pin  Required(ns)  Actual(ns)  Slack(ns)  Location         Pin
Min Period  n/a     BUFG/I               n/a            2.155         10.000      7.845      BUFGCTRL_X0Y6    datapath/video_inst/mmcm_adv_inst_display_clocks/inst/clkf_buf/I
Min Period  n/a     MMCME2_ADV/CLKFBOUT  n/a            1.249         10.000      8.751      MMCME2_ADV_X1Y0  datapath/video_inst/mmcm_adv_inst_display_clocks/inst/mmcm_adv_inst/CLKFBOUT
Min Period  n/a     MMCME2_ADV/CLKFBIN   n/a            1.249         10.000      8.751      MMCME2_ADV_X1Y0  datapath/video_inst/mmcm_adv_inst_display_clocks/inst/mmcm_adv_inst/CLKFBIN
Max Period  n/a     MMCME2_ADV/CLKFBIN   n/a            100.000       10.000      90.000     MMCME2_ADV_X1Y0  datapath/video_inst/mmcm_adv_inst_display_clocks/inst/mmcm_adv_inst/CLKFBIN
Max Period  n/a     MMCME2_ADV/CLKFBOUT  n/a            213.360       10.000      203.360    MMCME2_ADV_X1Y0  datapath/video_inst/mmcm_adv_inst_display_clocks/inst/mmcm_adv_inst/CLKFBOUT



---------------------------------------------------------------------------------------------------
From Clock:  clk_out1_clk_wiz_0
  To Clock:  clk_out2_clk_wiz_0

Setup :            0  Failing Endpoints,  Worst Slack        4.481ns,  Total Violation        0.000ns
Hold  :            0  Failing Endpoints,  Worst Slack        0.163ns,  Total Violation        0.000ns
---------------------------------------------------------------------------------------------------


Max Delay Paths
--------------------------------------------------------------------------------------
Slack (MET) :             4.481ns  (required time - arrival time)
  Source:                 datapath/video_inst/inst_dvid/latched_red_reg[0]/C
                            (rising edge-triggered cell FDRE clocked by clk_out1_clk_wiz_0  {rise@0.000ns fall@20.000ns period=40.000ns})
  Destination:            datapath/video_inst/inst_dvid/shift_red_reg[0]/S
                            (rising edge-triggered cell FDSE clocked by clk_out2_clk_wiz_0  {rise@0.000ns fall@4.000ns period=8.000ns})
  Path Group:             clk_out2_clk_wiz_0
  Path Type:              Setup (Max at Slow Process Corner)
  Requirement:            8.000ns  (clk_out2_clk_wiz_0 rise@8.000ns - clk_out1_clk_wiz_0 rise@0.000ns)
  Data Path Delay:        2.534ns  (logic 0.580ns (22.887%)  route 1.954ns (77.113%))
  Logic Levels:           1  (LUT2=1)
  Clock Path Skew:        -0.246ns (DCD - SCD + CPR)
    Destination Clock Delay (DCD):    1.711ns = ( 9.711 - 8.000 ) 
    Source Clock Delay      (SCD):    1.829ns
    Clock Pessimism Removal (CPR):    -0.128ns
  Clock Uncertainty:      0.215ns  ((TSJ^2 + DJ^2)^1/2) / 2 + PE
    Total System Jitter     (TSJ):    0.071ns
    Discrete Jitter          (DJ):    0.175ns
    Phase Error              (PE):    0.120ns

    Location             Delay type                Incr(ns)  Path(ns)    Netlist Resource(s)
  -------------------------------------------------------------------    -------------------
                         (clock clk_out1_clk_wiz_0 rise edge)
                                                      0.000     0.000 r  
    BUFGCTRL_X0Y2        BUFG                         0.000     0.000 r  clk_IBUF_BUFG_inst/O
                         net (fo=513, routed)         2.106     2.106    datapath/video_inst/mmcm_adv_inst_display_clocks/inst/clk_in1
    MMCME2_ADV_X1Y0      MMCME2_ADV (Prop_mmcme2_adv_CLKIN1_CLKOUT0)
                                                     -4.900    -2.793 r  datapath/video_inst/mmcm_adv_inst_display_clocks/inst/mmcm_adv_inst/CLKOUT0
                         net (fo=1, routed)           2.697    -0.096    datapath/video_inst/mmcm_adv_inst_display_clocks/inst/clk_out1_clk_wiz_0
    BUFGCTRL_X0Y4        BUFG (Prop_bufg_I_O)         0.096    -0.000 r  datapath/video_inst/mmcm_adv_inst_display_clocks/inst/clkout1_buf/O
                         net (fo=64, routed)          1.829     1.829    datapath/video_inst/inst_dvid/clk_out1
    SLICE_X159Y142       FDRE                                         r  datapath/video_inst/inst_dvid/latched_red_reg[0]/C
  -------------------------------------------------------------------    -------------------
    SLICE_X159Y142       FDRE (Prop_fdre_C_Q)         0.456     2.285 r  datapath/video_inst/inst_dvid/latched_red_reg[0]/Q
                         net (fo=1, routed)           0.781     3.066    datapath/video_inst/inst_dvid/latched_red[0]
    SLICE_X161Y142       LUT2 (Prop_lut2_I0_O)        0.124     3.190 r  datapath/video_inst/inst_dvid/shift_red[7]_i_1/O
                         net (fo=5, routed)           1.173     4.364    datapath/video_inst/inst_dvid/shift_red[7]_i_1_n_0
    SLICE_X162Y140       FDSE                                         r  datapath/video_inst/inst_dvid/shift_red_reg[0]/S
  -------------------------------------------------------------------    -------------------

                         (clock clk_out2_clk_wiz_0 rise edge)
                                                      8.000     8.000 r  
    BUFGCTRL_X0Y2        BUFG                         0.000     8.000 r  clk_IBUF_BUFG_inst/O
                         net (fo=513, routed)         1.972     9.972    datapath/video_inst/mmcm_adv_inst_display_clocks/inst/clk_in1
    MMCME2_ADV_X1Y0      MMCME2_ADV (Prop_mmcme2_adv_CLKIN1_CLKOUT1)
                                                     -4.637     5.335 r  datapath/video_inst/mmcm_adv_inst_display_clocks/inst/mmcm_adv_inst/CLKOUT1
                         net (fo=1, routed)           2.574     7.909    datapath/video_inst/mmcm_adv_inst_display_clocks/inst/clk_out2_clk_wiz_0
    BUFGCTRL_X0Y0        BUFG (Prop_bufg_I_O)         0.091     8.000 r  datapath/video_inst/mmcm_adv_inst_display_clocks/inst/clkout2_buf/O
                         net (fo=44, routed)          1.711     9.711    datapath/video_inst/inst_dvid/clk_out2
    SLICE_X162Y140       FDSE                                         r  datapath/video_inst/inst_dvid/shift_red_reg[0]/C
                         clock pessimism             -0.128     9.583    
                         clock uncertainty           -0.215     9.369    
    SLICE_X162Y140       FDSE (Setup_fdse_C_S)       -0.524     8.845    datapath/video_inst/inst_dvid/shift_red_reg[0]
  -------------------------------------------------------------------
                         required time                          8.845    
                         arrival time                          -4.364    
  -------------------------------------------------------------------
                         slack                                  4.481    

Slack (MET) :             4.481ns  (required time - arrival time)
  Source:                 datapath/video_inst/inst_dvid/latched_red_reg[0]/C
                            (rising edge-triggered cell FDRE clocked by clk_out1_clk_wiz_0  {rise@0.000ns fall@20.000ns period=40.000ns})
  Destination:            datapath/video_inst/inst_dvid/shift_red_reg[1]/S
                            (rising edge-triggered cell FDSE clocked by clk_out2_clk_wiz_0  {rise@0.000ns fall@4.000ns period=8.000ns})
  Path Group:             clk_out2_clk_wiz_0
  Path Type:              Setup (Max at Slow Process Corner)
  Requirement:            8.000ns  (clk_out2_clk_wiz_0 rise@8.000ns - clk_out1_clk_wiz_0 rise@0.000ns)
  Data Path Delay:        2.534ns  (logic 0.580ns (22.887%)  route 1.954ns (77.113%))
  Logic Levels:           1  (LUT2=1)
  Clock Path Skew:        -0.246ns (DCD - SCD + CPR)
    Destination Clock Delay (DCD):    1.711ns = ( 9.711 - 8.000 ) 
    Source Clock Delay      (SCD):    1.829ns
    Clock Pessimism Removal (CPR):    -0.128ns
  Clock Uncertainty:      0.215ns  ((TSJ^2 + DJ^2)^1/2) / 2 + PE
    Total System Jitter     (TSJ):    0.071ns
    Discrete Jitter          (DJ):    0.175ns
    Phase Error              (PE):    0.120ns

    Location             Delay type                Incr(ns)  Path(ns)    Netlist Resource(s)
  -------------------------------------------------------------------    -------------------
                         (clock clk_out1_clk_wiz_0 rise edge)
                                                      0.000     0.000 r  
    BUFGCTRL_X0Y2        BUFG                         0.000     0.000 r  clk_IBUF_BUFG_inst/O
                         net (fo=513, routed)         2.106     2.106    datapath/video_inst/mmcm_adv_inst_display_clocks/inst/clk_in1
    MMCME2_ADV_X1Y0      MMCME2_ADV (Prop_mmcme2_adv_CLKIN1_CLKOUT0)
                                                     -4.900    -2.793 r  datapath/video_inst/mmcm_adv_inst_display_clocks/inst/mmcm_adv_inst/CLKOUT0
                         net (fo=1, routed)           2.697    -0.096    datapath/video_inst/mmcm_adv_inst_display_clocks/inst/clk_out1_clk_wiz_0
    BUFGCTRL_X0Y4        BUFG (Prop_bufg_I_O)         0.096    -0.000 r  datapath/video_inst/mmcm_adv_inst_display_clocks/inst/clkout1_buf/O
                         net (fo=64, routed)          1.829     1.829    datapath/video_inst/inst_dvid/clk_out1
    SLICE_X159Y142       FDRE                                         r  datapath/video_inst/inst_dvid/latched_red_reg[0]/C
  -------------------------------------------------------------------    -------------------
    SLICE_X159Y142       FDRE (Prop_fdre_C_Q)         0.456     2.285 r  datapath/video_inst/inst_dvid/latched_red_reg[0]/Q
                         net (fo=1, routed)           0.781     3.066    datapath/video_inst/inst_dvid/latched_red[0]
    SLICE_X161Y142       LUT2 (Prop_lut2_I0_O)        0.124     3.190 r  datapath/video_inst/inst_dvid/shift_red[7]_i_1/O
                         net (fo=5, routed)           1.173     4.364    datapath/video_inst/inst_dvid/shift_red[7]_i_1_n_0
    SLICE_X162Y140       FDSE                                         r  datapath/video_inst/inst_dvid/shift_red_reg[1]/S
  -------------------------------------------------------------------    -------------------

                         (clock clk_out2_clk_wiz_0 rise edge)
                                                      8.000     8.000 r  
    BUFGCTRL_X0Y2        BUFG                         0.000     8.000 r  clk_IBUF_BUFG_inst/O
                         net (fo=513, routed)         1.972     9.972    datapath/video_inst/mmcm_adv_inst_display_clocks/inst/clk_in1
    MMCME2_ADV_X1Y0      MMCME2_ADV (Prop_mmcme2_adv_CLKIN1_CLKOUT1)
                                                     -4.637     5.335 r  datapath/video_inst/mmcm_adv_inst_display_clocks/inst/mmcm_adv_inst/CLKOUT1
                         net (fo=1, routed)           2.574     7.909    datapath/video_inst/mmcm_adv_inst_display_clocks/inst/clk_out2_clk_wiz_0
    BUFGCTRL_X0Y0        BUFG (Prop_bufg_I_O)         0.091     8.000 r  datapath/video_inst/mmcm_adv_inst_display_clocks/inst/clkout2_buf/O
                         net (fo=44, routed)          1.711     9.711    datapath/video_inst/inst_dvid/clk_out2
    SLICE_X162Y140       FDSE                                         r  datapath/video_inst/inst_dvid/shift_red_reg[1]/C
                         clock pessimism             -0.128     9.583    
                         clock uncertainty           -0.215     9.369    
    SLICE_X162Y140       FDSE (Setup_fdse_C_S)       -0.524     8.845    datapath/video_inst/inst_dvid/shift_red_reg[1]
  -------------------------------------------------------------------
                         required time                          8.845    
                         arrival time                          -4.364    
  -------------------------------------------------------------------
                         slack                                  4.481    

Slack (MET) :             4.481ns  (required time - arrival time)
  Source:                 datapath/video_inst/inst_dvid/latched_red_reg[0]/C
                            (rising edge-triggered cell FDRE clocked by clk_out1_clk_wiz_0  {rise@0.000ns fall@20.000ns period=40.000ns})
  Destination:            datapath/video_inst/inst_dvid/shift_red_reg[3]/S
                            (rising edge-triggered cell FDSE clocked by clk_out2_clk_wiz_0  {rise@0.000ns fall@4.000ns period=8.000ns})
  Path Group:             clk_out2_clk_wiz_0
  Path Type:              Setup (Max at Slow Process Corner)
  Requirement:            8.000ns  (clk_out2_clk_wiz_0 rise@8.000ns - clk_out1_clk_wiz_0 rise@0.000ns)
  Data Path Delay:        2.534ns  (logic 0.580ns (22.887%)  route 1.954ns (77.113%))
  Logic Levels:           1  (LUT2=1)
  Clock Path Skew:        -0.246ns (DCD - SCD + CPR)
    Destination Clock Delay (DCD):    1.711ns = ( 9.711 - 8.000 ) 
    Source Clock Delay      (SCD):    1.829ns
    Clock Pessimism Removal (CPR):    -0.128ns
  Clock Uncertainty:      0.215ns  ((TSJ^2 + DJ^2)^1/2) / 2 + PE
    Total System Jitter     (TSJ):    0.071ns
    Discrete Jitter          (DJ):    0.175ns
    Phase Error              (PE):    0.120ns

    Location             Delay type                Incr(ns)  Path(ns)    Netlist Resource(s)
  -------------------------------------------------------------------    -------------------
                         (clock clk_out1_clk_wiz_0 rise edge)
                                                      0.000     0.000 r  
    BUFGCTRL_X0Y2        BUFG                         0.000     0.000 r  clk_IBUF_BUFG_inst/O
                         net (fo=513, routed)         2.106     2.106    datapath/video_inst/mmcm_adv_inst_display_clocks/inst/clk_in1
    MMCME2_ADV_X1Y0      MMCME2_ADV (Prop_mmcme2_adv_CLKIN1_CLKOUT0)
                                                     -4.900    -2.793 r  datapath/video_inst/mmcm_adv_inst_display_clocks/inst/mmcm_adv_inst/CLKOUT0
                         net (fo=1, routed)           2.697    -0.096    datapath/video_inst/mmcm_adv_inst_display_clocks/inst/clk_out1_clk_wiz_0
    BUFGCTRL_X0Y4        BUFG (Prop_bufg_I_O)         0.096    -0.000 r  datapath/video_inst/mmcm_adv_inst_display_clocks/inst/clkout1_buf/O
                         net (fo=64, routed)          1.829     1.829    datapath/video_inst/inst_dvid/clk_out1
    SLICE_X159Y142       FDRE                                         r  datapath/video_inst/inst_dvid/latched_red_reg[0]/C
  -------------------------------------------------------------------    -------------------
    SLICE_X159Y142       FDRE (Prop_fdre_C_Q)         0.456     2.285 r  datapath/video_inst/inst_dvid/latched_red_reg[0]/Q
                         net (fo=1, routed)           0.781     3.066    datapath/video_inst/inst_dvid/latched_red[0]
    SLICE_X161Y142       LUT2 (Prop_lut2_I0_O)        0.124     3.190 r  datapath/video_inst/inst_dvid/shift_red[7]_i_1/O
                         net (fo=5, routed)           1.173     4.364    datapath/video_inst/inst_dvid/shift_red[7]_i_1_n_0
    SLICE_X162Y140       FDSE                                         r  datapath/video_inst/inst_dvid/shift_red_reg[3]/S
  -------------------------------------------------------------------    -------------------

                         (clock clk_out2_clk_wiz_0 rise edge)
                                                      8.000     8.000 r  
    BUFGCTRL_X0Y2        BUFG                         0.000     8.000 r  clk_IBUF_BUFG_inst/O
                         net (fo=513, routed)         1.972     9.972    datapath/video_inst/mmcm_adv_inst_display_clocks/inst/clk_in1
    MMCME2_ADV_X1Y0      MMCME2_ADV (Prop_mmcme2_adv_CLKIN1_CLKOUT1)
                                                     -4.637     5.335 r  datapath/video_inst/mmcm_adv_inst_display_clocks/inst/mmcm_adv_inst/CLKOUT1
                         net (fo=1, routed)           2.574     7.909    datapath/video_inst/mmcm_adv_inst_display_clocks/inst/clk_out2_clk_wiz_0
    BUFGCTRL_X0Y0        BUFG (Prop_bufg_I_O)         0.091     8.000 r  datapath/video_inst/mmcm_adv_inst_display_clocks/inst/clkout2_buf/O
                         net (fo=44, routed)          1.711     9.711    datapath/video_inst/inst_dvid/clk_out2
    SLICE_X162Y140       FDSE                                         r  datapath/video_inst/inst_dvid/shift_red_reg[3]/C
                         clock pessimism             -0.128     9.583    
                         clock uncertainty           -0.215     9.369    
    SLICE_X162Y140       FDSE (Setup_fdse_C_S)       -0.524     8.845    datapath/video_inst/inst_dvid/shift_red_reg[3]
  -------------------------------------------------------------------
                         required time                          8.845    
                         arrival time                          -4.364    
  -------------------------------------------------------------------
                         slack                                  4.481    

Slack (MET) :             4.481ns  (required time - arrival time)
  Source:                 datapath/video_inst/inst_dvid/latched_red_reg[0]/C
                            (rising edge-triggered cell FDRE clocked by clk_out1_clk_wiz_0  {rise@0.000ns fall@20.000ns period=40.000ns})
  Destination:            datapath/video_inst/inst_dvid/shift_red_reg[5]/S
                            (rising edge-triggered cell FDSE clocked by clk_out2_clk_wiz_0  {rise@0.000ns fall@4.000ns period=8.000ns})
  Path Group:             clk_out2_clk_wiz_0
  Path Type:              Setup (Max at Slow Process Corner)
  Requirement:            8.000ns  (clk_out2_clk_wiz_0 rise@8.000ns - clk_out1_clk_wiz_0 rise@0.000ns)
  Data Path Delay:        2.534ns  (logic 0.580ns (22.887%)  route 1.954ns (77.113%))
  Logic Levels:           1  (LUT2=1)
  Clock Path Skew:        -0.246ns (DCD - SCD + CPR)
    Destination Clock Delay (DCD):    1.711ns = ( 9.711 - 8.000 ) 
    Source Clock Delay      (SCD):    1.829ns
    Clock Pessimism Removal (CPR):    -0.128ns
  Clock Uncertainty:      0.215ns  ((TSJ^2 + DJ^2)^1/2) / 2 + PE
    Total System Jitter     (TSJ):    0.071ns
    Discrete Jitter          (DJ):    0.175ns
    Phase Error              (PE):    0.120ns

    Location             Delay type                Incr(ns)  Path(ns)    Netlist Resource(s)
  -------------------------------------------------------------------    -------------------
                         (clock clk_out1_clk_wiz_0 rise edge)
                                                      0.000     0.000 r  
    BUFGCTRL_X0Y2        BUFG                         0.000     0.000 r  clk_IBUF_BUFG_inst/O
                         net (fo=513, routed)         2.106     2.106    datapath/video_inst/mmcm_adv_inst_display_clocks/inst/clk_in1
    MMCME2_ADV_X1Y0      MMCME2_ADV (Prop_mmcme2_adv_CLKIN1_CLKOUT0)
                                                     -4.900    -2.793 r  datapath/video_inst/mmcm_adv_inst_display_clocks/inst/mmcm_adv_inst/CLKOUT0
                         net (fo=1, routed)           2.697    -0.096    datapath/video_inst/mmcm_adv_inst_display_clocks/inst/clk_out1_clk_wiz_0
    BUFGCTRL_X0Y4        BUFG (Prop_bufg_I_O)         0.096    -0.000 r  datapath/video_inst/mmcm_adv_inst_display_clocks/inst/clkout1_buf/O
                         net (fo=64, routed)          1.829     1.829    datapath/video_inst/inst_dvid/clk_out1
    SLICE_X159Y142       FDRE                                         r  datapath/video_inst/inst_dvid/latched_red_reg[0]/C
  -------------------------------------------------------------------    -------------------
    SLICE_X159Y142       FDRE (Prop_fdre_C_Q)         0.456     2.285 r  datapath/video_inst/inst_dvid/latched_red_reg[0]/Q
                         net (fo=1, routed)           0.781     3.066    datapath/video_inst/inst_dvid/latched_red[0]
    SLICE_X161Y142       LUT2 (Prop_lut2_I0_O)        0.124     3.190 r  datapath/video_inst/inst_dvid/shift_red[7]_i_1/O
                         net (fo=5, routed)           1.173     4.364    datapath/video_inst/inst_dvid/shift_red[7]_i_1_n_0
    SLICE_X162Y140       FDSE                                         r  datapath/video_inst/inst_dvid/shift_red_reg[5]/S
  -------------------------------------------------------------------    -------------------

                         (clock clk_out2_clk_wiz_0 rise edge)
                                                      8.000     8.000 r  
    BUFGCTRL_X0Y2        BUFG                         0.000     8.000 r  clk_IBUF_BUFG_inst/O
                         net (fo=513, routed)         1.972     9.972    datapath/video_inst/mmcm_adv_inst_display_clocks/inst/clk_in1
    MMCME2_ADV_X1Y0      MMCME2_ADV (Prop_mmcme2_adv_CLKIN1_CLKOUT1)
                                                     -4.637     5.335 r  datapath/video_inst/mmcm_adv_inst_display_clocks/inst/mmcm_adv_inst/CLKOUT1
                         net (fo=1, routed)           2.574     7.909    datapath/video_inst/mmcm_adv_inst_display_clocks/inst/clk_out2_clk_wiz_0
    BUFGCTRL_X0Y0        BUFG (Prop_bufg_I_O)         0.091     8.000 r  datapath/video_inst/mmcm_adv_inst_display_clocks/inst/clkout2_buf/O
                         net (fo=44, routed)          1.711     9.711    datapath/video_inst/inst_dvid/clk_out2
    SLICE_X162Y140       FDSE                                         r  datapath/video_inst/inst_dvid/shift_red_reg[5]/C
                         clock pessimism             -0.128     9.583    
                         clock uncertainty           -0.215     9.369    
    SLICE_X162Y140       FDSE (Setup_fdse_C_S)       -0.524     8.845    datapath/video_inst/inst_dvid/shift_red_reg[5]
  -------------------------------------------------------------------
                         required time                          8.845    
                         arrival time                          -4.364    
  -------------------------------------------------------------------
                         slack                                  4.481    

Slack (MET) :             4.481ns  (required time - arrival time)
  Source:                 datapath/video_inst/inst_dvid/latched_red_reg[0]/C
                            (rising edge-triggered cell FDRE clocked by clk_out1_clk_wiz_0  {rise@0.000ns fall@20.000ns period=40.000ns})
  Destination:            datapath/video_inst/inst_dvid/shift_red_reg[7]/S
                            (rising edge-triggered cell FDSE clocked by clk_out2_clk_wiz_0  {rise@0.000ns fall@4.000ns period=8.000ns})
  Path Group:             clk_out2_clk_wiz_0
  Path Type:              Setup (Max at Slow Process Corner)
  Requirement:            8.000ns  (clk_out2_clk_wiz_0 rise@8.000ns - clk_out1_clk_wiz_0 rise@0.000ns)
  Data Path Delay:        2.534ns  (logic 0.580ns (22.887%)  route 1.954ns (77.113%))
  Logic Levels:           1  (LUT2=1)
  Clock Path Skew:        -0.246ns (DCD - SCD + CPR)
    Destination Clock Delay (DCD):    1.711ns = ( 9.711 - 8.000 ) 
    Source Clock Delay      (SCD):    1.829ns
    Clock Pessimism Removal (CPR):    -0.128ns
  Clock Uncertainty:      0.215ns  ((TSJ^2 + DJ^2)^1/2) / 2 + PE
    Total System Jitter     (TSJ):    0.071ns
    Discrete Jitter          (DJ):    0.175ns
    Phase Error              (PE):    0.120ns

    Location             Delay type                Incr(ns)  Path(ns)    Netlist Resource(s)
  -------------------------------------------------------------------    -------------------
                         (clock clk_out1_clk_wiz_0 rise edge)
                                                      0.000     0.000 r  
    BUFGCTRL_X0Y2        BUFG                         0.000     0.000 r  clk_IBUF_BUFG_inst/O
                         net (fo=513, routed)         2.106     2.106    datapath/video_inst/mmcm_adv_inst_display_clocks/inst/clk_in1
    MMCME2_ADV_X1Y0      MMCME2_ADV (Prop_mmcme2_adv_CLKIN1_CLKOUT0)
                                                     -4.900    -2.793 r  datapath/video_inst/mmcm_adv_inst_display_clocks/inst/mmcm_adv_inst/CLKOUT0
                         net (fo=1, routed)           2.697    -0.096    datapath/video_inst/mmcm_adv_inst_display_clocks/inst/clk_out1_clk_wiz_0
    BUFGCTRL_X0Y4        BUFG (Prop_bufg_I_O)         0.096    -0.000 r  datapath/video_inst/mmcm_adv_inst_display_clocks/inst/clkout1_buf/O
                         net (fo=64, routed)          1.829     1.829    datapath/video_inst/inst_dvid/clk_out1
    SLICE_X159Y142       FDRE                                         r  datapath/video_inst/inst_dvid/latched_red_reg[0]/C
  -------------------------------------------------------------------    -------------------
    SLICE_X159Y142       FDRE (Prop_fdre_C_Q)         0.456     2.285 r  datapath/video_inst/inst_dvid/latched_red_reg[0]/Q
                         net (fo=1, routed)           0.781     3.066    datapath/video_inst/inst_dvid/latched_red[0]
    SLICE_X161Y142       LUT2 (Prop_lut2_I0_O)        0.124     3.190 r  datapath/video_inst/inst_dvid/shift_red[7]_i_1/O
                         net (fo=5, routed)           1.173     4.364    datapath/video_inst/inst_dvid/shift_red[7]_i_1_n_0
    SLICE_X162Y140       FDSE                                         r  datapath/video_inst/inst_dvid/shift_red_reg[7]/S
  -------------------------------------------------------------------    -------------------

                         (clock clk_out2_clk_wiz_0 rise edge)
                                                      8.000     8.000 r  
    BUFGCTRL_X0Y2        BUFG                         0.000     8.000 r  clk_IBUF_BUFG_inst/O
                         net (fo=513, routed)         1.972     9.972    datapath/video_inst/mmcm_adv_inst_display_clocks/inst/clk_in1
    MMCME2_ADV_X1Y0      MMCME2_ADV (Prop_mmcme2_adv_CLKIN1_CLKOUT1)
                                                     -4.637     5.335 r  datapath/video_inst/mmcm_adv_inst_display_clocks/inst/mmcm_adv_inst/CLKOUT1
                         net (fo=1, routed)           2.574     7.909    datapath/video_inst/mmcm_adv_inst_display_clocks/inst/clk_out2_clk_wiz_0
    BUFGCTRL_X0Y0        BUFG (Prop_bufg_I_O)         0.091     8.000 r  datapath/video_inst/mmcm_adv_inst_display_clocks/inst/clkout2_buf/O
                         net (fo=44, routed)          1.711     9.711    datapath/video_inst/inst_dvid/clk_out2
    SLICE_X162Y140       FDSE                                         r  datapath/video_inst/inst_dvid/shift_red_reg[7]/C
                         clock pessimism             -0.128     9.583    
                         clock uncertainty           -0.215     9.369    
    SLICE_X162Y140       FDSE (Setup_fdse_C_S)       -0.524     8.845    datapath/video_inst/inst_dvid/shift_red_reg[7]
  -------------------------------------------------------------------
                         required time                          8.845    
                         arrival time                          -4.364    
  -------------------------------------------------------------------
                         slack                                  4.481    

Slack (MET) :             4.857ns  (required time - arrival time)
  Source:                 datapath/video_inst/inst_dvid/latched_green_reg[2]/C
                            (rising edge-triggered cell FDRE clocked by clk_out1_clk_wiz_0  {rise@0.000ns fall@20.000ns period=40.000ns})
  Destination:            datapath/video_inst/inst_dvid/shift_green_reg[2]/D
                            (rising edge-triggered cell FDRE clocked by clk_out2_clk_wiz_0  {rise@0.000ns fall@4.000ns period=8.000ns})
  Path Group:             clk_out2_clk_wiz_0
  Path Type:              Setup (Max at Slow Process Corner)
  Requirement:            8.000ns  (clk_out2_clk_wiz_0 rise@8.000ns - clk_out1_clk_wiz_0 rise@0.000ns)
  Data Path Delay:        2.712ns  (logic 0.580ns (21.383%)  route 2.132ns (78.617%))
  Logic Levels:           1  (LUT3=1)
  Clock Path Skew:        -0.247ns (DCD - SCD + CPR)
    Destination Clock Delay (DCD):    1.711ns = ( 9.711 - 8.000 ) 
    Source Clock Delay      (SCD):    1.830ns
    Clock Pessimism Removal (CPR):    -0.128ns
  Clock Uncertainty:      0.215ns  ((TSJ^2 + DJ^2)^1/2) / 2 + PE
    Total System Jitter     (TSJ):    0.071ns
    Discrete Jitter          (DJ):    0.175ns
    Phase Error              (PE):    0.120ns

    Location             Delay type                Incr(ns)  Path(ns)    Netlist Resource(s)
  -------------------------------------------------------------------    -------------------
                         (clock clk_out1_clk_wiz_0 rise edge)
                                                      0.000     0.000 r  
    BUFGCTRL_X0Y2        BUFG                         0.000     0.000 r  clk_IBUF_BUFG_inst/O
                         net (fo=513, routed)         2.106     2.106    datapath/video_inst/mmcm_adv_inst_display_clocks/inst/clk_in1
    MMCME2_ADV_X1Y0      MMCME2_ADV (Prop_mmcme2_adv_CLKIN1_CLKOUT0)
                                                     -4.900    -2.793 r  datapath/video_inst/mmcm_adv_inst_display_clocks/inst/mmcm_adv_inst/CLKOUT0
                         net (fo=1, routed)           2.697    -0.096    datapath/video_inst/mmcm_adv_inst_display_clocks/inst/clk_out1_clk_wiz_0
    BUFGCTRL_X0Y4        BUFG (Prop_bufg_I_O)         0.096    -0.000 r  datapath/video_inst/mmcm_adv_inst_display_clocks/inst/clkout1_buf/O
                         net (fo=64, routed)          1.830     1.830    datapath/video_inst/inst_dvid/clk_out1
    SLICE_X161Y139       FDRE                                         r  datapath/video_inst/inst_dvid/latched_green_reg[2]/C
  -------------------------------------------------------------------    -------------------
    SLICE_X161Y139       FDRE (Prop_fdre_C_Q)         0.456     2.286 r  datapath/video_inst/inst_dvid/latched_green_reg[2]/Q
                         net (fo=3, routed)           2.132     4.419    datapath/video_inst/inst_dvid/latched_green[2]
    SLICE_X163Y139       LUT3 (Prop_lut3_I2_O)        0.124     4.543 r  datapath/video_inst/inst_dvid/shift_green[2]_i_1/O
                         net (fo=1, routed)           0.000     4.543    datapath/video_inst/inst_dvid/shift_green_1[2]
    SLICE_X163Y139       FDRE                                         r  datapath/video_inst/inst_dvid/shift_green_reg[2]/D
  -------------------------------------------------------------------    -------------------

                         (clock clk_out2_clk_wiz_0 rise edge)
                                                      8.000     8.000 r  
    BUFGCTRL_X0Y2        BUFG                         0.000     8.000 r  clk_IBUF_BUFG_inst/O
                         net (fo=513, routed)         1.972     9.972    datapath/video_inst/mmcm_adv_inst_display_clocks/inst/clk_in1
    MMCME2_ADV_X1Y0      MMCME2_ADV (Prop_mmcme2_adv_CLKIN1_CLKOUT1)
                                                     -4.637     5.335 r  datapath/video_inst/mmcm_adv_inst_display_clocks/inst/mmcm_adv_inst/CLKOUT1
                         net (fo=1, routed)           2.574     7.909    datapath/video_inst/mmcm_adv_inst_display_clocks/inst/clk_out2_clk_wiz_0
    BUFGCTRL_X0Y0        BUFG (Prop_bufg_I_O)         0.091     8.000 r  datapath/video_inst/mmcm_adv_inst_display_clocks/inst/clkout2_buf/O
                         net (fo=44, routed)          1.711     9.711    datapath/video_inst/inst_dvid/clk_out2
    SLICE_X163Y139       FDRE                                         r  datapath/video_inst/inst_dvid/shift_green_reg[2]/C
                         clock pessimism             -0.128     9.583    
                         clock uncertainty           -0.215     9.369    
    SLICE_X163Y139       FDRE (Setup_fdre_C_D)        0.031     9.400    datapath/video_inst/inst_dvid/shift_green_reg[2]
  -------------------------------------------------------------------
                         required time                          9.400    
                         arrival time                          -4.543    
  -------------------------------------------------------------------
                         slack                                  4.857    

Slack (MET) :             4.873ns  (required time - arrival time)
  Source:                 datapath/video_inst/inst_dvid/latched_green_reg[2]/C
                            (rising edge-triggered cell FDRE clocked by clk_out1_clk_wiz_0  {rise@0.000ns fall@20.000ns period=40.000ns})
  Destination:            datapath/video_inst/inst_dvid/shift_green_reg[4]/D
                            (rising edge-triggered cell FDRE clocked by clk_out2_clk_wiz_0  {rise@0.000ns fall@4.000ns period=8.000ns})
  Path Group:             clk_out2_clk_wiz_0
  Path Type:              Setup (Max at Slow Process Corner)
  Requirement:            8.000ns  (clk_out2_clk_wiz_0 rise@8.000ns - clk_out1_clk_wiz_0 rise@0.000ns)
  Data Path Delay:        2.740ns  (logic 0.608ns (22.186%)  route 2.132ns (77.814%))
  Logic Levels:           1  (LUT3=1)
  Clock Path Skew:        -0.247ns (DCD - SCD + CPR)
    Destination Clock Delay (DCD):    1.711ns = ( 9.711 - 8.000 ) 
    Source Clock Delay      (SCD):    1.830ns
    Clock Pessimism Removal (CPR):    -0.128ns
  Clock Uncertainty:      0.215ns  ((TSJ^2 + DJ^2)^1/2) / 2 + PE
    Total System Jitter     (TSJ):    0.071ns
    Discrete Jitter          (DJ):    0.175ns
    Phase Error              (PE):    0.120ns

    Location             Delay type                Incr(ns)  Path(ns)    Netlist Resource(s)
  -------------------------------------------------------------------    -------------------
                         (clock clk_out1_clk_wiz_0 rise edge)
                                                      0.000     0.000 r  
    BUFGCTRL_X0Y2        BUFG                         0.000     0.000 r  clk_IBUF_BUFG_inst/O
                         net (fo=513, routed)         2.106     2.106    datapath/video_inst/mmcm_adv_inst_display_clocks/inst/clk_in1
    MMCME2_ADV_X1Y0      MMCME2_ADV (Prop_mmcme2_adv_CLKIN1_CLKOUT0)
                                                     -4.900    -2.793 r  datapath/video_inst/mmcm_adv_inst_display_clocks/inst/mmcm_adv_inst/CLKOUT0
                         net (fo=1, routed)           2.697    -0.096    datapath/video_inst/mmcm_adv_inst_display_clocks/inst/clk_out1_clk_wiz_0
    BUFGCTRL_X0Y4        BUFG (Prop_bufg_I_O)         0.096    -0.000 r  datapath/video_inst/mmcm_adv_inst_display_clocks/inst/clkout1_buf/O
                         net (fo=64, routed)          1.830     1.830    datapath/video_inst/inst_dvid/clk_out1
    SLICE_X161Y139       FDRE                                         r  datapath/video_inst/inst_dvid/latched_green_reg[2]/C
  -------------------------------------------------------------------    -------------------
    SLICE_X161Y139       FDRE (Prop_fdre_C_Q)         0.456     2.286 r  datapath/video_inst/inst_dvid/latched_green_reg[2]/Q
                         net (fo=3, routed)           2.132     4.419    datapath/video_inst/inst_dvid/latched_green[2]
    SLICE_X163Y139       LUT3 (Prop_lut3_I2_O)        0.152     4.571 r  datapath/video_inst/inst_dvid/shift_green[4]_i_1/O
                         net (fo=1, routed)           0.000     4.571    datapath/video_inst/inst_dvid/shift_green_1[4]
    SLICE_X163Y139       FDRE                                         r  datapath/video_inst/inst_dvid/shift_green_reg[4]/D
  -------------------------------------------------------------------    -------------------

                         (clock clk_out2_clk_wiz_0 rise edge)
                                                      8.000     8.000 r  
    BUFGCTRL_X0Y2        BUFG                         0.000     8.000 r  clk_IBUF_BUFG_inst/O
                         net (fo=513, routed)         1.972     9.972    datapath/video_inst/mmcm_adv_inst_display_clocks/inst/clk_in1
    MMCME2_ADV_X1Y0      MMCME2_ADV (Prop_mmcme2_adv_CLKIN1_CLKOUT1)
                                                     -4.637     5.335 r  datapath/video_inst/mmcm_adv_inst_display_clocks/inst/mmcm_adv_inst/CLKOUT1
                         net (fo=1, routed)           2.574     7.909    datapath/video_inst/mmcm_adv_inst_display_clocks/inst/clk_out2_clk_wiz_0
    BUFGCTRL_X0Y0        BUFG (Prop_bufg_I_O)         0.091     8.000 r  datapath/video_inst/mmcm_adv_inst_display_clocks/inst/clkout2_buf/O
                         net (fo=44, routed)          1.711     9.711    datapath/video_inst/inst_dvid/clk_out2
    SLICE_X163Y139       FDRE                                         r  datapath/video_inst/inst_dvid/shift_green_reg[4]/C
                         clock pessimism             -0.128     9.583    
                         clock uncertainty           -0.215     9.369    
    SLICE_X163Y139       FDRE (Setup_fdre_C_D)        0.075     9.444    datapath/video_inst/inst_dvid/shift_green_reg[4]
  -------------------------------------------------------------------
                         required time                          9.444    
                         arrival time                          -4.571    
  -------------------------------------------------------------------
                         slack                                  4.873    

Slack (MET) :             5.090ns  (required time - arrival time)
  Source:                 datapath/video_inst/inst_dvid/latched_blue_reg[2]/C
                            (rising edge-triggered cell FDRE clocked by clk_out1_clk_wiz_0  {rise@0.000ns fall@20.000ns period=40.000ns})
  Destination:            datapath/video_inst/inst_dvid/shift_blue_reg[2]/D
                            (rising edge-triggered cell FDRE clocked by clk_out2_clk_wiz_0  {rise@0.000ns fall@4.000ns period=8.000ns})
  Path Group:             clk_out2_clk_wiz_0
  Path Type:              Setup (Max at Slow Process Corner)
  Requirement:            8.000ns  (clk_out2_clk_wiz_0 rise@8.000ns - clk_out1_clk_wiz_0 rise@0.000ns)
  Data Path Delay:        2.481ns  (logic 0.580ns (23.375%)  route 1.901ns (76.625%))
  Logic Levels:           1  (LUT3=1)
  Clock Path Skew:        -0.245ns (DCD - SCD + CPR)
    Destination Clock Delay (DCD):    1.712ns = ( 9.712 - 8.000 ) 
    Source Clock Delay      (SCD):    1.829ns
    Clock Pessimism Removal (CPR):    -0.128ns
  Clock Uncertainty:      0.215ns  ((TSJ^2 + DJ^2)^1/2) / 2 + PE
    Total System Jitter     (TSJ):    0.071ns
    Discrete Jitter          (DJ):    0.175ns
    Phase Error              (PE):    0.120ns

    Location             Delay type                Incr(ns)  Path(ns)    Netlist Resource(s)
  -------------------------------------------------------------------    -------------------
                         (clock clk_out1_clk_wiz_0 rise edge)
                                                      0.000     0.000 r  
    BUFGCTRL_X0Y2        BUFG                         0.000     0.000 r  clk_IBUF_BUFG_inst/O
                         net (fo=513, routed)         2.106     2.106    datapath/video_inst/mmcm_adv_inst_display_clocks/inst/clk_in1
    MMCME2_ADV_X1Y0      MMCME2_ADV (Prop_mmcme2_adv_CLKIN1_CLKOUT0)
                                                     -4.900    -2.793 r  datapath/video_inst/mmcm_adv_inst_display_clocks/inst/mmcm_adv_inst/CLKOUT0
                         net (fo=1, routed)           2.697    -0.096    datapath/video_inst/mmcm_adv_inst_display_clocks/inst/clk_out1_clk_wiz_0
    BUFGCTRL_X0Y4        BUFG (Prop_bufg_I_O)         0.096    -0.000 r  datapath/video_inst/mmcm_adv_inst_display_clocks/inst/clkout1_buf/O
                         net (fo=64, routed)          1.829     1.829    datapath/video_inst/inst_dvid/clk_out1
    SLICE_X159Y142       FDRE                                         r  datapath/video_inst/inst_dvid/latched_blue_reg[2]/C
  -------------------------------------------------------------------    -------------------
    SLICE_X159Y142       FDRE (Prop_fdre_C_Q)         0.456     2.285 r  datapath/video_inst/inst_dvid/latched_blue_reg[2]/Q
                         net (fo=1, routed)           1.901     4.187    datapath/video_inst/inst_dvid/latched_blue[2]
    SLICE_X161Y142       LUT3 (Prop_lut3_I2_O)        0.124     4.311 r  datapath/video_inst/inst_dvid/shift_blue[2]_i_1/O
                         net (fo=1, routed)           0.000     4.311    datapath/video_inst/inst_dvid/shift_blue_0[2]
    SLICE_X161Y142       FDRE                                         r  datapath/video_inst/inst_dvid/shift_blue_reg[2]/D
  -------------------------------------------------------------------    -------------------

                         (clock clk_out2_clk_wiz_0 rise edge)
                                                      8.000     8.000 r  
    BUFGCTRL_X0Y2        BUFG                         0.000     8.000 r  clk_IBUF_BUFG_inst/O
                         net (fo=513, routed)         1.972     9.972    datapath/video_inst/mmcm_adv_inst_display_clocks/inst/clk_in1
    MMCME2_ADV_X1Y0      MMCME2_ADV (Prop_mmcme2_adv_CLKIN1_CLKOUT1)
                                                     -4.637     5.335 r  datapath/video_inst/mmcm_adv_inst_display_clocks/inst/mmcm_adv_inst/CLKOUT1
                         net (fo=1, routed)           2.574     7.909    datapath/video_inst/mmcm_adv_inst_display_clocks/inst/clk_out2_clk_wiz_0
    BUFGCTRL_X0Y0        BUFG (Prop_bufg_I_O)         0.091     8.000 r  datapath/video_inst/mmcm_adv_inst_display_clocks/inst/clkout2_buf/O
                         net (fo=44, routed)          1.712     9.712    datapath/video_inst/inst_dvid/clk_out2
    SLICE_X161Y142       FDRE                                         r  datapath/video_inst/inst_dvid/shift_blue_reg[2]/C
                         clock pessimism             -0.128     9.584    
                         clock uncertainty           -0.215     9.370    
    SLICE_X161Y142       FDRE (Setup_fdre_C_D)        0.031     9.401    datapath/video_inst/inst_dvid/shift_blue_reg[2]
  -------------------------------------------------------------------
                         required time                          9.401    
                         arrival time                          -4.311    
  -------------------------------------------------------------------
                         slack                                  5.090    

Slack (MET) :             5.096ns  (required time - arrival time)
  Source:                 datapath/video_inst/inst_dvid/latched_green_reg[9]/C
                            (rising edge-triggered cell FDRE clocked by clk_out1_clk_wiz_0  {rise@0.000ns fall@20.000ns period=40.000ns})
  Destination:            datapath/video_inst/inst_dvid/shift_green_reg[9]/D
                            (rising edge-triggered cell FDRE clocked by clk_out2_clk_wiz_0  {rise@0.000ns fall@4.000ns period=8.000ns})
  Path Group:             clk_out2_clk_wiz_0
  Path Type:              Setup (Max at Slow Process Corner)
  Requirement:            8.000ns  (clk_out2_clk_wiz_0 rise@8.000ns - clk_out1_clk_wiz_0 rise@0.000ns)
  Data Path Delay:        2.189ns  (logic 0.419ns (19.139%)  route 1.770ns (80.861%))
  Logic Levels:           0  
  Clock Path Skew:        -0.247ns (DCD - SCD + CPR)
    Destination Clock Delay (DCD):    1.711ns = ( 9.711 - 8.000 ) 
    Source Clock Delay      (SCD):    1.830ns
    Clock Pessimism Removal (CPR):    -0.128ns
  Clock Uncertainty:      0.215ns  ((TSJ^2 + DJ^2)^1/2) / 2 + PE
    Total System Jitter     (TSJ):    0.071ns
    Discrete Jitter          (DJ):    0.175ns
    Phase Error              (PE):    0.120ns

    Location             Delay type                Incr(ns)  Path(ns)    Netlist Resource(s)
  -------------------------------------------------------------------    -------------------
                         (clock clk_out1_clk_wiz_0 rise edge)
                                                      0.000     0.000 r  
    BUFGCTRL_X0Y2        BUFG                         0.000     0.000 r  clk_IBUF_BUFG_inst/O
                         net (fo=513, routed)         2.106     2.106    datapath/video_inst/mmcm_adv_inst_display_clocks/inst/clk_in1
    MMCME2_ADV_X1Y0      MMCME2_ADV (Prop_mmcme2_adv_CLKIN1_CLKOUT0)
                                                     -4.900    -2.793 r  datapath/video_inst/mmcm_adv_inst_display_clocks/inst/mmcm_adv_inst/CLKOUT0
                         net (fo=1, routed)           2.697    -0.096    datapath/video_inst/mmcm_adv_inst_display_clocks/inst/clk_out1_clk_wiz_0
    BUFGCTRL_X0Y4        BUFG (Prop_bufg_I_O)         0.096    -0.000 r  datapath/video_inst/mmcm_adv_inst_display_clocks/inst/clkout1_buf/O
                         net (fo=64, routed)          1.830     1.830    datapath/video_inst/inst_dvid/clk_out1
    SLICE_X161Y139       FDRE                                         r  datapath/video_inst/inst_dvid/latched_green_reg[9]/C
  -------------------------------------------------------------------    -------------------
    SLICE_X161Y139       FDRE (Prop_fdre_C_Q)         0.419     2.249 r  datapath/video_inst/inst_dvid/latched_green_reg[9]/Q
                         net (fo=1, routed)           1.770     4.020    datapath/video_inst/inst_dvid/latched_green[9]
    SLICE_X161Y140       FDRE                                         r  datapath/video_inst/inst_dvid/shift_green_reg[9]/D
  -------------------------------------------------------------------    -------------------

                         (clock clk_out2_clk_wiz_0 rise edge)
                                                      8.000     8.000 r  
    BUFGCTRL_X0Y2        BUFG                         0.000     8.000 r  clk_IBUF_BUFG_inst/O
                         net (fo=513, routed)         1.972     9.972    datapath/video_inst/mmcm_adv_inst_display_clocks/inst/clk_in1
    MMCME2_ADV_X1Y0      MMCME2_ADV (Prop_mmcme2_adv_CLKIN1_CLKOUT1)
                                                     -4.637     5.335 r  datapath/video_inst/mmcm_adv_inst_display_clocks/inst/mmcm_adv_inst/CLKOUT1
                         net (fo=1, routed)           2.574     7.909    datapath/video_inst/mmcm_adv_inst_display_clocks/inst/clk_out2_clk_wiz_0
    BUFGCTRL_X0Y0        BUFG (Prop_bufg_I_O)         0.091     8.000 r  datapath/video_inst/mmcm_adv_inst_display_clocks/inst/clkout2_buf/O
                         net (fo=44, routed)          1.711     9.711    datapath/video_inst/inst_dvid/clk_out2
    SLICE_X161Y140       FDRE                                         r  datapath/video_inst/inst_dvid/shift_green_reg[9]/C
                         clock pessimism             -0.128     9.583    
                         clock uncertainty           -0.215     9.369    
    SLICE_X161Y140       FDRE (Setup_fdre_C_D)       -0.253     9.116    datapath/video_inst/inst_dvid/shift_green_reg[9]
  -------------------------------------------------------------------
                         required time                          9.116    
                         arrival time                          -4.020    
  -------------------------------------------------------------------
                         slack                                  5.096    

Slack (MET) :             5.124ns  (required time - arrival time)
  Source:                 datapath/video_inst/inst_dvid/latched_green_reg[1]/C
                            (rising edge-triggered cell FDRE clocked by clk_out1_clk_wiz_0  {rise@0.000ns fall@20.000ns period=40.000ns})
  Destination:            datapath/video_inst/inst_dvid/shift_green_reg[3]/D
                            (rising edge-triggered cell FDRE clocked by clk_out2_clk_wiz_0  {rise@0.000ns fall@4.000ns period=8.000ns})
  Path Group:             clk_out2_clk_wiz_0
  Path Type:              Setup (Max at Slow Process Corner)
  Requirement:            8.000ns  (clk_out2_clk_wiz_0 rise@8.000ns - clk_out1_clk_wiz_0 rise@0.000ns)
  Data Path Delay:        2.445ns  (logic 0.580ns (23.719%)  route 1.865ns (76.281%))
  Logic Levels:           1  (LUT3=1)
  Clock Path Skew:        -0.247ns (DCD - SCD + CPR)
    Destination Clock Delay (DCD):    1.711ns = ( 9.711 - 8.000 ) 
    Source Clock Delay      (SCD):    1.830ns
    Clock Pessimism Removal (CPR):    -0.128ns
  Clock Uncertainty:      0.215ns  ((TSJ^2 + DJ^2)^1/2) / 2 + PE
    Total System Jitter     (TSJ):    0.071ns
    Discrete Jitter          (DJ):    0.175ns
    Phase Error              (PE):    0.120ns

    Location             Delay type                Incr(ns)  Path(ns)    Netlist Resource(s)
  -------------------------------------------------------------------    -------------------
                         (clock clk_out1_clk_wiz_0 rise edge)
                                                      0.000     0.000 r  
    BUFGCTRL_X0Y2        BUFG                         0.000     0.000 r  clk_IBUF_BUFG_inst/O
                         net (fo=513, routed)         2.106     2.106    datapath/video_inst/mmcm_adv_inst_display_clocks/inst/clk_in1
    MMCME2_ADV_X1Y0      MMCME2_ADV (Prop_mmcme2_adv_CLKIN1_CLKOUT0)
                                                     -4.900    -2.793 r  datapath/video_inst/mmcm_adv_inst_display_clocks/inst/mmcm_adv_inst/CLKOUT0
                         net (fo=1, routed)           2.697    -0.096    datapath/video_inst/mmcm_adv_inst_display_clocks/inst/clk_out1_clk_wiz_0
    BUFGCTRL_X0Y4        BUFG (Prop_bufg_I_O)         0.096    -0.000 r  datapath/video_inst/mmcm_adv_inst_display_clocks/inst/clkout1_buf/O
                         net (fo=64, routed)          1.830     1.830    datapath/video_inst/inst_dvid/clk_out1
    SLICE_X161Y139       FDRE                                         r  datapath/video_inst/inst_dvid/latched_green_reg[1]/C
  -------------------------------------------------------------------    -------------------
    SLICE_X161Y139       FDRE (Prop_fdre_C_Q)         0.456     2.286 r  datapath/video_inst/inst_dvid/latched_green_reg[1]/Q
                         net (fo=5, routed)           1.865     4.152    datapath/video_inst/inst_dvid/latched_green[1]
    SLICE_X163Y139       LUT3 (Prop_lut3_I2_O)        0.124     4.276 r  datapath/video_inst/inst_dvid/shift_green[3]_i_1/O
                         net (fo=1, routed)           0.000     4.276    datapath/video_inst/inst_dvid/shift_green_1[3]
    SLICE_X163Y139       FDRE                                         r  datapath/video_inst/inst_dvid/shift_green_reg[3]/D
  -------------------------------------------------------------------    -------------------

                         (clock clk_out2_clk_wiz_0 rise edge)
                                                      8.000     8.000 r  
    BUFGCTRL_X0Y2        BUFG                         0.000     8.000 r  clk_IBUF_BUFG_inst/O
                         net (fo=513, routed)         1.972     9.972    datapath/video_inst/mmcm_adv_inst_display_clocks/inst/clk_in1
    MMCME2_ADV_X1Y0      MMCME2_ADV (Prop_mmcme2_adv_CLKIN1_CLKOUT1)
                                                     -4.637     5.335 r  datapath/video_inst/mmcm_adv_inst_display_clocks/inst/mmcm_adv_inst/CLKOUT1
                         net (fo=1, routed)           2.574     7.909    datapath/video_inst/mmcm_adv_inst_display_clocks/inst/clk_out2_clk_wiz_0
    BUFGCTRL_X0Y0        BUFG (Prop_bufg_I_O)         0.091     8.000 r  datapath/video_inst/mmcm_adv_inst_display_clocks/inst/clkout2_buf/O
                         net (fo=44, routed)          1.711     9.711    datapath/video_inst/inst_dvid/clk_out2
    SLICE_X163Y139       FDRE                                         r  datapath/video_inst/inst_dvid/shift_green_reg[3]/C
                         clock pessimism             -0.128     9.583    
                         clock uncertainty           -0.215     9.369    
    SLICE_X163Y139       FDRE (Setup_fdre_C_D)        0.031     9.400    datapath/video_inst/inst_dvid/shift_green_reg[3]
  -------------------------------------------------------------------
                         required time                          9.400    
                         arrival time                          -4.276    
  -------------------------------------------------------------------
                         slack                                  5.124    





Min Delay Paths
--------------------------------------------------------------------------------------
Slack (MET) :             0.163ns  (arrival time - required time)
  Source:                 datapath/video_inst/inst_dvid/latched_blue_reg[1]/C
                            (rising edge-triggered cell FDRE clocked by clk_out1_clk_wiz_0  {rise@0.000ns fall@20.000ns period=40.000ns})
  Destination:            datapath/video_inst/inst_dvid/shift_blue_reg[7]/D
                            (rising edge-triggered cell FDRE clocked by clk_out2_clk_wiz_0  {rise@0.000ns fall@4.000ns period=8.000ns})
  Path Group:             clk_out2_clk_wiz_0
  Path Type:              Hold (Min at Fast Process Corner)
  Requirement:            0.000ns  (clk_out2_clk_wiz_0 rise@0.000ns - clk_out1_clk_wiz_0 rise@0.000ns)
  Data Path Delay:        0.839ns  (logic 0.183ns (21.812%)  route 0.656ns (78.188%))
  Logic Levels:           1  (LUT3=1)
  Clock Path Skew:        0.354ns (DCD - SCD - CPR)
    Destination Clock Delay (DCD):    0.920ns
    Source Clock Delay      (SCD):    0.646ns
    Clock Pessimism Removal (CPR):    -0.080ns
  Clock Uncertainty:      0.215ns  ((TSJ^2 + DJ^2)^1/2) / 2 + PE
    Total System Jitter     (TSJ):    0.071ns
    Discrete Jitter          (DJ):    0.175ns
    Phase Error              (PE):    0.120ns

    Location             Delay type                Incr(ns)  Path(ns)    Netlist Resource(s)
  -------------------------------------------------------------------    -------------------
                         (clock clk_out1_clk_wiz_0 rise edge)
                                                      0.000     0.000 r  
    BUFGCTRL_X0Y2        BUFG                         0.000     0.000 r  clk_IBUF_BUFG_inst/O
                         net (fo=513, routed)         0.745     0.745    datapath/video_inst/mmcm_adv_inst_display_clocks/inst/clk_in1
    MMCME2_ADV_X1Y0      MMCME2_ADV (Prop_mmcme2_adv_CLKIN1_CLKOUT0)
                                                     -1.683    -0.938 r  datapath/video_inst/mmcm_adv_inst_display_clocks/inst/mmcm_adv_inst/CLKOUT0
                         net (fo=1, routed)           0.912    -0.026    datapath/video_inst/mmcm_adv_inst_display_clocks/inst/clk_out1_clk_wiz_0
    BUFGCTRL_X0Y4        BUFG (Prop_bufg_I_O)         0.026    -0.000 r  datapath/video_inst/mmcm_adv_inst_display_clocks/inst/clkout1_buf/O
                         net (fo=64, routed)          0.646     0.646    datapath/video_inst/inst_dvid/clk_out1
    SLICE_X159Y142       FDRE                                         r  datapath/video_inst/inst_dvid/latched_blue_reg[1]/C
  -------------------------------------------------------------------    -------------------
    SLICE_X159Y142       FDRE (Prop_fdre_C_Q)         0.141     0.787 r  datapath/video_inst/inst_dvid/latched_blue_reg[1]/Q
                         net (fo=4, routed)           0.656     1.443    datapath/video_inst/inst_dvid/latched_blue[1]
    SLICE_X161Y142       LUT3 (Prop_lut3_I2_O)        0.042     1.485 r  datapath/video_inst/inst_dvid/shift_blue[7]_i_1/O
                         net (fo=1, routed)           0.000     1.485    datapath/video_inst/inst_dvid/shift_blue_0[7]
    SLICE_X161Y142       FDRE                                         r  datapath/video_inst/inst_dvid/shift_blue_reg[7]/D
  -------------------------------------------------------------------    -------------------

                         (clock clk_out2_clk_wiz_0 rise edge)
                                                      0.000     0.000 r  
    BUFGCTRL_X0Y2        BUFG                         0.000     0.000 r  clk_IBUF_BUFG_inst/O
                         net (fo=513, routed)         1.022     1.022    datapath/video_inst/mmcm_adv_inst_display_clocks/inst/clk_in1
    MMCME2_ADV_X1Y0      MMCME2_ADV (Prop_mmcme2_adv_CLKIN1_CLKOUT1)
                                                     -2.040    -1.018 r  datapath/video_inst/mmcm_adv_inst_display_clocks/inst/mmcm_adv_inst/CLKOUT1
                         net (fo=1, routed)           0.989    -0.029    datapath/video_inst/mmcm_adv_inst_display_clocks/inst/clk_out2_clk_wiz_0
    BUFGCTRL_X0Y0        BUFG (Prop_bufg_I_O)         0.029    -0.000 r  datapath/video_inst/mmcm_adv_inst_display_clocks/inst/clkout2_buf/O
                         net (fo=44, routed)          0.920     0.920    datapath/video_inst/inst_dvid/clk_out2
    SLICE_X161Y142       FDRE                                         r  datapath/video_inst/inst_dvid/shift_blue_reg[7]/C
                         clock pessimism              0.080     1.000    
                         clock uncertainty            0.215     1.214    
    SLICE_X161Y142       FDRE (Hold_fdre_C_D)         0.107     1.321    datapath/video_inst/inst_dvid/shift_blue_reg[7]
  -------------------------------------------------------------------
                         required time                         -1.321    
                         arrival time                           1.485    
  -------------------------------------------------------------------
                         slack                                  0.163    

Slack (MET) :             0.172ns  (arrival time - required time)
  Source:                 datapath/video_inst/inst_dvid/latched_blue_reg[0]/C
                            (rising edge-triggered cell FDRE clocked by clk_out1_clk_wiz_0  {rise@0.000ns fall@20.000ns period=40.000ns})
  Destination:            datapath/video_inst/inst_dvid/shift_blue_reg[0]/D
                            (rising edge-triggered cell FDRE clocked by clk_out2_clk_wiz_0  {rise@0.000ns fall@4.000ns period=8.000ns})
  Path Group:             clk_out2_clk_wiz_0
  Path Type:              Hold (Min at Fast Process Corner)
  Requirement:            0.000ns  (clk_out2_clk_wiz_0 rise@0.000ns - clk_out1_clk_wiz_0 rise@0.000ns)
  Data Path Delay:        0.832ns  (logic 0.246ns (29.560%)  route 0.586ns (70.440%))
  Logic Levels:           1  (LUT3=1)
  Clock Path Skew:        0.354ns (DCD - SCD - CPR)
    Destination Clock Delay (DCD):    0.920ns
    Source Clock Delay      (SCD):    0.646ns
    Clock Pessimism Removal (CPR):    -0.080ns
  Clock Uncertainty:      0.215ns  ((TSJ^2 + DJ^2)^1/2) / 2 + PE
    Total System Jitter     (TSJ):    0.071ns
    Discrete Jitter          (DJ):    0.175ns
    Phase Error              (PE):    0.120ns

    Location             Delay type                Incr(ns)  Path(ns)    Netlist Resource(s)
  -------------------------------------------------------------------    -------------------
                         (clock clk_out1_clk_wiz_0 rise edge)
                                                      0.000     0.000 r  
    BUFGCTRL_X0Y2        BUFG                         0.000     0.000 r  clk_IBUF_BUFG_inst/O
                         net (fo=513, routed)         0.745     0.745    datapath/video_inst/mmcm_adv_inst_display_clocks/inst/clk_in1
    MMCME2_ADV_X1Y0      MMCME2_ADV (Prop_mmcme2_adv_CLKIN1_CLKOUT0)
                                                     -1.683    -0.938 r  datapath/video_inst/mmcm_adv_inst_display_clocks/inst/mmcm_adv_inst/CLKOUT0
                         net (fo=1, routed)           0.912    -0.026    datapath/video_inst/mmcm_adv_inst_display_clocks/inst/clk_out1_clk_wiz_0
    BUFGCTRL_X0Y4        BUFG (Prop_bufg_I_O)         0.026    -0.000 r  datapath/video_inst/mmcm_adv_inst_display_clocks/inst/clkout1_buf/O
                         net (fo=64, routed)          0.646     0.646    datapath/video_inst/inst_dvid/clk_out1
    SLICE_X158Y141       FDRE                                         r  datapath/video_inst/inst_dvid/latched_blue_reg[0]/C
  -------------------------------------------------------------------    -------------------
    SLICE_X158Y141       FDRE (Prop_fdre_C_Q)         0.148     0.794 r  datapath/video_inst/inst_dvid/latched_blue_reg[0]/Q
                         net (fo=1, routed)           0.586     1.380    datapath/video_inst/inst_dvid/latched_blue[0]
    SLICE_X161Y142       LUT3 (Prop_lut3_I2_O)        0.098     1.478 r  datapath/video_inst/inst_dvid/shift_blue[0]_i_1/O
                         net (fo=1, routed)           0.000     1.478    datapath/video_inst/inst_dvid/shift_blue_0[0]
    SLICE_X161Y142       FDRE                                         r  datapath/video_inst/inst_dvid/shift_blue_reg[0]/D
  -------------------------------------------------------------------    -------------------

                         (clock clk_out2_clk_wiz_0 rise edge)
                                                      0.000     0.000 r  
    BUFGCTRL_X0Y2        BUFG                         0.000     0.000 r  clk_IBUF_BUFG_inst/O
                         net (fo=513, routed)         1.022     1.022    datapath/video_inst/mmcm_adv_inst_display_clocks/inst/clk_in1
    MMCME2_ADV_X1Y0      MMCME2_ADV (Prop_mmcme2_adv_CLKIN1_CLKOUT1)
                                                     -2.040    -1.018 r  datapath/video_inst/mmcm_adv_inst_display_clocks/inst/mmcm_adv_inst/CLKOUT1
                         net (fo=1, routed)           0.989    -0.029    datapath/video_inst/mmcm_adv_inst_display_clocks/inst/clk_out2_clk_wiz_0
    BUFGCTRL_X0Y0        BUFG (Prop_bufg_I_O)         0.029    -0.000 r  datapath/video_inst/mmcm_adv_inst_display_clocks/inst/clkout2_buf/O
                         net (fo=44, routed)          0.920     0.920    datapath/video_inst/inst_dvid/clk_out2
    SLICE_X161Y142       FDRE                                         r  datapath/video_inst/inst_dvid/shift_blue_reg[0]/C
                         clock pessimism              0.080     1.000    
                         clock uncertainty            0.215     1.214    
    SLICE_X161Y142       FDRE (Hold_fdre_C_D)         0.091     1.305    datapath/video_inst/inst_dvid/shift_blue_reg[0]
  -------------------------------------------------------------------
                         required time                         -1.305    
                         arrival time                           1.478    
  -------------------------------------------------------------------
                         slack                                  0.172    

Slack (MET) :             0.181ns  (arrival time - required time)
  Source:                 datapath/video_inst/inst_dvid/latched_blue_reg[1]/C
                            (rising edge-triggered cell FDRE clocked by clk_out1_clk_wiz_0  {rise@0.000ns fall@20.000ns period=40.000ns})
  Destination:            datapath/video_inst/inst_dvid/shift_blue_reg[5]/D
                            (rising edge-triggered cell FDRE clocked by clk_out2_clk_wiz_0  {rise@0.000ns fall@4.000ns period=8.000ns})
  Path Group:             clk_out2_clk_wiz_0
  Path Type:              Hold (Min at Fast Process Corner)
  Requirement:            0.000ns  (clk_out2_clk_wiz_0 rise@0.000ns - clk_out1_clk_wiz_0 rise@0.000ns)
  Data Path Delay:        0.842ns  (logic 0.186ns (22.090%)  route 0.656ns (77.910%))
  Logic Levels:           1  (LUT3=1)
  Clock Path Skew:        0.354ns (DCD - SCD - CPR)
    Destination Clock Delay (DCD):    0.920ns
    Source Clock Delay      (SCD):    0.646ns
    Clock Pessimism Removal (CPR):    -0.080ns
  Clock Uncertainty:      0.215ns  ((TSJ^2 + DJ^2)^1/2) / 2 + PE
    Total System Jitter     (TSJ):    0.071ns
    Discrete Jitter          (DJ):    0.175ns
    Phase Error              (PE):    0.120ns

    Location             Delay type                Incr(ns)  Path(ns)    Netlist Resource(s)
  -------------------------------------------------------------------    -------------------
                         (clock clk_out1_clk_wiz_0 rise edge)
                                                      0.000     0.000 r  
    BUFGCTRL_X0Y2        BUFG                         0.000     0.000 r  clk_IBUF_BUFG_inst/O
                         net (fo=513, routed)         0.745     0.745    datapath/video_inst/mmcm_adv_inst_display_clocks/inst/clk_in1
    MMCME2_ADV_X1Y0      MMCME2_ADV (Prop_mmcme2_adv_CLKIN1_CLKOUT0)
                                                     -1.683    -0.938 r  datapath/video_inst/mmcm_adv_inst_display_clocks/inst/mmcm_adv_inst/CLKOUT0
                         net (fo=1, routed)           0.912    -0.026    datapath/video_inst/mmcm_adv_inst_display_clocks/inst/clk_out1_clk_wiz_0
    BUFGCTRL_X0Y4        BUFG (Prop_bufg_I_O)         0.026    -0.000 r  datapath/video_inst/mmcm_adv_inst_display_clocks/inst/clkout1_buf/O
                         net (fo=64, routed)          0.646     0.646    datapath/video_inst/inst_dvid/clk_out1
    SLICE_X159Y142       FDRE                                         r  datapath/video_inst/inst_dvid/latched_blue_reg[1]/C
  -------------------------------------------------------------------    -------------------
    SLICE_X159Y142       FDRE (Prop_fdre_C_Q)         0.141     0.787 r  datapath/video_inst/inst_dvid/latched_blue_reg[1]/Q
                         net (fo=4, routed)           0.656     1.443    datapath/video_inst/inst_dvid/latched_blue[1]
    SLICE_X161Y142       LUT3 (Prop_lut3_I2_O)        0.045     1.488 r  datapath/video_inst/inst_dvid/shift_blue[5]_i_1/O
                         net (fo=1, routed)           0.000     1.488    datapath/video_inst/inst_dvid/shift_blue_0[5]
    SLICE_X161Y142       FDRE                                         r  datapath/video_inst/inst_dvid/shift_blue_reg[5]/D
  -------------------------------------------------------------------    -------------------

                         (clock clk_out2_clk_wiz_0 rise edge)
                                                      0.000     0.000 r  
    BUFGCTRL_X0Y2        BUFG                         0.000     0.000 r  clk_IBUF_BUFG_inst/O
                         net (fo=513, routed)         1.022     1.022    datapath/video_inst/mmcm_adv_inst_display_clocks/inst/clk_in1
    MMCME2_ADV_X1Y0      MMCME2_ADV (Prop_mmcme2_adv_CLKIN1_CLKOUT1)
                                                     -2.040    -1.018 r  datapath/video_inst/mmcm_adv_inst_display_clocks/inst/mmcm_adv_inst/CLKOUT1
                         net (fo=1, routed)           0.989    -0.029    datapath/video_inst/mmcm_adv_inst_display_clocks/inst/clk_out2_clk_wiz_0
    BUFGCTRL_X0Y0        BUFG (Prop_bufg_I_O)         0.029    -0.000 r  datapath/video_inst/mmcm_adv_inst_display_clocks/inst/clkout2_buf/O
                         net (fo=44, routed)          0.920     0.920    datapath/video_inst/inst_dvid/clk_out2
    SLICE_X161Y142       FDRE                                         r  datapath/video_inst/inst_dvid/shift_blue_reg[5]/C
                         clock pessimism              0.080     1.000    
                         clock uncertainty            0.215     1.214    
    SLICE_X161Y142       FDRE (Hold_fdre_C_D)         0.092     1.306    datapath/video_inst/inst_dvid/shift_blue_reg[5]
  -------------------------------------------------------------------
                         required time                         -1.306    
                         arrival time                           1.488    
  -------------------------------------------------------------------
                         slack                                  0.181    

Slack (MET) :             0.183ns  (arrival time - required time)
  Source:                 datapath/video_inst/inst_dvid/latched_blue_reg[1]/C
                            (rising edge-triggered cell FDRE clocked by clk_out1_clk_wiz_0  {rise@0.000ns fall@20.000ns period=40.000ns})
  Destination:            datapath/video_inst/inst_dvid/shift_blue_reg[3]/D
                            (rising edge-triggered cell FDRE clocked by clk_out2_clk_wiz_0  {rise@0.000ns fall@4.000ns period=8.000ns})
  Path Group:             clk_out2_clk_wiz_0
  Path Type:              Hold (Min at Fast Process Corner)
  Requirement:            0.000ns  (clk_out2_clk_wiz_0 rise@0.000ns - clk_out1_clk_wiz_0 rise@0.000ns)
  Data Path Delay:        0.859ns  (logic 0.186ns (21.665%)  route 0.673ns (78.335%))
  Logic Levels:           1  (LUT3=1)
  Clock Path Skew:        0.354ns (DCD - SCD - CPR)
    Destination Clock Delay (DCD):    0.920ns
    Source Clock Delay      (SCD):    0.646ns
    Clock Pessimism Removal (CPR):    -0.080ns
  Clock Uncertainty:      0.215ns  ((TSJ^2 + DJ^2)^1/2) / 2 + PE
    Total System Jitter     (TSJ):    0.071ns
    Discrete Jitter          (DJ):    0.175ns
    Phase Error              (PE):    0.120ns

    Location             Delay type                Incr(ns)  Path(ns)    Netlist Resource(s)
  -------------------------------------------------------------------    -------------------
                         (clock clk_out1_clk_wiz_0 rise edge)
                                                      0.000     0.000 r  
    BUFGCTRL_X0Y2        BUFG                         0.000     0.000 r  clk_IBUF_BUFG_inst/O
                         net (fo=513, routed)         0.745     0.745    datapath/video_inst/mmcm_adv_inst_display_clocks/inst/clk_in1
    MMCME2_ADV_X1Y0      MMCME2_ADV (Prop_mmcme2_adv_CLKIN1_CLKOUT0)
                                                     -1.683    -0.938 r  datapath/video_inst/mmcm_adv_inst_display_clocks/inst/mmcm_adv_inst/CLKOUT0
                         net (fo=1, routed)           0.912    -0.026    datapath/video_inst/mmcm_adv_inst_display_clocks/inst/clk_out1_clk_wiz_0
    BUFGCTRL_X0Y4        BUFG (Prop_bufg_I_O)         0.026    -0.000 r  datapath/video_inst/mmcm_adv_inst_display_clocks/inst/clkout1_buf/O
                         net (fo=64, routed)          0.646     0.646    datapath/video_inst/inst_dvid/clk_out1
    SLICE_X159Y142       FDRE                                         r  datapath/video_inst/inst_dvid/latched_blue_reg[1]/C
  -------------------------------------------------------------------    -------------------
    SLICE_X159Y142       FDRE (Prop_fdre_C_Q)         0.141     0.787 r  datapath/video_inst/inst_dvid/latched_blue_reg[1]/Q
                         net (fo=4, routed)           0.673     1.459    datapath/video_inst/inst_dvid/latched_blue[1]
    SLICE_X161Y142       LUT3 (Prop_lut3_I2_O)        0.045     1.504 r  datapath/video_inst/inst_dvid/shift_blue[3]_i_1/O
                         net (fo=1, routed)           0.000     1.504    datapath/video_inst/inst_dvid/shift_blue_0[3]
    SLICE_X161Y142       FDRE                                         r  datapath/video_inst/inst_dvid/shift_blue_reg[3]/D
  -------------------------------------------------------------------    -------------------

                         (clock clk_out2_clk_wiz_0 rise edge)
                                                      0.000     0.000 r  
    BUFGCTRL_X0Y2        BUFG                         0.000     0.000 r  clk_IBUF_BUFG_inst/O
                         net (fo=513, routed)         1.022     1.022    datapath/video_inst/mmcm_adv_inst_display_clocks/inst/clk_in1
    MMCME2_ADV_X1Y0      MMCME2_ADV (Prop_mmcme2_adv_CLKIN1_CLKOUT1)
                                                     -2.040    -1.018 r  datapath/video_inst/mmcm_adv_inst_display_clocks/inst/mmcm_adv_inst/CLKOUT1
                         net (fo=1, routed)           0.989    -0.029    datapath/video_inst/mmcm_adv_inst_display_clocks/inst/clk_out2_clk_wiz_0
    BUFGCTRL_X0Y0        BUFG (Prop_bufg_I_O)         0.029    -0.000 r  datapath/video_inst/mmcm_adv_inst_display_clocks/inst/clkout2_buf/O
                         net (fo=44, routed)          0.920     0.920    datapath/video_inst/inst_dvid/clk_out2
    SLICE_X161Y142       FDRE                                         r  datapath/video_inst/inst_dvid/shift_blue_reg[3]/C
                         clock pessimism              0.080     1.000    
                         clock uncertainty            0.215     1.214    
    SLICE_X161Y142       FDRE (Hold_fdre_C_D)         0.107     1.321    datapath/video_inst/inst_dvid/shift_blue_reg[3]
  -------------------------------------------------------------------
                         required time                         -1.321    
                         arrival time                           1.504    
  -------------------------------------------------------------------
                         slack                                  0.183    

Slack (MET) :             0.183ns  (arrival time - required time)
  Source:                 datapath/video_inst/inst_dvid/latched_blue_reg[1]/C
                            (rising edge-triggered cell FDRE clocked by clk_out1_clk_wiz_0  {rise@0.000ns fall@20.000ns period=40.000ns})
  Destination:            datapath/video_inst/inst_dvid/shift_blue_reg[1]/D
                            (rising edge-triggered cell FDRE clocked by clk_out2_clk_wiz_0  {rise@0.000ns fall@4.000ns period=8.000ns})
  Path Group:             clk_out2_clk_wiz_0
  Path Type:              Hold (Min at Fast Process Corner)
  Requirement:            0.000ns  (clk_out2_clk_wiz_0 rise@0.000ns - clk_out1_clk_wiz_0 rise@0.000ns)
  Data Path Delay:        0.859ns  (logic 0.185ns (21.549%)  route 0.674ns (78.451%))
  Logic Levels:           1  (LUT3=1)
  Clock Path Skew:        0.354ns (DCD - SCD - CPR)
    Destination Clock Delay (DCD):    0.920ns
    Source Clock Delay      (SCD):    0.646ns
    Clock Pessimism Removal (CPR):    -0.080ns
  Clock Uncertainty:      0.215ns  ((TSJ^2 + DJ^2)^1/2) / 2 + PE
    Total System Jitter     (TSJ):    0.071ns
    Discrete Jitter          (DJ):    0.175ns
    Phase Error              (PE):    0.120ns

    Location             Delay type                Incr(ns)  Path(ns)    Netlist Resource(s)
  -------------------------------------------------------------------    -------------------
                         (clock clk_out1_clk_wiz_0 rise edge)
                                                      0.000     0.000 r  
    BUFGCTRL_X0Y2        BUFG                         0.000     0.000 r  clk_IBUF_BUFG_inst/O
                         net (fo=513, routed)         0.745     0.745    datapath/video_inst/mmcm_adv_inst_display_clocks/inst/clk_in1
    MMCME2_ADV_X1Y0      MMCME2_ADV (Prop_mmcme2_adv_CLKIN1_CLKOUT0)
                                                     -1.683    -0.938 r  datapath/video_inst/mmcm_adv_inst_display_clocks/inst/mmcm_adv_inst/CLKOUT0
                         net (fo=1, routed)           0.912    -0.026    datapath/video_inst/mmcm_adv_inst_display_clocks/inst/clk_out1_clk_wiz_0
    BUFGCTRL_X0Y4        BUFG (Prop_bufg_I_O)         0.026    -0.000 r  datapath/video_inst/mmcm_adv_inst_display_clocks/inst/clkout1_buf/O
                         net (fo=64, routed)          0.646     0.646    datapath/video_inst/inst_dvid/clk_out1
    SLICE_X159Y142       FDRE                                         r  datapath/video_inst/inst_dvid/latched_blue_reg[1]/C
  -------------------------------------------------------------------    -------------------
    SLICE_X159Y142       FDRE (Prop_fdre_C_Q)         0.141     0.787 r  datapath/video_inst/inst_dvid/latched_blue_reg[1]/Q
                         net (fo=4, routed)           0.674     1.460    datapath/video_inst/inst_dvid/latched_blue[1]
    SLICE_X161Y142       LUT3 (Prop_lut3_I2_O)        0.044     1.504 r  datapath/video_inst/inst_dvid/shift_blue[1]_i_1/O
                         net (fo=1, routed)           0.000     1.504    datapath/video_inst/inst_dvid/shift_blue_0[1]
    SLICE_X161Y142       FDRE                                         r  datapath/video_inst/inst_dvid/shift_blue_reg[1]/D
  -------------------------------------------------------------------    -------------------

                         (clock clk_out2_clk_wiz_0 rise edge)
                                                      0.000     0.000 r  
    BUFGCTRL_X0Y2        BUFG                         0.000     0.000 r  clk_IBUF_BUFG_inst/O
                         net (fo=513, routed)         1.022     1.022    datapath/video_inst/mmcm_adv_inst_display_clocks/inst/clk_in1
    MMCME2_ADV_X1Y0      MMCME2_ADV (Prop_mmcme2_adv_CLKIN1_CLKOUT1)
                                                     -2.040    -1.018 r  datapath/video_inst/mmcm_adv_inst_display_clocks/inst/mmcm_adv_inst/CLKOUT1
                         net (fo=1, routed)           0.989    -0.029    datapath/video_inst/mmcm_adv_inst_display_clocks/inst/clk_out2_clk_wiz_0
    BUFGCTRL_X0Y0        BUFG (Prop_bufg_I_O)         0.029    -0.000 r  datapath/video_inst/mmcm_adv_inst_display_clocks/inst/clkout2_buf/O
                         net (fo=44, routed)          0.920     0.920    datapath/video_inst/inst_dvid/clk_out2
    SLICE_X161Y142       FDRE                                         r  datapath/video_inst/inst_dvid/shift_blue_reg[1]/C
                         clock pessimism              0.080     1.000    
                         clock uncertainty            0.215     1.214    
    SLICE_X161Y142       FDRE (Hold_fdre_C_D)         0.107     1.321    datapath/video_inst/inst_dvid/shift_blue_reg[1]
  -------------------------------------------------------------------
                         required time                         -1.321    
                         arrival time                           1.504    
  -------------------------------------------------------------------
                         slack                                  0.183    

Slack (MET) :             0.201ns  (arrival time - required time)
  Source:                 datapath/video_inst/inst_dvid/latched_blue_reg[8]/C
                            (rising edge-triggered cell FDRE clocked by clk_out1_clk_wiz_0  {rise@0.000ns fall@20.000ns period=40.000ns})
  Destination:            datapath/video_inst/inst_dvid/shift_blue_reg[8]/D
                            (rising edge-triggered cell FDRE clocked by clk_out2_clk_wiz_0  {rise@0.000ns fall@4.000ns period=8.000ns})
  Path Group:             clk_out2_clk_wiz_0
  Path Type:              Hold (Min at Fast Process Corner)
  Requirement:            0.000ns  (clk_out2_clk_wiz_0 rise@0.000ns - clk_out1_clk_wiz_0 rise@0.000ns)
  Data Path Delay:        0.787ns  (logic 0.148ns (18.817%)  route 0.639ns (81.183%))
  Logic Levels:           0  
  Clock Path Skew:        0.354ns (DCD - SCD - CPR)
    Destination Clock Delay (DCD):    0.920ns
    Source Clock Delay      (SCD):    0.646ns
    Clock Pessimism Removal (CPR):    -0.080ns
  Clock Uncertainty:      0.215ns  ((TSJ^2 + DJ^2)^1/2) / 2 + PE
    Total System Jitter     (TSJ):    0.071ns
    Discrete Jitter          (DJ):    0.175ns
    Phase Error              (PE):    0.120ns

    Location             Delay type                Incr(ns)  Path(ns)    Netlist Resource(s)
  -------------------------------------------------------------------    -------------------
                         (clock clk_out1_clk_wiz_0 rise edge)
                                                      0.000     0.000 r  
    BUFGCTRL_X0Y2        BUFG                         0.000     0.000 r  clk_IBUF_BUFG_inst/O
                         net (fo=513, routed)         0.745     0.745    datapath/video_inst/mmcm_adv_inst_display_clocks/inst/clk_in1
    MMCME2_ADV_X1Y0      MMCME2_ADV (Prop_mmcme2_adv_CLKIN1_CLKOUT0)
                                                     -1.683    -0.938 r  datapath/video_inst/mmcm_adv_inst_display_clocks/inst/mmcm_adv_inst/CLKOUT0
                         net (fo=1, routed)           0.912    -0.026    datapath/video_inst/mmcm_adv_inst_display_clocks/inst/clk_out1_clk_wiz_0
    BUFGCTRL_X0Y4        BUFG (Prop_bufg_I_O)         0.026    -0.000 r  datapath/video_inst/mmcm_adv_inst_display_clocks/inst/clkout1_buf/O
                         net (fo=64, routed)          0.646     0.646    datapath/video_inst/inst_dvid/clk_out1
    SLICE_X158Y142       FDRE                                         r  datapath/video_inst/inst_dvid/latched_blue_reg[8]/C
  -------------------------------------------------------------------    -------------------
    SLICE_X158Y142       FDRE (Prop_fdre_C_Q)         0.148     0.794 r  datapath/video_inst/inst_dvid/latched_blue_reg[8]/Q
                         net (fo=1, routed)           0.639     1.432    datapath/video_inst/inst_dvid/latched_blue[8]
    SLICE_X160Y142       FDRE                                         r  datapath/video_inst/inst_dvid/shift_blue_reg[8]/D
  -------------------------------------------------------------------    -------------------

                         (clock clk_out2_clk_wiz_0 rise edge)
                                                      0.000     0.000 r  
    BUFGCTRL_X0Y2        BUFG                         0.000     0.000 r  clk_IBUF_BUFG_inst/O
                         net (fo=513, routed)         1.022     1.022    datapath/video_inst/mmcm_adv_inst_display_clocks/inst/clk_in1
    MMCME2_ADV_X1Y0      MMCME2_ADV (Prop_mmcme2_adv_CLKIN1_CLKOUT1)
                                                     -2.040    -1.018 r  datapath/video_inst/mmcm_adv_inst_display_clocks/inst/mmcm_adv_inst/CLKOUT1
                         net (fo=1, routed)           0.989    -0.029    datapath/video_inst/mmcm_adv_inst_display_clocks/inst/clk_out2_clk_wiz_0
    BUFGCTRL_X0Y0        BUFG (Prop_bufg_I_O)         0.029    -0.000 r  datapath/video_inst/mmcm_adv_inst_display_clocks/inst/clkout2_buf/O
                         net (fo=44, routed)          0.920     0.920    datapath/video_inst/inst_dvid/clk_out2
    SLICE_X160Y142       FDRE                                         r  datapath/video_inst/inst_dvid/shift_blue_reg[8]/C
                         clock pessimism              0.080     1.000    
                         clock uncertainty            0.215     1.214    
    SLICE_X160Y142       FDRE (Hold_fdre_C_D)         0.017     1.231    datapath/video_inst/inst_dvid/shift_blue_reg[8]
  -------------------------------------------------------------------
                         required time                         -1.231    
                         arrival time                           1.432    
  -------------------------------------------------------------------
                         slack                                  0.201    

Slack (MET) :             0.204ns  (arrival time - required time)
  Source:                 datapath/video_inst/inst_dvid/latched_red_reg[9]/C
                            (rising edge-triggered cell FDRE clocked by clk_out1_clk_wiz_0  {rise@0.000ns fall@20.000ns period=40.000ns})
  Destination:            datapath/video_inst/inst_dvid/shift_red_reg[9]/D
                            (rising edge-triggered cell FDRE clocked by clk_out2_clk_wiz_0  {rise@0.000ns fall@4.000ns period=8.000ns})
  Path Group:             clk_out2_clk_wiz_0
  Path Type:              Hold (Min at Fast Process Corner)
  Requirement:            0.000ns  (clk_out2_clk_wiz_0 rise@0.000ns - clk_out1_clk_wiz_0 rise@0.000ns)
  Data Path Delay:        0.844ns  (logic 0.141ns (16.704%)  route 0.703ns (83.296%))
  Logic Levels:           0  
  Clock Path Skew:        0.353ns (DCD - SCD - CPR)
    Destination Clock Delay (DCD):    0.920ns
    Source Clock Delay      (SCD):    0.647ns
    Clock Pessimism Removal (CPR):    -0.080ns
  Clock Uncertainty:      0.215ns  ((TSJ^2 + DJ^2)^1/2) / 2 + PE
    Total System Jitter     (TSJ):    0.071ns
    Discrete Jitter          (DJ):    0.175ns
    Phase Error              (PE):    0.120ns

    Location             Delay type                Incr(ns)  Path(ns)    Netlist Resource(s)
  -------------------------------------------------------------------    -------------------
                         (clock clk_out1_clk_wiz_0 rise edge)
                                                      0.000     0.000 r  
    BUFGCTRL_X0Y2        BUFG                         0.000     0.000 r  clk_IBUF_BUFG_inst/O
                         net (fo=513, routed)         0.745     0.745    datapath/video_inst/mmcm_adv_inst_display_clocks/inst/clk_in1
    MMCME2_ADV_X1Y0      MMCME2_ADV (Prop_mmcme2_adv_CLKIN1_CLKOUT0)
                                                     -1.683    -0.938 r  datapath/video_inst/mmcm_adv_inst_display_clocks/inst/mmcm_adv_inst/CLKOUT0
                         net (fo=1, routed)           0.912    -0.026    datapath/video_inst/mmcm_adv_inst_display_clocks/inst/clk_out1_clk_wiz_0
    BUFGCTRL_X0Y4        BUFG (Prop_bufg_I_O)         0.026    -0.000 r  datapath/video_inst/mmcm_adv_inst_display_clocks/inst/clkout1_buf/O
                         net (fo=64, routed)          0.647     0.647    datapath/video_inst/inst_dvid/clk_out1
    SLICE_X161Y141       FDRE                                         r  datapath/video_inst/inst_dvid/latched_red_reg[9]/C
  -------------------------------------------------------------------    -------------------
    SLICE_X161Y141       FDRE (Prop_fdre_C_Q)         0.141     0.788 r  datapath/video_inst/inst_dvid/latched_red_reg[9]/Q
                         net (fo=1, routed)           0.703     1.491    datapath/video_inst/inst_dvid/latched_red[9]
    SLICE_X161Y140       FDRE                                         r  datapath/video_inst/inst_dvid/shift_red_reg[9]/D
  -------------------------------------------------------------------    -------------------

                         (clock clk_out2_clk_wiz_0 rise edge)
                                                      0.000     0.000 r  
    BUFGCTRL_X0Y2        BUFG                         0.000     0.000 r  clk_IBUF_BUFG_inst/O
                         net (fo=513, routed)         1.022     1.022    datapath/video_inst/mmcm_adv_inst_display_clocks/inst/clk_in1
    MMCME2_ADV_X1Y0      MMCME2_ADV (Prop_mmcme2_adv_CLKIN1_CLKOUT1)
                                                     -2.040    -1.018 r  datapath/video_inst/mmcm_adv_inst_display_clocks/inst/mmcm_adv_inst/CLKOUT1
                         net (fo=1, routed)           0.989    -0.029    datapath/video_inst/mmcm_adv_inst_display_clocks/inst/clk_out2_clk_wiz_0
    BUFGCTRL_X0Y0        BUFG (Prop_bufg_I_O)         0.029    -0.000 r  datapath/video_inst/mmcm_adv_inst_display_clocks/inst/clkout2_buf/O
                         net (fo=44, routed)          0.920     0.920    datapath/video_inst/inst_dvid/clk_out2
    SLICE_X161Y140       FDRE                                         r  datapath/video_inst/inst_dvid/shift_red_reg[9]/C
                         clock pessimism              0.080     1.000    
                         clock uncertainty            0.215     1.214    
    SLICE_X161Y140       FDRE (Hold_fdre_C_D)         0.072     1.286    datapath/video_inst/inst_dvid/shift_red_reg[9]
  -------------------------------------------------------------------
                         required time                         -1.286    
                         arrival time                           1.491    
  -------------------------------------------------------------------
                         slack                                  0.204    

Slack (MET) :             0.221ns  (arrival time - required time)
  Source:                 datapath/video_inst/inst_dvid/latched_blue_reg[4]/C
                            (rising edge-triggered cell FDRE clocked by clk_out1_clk_wiz_0  {rise@0.000ns fall@20.000ns period=40.000ns})
  Destination:            datapath/video_inst/inst_dvid/shift_blue_reg[6]/D
                            (rising edge-triggered cell FDRE clocked by clk_out2_clk_wiz_0  {rise@0.000ns fall@4.000ns period=8.000ns})
  Path Group:             clk_out2_clk_wiz_0
  Path Type:              Hold (Min at Fast Process Corner)
  Requirement:            0.000ns  (clk_out2_clk_wiz_0 rise@0.000ns - clk_out1_clk_wiz_0 rise@0.000ns)
  Data Path Delay:        0.896ns  (logic 0.244ns (27.218%)  route 0.652ns (72.782%))
  Logic Levels:           1  (LUT3=1)
  Clock Path Skew:        0.354ns (DCD - SCD - CPR)
    Destination Clock Delay (DCD):    0.920ns
    Source Clock Delay      (SCD):    0.646ns
    Clock Pessimism Removal (CPR):    -0.080ns
  Clock Uncertainty:      0.215ns  ((TSJ^2 + DJ^2)^1/2) / 2 + PE
    Total System Jitter     (TSJ):    0.071ns
    Discrete Jitter          (DJ):    0.175ns
    Phase Error              (PE):    0.120ns

    Location             Delay type                Incr(ns)  Path(ns)    Netlist Resource(s)
  -------------------------------------------------------------------    -------------------
                         (clock clk_out1_clk_wiz_0 rise edge)
                                                      0.000     0.000 r  
    BUFGCTRL_X0Y2        BUFG                         0.000     0.000 r  clk_IBUF_BUFG_inst/O
                         net (fo=513, routed)         0.745     0.745    datapath/video_inst/mmcm_adv_inst_display_clocks/inst/clk_in1
    MMCME2_ADV_X1Y0      MMCME2_ADV (Prop_mmcme2_adv_CLKIN1_CLKOUT0)
                                                     -1.683    -0.938 r  datapath/video_inst/mmcm_adv_inst_display_clocks/inst/mmcm_adv_inst/CLKOUT0
                         net (fo=1, routed)           0.912    -0.026    datapath/video_inst/mmcm_adv_inst_display_clocks/inst/clk_out1_clk_wiz_0
    BUFGCTRL_X0Y4        BUFG (Prop_bufg_I_O)         0.026    -0.000 r  datapath/video_inst/mmcm_adv_inst_display_clocks/inst/clkout1_buf/O
                         net (fo=64, routed)          0.646     0.646    datapath/video_inst/inst_dvid/clk_out1
    SLICE_X158Y141       FDRE                                         r  datapath/video_inst/inst_dvid/latched_blue_reg[4]/C
  -------------------------------------------------------------------    -------------------
    SLICE_X158Y141       FDRE (Prop_fdre_C_Q)         0.148     0.794 r  datapath/video_inst/inst_dvid/latched_blue_reg[4]/Q
                         net (fo=2, routed)           0.652     1.446    datapath/video_inst/inst_dvid/latched_blue[4]
    SLICE_X160Y141       LUT3 (Prop_lut3_I2_O)        0.096     1.542 r  datapath/video_inst/inst_dvid/shift_blue[6]_i_1/O
                         net (fo=1, routed)           0.000     1.542    datapath/video_inst/inst_dvid/shift_blue_0[6]
    SLICE_X160Y141       FDRE                                         r  datapath/video_inst/inst_dvid/shift_blue_reg[6]/D
  -------------------------------------------------------------------    -------------------

                         (clock clk_out2_clk_wiz_0 rise edge)
                                                      0.000     0.000 r  
    BUFGCTRL_X0Y2        BUFG                         0.000     0.000 r  clk_IBUF_BUFG_inst/O
                         net (fo=513, routed)         1.022     1.022    datapath/video_inst/mmcm_adv_inst_display_clocks/inst/clk_in1
    MMCME2_ADV_X1Y0      MMCME2_ADV (Prop_mmcme2_adv_CLKIN1_CLKOUT1)
                                                     -2.040    -1.018 r  datapath/video_inst/mmcm_adv_inst_display_clocks/inst/mmcm_adv_inst/CLKOUT1
                         net (fo=1, routed)           0.989    -0.029    datapath/video_inst/mmcm_adv_inst_display_clocks/inst/clk_out2_clk_wiz_0
    BUFGCTRL_X0Y0        BUFG (Prop_bufg_I_O)         0.029    -0.000 r  datapath/video_inst/mmcm_adv_inst_display_clocks/inst/clkout2_buf/O
                         net (fo=44, routed)          0.920     0.920    datapath/video_inst/inst_dvid/clk_out2
    SLICE_X160Y141       FDRE                                         r  datapath/video_inst/inst_dvid/shift_blue_reg[6]/C
                         clock pessimism              0.080     1.000    
                         clock uncertainty            0.215     1.214    
    SLICE_X160Y141       FDRE (Hold_fdre_C_D)         0.107     1.321    datapath/video_inst/inst_dvid/shift_blue_reg[6]
  -------------------------------------------------------------------
                         required time                         -1.321    
                         arrival time                           1.542    
  -------------------------------------------------------------------
                         slack                                  0.221    

Slack (MET) :             0.240ns  (arrival time - required time)
  Source:                 datapath/video_inst/inst_dvid/latched_blue_reg[4]/C
                            (rising edge-triggered cell FDRE clocked by clk_out1_clk_wiz_0  {rise@0.000ns fall@20.000ns period=40.000ns})
  Destination:            datapath/video_inst/inst_dvid/shift_blue_reg[4]/D
                            (rising edge-triggered cell FDRE clocked by clk_out2_clk_wiz_0  {rise@0.000ns fall@4.000ns period=8.000ns})
  Path Group:             clk_out2_clk_wiz_0
  Path Type:              Hold (Min at Fast Process Corner)
  Requirement:            0.000ns  (clk_out2_clk_wiz_0 rise@0.000ns - clk_out1_clk_wiz_0 rise@0.000ns)
  Data Path Delay:        0.899ns  (logic 0.247ns (27.461%)  route 0.652ns (72.539%))
  Logic Levels:           1  (LUT3=1)
  Clock Path Skew:        0.354ns (DCD - SCD - CPR)
    Destination Clock Delay (DCD):    0.920ns
    Source Clock Delay      (SCD):    0.646ns
    Clock Pessimism Removal (CPR):    -0.080ns
  Clock Uncertainty:      0.215ns  ((TSJ^2 + DJ^2)^1/2) / 2 + PE
    Total System Jitter     (TSJ):    0.071ns
    Discrete Jitter          (DJ):    0.175ns
    Phase Error              (PE):    0.120ns

    Location             Delay type                Incr(ns)  Path(ns)    Netlist Resource(s)
  -------------------------------------------------------------------    -------------------
                         (clock clk_out1_clk_wiz_0 rise edge)
                                                      0.000     0.000 r  
    BUFGCTRL_X0Y2        BUFG                         0.000     0.000 r  clk_IBUF_BUFG_inst/O
                         net (fo=513, routed)         0.745     0.745    datapath/video_inst/mmcm_adv_inst_display_clocks/inst/clk_in1
    MMCME2_ADV_X1Y0      MMCME2_ADV (Prop_mmcme2_adv_CLKIN1_CLKOUT0)
                                                     -1.683    -0.938 r  datapath/video_inst/mmcm_adv_inst_display_clocks/inst/mmcm_adv_inst/CLKOUT0
                         net (fo=1, routed)           0.912    -0.026    datapath/video_inst/mmcm_adv_inst_display_clocks/inst/clk_out1_clk_wiz_0
    BUFGCTRL_X0Y4        BUFG (Prop_bufg_I_O)         0.026    -0.000 r  datapath/video_inst/mmcm_adv_inst_display_clocks/inst/clkout1_buf/O
                         net (fo=64, routed)          0.646     0.646    datapath/video_inst/inst_dvid/clk_out1
    SLICE_X158Y141       FDRE                                         r  datapath/video_inst/inst_dvid/latched_blue_reg[4]/C
  -------------------------------------------------------------------    -------------------
    SLICE_X158Y141       FDRE (Prop_fdre_C_Q)         0.148     0.794 r  datapath/video_inst/inst_dvid/latched_blue_reg[4]/Q
                         net (fo=2, routed)           0.652     1.446    datapath/video_inst/inst_dvid/latched_blue[4]
    SLICE_X160Y141       LUT3 (Prop_lut3_I2_O)        0.099     1.545 r  datapath/video_inst/inst_dvid/shift_blue[4]_i_1/O
                         net (fo=1, routed)           0.000     1.545    datapath/video_inst/inst_dvid/shift_blue_0[4]
    SLICE_X160Y141       FDRE                                         r  datapath/video_inst/inst_dvid/shift_blue_reg[4]/D
  -------------------------------------------------------------------    -------------------

                         (clock clk_out2_clk_wiz_0 rise edge)
                                                      0.000     0.000 r  
    BUFGCTRL_X0Y2        BUFG                         0.000     0.000 r  clk_IBUF_BUFG_inst/O
                         net (fo=513, routed)         1.022     1.022    datapath/video_inst/mmcm_adv_inst_display_clocks/inst/clk_in1
    MMCME2_ADV_X1Y0      MMCME2_ADV (Prop_mmcme2_adv_CLKIN1_CLKOUT1)
                                                     -2.040    -1.018 r  datapath/video_inst/mmcm_adv_inst_display_clocks/inst/mmcm_adv_inst/CLKOUT1
                         net (fo=1, routed)           0.989    -0.029    datapath/video_inst/mmcm_adv_inst_display_clocks/inst/clk_out2_clk_wiz_0
    BUFGCTRL_X0Y0        BUFG (Prop_bufg_I_O)         0.029    -0.000 r  datapath/video_inst/mmcm_adv_inst_display_clocks/inst/clkout2_buf/O
                         net (fo=44, routed)          0.920     0.920    datapath/video_inst/inst_dvid/clk_out2
    SLICE_X160Y141       FDRE                                         r  datapath/video_inst/inst_dvid/shift_blue_reg[4]/C
                         clock pessimism              0.080     1.000    
                         clock uncertainty            0.215     1.214    
    SLICE_X160Y141       FDRE (Hold_fdre_C_D)         0.091     1.305    datapath/video_inst/inst_dvid/shift_blue_reg[4]
  -------------------------------------------------------------------
                         required time                         -1.305    
                         arrival time                           1.545    
  -------------------------------------------------------------------
                         slack                                  0.240    

Slack (MET) :             0.241ns  (arrival time - required time)
  Source:                 datapath/video_inst/inst_dvid/latched_red_reg[2]/C
                            (rising edge-triggered cell FDRE clocked by clk_out1_clk_wiz_0  {rise@0.000ns fall@20.000ns period=40.000ns})
  Destination:            datapath/video_inst/inst_dvid/shift_red_reg[4]/D
                            (rising edge-triggered cell FDRE clocked by clk_out2_clk_wiz_0  {rise@0.000ns fall@4.000ns period=8.000ns})
  Path Group:             clk_out2_clk_wiz_0
  Path Type:              Hold (Min at Fast Process Corner)
  Requirement:            0.000ns  (clk_out2_clk_wiz_0 rise@0.000ns - clk_out1_clk_wiz_0 rise@0.000ns)
  Data Path Delay:        0.940ns  (logic 0.184ns (19.582%)  route 0.756ns (80.418%))
  Logic Levels:           1  (LUT3=1)
  Clock Path Skew:        0.353ns (DCD - SCD - CPR)
    Destination Clock Delay (DCD):    0.920ns
    Source Clock Delay      (SCD):    0.647ns
    Clock Pessimism Removal (CPR):    -0.080ns
  Clock Uncertainty:      0.215ns  ((TSJ^2 + DJ^2)^1/2) / 2 + PE
    Total System Jitter     (TSJ):    0.071ns
    Discrete Jitter          (DJ):    0.175ns
    Phase Error              (PE):    0.120ns

    Location             Delay type                Incr(ns)  Path(ns)    Netlist Resource(s)
  -------------------------------------------------------------------    -------------------
                         (clock clk_out1_clk_wiz_0 rise edge)
                                                      0.000     0.000 r  
    BUFGCTRL_X0Y2        BUFG                         0.000     0.000 r  clk_IBUF_BUFG_inst/O
                         net (fo=513, routed)         0.745     0.745    datapath/video_inst/mmcm_adv_inst_display_clocks/inst/clk_in1
    MMCME2_ADV_X1Y0      MMCME2_ADV (Prop_mmcme2_adv_CLKIN1_CLKOUT0)
                                                     -1.683    -0.938 r  datapath/video_inst/mmcm_adv_inst_display_clocks/inst/mmcm_adv_inst/CLKOUT0
                         net (fo=1, routed)           0.912    -0.026    datapath/video_inst/mmcm_adv_inst_display_clocks/inst/clk_out1_clk_wiz_0
    BUFGCTRL_X0Y4        BUFG (Prop_bufg_I_O)         0.026    -0.000 r  datapath/video_inst/mmcm_adv_inst_display_clocks/inst/clkout1_buf/O
                         net (fo=64, routed)          0.647     0.647    datapath/video_inst/inst_dvid/clk_out1
    SLICE_X161Y141       FDRE                                         r  datapath/video_inst/inst_dvid/latched_red_reg[2]/C
  -------------------------------------------------------------------    -------------------
    SLICE_X161Y141       FDRE (Prop_fdre_C_Q)         0.141     0.788 r  datapath/video_inst/inst_dvid/latched_red_reg[2]/Q
                         net (fo=3, routed)           0.756     1.543    datapath/video_inst/inst_dvid/latched_red[2]
    SLICE_X162Y141       LUT3 (Prop_lut3_I2_O)        0.043     1.586 r  datapath/video_inst/inst_dvid/shift_red[4]_i_1/O
                         net (fo=1, routed)           0.000     1.586    datapath/video_inst/inst_dvid/shift_red[4]
    SLICE_X162Y141       FDRE                                         r  datapath/video_inst/inst_dvid/shift_red_reg[4]/D
  -------------------------------------------------------------------    -------------------

                         (clock clk_out2_clk_wiz_0 rise edge)
                                                      0.000     0.000 r  
    BUFGCTRL_X0Y2        BUFG                         0.000     0.000 r  clk_IBUF_BUFG_inst/O
                         net (fo=513, routed)         1.022     1.022    datapath/video_inst/mmcm_adv_inst_display_clocks/inst/clk_in1
    MMCME2_ADV_X1Y0      MMCME2_ADV (Prop_mmcme2_adv_CLKIN1_CLKOUT1)
                                                     -2.040    -1.018 r  datapath/video_inst/mmcm_adv_inst_display_clocks/inst/mmcm_adv_inst/CLKOUT1
                         net (fo=1, routed)           0.989    -0.029    datapath/video_inst/mmcm_adv_inst_display_clocks/inst/clk_out2_clk_wiz_0
    BUFGCTRL_X0Y0        BUFG (Prop_bufg_I_O)         0.029    -0.000 r  datapath/video_inst/mmcm_adv_inst_display_clocks/inst/clkout2_buf/O
                         net (fo=44, routed)          0.920     0.920    datapath/video_inst/inst_dvid/clk_out2
    SLICE_X162Y141       FDRE                                         r  datapath/video_inst/inst_dvid/shift_red_reg[4]/C
                         clock pessimism              0.080     1.000    
                         clock uncertainty            0.215     1.214    
    SLICE_X162Y141       FDRE (Hold_fdre_C_D)         0.131     1.345    datapath/video_inst/inst_dvid/shift_red_reg[4]
  -------------------------------------------------------------------
                         required time                         -1.345    
                         arrival time                           1.586    
  -------------------------------------------------------------------
                         slack                                  0.241    





--------------------------------------------------------------------------------------
Path Group:  (none)
From Clock:  
  To Clock:  

Max Delay          1266 Endpoints
Min Delay          1266 Endpoints
--------------------------------------------------------------------------------------


Max Delay Paths
--------------------------------------------------------------------------------------
Slack:                    inf
  Source:                 switch[2]
                            (input port)
  Destination:            datapath/ch1_reg[to_ac][6]/D
  Path Group:             (none)
  Path Type:              Max at Slow Process Corner
  Data Path Delay:        12.780ns  (logic 1.193ns (9.332%)  route 11.588ns (90.668%))
  Logic Levels:           2  (IBUF=1 LUT3=1)

    Location             Delay type                Incr(ns)  Path(ns)    Netlist Resource(s)
  -------------------------------------------------------------------    -------------------
    G22                                               0.000     0.000 r  switch[2] (IN)
                         net (fo=0)                   0.000     0.000    switch[2]
    G22                  IBUF (Prop_ibuf_I_O)         1.069     1.069 r  switch_IBUF[2]_inst/O
                         net (fo=87, routed)         10.143    11.211    datapath/Audio_Codec/audio_inout/switch_IBUF[0]
    SLICE_X152Y121       LUT3 (Prop_lut3_I1_O)        0.124    11.335 r  datapath/Audio_Codec/audio_inout/ch1[to_ac][6]_i_1/O
                         net (fo=2, routed)           1.445    12.780    datapath/ch1[from_ac][6]
    SLICE_X152Y125       FDRE                                         r  datapath/ch1_reg[to_ac][6]/D
  -------------------------------------------------------------------    -------------------

Slack:                    inf
  Source:                 switch[2]
                            (input port)
  Destination:            datapath/leftChannelMemory/sdp_bl.ramb18_dp_bl.ram18_bl/ADDRBWRADDR[11]
  Path Group:             (none)
  Path Type:              Max at Slow Process Corner
  Data Path Delay:        12.592ns  (logic 1.221ns (9.694%)  route 11.371ns (90.306%))
  Logic Levels:           2  (IBUF=1 LUT2=1)

    Location             Delay type                Incr(ns)  Path(ns)    Netlist Resource(s)
  -------------------------------------------------------------------    -------------------
    G22                                               0.000     0.000 f  switch[2] (IN)
                         net (fo=0)                   0.000     0.000    switch[2]
    G22                  IBUF (Prop_ibuf_I_O)         1.069     1.069 f  switch_IBUF[2]_inst/O
                         net (fo=87, routed)         10.441    11.510    datapath/count/switch_IBUF[0]
    SLICE_X156Y124       LUT2 (Prop_lut2_I1_O)        0.152    11.662 r  datapath/count/sdp_bl.ramb18_dp_bl.ram18_bl_i_3__0/O
                         net (fo=2, routed)           0.930    12.592    datapath/leftChannelMemory/ADDRBWRADDR[7]
    RAMB18_X8Y50         RAMB18E1                                     r  datapath/leftChannelMemory/sdp_bl.ramb18_dp_bl.ram18_bl/ADDRBWRADDR[11]
  -------------------------------------------------------------------    -------------------

Slack:                    inf
  Source:                 switch[2]
                            (input port)
  Destination:            datapath/rightChannelMemory/sdp_bl.ramb18_dp_bl.ram18_bl/ADDRBWRADDR[11]
  Path Group:             (none)
  Path Type:              Max at Slow Process Corner
  Data Path Delay:        12.592ns  (logic 1.221ns (9.694%)  route 11.371ns (90.306%))
  Logic Levels:           2  (IBUF=1 LUT2=1)

    Location             Delay type                Incr(ns)  Path(ns)    Netlist Resource(s)
  -------------------------------------------------------------------    -------------------
    G22                                               0.000     0.000 f  switch[2] (IN)
                         net (fo=0)                   0.000     0.000    switch[2]
    G22                  IBUF (Prop_ibuf_I_O)         1.069     1.069 f  switch_IBUF[2]_inst/O
                         net (fo=87, routed)         10.441    11.510    datapath/count/switch_IBUF[0]
    SLICE_X156Y124       LUT2 (Prop_lut2_I1_O)        0.152    11.662 r  datapath/count/sdp_bl.ramb18_dp_bl.ram18_bl_i_3__0/O
                         net (fo=2, routed)           0.930    12.592    datapath/rightChannelMemory/ADDRBWRADDR[7]
    RAMB18_X8Y51         RAMB18E1                                     r  datapath/rightChannelMemory/sdp_bl.ramb18_dp_bl.ram18_bl/ADDRBWRADDR[11]
  -------------------------------------------------------------------    -------------------

Slack:                    inf
  Source:                 switch[2]
                            (input port)
  Destination:            datapath/leftChannelMemory/sdp_bl.ramb18_dp_bl.ram18_bl/ADDRBWRADDR[5]
  Path Group:             (none)
  Path Type:              Max at Slow Process Corner
  Data Path Delay:        12.487ns  (logic 1.193ns (9.551%)  route 11.294ns (90.449%))
  Logic Levels:           2  (IBUF=1 LUT2=1)

    Location             Delay type                Incr(ns)  Path(ns)    Netlist Resource(s)
  -------------------------------------------------------------------    -------------------
    G22                                               0.000     0.000 f  switch[2] (IN)
                         net (fo=0)                   0.000     0.000    switch[2]
    G22                  IBUF (Prop_ibuf_I_O)         1.069     1.069 f  switch_IBUF[2]_inst/O
                         net (fo=87, routed)         10.441    11.510    datapath/count/switch_IBUF[0]
    SLICE_X156Y124       LUT2 (Prop_lut2_I1_O)        0.124    11.634 r  datapath/count/sdp_bl.ramb18_dp_bl.ram18_bl_i_9__0/O
                         net (fo=2, routed)           0.853    12.487    datapath/leftChannelMemory/ADDRBWRADDR[1]
    RAMB18_X8Y50         RAMB18E1                                     r  datapath/leftChannelMemory/sdp_bl.ramb18_dp_bl.ram18_bl/ADDRBWRADDR[5]
  -------------------------------------------------------------------    -------------------

Slack:                    inf
  Source:                 switch[2]
                            (input port)
  Destination:            datapath/rightChannelMemory/sdp_bl.ramb18_dp_bl.ram18_bl/ADDRBWRADDR[5]
  Path Group:             (none)
  Path Type:              Max at Slow Process Corner
  Data Path Delay:        12.487ns  (logic 1.193ns (9.551%)  route 11.294ns (90.449%))
  Logic Levels:           2  (IBUF=1 LUT2=1)

    Location             Delay type                Incr(ns)  Path(ns)    Netlist Resource(s)
  -------------------------------------------------------------------    -------------------
    G22                                               0.000     0.000 f  switch[2] (IN)
                         net (fo=0)                   0.000     0.000    switch[2]
    G22                  IBUF (Prop_ibuf_I_O)         1.069     1.069 f  switch_IBUF[2]_inst/O
                         net (fo=87, routed)         10.441    11.510    datapath/count/switch_IBUF[0]
    SLICE_X156Y124       LUT2 (Prop_lut2_I1_O)        0.124    11.634 r  datapath/count/sdp_bl.ramb18_dp_bl.ram18_bl_i_9__0/O
                         net (fo=2, routed)           0.853    12.487    datapath/rightChannelMemory/ADDRBWRADDR[1]
    RAMB18_X8Y51         RAMB18E1                                     r  datapath/rightChannelMemory/sdp_bl.ramb18_dp_bl.ram18_bl/ADDRBWRADDR[5]
  -------------------------------------------------------------------    -------------------

Slack:                    inf
  Source:                 switch[2]
                            (input port)
  Destination:            datapath/ch1_reg[to_ac][13]/D
  Path Group:             (none)
  Path Type:              Max at Slow Process Corner
  Data Path Delay:        12.401ns  (logic 1.221ns (9.843%)  route 11.181ns (90.157%))
  Logic Levels:           2  (IBUF=1 LUT3=1)

    Location             Delay type                Incr(ns)  Path(ns)    Netlist Resource(s)
  -------------------------------------------------------------------    -------------------
    G22                                               0.000     0.000 r  switch[2] (IN)
                         net (fo=0)                   0.000     0.000    switch[2]
    G22                  IBUF (Prop_ibuf_I_O)         1.069     1.069 r  switch_IBUF[2]_inst/O
                         net (fo=87, routed)         10.126    11.195    datapath/Audio_Codec/audio_inout/switch_IBUF[0]
    SLICE_X154Y120       LUT3 (Prop_lut3_I1_O)        0.152    11.347 r  datapath/Audio_Codec/audio_inout/ch1[to_ac][13]_i_1/O
                         net (fo=2, routed)           1.054    12.401    datapath/ch1[from_ac][13]
    SLICE_X150Y122       FDRE                                         r  datapath/ch1_reg[to_ac][13]/D
  -------------------------------------------------------------------    -------------------

Slack:                    inf
  Source:                 btn[0]
                            (input port)
  Destination:            datapath/trigger_v_stepper/debouncer_down/counter_reg[20]/R
  Path Group:             (none)
  Path Type:              Max at Slow Process Corner
  Data Path Delay:        12.333ns  (logic 1.193ns (9.677%)  route 11.139ns (90.323%))
  Logic Levels:           2  (IBUF=1 LUT4=1)

    Location             Delay type                Incr(ns)  Path(ns)    Netlist Resource(s)
  -------------------------------------------------------------------    -------------------
    F15                                               0.000     0.000 r  btn[0] (IN)
                         net (fo=0)                   0.000     0.000    btn[0]
    F15                  IBUF (Prop_ibuf_I_O)         1.069     1.069 r  btn_IBUF[0]_inst/O
                         net (fo=3, routed)          10.056    11.126    datapath/trigger_v_stepper/debouncer_down/btn_IBUF[0]
    SLICE_X161Y127       LUT4 (Prop_lut4_I1_O)        0.124    11.250 r  datapath/trigger_v_stepper/debouncer_down/counter[0]_i_1__2/O
                         net (fo=21, routed)          1.083    12.333    datapath/trigger_v_stepper/debouncer_down/counter[0]_i_1__2_n_0
    SLICE_X159Y129       FDRE                                         r  datapath/trigger_v_stepper/debouncer_down/counter_reg[20]/R
  -------------------------------------------------------------------    -------------------

Slack:                    inf
  Source:                 switch[2]
                            (input port)
  Destination:            datapath/ch1_reg[to_ac][14]/D
  Path Group:             (none)
  Path Type:              Max at Slow Process Corner
  Data Path Delay:        12.278ns  (logic 1.193ns (9.713%)  route 11.086ns (90.287%))
  Logic Levels:           2  (IBUF=1 LUT3=1)

    Location             Delay type                Incr(ns)  Path(ns)    Netlist Resource(s)
  -------------------------------------------------------------------    -------------------
    G22                                               0.000     0.000 r  switch[2] (IN)
                         net (fo=0)                   0.000     0.000    switch[2]
    G22                  IBUF (Prop_ibuf_I_O)         1.069     1.069 r  switch_IBUF[2]_inst/O
                         net (fo=87, routed)          9.947    11.015    datapath/Audio_Codec/audio_inout/switch_IBUF[0]
    SLICE_X152Y120       LUT3 (Prop_lut3_I1_O)        0.124    11.139 r  datapath/Audio_Codec/audio_inout/ch1[to_ac][14]_i_1/O
                         net (fo=2, routed)           1.139    12.278    datapath/ch1[from_ac][14]
    SLICE_X149Y124       FDRE                                         r  datapath/ch1_reg[to_ac][14]/D
  -------------------------------------------------------------------    -------------------

Slack:                    inf
  Source:                 btn[0]
                            (input port)
  Destination:            datapath/trigger_v_stepper/debouncer_down/counter_reg[0]/R
  Path Group:             (none)
  Path Type:              Max at Slow Process Corner
  Data Path Delay:        12.273ns  (logic 1.193ns (9.724%)  route 11.080ns (90.276%))
  Logic Levels:           2  (IBUF=1 LUT4=1)

    Location             Delay type                Incr(ns)  Path(ns)    Netlist Resource(s)
  -------------------------------------------------------------------    -------------------
    F15                                               0.000     0.000 r  btn[0] (IN)
                         net (fo=0)                   0.000     0.000    btn[0]
    F15                  IBUF (Prop_ibuf_I_O)         1.069     1.069 r  btn_IBUF[0]_inst/O
                         net (fo=3, routed)          10.056    11.126    datapath/trigger_v_stepper/debouncer_down/btn_IBUF[0]
    SLICE_X161Y127       LUT4 (Prop_lut4_I1_O)        0.124    11.250 r  datapath/trigger_v_stepper/debouncer_down/counter[0]_i_1__2/O
                         net (fo=21, routed)          1.024    12.273    datapath/trigger_v_stepper/debouncer_down/counter[0]_i_1__2_n_0
    SLICE_X159Y124       FDRE                                         r  datapath/trigger_v_stepper/debouncer_down/counter_reg[0]/R
  -------------------------------------------------------------------    -------------------

Slack:                    inf
  Source:                 btn[0]
                            (input port)
  Destination:            datapath/trigger_v_stepper/debouncer_down/counter_reg[1]/R
  Path Group:             (none)
  Path Type:              Max at Slow Process Corner
  Data Path Delay:        12.273ns  (logic 1.193ns (9.724%)  route 11.080ns (90.276%))
  Logic Levels:           2  (IBUF=1 LUT4=1)

    Location             Delay type                Incr(ns)  Path(ns)    Netlist Resource(s)
  -------------------------------------------------------------------    -------------------
    F15                                               0.000     0.000 r  btn[0] (IN)
                         net (fo=0)                   0.000     0.000    btn[0]
    F15                  IBUF (Prop_ibuf_I_O)         1.069     1.069 r  btn_IBUF[0]_inst/O
                         net (fo=3, routed)          10.056    11.126    datapath/trigger_v_stepper/debouncer_down/btn_IBUF[0]
    SLICE_X161Y127       LUT4 (Prop_lut4_I1_O)        0.124    11.250 r  datapath/trigger_v_stepper/debouncer_down/counter[0]_i_1__2/O
                         net (fo=21, routed)          1.024    12.273    datapath/trigger_v_stepper/debouncer_down/counter[0]_i_1__2_n_0
    SLICE_X159Y124       FDRE                                         r  datapath/trigger_v_stepper/debouncer_down/counter_reg[1]/R
  -------------------------------------------------------------------    -------------------





Min Delay Paths
--------------------------------------------------------------------------------------
Slack:                    inf
  Source:                 datapath/ch2_reg[to_ac][5]/C
                            (rising edge-triggered cell FDRE)
  Destination:            datapath/Audio_Codec/audio_inout/Data_Out_int_reg[18]/D
  Path Group:             (none)
  Path Type:              Min at Fast Process Corner
  Data Path Delay:        0.242ns  (logic 0.186ns (76.827%)  route 0.056ns (23.173%))
  Logic Levels:           2  (FDRE=1 LUT6=1)

    Location             Delay type                Incr(ns)  Path(ns)    Netlist Resource(s)
  -------------------------------------------------------------------    -------------------
    SLICE_X151Y121       FDRE                         0.000     0.000 r  datapath/ch2_reg[to_ac][5]/C
    SLICE_X151Y121       FDRE (Prop_fdre_C_Q)         0.141     0.141 r  datapath/ch2_reg[to_ac][5]/Q
                         net (fo=1, routed)           0.056     0.197    datapath/Audio_Codec/audio_inout/Q[5]
    SLICE_X150Y121       LUT6 (Prop_lut6_I0_O)        0.045     0.242 r  datapath/Audio_Codec/audio_inout/Data_Out_int[18]_i_1/O
                         net (fo=1, routed)           0.000     0.242    datapath/Audio_Codec/audio_inout/Data_Out_int[18]_i_1_n_0
    SLICE_X150Y121       FDRE                                         r  datapath/Audio_Codec/audio_inout/Data_Out_int_reg[18]/D
  -------------------------------------------------------------------    -------------------

Slack:                    inf
  Source:                 datapath/Audio_Codec/audio_inout/Data_In_int_reg[19]/C
                            (rising edge-triggered cell FDRE)
  Destination:            datapath/Audio_Codec/audio_inout/D_L_O_int_reg[11]/D
  Path Group:             (none)
  Path Type:              Min at Fast Process Corner
  Data Path Delay:        0.256ns  (logic 0.128ns (50.047%)  route 0.128ns (49.953%))
  Logic Levels:           1  (FDRE=1)

    Location             Delay type                Incr(ns)  Path(ns)    Netlist Resource(s)
  -------------------------------------------------------------------    -------------------
    SLICE_X153Y119       FDRE                         0.000     0.000 r  datapath/Audio_Codec/audio_inout/Data_In_int_reg[19]/C
    SLICE_X153Y119       FDRE (Prop_fdre_C_Q)         0.128     0.128 r  datapath/Audio_Codec/audio_inout/Data_In_int_reg[19]/Q
                         net (fo=3, routed)           0.128     0.256    datapath/Audio_Codec/audio_inout/Data_In_int[19]
    SLICE_X152Y120       FDRE                                         r  datapath/Audio_Codec/audio_inout/D_L_O_int_reg[11]/D
  -------------------------------------------------------------------    -------------------

Slack:                    inf
  Source:                 datapath/Audio_Codec/audio_inout/Data_Out_int_reg[23]/C
                            (rising edge-triggered cell FDRE)
  Destination:            datapath/Audio_Codec/audio_inout/Data_Out_int_reg[24]/D
  Path Group:             (none)
  Path Type:              Min at Fast Process Corner
  Data Path Delay:        0.258ns  (logic 0.209ns (80.975%)  route 0.049ns (19.025%))
  Logic Levels:           2  (FDRE=1 LUT6=1)

    Location             Delay type                Incr(ns)  Path(ns)    Netlist Resource(s)
  -------------------------------------------------------------------    -------------------
    SLICE_X152Y122       FDRE                         0.000     0.000 r  datapath/Audio_Codec/audio_inout/Data_Out_int_reg[23]/C
    SLICE_X152Y122       FDRE (Prop_fdre_C_Q)         0.164     0.164 r  datapath/Audio_Codec/audio_inout/Data_Out_int_reg[23]/Q
                         net (fo=1, routed)           0.049     0.213    datapath/Audio_Codec/audio_inout/Data_Out_int_reg_n_0_[23]
    SLICE_X153Y122       LUT6 (Prop_lut6_I3_O)        0.045     0.258 r  datapath/Audio_Codec/audio_inout/Data_Out_int[24]_i_1/O
                         net (fo=1, routed)           0.000     0.258    datapath/Audio_Codec/audio_inout/Data_Out_int[24]_i_1_n_0
    SLICE_X153Y122       FDRE                                         r  datapath/Audio_Codec/audio_inout/Data_Out_int_reg[24]/D
  -------------------------------------------------------------------    -------------------

Slack:                    inf
  Source:                 oled/Example/after_state_reg[4]/C
                            (rising edge-triggered cell FDRE)
  Destination:            oled/Example/current_state_reg[4]/D
  Path Group:             (none)
  Path Type:              Min at Fast Process Corner
  Data Path Delay:        0.259ns  (logic 0.209ns (80.663%)  route 0.050ns (19.337%))
  Logic Levels:           2  (FDRE=1 LUT6=1)

    Location             Delay type                Incr(ns)  Path(ns)    Netlist Resource(s)
  -------------------------------------------------------------------    -------------------
    SLICE_X136Y118       FDRE                         0.000     0.000 r  oled/Example/after_state_reg[4]/C
    SLICE_X136Y118       FDRE (Prop_fdre_C_Q)         0.164     0.164 r  oled/Example/after_state_reg[4]/Q
                         net (fo=1, routed)           0.050     0.214    oled/Example/after_state_reg_n_0_[4]
    SLICE_X137Y118       LUT6 (Prop_lut6_I0_O)        0.045     0.259 r  oled/Example/current_state[4]_i_2__0/O
                         net (fo=1, routed)           0.000     0.259    oled/Example/current_state[4]_i_2__0_n_0
    SLICE_X137Y118       FDRE                                         r  oled/Example/current_state_reg[4]/D
  -------------------------------------------------------------------    -------------------

Slack:                    inf
  Source:                 oled/FSM_onehot_current_state_reg[0]/C
                            (rising edge-triggered cell FDSE)
  Destination:            oled/FSM_onehot_current_state_reg[1]/D
  Path Group:             (none)
  Path Type:              Min at Fast Process Corner
  Data Path Delay:        0.262ns  (logic 0.128ns (48.889%)  route 0.134ns (51.111%))
  Logic Levels:           1  (FDSE=1)

    Location             Delay type                Incr(ns)  Path(ns)    Netlist Resource(s)
  -------------------------------------------------------------------    -------------------
    SLICE_X139Y118       FDSE                         0.000     0.000 r  oled/FSM_onehot_current_state_reg[0]/C
    SLICE_X139Y118       FDSE (Prop_fdse_C_Q)         0.128     0.128 r  oled/FSM_onehot_current_state_reg[0]/Q
                         net (fo=2, routed)           0.134     0.262    oled/FSM_onehot_current_state_reg_n_0_[0]
    SLICE_X139Y118       FDRE                                         r  oled/FSM_onehot_current_state_reg[1]/D
  -------------------------------------------------------------------    -------------------

Slack:                    inf
  Source:                 datapath/trigger_v_stepper/debouncer_up/current_state_reg/C
                            (rising edge-triggered cell FDRE)
  Destination:            datapath/trigger_v_stepper/debouncer_up/btn_out_reg/D
  Path Group:             (none)
  Path Type:              Min at Fast Process Corner
  Data Path Delay:        0.262ns  (logic 0.141ns (53.794%)  route 0.121ns (46.206%))
  Logic Levels:           1  (FDRE=1)

    Location             Delay type                Incr(ns)  Path(ns)    Netlist Resource(s)
  -------------------------------------------------------------------    -------------------
    SLICE_X161Y129       FDRE                         0.000     0.000 r  datapath/trigger_v_stepper/debouncer_up/current_state_reg/C
    SLICE_X161Y129       FDRE (Prop_fdre_C_Q)         0.141     0.141 r  datapath/trigger_v_stepper/debouncer_up/current_state_reg/Q
                         net (fo=3, routed)           0.121     0.262    datapath/trigger_v_stepper/debouncer_up/current_state
    SLICE_X161Y128       FDRE                                         r  datapath/trigger_v_stepper/debouncer_up/btn_out_reg/D
  -------------------------------------------------------------------    -------------------

Slack:                    inf
  Source:                 datapath/Audio_Codec/audio_inout/Data_In_int_reg[19]/C
                            (rising edge-triggered cell FDRE)
  Destination:            datapath/Audio_Codec/audio_inout/Data_In_int_reg[20]/D
  Path Group:             (none)
  Path Type:              Min at Fast Process Corner
  Data Path Delay:        0.263ns  (logic 0.128ns (48.640%)  route 0.135ns (51.360%))
  Logic Levels:           1  (FDRE=1)

    Location             Delay type                Incr(ns)  Path(ns)    Netlist Resource(s)
  -------------------------------------------------------------------    -------------------
    SLICE_X153Y119       FDRE                         0.000     0.000 r  datapath/Audio_Codec/audio_inout/Data_In_int_reg[19]/C
    SLICE_X153Y119       FDRE (Prop_fdre_C_Q)         0.128     0.128 r  datapath/Audio_Codec/audio_inout/Data_In_int_reg[19]/Q
                         net (fo=3, routed)           0.135     0.263    datapath/Audio_Codec/audio_inout/Data_In_int[19]
    SLICE_X153Y119       FDRE                                         r  datapath/Audio_Codec/audio_inout/Data_In_int_reg[20]/D
  -------------------------------------------------------------------    -------------------

Slack:                    inf
  Source:                 datapath/Audio_Codec/audio_inout/Data_In_int_reg[25]/C
                            (rising edge-triggered cell FDRE)
  Destination:            datapath/Audio_Codec/audio_inout/D_R_O_int_reg[17]/D
  Path Group:             (none)
  Path Type:              Min at Fast Process Corner
  Data Path Delay:        0.263ns  (logic 0.128ns (48.622%)  route 0.135ns (51.378%))
  Logic Levels:           1  (FDRE=1)

    Location             Delay type                Incr(ns)  Path(ns)    Netlist Resource(s)
  -------------------------------------------------------------------    -------------------
    SLICE_X153Y119       FDRE                         0.000     0.000 r  datapath/Audio_Codec/audio_inout/Data_In_int_reg[25]/C
    SLICE_X153Y119       FDRE (Prop_fdre_C_Q)         0.128     0.128 r  datapath/Audio_Codec/audio_inout/Data_In_int_reg[25]/Q
                         net (fo=3, routed)           0.135     0.263    datapath/Audio_Codec/audio_inout/Data_In_int[25]
    SLICE_X153Y120       FDRE                                         r  datapath/Audio_Codec/audio_inout/D_R_O_int_reg[17]/D
  -------------------------------------------------------------------    -------------------

Slack:                    inf
  Source:                 datapath/Audio_Codec/audio_inout/Data_In_int_reg[15]/C
                            (rising edge-triggered cell FDRE)
  Destination:            datapath/Audio_Codec/audio_inout/Data_In_int_reg[16]/D
  Path Group:             (none)
  Path Type:              Min at Fast Process Corner
  Data Path Delay:        0.265ns  (logic 0.141ns (53.212%)  route 0.124ns (46.788%))
  Logic Levels:           1  (FDRE=1)

    Location             Delay type                Incr(ns)  Path(ns)    Netlist Resource(s)
  -------------------------------------------------------------------    -------------------
    SLICE_X153Y119       FDRE                         0.000     0.000 r  datapath/Audio_Codec/audio_inout/Data_In_int_reg[15]/C
    SLICE_X153Y119       FDRE (Prop_fdre_C_Q)         0.141     0.141 r  datapath/Audio_Codec/audio_inout/Data_In_int_reg[15]/Q
                         net (fo=3, routed)           0.124     0.265    datapath/Audio_Codec/audio_inout/Data_In_int[15]
    SLICE_X153Y119       FDRE                                         r  datapath/Audio_Codec/audio_inout/Data_In_int_reg[16]/D
  -------------------------------------------------------------------    -------------------

Slack:                    inf
  Source:                 datapath/Audio_Codec/audio_inout/Data_In_int_reg[21]/C
                            (rising edge-triggered cell FDRE)
  Destination:            datapath/Audio_Codec/audio_inout/Data_In_int_reg[22]/D
  Path Group:             (none)
  Path Type:              Min at Fast Process Corner
  Data Path Delay:        0.265ns  (logic 0.141ns (53.202%)  route 0.124ns (46.798%))
  Logic Levels:           1  (FDRE=1)

    Location             Delay type                Incr(ns)  Path(ns)    Netlist Resource(s)
  -------------------------------------------------------------------    -------------------
    SLICE_X151Y122       FDRE                         0.000     0.000 r  datapath/Audio_Codec/audio_inout/Data_In_int_reg[21]/C
    SLICE_X151Y122       FDRE (Prop_fdre_C_Q)         0.141     0.141 r  datapath/Audio_Codec/audio_inout/Data_In_int_reg[21]/Q
                         net (fo=3, routed)           0.124     0.265    datapath/Audio_Codec/audio_inout/Data_In_int[21]
    SLICE_X151Y122       FDRE                                         r  datapath/Audio_Codec/audio_inout/Data_In_int_reg[22]/D
  -------------------------------------------------------------------    -------------------





--------------------------------------------------------------------------------------
Path Group:  (none)
From Clock:  clk_out1_clk_wiz_0
  To Clock:  

Max Delay            20 Endpoints
Min Delay            20 Endpoints
--------------------------------------------------------------------------------------


Max Delay Paths
--------------------------------------------------------------------------------------
Slack:                    inf
  Source:                 datapath/video_inst/Inst_vga/vga_signal_generator1/horizontal_counter/processQ_reg[8]/C
                            (rising edge-triggered cell FDRE clocked by clk_out1_clk_wiz_0  {rise@0.000ns fall@20.000ns period=40.000ns})
  Destination:            datapath/leftChannelMemory/sdp_bl.ramb18_dp_bl.ram18_bl/ADDRARDADDR[12]
  Path Group:             (none)
  Path Type:              Max at Slow Process Corner
  Data Path Delay:        3.395ns  (logic 0.518ns (15.260%)  route 2.877ns (84.740%))
  Logic Levels:           0  
  Clock Uncertainty:      0.190ns  ((TSJ^2 + DJ^2)^1/2) / 2 + PE
    Total System Jitter     (TSJ):    0.050ns
    Discrete Jitter          (DJ):    0.175ns
    Phase Error              (PE):    0.099ns

    Location             Delay type                Incr(ns)  Path(ns)    Netlist Resource(s)
  -------------------------------------------------------------------    -------------------
                         (clock clk_out1_clk_wiz_0 rise edge)
                                                      0.000     0.000 r  
    BUFGCTRL_X0Y2        BUFG                         0.000     0.000 r  clk_IBUF_BUFG_inst/O
                         net (fo=513, routed)         2.106     2.106    datapath/video_inst/mmcm_adv_inst_display_clocks/inst/clk_in1
    MMCME2_ADV_X1Y0      MMCME2_ADV (Prop_mmcme2_adv_CLKIN1_CLKOUT0)
                                                     -4.900    -2.793 r  datapath/video_inst/mmcm_adv_inst_display_clocks/inst/mmcm_adv_inst/CLKOUT0
                         net (fo=1, routed)           2.697    -0.096    datapath/video_inst/mmcm_adv_inst_display_clocks/inst/clk_out1_clk_wiz_0
    BUFGCTRL_X0Y4        BUFG (Prop_bufg_I_O)         0.096    -0.000 r  datapath/video_inst/mmcm_adv_inst_display_clocks/inst/clkout1_buf/O
                         net (fo=64, routed)          1.744     1.744    datapath/video_inst/Inst_vga/vga_signal_generator1/horizontal_counter/clk_out1
    SLICE_X150Y130       FDRE                                         r  datapath/video_inst/Inst_vga/vga_signal_generator1/horizontal_counter/processQ_reg[8]/C
  -------------------------------------------------------------------    -------------------
    SLICE_X150Y130       FDRE (Prop_fdre_C_Q)         0.518     2.262 r  datapath/video_inst/Inst_vga/vga_signal_generator1/horizontal_counter/processQ_reg[8]/Q
                         net (fo=70, routed)          2.877     5.139    datapath/leftChannelMemory/sdp_bl.ramb18_dp_bl.ram18_bl_0[8]
    RAMB18_X8Y50         RAMB18E1                                     r  datapath/leftChannelMemory/sdp_bl.ramb18_dp_bl.ram18_bl/ADDRARDADDR[12]
  -------------------------------------------------------------------    -------------------

Slack:                    inf
  Source:                 datapath/video_inst/Inst_vga/vga_signal_generator1/horizontal_counter/processQ_reg[8]/C
                            (rising edge-triggered cell FDRE clocked by clk_out1_clk_wiz_0  {rise@0.000ns fall@20.000ns period=40.000ns})
  Destination:            datapath/rightChannelMemory/sdp_bl.ramb18_dp_bl.ram18_bl/ADDRARDADDR[12]
  Path Group:             (none)
  Path Type:              Max at Slow Process Corner
  Data Path Delay:        3.395ns  (logic 0.518ns (15.260%)  route 2.877ns (84.740%))
  Logic Levels:           0  
  Clock Uncertainty:      0.190ns  ((TSJ^2 + DJ^2)^1/2) / 2 + PE
    Total System Jitter     (TSJ):    0.050ns
    Discrete Jitter          (DJ):    0.175ns
    Phase Error              (PE):    0.099ns

    Location             Delay type                Incr(ns)  Path(ns)    Netlist Resource(s)
  -------------------------------------------------------------------    -------------------
                         (clock clk_out1_clk_wiz_0 rise edge)
                                                      0.000     0.000 r  
    BUFGCTRL_X0Y2        BUFG                         0.000     0.000 r  clk_IBUF_BUFG_inst/O
                         net (fo=513, routed)         2.106     2.106    datapath/video_inst/mmcm_adv_inst_display_clocks/inst/clk_in1
    MMCME2_ADV_X1Y0      MMCME2_ADV (Prop_mmcme2_adv_CLKIN1_CLKOUT0)
                                                     -4.900    -2.793 r  datapath/video_inst/mmcm_adv_inst_display_clocks/inst/mmcm_adv_inst/CLKOUT0
                         net (fo=1, routed)           2.697    -0.096    datapath/video_inst/mmcm_adv_inst_display_clocks/inst/clk_out1_clk_wiz_0
    BUFGCTRL_X0Y4        BUFG (Prop_bufg_I_O)         0.096    -0.000 r  datapath/video_inst/mmcm_adv_inst_display_clocks/inst/clkout1_buf/O
                         net (fo=64, routed)          1.744     1.744    datapath/video_inst/Inst_vga/vga_signal_generator1/horizontal_counter/clk_out1
    SLICE_X150Y130       FDRE                                         r  datapath/video_inst/Inst_vga/vga_signal_generator1/horizontal_counter/processQ_reg[8]/C
  -------------------------------------------------------------------    -------------------
    SLICE_X150Y130       FDRE (Prop_fdre_C_Q)         0.518     2.262 r  datapath/video_inst/Inst_vga/vga_signal_generator1/horizontal_counter/processQ_reg[8]/Q
                         net (fo=70, routed)          2.877     5.139    datapath/rightChannelMemory/sdp_bl.ramb18_dp_bl.ram18_bl_0[8]
    RAMB18_X8Y51         RAMB18E1                                     r  datapath/rightChannelMemory/sdp_bl.ramb18_dp_bl.ram18_bl/ADDRARDADDR[12]
  -------------------------------------------------------------------    -------------------

Slack:                    inf
  Source:                 datapath/video_inst/Inst_vga/vga_signal_generator1/horizontal_counter/processQ_reg[6]/C
                            (rising edge-triggered cell FDRE clocked by clk_out1_clk_wiz_0  {rise@0.000ns fall@20.000ns period=40.000ns})
  Destination:            datapath/leftChannelMemory/sdp_bl.ramb18_dp_bl.ram18_bl/ADDRARDADDR[10]
  Path Group:             (none)
  Path Type:              Max at Slow Process Corner
  Data Path Delay:        2.977ns  (logic 0.456ns (15.317%)  route 2.521ns (84.683%))
  Logic Levels:           0  
  Clock Uncertainty:      0.190ns  ((TSJ^2 + DJ^2)^1/2) / 2 + PE
    Total System Jitter     (TSJ):    0.050ns
    Discrete Jitter          (DJ):    0.175ns
    Phase Error              (PE):    0.099ns

    Location             Delay type                Incr(ns)  Path(ns)    Netlist Resource(s)
  -------------------------------------------------------------------    -------------------
                         (clock clk_out1_clk_wiz_0 rise edge)
                                                      0.000     0.000 r  
    BUFGCTRL_X0Y2        BUFG                         0.000     0.000 r  clk_IBUF_BUFG_inst/O
                         net (fo=513, routed)         2.106     2.106    datapath/video_inst/mmcm_adv_inst_display_clocks/inst/clk_in1
    MMCME2_ADV_X1Y0      MMCME2_ADV (Prop_mmcme2_adv_CLKIN1_CLKOUT0)
                                                     -4.900    -2.793 r  datapath/video_inst/mmcm_adv_inst_display_clocks/inst/mmcm_adv_inst/CLKOUT0
                         net (fo=1, routed)           2.697    -0.096    datapath/video_inst/mmcm_adv_inst_display_clocks/inst/clk_out1_clk_wiz_0
    BUFGCTRL_X0Y4        BUFG (Prop_bufg_I_O)         0.096    -0.000 r  datapath/video_inst/mmcm_adv_inst_display_clocks/inst/clkout1_buf/O
                         net (fo=64, routed)          1.744     1.744    datapath/video_inst/Inst_vga/vga_signal_generator1/horizontal_counter/clk_out1
    SLICE_X149Y130       FDRE                                         r  datapath/video_inst/Inst_vga/vga_signal_generator1/horizontal_counter/processQ_reg[6]/C
  -------------------------------------------------------------------    -------------------
    SLICE_X149Y130       FDRE (Prop_fdre_C_Q)         0.456     2.200 r  datapath/video_inst/Inst_vga/vga_signal_generator1/horizontal_counter/processQ_reg[6]/Q
                         net (fo=86, routed)          2.521     4.721    datapath/leftChannelMemory/sdp_bl.ramb18_dp_bl.ram18_bl_0[6]
    RAMB18_X8Y50         RAMB18E1                                     r  datapath/leftChannelMemory/sdp_bl.ramb18_dp_bl.ram18_bl/ADDRARDADDR[10]
  -------------------------------------------------------------------    -------------------

Slack:                    inf
  Source:                 datapath/video_inst/Inst_vga/vga_signal_generator1/horizontal_counter/processQ_reg[6]/C
                            (rising edge-triggered cell FDRE clocked by clk_out1_clk_wiz_0  {rise@0.000ns fall@20.000ns period=40.000ns})
  Destination:            datapath/rightChannelMemory/sdp_bl.ramb18_dp_bl.ram18_bl/ADDRARDADDR[10]
  Path Group:             (none)
  Path Type:              Max at Slow Process Corner
  Data Path Delay:        2.977ns  (logic 0.456ns (15.317%)  route 2.521ns (84.683%))
  Logic Levels:           0  
  Clock Uncertainty:      0.190ns  ((TSJ^2 + DJ^2)^1/2) / 2 + PE
    Total System Jitter     (TSJ):    0.050ns
    Discrete Jitter          (DJ):    0.175ns
    Phase Error              (PE):    0.099ns

    Location             Delay type                Incr(ns)  Path(ns)    Netlist Resource(s)
  -------------------------------------------------------------------    -------------------
                         (clock clk_out1_clk_wiz_0 rise edge)
                                                      0.000     0.000 r  
    BUFGCTRL_X0Y2        BUFG                         0.000     0.000 r  clk_IBUF_BUFG_inst/O
                         net (fo=513, routed)         2.106     2.106    datapath/video_inst/mmcm_adv_inst_display_clocks/inst/clk_in1
    MMCME2_ADV_X1Y0      MMCME2_ADV (Prop_mmcme2_adv_CLKIN1_CLKOUT0)
                                                     -4.900    -2.793 r  datapath/video_inst/mmcm_adv_inst_display_clocks/inst/mmcm_adv_inst/CLKOUT0
                         net (fo=1, routed)           2.697    -0.096    datapath/video_inst/mmcm_adv_inst_display_clocks/inst/clk_out1_clk_wiz_0
    BUFGCTRL_X0Y4        BUFG (Prop_bufg_I_O)         0.096    -0.000 r  datapath/video_inst/mmcm_adv_inst_display_clocks/inst/clkout1_buf/O
                         net (fo=64, routed)          1.744     1.744    datapath/video_inst/Inst_vga/vga_signal_generator1/horizontal_counter/clk_out1
    SLICE_X149Y130       FDRE                                         r  datapath/video_inst/Inst_vga/vga_signal_generator1/horizontal_counter/processQ_reg[6]/C
  -------------------------------------------------------------------    -------------------
    SLICE_X149Y130       FDRE (Prop_fdre_C_Q)         0.456     2.200 r  datapath/video_inst/Inst_vga/vga_signal_generator1/horizontal_counter/processQ_reg[6]/Q
                         net (fo=86, routed)          2.521     4.721    datapath/rightChannelMemory/sdp_bl.ramb18_dp_bl.ram18_bl_0[6]
    RAMB18_X8Y51         RAMB18E1                                     r  datapath/rightChannelMemory/sdp_bl.ramb18_dp_bl.ram18_bl/ADDRARDADDR[10]
  -------------------------------------------------------------------    -------------------

Slack:                    inf
  Source:                 datapath/video_inst/Inst_vga/vga_signal_generator1/horizontal_counter/processQ_reg[1]/C
                            (rising edge-triggered cell FDRE clocked by clk_out1_clk_wiz_0  {rise@0.000ns fall@20.000ns period=40.000ns})
  Destination:            datapath/leftChannelMemory/sdp_bl.ramb18_dp_bl.ram18_bl/ADDRARDADDR[5]
  Path Group:             (none)
  Path Type:              Max at Slow Process Corner
  Data Path Delay:        2.728ns  (logic 0.518ns (18.988%)  route 2.210ns (81.012%))
  Logic Levels:           0  
  Clock Uncertainty:      0.190ns  ((TSJ^2 + DJ^2)^1/2) / 2 + PE
    Total System Jitter     (TSJ):    0.050ns
    Discrete Jitter          (DJ):    0.175ns
    Phase Error              (PE):    0.099ns

    Location             Delay type                Incr(ns)  Path(ns)    Netlist Resource(s)
  -------------------------------------------------------------------    -------------------
                         (clock clk_out1_clk_wiz_0 rise edge)
                                                      0.000     0.000 r  
    BUFGCTRL_X0Y2        BUFG                         0.000     0.000 r  clk_IBUF_BUFG_inst/O
                         net (fo=513, routed)         2.106     2.106    datapath/video_inst/mmcm_adv_inst_display_clocks/inst/clk_in1
    MMCME2_ADV_X1Y0      MMCME2_ADV (Prop_mmcme2_adv_CLKIN1_CLKOUT0)
                                                     -4.900    -2.793 r  datapath/video_inst/mmcm_adv_inst_display_clocks/inst/mmcm_adv_inst/CLKOUT0
                         net (fo=1, routed)           2.697    -0.096    datapath/video_inst/mmcm_adv_inst_display_clocks/inst/clk_out1_clk_wiz_0
    BUFGCTRL_X0Y4        BUFG (Prop_bufg_I_O)         0.096    -0.000 r  datapath/video_inst/mmcm_adv_inst_display_clocks/inst/clkout1_buf/O
                         net (fo=64, routed)          1.739     1.739    datapath/video_inst/Inst_vga/vga_signal_generator1/horizontal_counter/clk_out1
    SLICE_X150Y127       FDRE                                         r  datapath/video_inst/Inst_vga/vga_signal_generator1/horizontal_counter/processQ_reg[1]/C
  -------------------------------------------------------------------    -------------------
    SLICE_X150Y127       FDRE (Prop_fdre_C_Q)         0.518     2.257 r  datapath/video_inst/Inst_vga/vga_signal_generator1/horizontal_counter/processQ_reg[1]/Q
                         net (fo=32, routed)          2.210     4.468    datapath/leftChannelMemory/sdp_bl.ramb18_dp_bl.ram18_bl_0[1]
    RAMB18_X8Y50         RAMB18E1                                     r  datapath/leftChannelMemory/sdp_bl.ramb18_dp_bl.ram18_bl/ADDRARDADDR[5]
  -------------------------------------------------------------------    -------------------

Slack:                    inf
  Source:                 datapath/video_inst/Inst_vga/vga_signal_generator1/horizontal_counter/processQ_reg[1]/C
                            (rising edge-triggered cell FDRE clocked by clk_out1_clk_wiz_0  {rise@0.000ns fall@20.000ns period=40.000ns})
  Destination:            datapath/rightChannelMemory/sdp_bl.ramb18_dp_bl.ram18_bl/ADDRARDADDR[5]
  Path Group:             (none)
  Path Type:              Max at Slow Process Corner
  Data Path Delay:        2.728ns  (logic 0.518ns (18.988%)  route 2.210ns (81.012%))
  Logic Levels:           0  
  Clock Uncertainty:      0.190ns  ((TSJ^2 + DJ^2)^1/2) / 2 + PE
    Total System Jitter     (TSJ):    0.050ns
    Discrete Jitter          (DJ):    0.175ns
    Phase Error              (PE):    0.099ns

    Location             Delay type                Incr(ns)  Path(ns)    Netlist Resource(s)
  -------------------------------------------------------------------    -------------------
                         (clock clk_out1_clk_wiz_0 rise edge)
                                                      0.000     0.000 r  
    BUFGCTRL_X0Y2        BUFG                         0.000     0.000 r  clk_IBUF_BUFG_inst/O
                         net (fo=513, routed)         2.106     2.106    datapath/video_inst/mmcm_adv_inst_display_clocks/inst/clk_in1
    MMCME2_ADV_X1Y0      MMCME2_ADV (Prop_mmcme2_adv_CLKIN1_CLKOUT0)
                                                     -4.900    -2.793 r  datapath/video_inst/mmcm_adv_inst_display_clocks/inst/mmcm_adv_inst/CLKOUT0
                         net (fo=1, routed)           2.697    -0.096    datapath/video_inst/mmcm_adv_inst_display_clocks/inst/clk_out1_clk_wiz_0
    BUFGCTRL_X0Y4        BUFG (Prop_bufg_I_O)         0.096    -0.000 r  datapath/video_inst/mmcm_adv_inst_display_clocks/inst/clkout1_buf/O
                         net (fo=64, routed)          1.739     1.739    datapath/video_inst/Inst_vga/vga_signal_generator1/horizontal_counter/clk_out1
    SLICE_X150Y127       FDRE                                         r  datapath/video_inst/Inst_vga/vga_signal_generator1/horizontal_counter/processQ_reg[1]/C
  -------------------------------------------------------------------    -------------------
    SLICE_X150Y127       FDRE (Prop_fdre_C_Q)         0.518     2.257 r  datapath/video_inst/Inst_vga/vga_signal_generator1/horizontal_counter/processQ_reg[1]/Q
                         net (fo=32, routed)          2.210     4.468    datapath/rightChannelMemory/sdp_bl.ramb18_dp_bl.ram18_bl_0[1]
    RAMB18_X8Y51         RAMB18E1                                     r  datapath/rightChannelMemory/sdp_bl.ramb18_dp_bl.ram18_bl/ADDRARDADDR[5]
  -------------------------------------------------------------------    -------------------

Slack:                    inf
  Source:                 datapath/video_inst/Inst_vga/vga_signal_generator1/horizontal_counter/processQ_reg[5]/C
                            (rising edge-triggered cell FDRE clocked by clk_out1_clk_wiz_0  {rise@0.000ns fall@20.000ns period=40.000ns})
  Destination:            datapath/leftChannelMemory/sdp_bl.ramb18_dp_bl.ram18_bl/ADDRARDADDR[9]
  Path Group:             (none)
  Path Type:              Max at Slow Process Corner
  Data Path Delay:        2.312ns  (logic 0.456ns (19.720%)  route 1.856ns (80.280%))
  Logic Levels:           0  
  Clock Uncertainty:      0.190ns  ((TSJ^2 + DJ^2)^1/2) / 2 + PE
    Total System Jitter     (TSJ):    0.050ns
    Discrete Jitter          (DJ):    0.175ns
    Phase Error              (PE):    0.099ns

    Location             Delay type                Incr(ns)  Path(ns)    Netlist Resource(s)
  -------------------------------------------------------------------    -------------------
                         (clock clk_out1_clk_wiz_0 rise edge)
                                                      0.000     0.000 r  
    BUFGCTRL_X0Y2        BUFG                         0.000     0.000 r  clk_IBUF_BUFG_inst/O
                         net (fo=513, routed)         2.106     2.106    datapath/video_inst/mmcm_adv_inst_display_clocks/inst/clk_in1
    MMCME2_ADV_X1Y0      MMCME2_ADV (Prop_mmcme2_adv_CLKIN1_CLKOUT0)
                                                     -4.900    -2.793 r  datapath/video_inst/mmcm_adv_inst_display_clocks/inst/mmcm_adv_inst/CLKOUT0
                         net (fo=1, routed)           2.697    -0.096    datapath/video_inst/mmcm_adv_inst_display_clocks/inst/clk_out1_clk_wiz_0
    BUFGCTRL_X0Y4        BUFG (Prop_bufg_I_O)         0.096    -0.000 r  datapath/video_inst/mmcm_adv_inst_display_clocks/inst/clkout1_buf/O
                         net (fo=64, routed)          1.744     1.744    datapath/video_inst/Inst_vga/vga_signal_generator1/horizontal_counter/clk_out1
    SLICE_X149Y130       FDRE                                         r  datapath/video_inst/Inst_vga/vga_signal_generator1/horizontal_counter/processQ_reg[5]/C
  -------------------------------------------------------------------    -------------------
    SLICE_X149Y130       FDRE (Prop_fdre_C_Q)         0.456     2.200 r  datapath/video_inst/Inst_vga/vga_signal_generator1/horizontal_counter/processQ_reg[5]/Q
                         net (fo=95, routed)          1.856     4.057    datapath/leftChannelMemory/sdp_bl.ramb18_dp_bl.ram18_bl_0[5]
    RAMB18_X8Y50         RAMB18E1                                     r  datapath/leftChannelMemory/sdp_bl.ramb18_dp_bl.ram18_bl/ADDRARDADDR[9]
  -------------------------------------------------------------------    -------------------

Slack:                    inf
  Source:                 datapath/video_inst/Inst_vga/vga_signal_generator1/horizontal_counter/processQ_reg[5]/C
                            (rising edge-triggered cell FDRE clocked by clk_out1_clk_wiz_0  {rise@0.000ns fall@20.000ns period=40.000ns})
  Destination:            datapath/rightChannelMemory/sdp_bl.ramb18_dp_bl.ram18_bl/ADDRARDADDR[9]
  Path Group:             (none)
  Path Type:              Max at Slow Process Corner
  Data Path Delay:        2.312ns  (logic 0.456ns (19.720%)  route 1.856ns (80.280%))
  Logic Levels:           0  
  Clock Uncertainty:      0.190ns  ((TSJ^2 + DJ^2)^1/2) / 2 + PE
    Total System Jitter     (TSJ):    0.050ns
    Discrete Jitter          (DJ):    0.175ns
    Phase Error              (PE):    0.099ns

    Location             Delay type                Incr(ns)  Path(ns)    Netlist Resource(s)
  -------------------------------------------------------------------    -------------------
                         (clock clk_out1_clk_wiz_0 rise edge)
                                                      0.000     0.000 r  
    BUFGCTRL_X0Y2        BUFG                         0.000     0.000 r  clk_IBUF_BUFG_inst/O
                         net (fo=513, routed)         2.106     2.106    datapath/video_inst/mmcm_adv_inst_display_clocks/inst/clk_in1
    MMCME2_ADV_X1Y0      MMCME2_ADV (Prop_mmcme2_adv_CLKIN1_CLKOUT0)
                                                     -4.900    -2.793 r  datapath/video_inst/mmcm_adv_inst_display_clocks/inst/mmcm_adv_inst/CLKOUT0
                         net (fo=1, routed)           2.697    -0.096    datapath/video_inst/mmcm_adv_inst_display_clocks/inst/clk_out1_clk_wiz_0
    BUFGCTRL_X0Y4        BUFG (Prop_bufg_I_O)         0.096    -0.000 r  datapath/video_inst/mmcm_adv_inst_display_clocks/inst/clkout1_buf/O
                         net (fo=64, routed)          1.744     1.744    datapath/video_inst/Inst_vga/vga_signal_generator1/horizontal_counter/clk_out1
    SLICE_X149Y130       FDRE                                         r  datapath/video_inst/Inst_vga/vga_signal_generator1/horizontal_counter/processQ_reg[5]/C
  -------------------------------------------------------------------    -------------------
    SLICE_X149Y130       FDRE (Prop_fdre_C_Q)         0.456     2.200 r  datapath/video_inst/Inst_vga/vga_signal_generator1/horizontal_counter/processQ_reg[5]/Q
                         net (fo=95, routed)          1.856     4.057    datapath/rightChannelMemory/sdp_bl.ramb18_dp_bl.ram18_bl_0[5]
    RAMB18_X8Y51         RAMB18E1                                     r  datapath/rightChannelMemory/sdp_bl.ramb18_dp_bl.ram18_bl/ADDRARDADDR[9]
  -------------------------------------------------------------------    -------------------

Slack:                    inf
  Source:                 datapath/video_inst/Inst_vga/vga_signal_generator1/horizontal_counter/processQ_reg[0]/C
                            (rising edge-triggered cell FDRE clocked by clk_out1_clk_wiz_0  {rise@0.000ns fall@20.000ns period=40.000ns})
  Destination:            datapath/leftChannelMemory/sdp_bl.ramb18_dp_bl.ram18_bl/ADDRARDADDR[4]
  Path Group:             (none)
  Path Type:              Max at Slow Process Corner
  Data Path Delay:        2.011ns  (logic 0.518ns (25.756%)  route 1.493ns (74.244%))
  Logic Levels:           0  
  Clock Uncertainty:      0.190ns  ((TSJ^2 + DJ^2)^1/2) / 2 + PE
    Total System Jitter     (TSJ):    0.050ns
    Discrete Jitter          (DJ):    0.175ns
    Phase Error              (PE):    0.099ns

    Location             Delay type                Incr(ns)  Path(ns)    Netlist Resource(s)
  -------------------------------------------------------------------    -------------------
                         (clock clk_out1_clk_wiz_0 rise edge)
                                                      0.000     0.000 r  
    BUFGCTRL_X0Y2        BUFG                         0.000     0.000 r  clk_IBUF_BUFG_inst/O
                         net (fo=513, routed)         2.106     2.106    datapath/video_inst/mmcm_adv_inst_display_clocks/inst/clk_in1
    MMCME2_ADV_X1Y0      MMCME2_ADV (Prop_mmcme2_adv_CLKIN1_CLKOUT0)
                                                     -4.900    -2.793 r  datapath/video_inst/mmcm_adv_inst_display_clocks/inst/mmcm_adv_inst/CLKOUT0
                         net (fo=1, routed)           2.697    -0.096    datapath/video_inst/mmcm_adv_inst_display_clocks/inst/clk_out1_clk_wiz_0
    BUFGCTRL_X0Y4        BUFG (Prop_bufg_I_O)         0.096    -0.000 r  datapath/video_inst/mmcm_adv_inst_display_clocks/inst/clkout1_buf/O
                         net (fo=64, routed)          1.746     1.746    datapath/video_inst/Inst_vga/vga_signal_generator1/horizontal_counter/clk_out1
    SLICE_X154Y131       FDRE                                         r  datapath/video_inst/Inst_vga/vga_signal_generator1/horizontal_counter/processQ_reg[0]/C
  -------------------------------------------------------------------    -------------------
    SLICE_X154Y131       FDRE (Prop_fdre_C_Q)         0.518     2.264 r  datapath/video_inst/Inst_vga/vga_signal_generator1/horizontal_counter/processQ_reg[0]/Q
                         net (fo=32, routed)          1.493     3.758    datapath/leftChannelMemory/sdp_bl.ramb18_dp_bl.ram18_bl_0[0]
    RAMB18_X8Y50         RAMB18E1                                     r  datapath/leftChannelMemory/sdp_bl.ramb18_dp_bl.ram18_bl/ADDRARDADDR[4]
  -------------------------------------------------------------------    -------------------

Slack:                    inf
  Source:                 datapath/video_inst/Inst_vga/vga_signal_generator1/horizontal_counter/processQ_reg[0]/C
                            (rising edge-triggered cell FDRE clocked by clk_out1_clk_wiz_0  {rise@0.000ns fall@20.000ns period=40.000ns})
  Destination:            datapath/rightChannelMemory/sdp_bl.ramb18_dp_bl.ram18_bl/ADDRARDADDR[4]
  Path Group:             (none)
  Path Type:              Max at Slow Process Corner
  Data Path Delay:        2.011ns  (logic 0.518ns (25.756%)  route 1.493ns (74.244%))
  Logic Levels:           0  
  Clock Uncertainty:      0.190ns  ((TSJ^2 + DJ^2)^1/2) / 2 + PE
    Total System Jitter     (TSJ):    0.050ns
    Discrete Jitter          (DJ):    0.175ns
    Phase Error              (PE):    0.099ns

    Location             Delay type                Incr(ns)  Path(ns)    Netlist Resource(s)
  -------------------------------------------------------------------    -------------------
                         (clock clk_out1_clk_wiz_0 rise edge)
                                                      0.000     0.000 r  
    BUFGCTRL_X0Y2        BUFG                         0.000     0.000 r  clk_IBUF_BUFG_inst/O
                         net (fo=513, routed)         2.106     2.106    datapath/video_inst/mmcm_adv_inst_display_clocks/inst/clk_in1
    MMCME2_ADV_X1Y0      MMCME2_ADV (Prop_mmcme2_adv_CLKIN1_CLKOUT0)
                                                     -4.900    -2.793 r  datapath/video_inst/mmcm_adv_inst_display_clocks/inst/mmcm_adv_inst/CLKOUT0
                         net (fo=1, routed)           2.697    -0.096    datapath/video_inst/mmcm_adv_inst_display_clocks/inst/clk_out1_clk_wiz_0
    BUFGCTRL_X0Y4        BUFG (Prop_bufg_I_O)         0.096    -0.000 r  datapath/video_inst/mmcm_adv_inst_display_clocks/inst/clkout1_buf/O
                         net (fo=64, routed)          1.746     1.746    datapath/video_inst/Inst_vga/vga_signal_generator1/horizontal_counter/clk_out1
    SLICE_X154Y131       FDRE                                         r  datapath/video_inst/Inst_vga/vga_signal_generator1/horizontal_counter/processQ_reg[0]/C
  -------------------------------------------------------------------    -------------------
    SLICE_X154Y131       FDRE (Prop_fdre_C_Q)         0.518     2.264 r  datapath/video_inst/Inst_vga/vga_signal_generator1/horizontal_counter/processQ_reg[0]/Q
                         net (fo=32, routed)          1.493     3.758    datapath/rightChannelMemory/sdp_bl.ramb18_dp_bl.ram18_bl_0[0]
    RAMB18_X8Y51         RAMB18E1                                     r  datapath/rightChannelMemory/sdp_bl.ramb18_dp_bl.ram18_bl/ADDRARDADDR[4]
  -------------------------------------------------------------------    -------------------





Min Delay Paths
--------------------------------------------------------------------------------------
Slack:                    inf
  Source:                 datapath/video_inst/Inst_vga/vga_signal_generator1/horizontal_counter/processQ_reg[2]/C
                            (rising edge-triggered cell FDRE clocked by clk_out1_clk_wiz_0  {rise@0.000ns fall@20.000ns period=40.000ns})
  Destination:            datapath/leftChannelMemory/sdp_bl.ramb18_dp_bl.ram18_bl/ADDRARDADDR[6]
  Path Group:             (none)
  Path Type:              Min at Fast Process Corner
  Data Path Delay:        0.620ns  (logic 0.164ns (26.435%)  route 0.456ns (73.565%))
  Logic Levels:           0  
  Clock Uncertainty:      0.190ns  ((TSJ^2 + DJ^2)^1/2) / 2 + PE
    Total System Jitter     (TSJ):    0.050ns
    Discrete Jitter          (DJ):    0.175ns
    Phase Error              (PE):    0.099ns

    Location             Delay type                Incr(ns)  Path(ns)    Netlist Resource(s)
  -------------------------------------------------------------------    -------------------
                         (clock clk_out1_clk_wiz_0 rise edge)
                                                      0.000     0.000 r  
    BUFGCTRL_X0Y2        BUFG                         0.000     0.000 r  clk_IBUF_BUFG_inst/O
                         net (fo=513, routed)         0.745     0.745    datapath/video_inst/mmcm_adv_inst_display_clocks/inst/clk_in1
    MMCME2_ADV_X1Y0      MMCME2_ADV (Prop_mmcme2_adv_CLKIN1_CLKOUT0)
                                                     -1.683    -0.938 r  datapath/video_inst/mmcm_adv_inst_display_clocks/inst/mmcm_adv_inst/CLKOUT0
                         net (fo=1, routed)           0.912    -0.026    datapath/video_inst/mmcm_adv_inst_display_clocks/inst/clk_out1_clk_wiz_0
    BUFGCTRL_X0Y4        BUFG (Prop_bufg_I_O)         0.026    -0.000 r  datapath/video_inst/mmcm_adv_inst_display_clocks/inst/clkout1_buf/O
                         net (fo=64, routed)          0.612     0.612    datapath/video_inst/Inst_vga/vga_signal_generator1/horizontal_counter/clk_out1
    SLICE_X150Y130       FDRE                                         r  datapath/video_inst/Inst_vga/vga_signal_generator1/horizontal_counter/processQ_reg[2]/C
  -------------------------------------------------------------------    -------------------
    SLICE_X150Y130       FDRE (Prop_fdre_C_Q)         0.164     0.776 r  datapath/video_inst/Inst_vga/vga_signal_generator1/horizontal_counter/processQ_reg[2]/Q
                         net (fo=77, routed)          0.456     1.232    datapath/leftChannelMemory/sdp_bl.ramb18_dp_bl.ram18_bl_0[2]
    RAMB18_X8Y50         RAMB18E1                                     r  datapath/leftChannelMemory/sdp_bl.ramb18_dp_bl.ram18_bl/ADDRARDADDR[6]
  -------------------------------------------------------------------    -------------------

Slack:                    inf
  Source:                 datapath/video_inst/Inst_vga/vga_signal_generator1/horizontal_counter/processQ_reg[2]/C
                            (rising edge-triggered cell FDRE clocked by clk_out1_clk_wiz_0  {rise@0.000ns fall@20.000ns period=40.000ns})
  Destination:            datapath/rightChannelMemory/sdp_bl.ramb18_dp_bl.ram18_bl/ADDRARDADDR[6]
  Path Group:             (none)
  Path Type:              Min at Fast Process Corner
  Data Path Delay:        0.620ns  (logic 0.164ns (26.435%)  route 0.456ns (73.565%))
  Logic Levels:           0  
  Clock Uncertainty:      0.190ns  ((TSJ^2 + DJ^2)^1/2) / 2 + PE
    Total System Jitter     (TSJ):    0.050ns
    Discrete Jitter          (DJ):    0.175ns
    Phase Error              (PE):    0.099ns

    Location             Delay type                Incr(ns)  Path(ns)    Netlist Resource(s)
  -------------------------------------------------------------------    -------------------
                         (clock clk_out1_clk_wiz_0 rise edge)
                                                      0.000     0.000 r  
    BUFGCTRL_X0Y2        BUFG                         0.000     0.000 r  clk_IBUF_BUFG_inst/O
                         net (fo=513, routed)         0.745     0.745    datapath/video_inst/mmcm_adv_inst_display_clocks/inst/clk_in1
    MMCME2_ADV_X1Y0      MMCME2_ADV (Prop_mmcme2_adv_CLKIN1_CLKOUT0)
                                                     -1.683    -0.938 r  datapath/video_inst/mmcm_adv_inst_display_clocks/inst/mmcm_adv_inst/CLKOUT0
                         net (fo=1, routed)           0.912    -0.026    datapath/video_inst/mmcm_adv_inst_display_clocks/inst/clk_out1_clk_wiz_0
    BUFGCTRL_X0Y4        BUFG (Prop_bufg_I_O)         0.026    -0.000 r  datapath/video_inst/mmcm_adv_inst_display_clocks/inst/clkout1_buf/O
                         net (fo=64, routed)          0.612     0.612    datapath/video_inst/Inst_vga/vga_signal_generator1/horizontal_counter/clk_out1
    SLICE_X150Y130       FDRE                                         r  datapath/video_inst/Inst_vga/vga_signal_generator1/horizontal_counter/processQ_reg[2]/C
  -------------------------------------------------------------------    -------------------
    SLICE_X150Y130       FDRE (Prop_fdre_C_Q)         0.164     0.776 r  datapath/video_inst/Inst_vga/vga_signal_generator1/horizontal_counter/processQ_reg[2]/Q
                         net (fo=77, routed)          0.456     1.232    datapath/rightChannelMemory/sdp_bl.ramb18_dp_bl.ram18_bl_0[2]
    RAMB18_X8Y51         RAMB18E1                                     r  datapath/rightChannelMemory/sdp_bl.ramb18_dp_bl.ram18_bl/ADDRARDADDR[6]
  -------------------------------------------------------------------    -------------------

Slack:                    inf
  Source:                 datapath/video_inst/Inst_vga/vga_signal_generator1/horizontal_counter/processQ_reg[4]/C
                            (rising edge-triggered cell FDRE clocked by clk_out1_clk_wiz_0  {rise@0.000ns fall@20.000ns period=40.000ns})
  Destination:            datapath/leftChannelMemory/sdp_bl.ramb18_dp_bl.ram18_bl/ADDRARDADDR[8]
  Path Group:             (none)
  Path Type:              Min at Fast Process Corner
  Data Path Delay:        0.709ns  (logic 0.164ns (23.115%)  route 0.545ns (76.885%))
  Logic Levels:           0  
  Clock Uncertainty:      0.190ns  ((TSJ^2 + DJ^2)^1/2) / 2 + PE
    Total System Jitter     (TSJ):    0.050ns
    Discrete Jitter          (DJ):    0.175ns
    Phase Error              (PE):    0.099ns

    Location             Delay type                Incr(ns)  Path(ns)    Netlist Resource(s)
  -------------------------------------------------------------------    -------------------
                         (clock clk_out1_clk_wiz_0 rise edge)
                                                      0.000     0.000 r  
    BUFGCTRL_X0Y2        BUFG                         0.000     0.000 r  clk_IBUF_BUFG_inst/O
                         net (fo=513, routed)         0.745     0.745    datapath/video_inst/mmcm_adv_inst_display_clocks/inst/clk_in1
    MMCME2_ADV_X1Y0      MMCME2_ADV (Prop_mmcme2_adv_CLKIN1_CLKOUT0)
                                                     -1.683    -0.938 r  datapath/video_inst/mmcm_adv_inst_display_clocks/inst/mmcm_adv_inst/CLKOUT0
                         net (fo=1, routed)           0.912    -0.026    datapath/video_inst/mmcm_adv_inst_display_clocks/inst/clk_out1_clk_wiz_0
    BUFGCTRL_X0Y4        BUFG (Prop_bufg_I_O)         0.026    -0.000 r  datapath/video_inst/mmcm_adv_inst_display_clocks/inst/clkout1_buf/O
                         net (fo=64, routed)          0.614     0.614    datapath/video_inst/Inst_vga/vga_signal_generator1/horizontal_counter/clk_out1
    SLICE_X154Y131       FDRE                                         r  datapath/video_inst/Inst_vga/vga_signal_generator1/horizontal_counter/processQ_reg[4]/C
  -------------------------------------------------------------------    -------------------
    SLICE_X154Y131       FDRE (Prop_fdre_C_Q)         0.164     0.778 r  datapath/video_inst/Inst_vga/vga_signal_generator1/horizontal_counter/processQ_reg[4]/Q
                         net (fo=46, routed)          0.545     1.323    datapath/leftChannelMemory/sdp_bl.ramb18_dp_bl.ram18_bl_0[4]
    RAMB18_X8Y50         RAMB18E1                                     r  datapath/leftChannelMemory/sdp_bl.ramb18_dp_bl.ram18_bl/ADDRARDADDR[8]
  -------------------------------------------------------------------    -------------------

Slack:                    inf
  Source:                 datapath/video_inst/Inst_vga/vga_signal_generator1/horizontal_counter/processQ_reg[4]/C
                            (rising edge-triggered cell FDRE clocked by clk_out1_clk_wiz_0  {rise@0.000ns fall@20.000ns period=40.000ns})
  Destination:            datapath/rightChannelMemory/sdp_bl.ramb18_dp_bl.ram18_bl/ADDRARDADDR[8]
  Path Group:             (none)
  Path Type:              Min at Fast Process Corner
  Data Path Delay:        0.709ns  (logic 0.164ns (23.115%)  route 0.545ns (76.885%))
  Logic Levels:           0  
  Clock Uncertainty:      0.190ns  ((TSJ^2 + DJ^2)^1/2) / 2 + PE
    Total System Jitter     (TSJ):    0.050ns
    Discrete Jitter          (DJ):    0.175ns
    Phase Error              (PE):    0.099ns

    Location             Delay type                Incr(ns)  Path(ns)    Netlist Resource(s)
  -------------------------------------------------------------------    -------------------
                         (clock clk_out1_clk_wiz_0 rise edge)
                                                      0.000     0.000 r  
    BUFGCTRL_X0Y2        BUFG                         0.000     0.000 r  clk_IBUF_BUFG_inst/O
                         net (fo=513, routed)         0.745     0.745    datapath/video_inst/mmcm_adv_inst_display_clocks/inst/clk_in1
    MMCME2_ADV_X1Y0      MMCME2_ADV (Prop_mmcme2_adv_CLKIN1_CLKOUT0)
                                                     -1.683    -0.938 r  datapath/video_inst/mmcm_adv_inst_display_clocks/inst/mmcm_adv_inst/CLKOUT0
                         net (fo=1, routed)           0.912    -0.026    datapath/video_inst/mmcm_adv_inst_display_clocks/inst/clk_out1_clk_wiz_0
    BUFGCTRL_X0Y4        BUFG (Prop_bufg_I_O)         0.026    -0.000 r  datapath/video_inst/mmcm_adv_inst_display_clocks/inst/clkout1_buf/O
                         net (fo=64, routed)          0.614     0.614    datapath/video_inst/Inst_vga/vga_signal_generator1/horizontal_counter/clk_out1
    SLICE_X154Y131       FDRE                                         r  datapath/video_inst/Inst_vga/vga_signal_generator1/horizontal_counter/processQ_reg[4]/C
  -------------------------------------------------------------------    -------------------
    SLICE_X154Y131       FDRE (Prop_fdre_C_Q)         0.164     0.778 r  datapath/video_inst/Inst_vga/vga_signal_generator1/horizontal_counter/processQ_reg[4]/Q
                         net (fo=46, routed)          0.545     1.323    datapath/rightChannelMemory/sdp_bl.ramb18_dp_bl.ram18_bl_0[4]
    RAMB18_X8Y51         RAMB18E1                                     r  datapath/rightChannelMemory/sdp_bl.ramb18_dp_bl.ram18_bl/ADDRARDADDR[8]
  -------------------------------------------------------------------    -------------------

Slack:                    inf
  Source:                 datapath/video_inst/Inst_vga/vga_signal_generator1/horizontal_counter/processQ_reg[3]/C
                            (rising edge-triggered cell FDRE clocked by clk_out1_clk_wiz_0  {rise@0.000ns fall@20.000ns period=40.000ns})
  Destination:            datapath/leftChannelMemory/sdp_bl.ramb18_dp_bl.ram18_bl/ADDRARDADDR[7]
  Path Group:             (none)
  Path Type:              Min at Fast Process Corner
  Data Path Delay:        0.731ns  (logic 0.148ns (20.242%)  route 0.583ns (79.758%))
  Logic Levels:           0  
  Clock Uncertainty:      0.190ns  ((TSJ^2 + DJ^2)^1/2) / 2 + PE
    Total System Jitter     (TSJ):    0.050ns
    Discrete Jitter          (DJ):    0.175ns
    Phase Error              (PE):    0.099ns

    Location             Delay type                Incr(ns)  Path(ns)    Netlist Resource(s)
  -------------------------------------------------------------------    -------------------
                         (clock clk_out1_clk_wiz_0 rise edge)
                                                      0.000     0.000 r  
    BUFGCTRL_X0Y2        BUFG                         0.000     0.000 r  clk_IBUF_BUFG_inst/O
                         net (fo=513, routed)         0.745     0.745    datapath/video_inst/mmcm_adv_inst_display_clocks/inst/clk_in1
    MMCME2_ADV_X1Y0      MMCME2_ADV (Prop_mmcme2_adv_CLKIN1_CLKOUT0)
                                                     -1.683    -0.938 r  datapath/video_inst/mmcm_adv_inst_display_clocks/inst/mmcm_adv_inst/CLKOUT0
                         net (fo=1, routed)           0.912    -0.026    datapath/video_inst/mmcm_adv_inst_display_clocks/inst/clk_out1_clk_wiz_0
    BUFGCTRL_X0Y4        BUFG (Prop_bufg_I_O)         0.026    -0.000 r  datapath/video_inst/mmcm_adv_inst_display_clocks/inst/clkout1_buf/O
                         net (fo=64, routed)          0.612     0.612    datapath/video_inst/Inst_vga/vga_signal_generator1/horizontal_counter/clk_out1
    SLICE_X150Y130       FDRE                                         r  datapath/video_inst/Inst_vga/vga_signal_generator1/horizontal_counter/processQ_reg[3]/C
  -------------------------------------------------------------------    -------------------
    SLICE_X150Y130       FDRE (Prop_fdre_C_Q)         0.148     0.760 r  datapath/video_inst/Inst_vga/vga_signal_generator1/horizontal_counter/processQ_reg[3]/Q
                         net (fo=60, routed)          0.583     1.343    datapath/leftChannelMemory/sdp_bl.ramb18_dp_bl.ram18_bl_0[3]
    RAMB18_X8Y50         RAMB18E1                                     r  datapath/leftChannelMemory/sdp_bl.ramb18_dp_bl.ram18_bl/ADDRARDADDR[7]
  -------------------------------------------------------------------    -------------------

Slack:                    inf
  Source:                 datapath/video_inst/Inst_vga/vga_signal_generator1/horizontal_counter/processQ_reg[3]/C
                            (rising edge-triggered cell FDRE clocked by clk_out1_clk_wiz_0  {rise@0.000ns fall@20.000ns period=40.000ns})
  Destination:            datapath/rightChannelMemory/sdp_bl.ramb18_dp_bl.ram18_bl/ADDRARDADDR[7]
  Path Group:             (none)
  Path Type:              Min at Fast Process Corner
  Data Path Delay:        0.731ns  (logic 0.148ns (20.242%)  route 0.583ns (79.758%))
  Logic Levels:           0  
  Clock Uncertainty:      0.190ns  ((TSJ^2 + DJ^2)^1/2) / 2 + PE
    Total System Jitter     (TSJ):    0.050ns
    Discrete Jitter          (DJ):    0.175ns
    Phase Error              (PE):    0.099ns

    Location             Delay type                Incr(ns)  Path(ns)    Netlist Resource(s)
  -------------------------------------------------------------------    -------------------
                         (clock clk_out1_clk_wiz_0 rise edge)
                                                      0.000     0.000 r  
    BUFGCTRL_X0Y2        BUFG                         0.000     0.000 r  clk_IBUF_BUFG_inst/O
                         net (fo=513, routed)         0.745     0.745    datapath/video_inst/mmcm_adv_inst_display_clocks/inst/clk_in1
    MMCME2_ADV_X1Y0      MMCME2_ADV (Prop_mmcme2_adv_CLKIN1_CLKOUT0)
                                                     -1.683    -0.938 r  datapath/video_inst/mmcm_adv_inst_display_clocks/inst/mmcm_adv_inst/CLKOUT0
                         net (fo=1, routed)           0.912    -0.026    datapath/video_inst/mmcm_adv_inst_display_clocks/inst/clk_out1_clk_wiz_0
    BUFGCTRL_X0Y4        BUFG (Prop_bufg_I_O)         0.026    -0.000 r  datapath/video_inst/mmcm_adv_inst_display_clocks/inst/clkout1_buf/O
                         net (fo=64, routed)          0.612     0.612    datapath/video_inst/Inst_vga/vga_signal_generator1/horizontal_counter/clk_out1
    SLICE_X150Y130       FDRE                                         r  datapath/video_inst/Inst_vga/vga_signal_generator1/horizontal_counter/processQ_reg[3]/C
  -------------------------------------------------------------------    -------------------
    SLICE_X150Y130       FDRE (Prop_fdre_C_Q)         0.148     0.760 r  datapath/video_inst/Inst_vga/vga_signal_generator1/horizontal_counter/processQ_reg[3]/Q
                         net (fo=60, routed)          0.583     1.343    datapath/rightChannelMemory/sdp_bl.ramb18_dp_bl.ram18_bl_0[3]
    RAMB18_X8Y51         RAMB18E1                                     r  datapath/rightChannelMemory/sdp_bl.ramb18_dp_bl.ram18_bl/ADDRARDADDR[7]
  -------------------------------------------------------------------    -------------------

Slack:                    inf
  Source:                 datapath/video_inst/Inst_vga/vga_signal_generator1/horizontal_counter/processQ_reg[9]/C
                            (rising edge-triggered cell FDRE clocked by clk_out1_clk_wiz_0  {rise@0.000ns fall@20.000ns period=40.000ns})
  Destination:            datapath/leftChannelMemory/sdp_bl.ramb18_dp_bl.ram18_bl/ADDRARDADDR[13]
  Path Group:             (none)
  Path Type:              Min at Fast Process Corner
  Data Path Delay:        0.734ns  (logic 0.164ns (22.352%)  route 0.570ns (77.648%))
  Logic Levels:           0  
  Clock Uncertainty:      0.190ns  ((TSJ^2 + DJ^2)^1/2) / 2 + PE
    Total System Jitter     (TSJ):    0.050ns
    Discrete Jitter          (DJ):    0.175ns
    Phase Error              (PE):    0.099ns

    Location             Delay type                Incr(ns)  Path(ns)    Netlist Resource(s)
  -------------------------------------------------------------------    -------------------
                         (clock clk_out1_clk_wiz_0 rise edge)
                                                      0.000     0.000 r  
    BUFGCTRL_X0Y2        BUFG                         0.000     0.000 r  clk_IBUF_BUFG_inst/O
                         net (fo=513, routed)         0.745     0.745    datapath/video_inst/mmcm_adv_inst_display_clocks/inst/clk_in1
    MMCME2_ADV_X1Y0      MMCME2_ADV (Prop_mmcme2_adv_CLKIN1_CLKOUT0)
                                                     -1.683    -0.938 r  datapath/video_inst/mmcm_adv_inst_display_clocks/inst/mmcm_adv_inst/CLKOUT0
                         net (fo=1, routed)           0.912    -0.026    datapath/video_inst/mmcm_adv_inst_display_clocks/inst/clk_out1_clk_wiz_0
    BUFGCTRL_X0Y4        BUFG (Prop_bufg_I_O)         0.026    -0.000 r  datapath/video_inst/mmcm_adv_inst_display_clocks/inst/clkout1_buf/O
                         net (fo=64, routed)          0.612     0.612    datapath/video_inst/Inst_vga/vga_signal_generator1/horizontal_counter/clk_out1
    SLICE_X150Y130       FDRE                                         r  datapath/video_inst/Inst_vga/vga_signal_generator1/horizontal_counter/processQ_reg[9]/C
  -------------------------------------------------------------------    -------------------
    SLICE_X150Y130       FDRE (Prop_fdre_C_Q)         0.164     0.776 r  datapath/video_inst/Inst_vga/vga_signal_generator1/horizontal_counter/processQ_reg[9]/Q
                         net (fo=65, routed)          0.570     1.345    datapath/leftChannelMemory/sdp_bl.ramb18_dp_bl.ram18_bl_0[9]
    RAMB18_X8Y50         RAMB18E1                                     r  datapath/leftChannelMemory/sdp_bl.ramb18_dp_bl.ram18_bl/ADDRARDADDR[13]
  -------------------------------------------------------------------    -------------------

Slack:                    inf
  Source:                 datapath/video_inst/Inst_vga/vga_signal_generator1/horizontal_counter/processQ_reg[9]/C
                            (rising edge-triggered cell FDRE clocked by clk_out1_clk_wiz_0  {rise@0.000ns fall@20.000ns period=40.000ns})
  Destination:            datapath/rightChannelMemory/sdp_bl.ramb18_dp_bl.ram18_bl/ADDRARDADDR[13]
  Path Group:             (none)
  Path Type:              Min at Fast Process Corner
  Data Path Delay:        0.734ns  (logic 0.164ns (22.352%)  route 0.570ns (77.648%))
  Logic Levels:           0  
  Clock Uncertainty:      0.190ns  ((TSJ^2 + DJ^2)^1/2) / 2 + PE
    Total System Jitter     (TSJ):    0.050ns
    Discrete Jitter          (DJ):    0.175ns
    Phase Error              (PE):    0.099ns

    Location             Delay type                Incr(ns)  Path(ns)    Netlist Resource(s)
  -------------------------------------------------------------------    -------------------
                         (clock clk_out1_clk_wiz_0 rise edge)
                                                      0.000     0.000 r  
    BUFGCTRL_X0Y2        BUFG                         0.000     0.000 r  clk_IBUF_BUFG_inst/O
                         net (fo=513, routed)         0.745     0.745    datapath/video_inst/mmcm_adv_inst_display_clocks/inst/clk_in1
    MMCME2_ADV_X1Y0      MMCME2_ADV (Prop_mmcme2_adv_CLKIN1_CLKOUT0)
                                                     -1.683    -0.938 r  datapath/video_inst/mmcm_adv_inst_display_clocks/inst/mmcm_adv_inst/CLKOUT0
                         net (fo=1, routed)           0.912    -0.026    datapath/video_inst/mmcm_adv_inst_display_clocks/inst/clk_out1_clk_wiz_0
    BUFGCTRL_X0Y4        BUFG (Prop_bufg_I_O)         0.026    -0.000 r  datapath/video_inst/mmcm_adv_inst_display_clocks/inst/clkout1_buf/O
                         net (fo=64, routed)          0.612     0.612    datapath/video_inst/Inst_vga/vga_signal_generator1/horizontal_counter/clk_out1
    SLICE_X150Y130       FDRE                                         r  datapath/video_inst/Inst_vga/vga_signal_generator1/horizontal_counter/processQ_reg[9]/C
  -------------------------------------------------------------------    -------------------
    SLICE_X150Y130       FDRE (Prop_fdre_C_Q)         0.164     0.776 r  datapath/video_inst/Inst_vga/vga_signal_generator1/horizontal_counter/processQ_reg[9]/Q
                         net (fo=65, routed)          0.570     1.345    datapath/rightChannelMemory/sdp_bl.ramb18_dp_bl.ram18_bl_0[9]
    RAMB18_X8Y51         RAMB18E1                                     r  datapath/rightChannelMemory/sdp_bl.ramb18_dp_bl.ram18_bl/ADDRARDADDR[13]
  -------------------------------------------------------------------    -------------------

Slack:                    inf
  Source:                 datapath/video_inst/Inst_vga/vga_signal_generator1/horizontal_counter/processQ_reg[0]/C
                            (rising edge-triggered cell FDRE clocked by clk_out1_clk_wiz_0  {rise@0.000ns fall@20.000ns period=40.000ns})
  Destination:            datapath/leftChannelMemory/sdp_bl.ramb18_dp_bl.ram18_bl/ADDRARDADDR[4]
  Path Group:             (none)
  Path Type:              Min at Fast Process Corner
  Data Path Delay:        0.879ns  (logic 0.164ns (18.654%)  route 0.715ns (81.346%))
  Logic Levels:           0  
  Clock Uncertainty:      0.190ns  ((TSJ^2 + DJ^2)^1/2) / 2 + PE
    Total System Jitter     (TSJ):    0.050ns
    Discrete Jitter          (DJ):    0.175ns
    Phase Error              (PE):    0.099ns

    Location             Delay type                Incr(ns)  Path(ns)    Netlist Resource(s)
  -------------------------------------------------------------------    -------------------
                         (clock clk_out1_clk_wiz_0 rise edge)
                                                      0.000     0.000 r  
    BUFGCTRL_X0Y2        BUFG                         0.000     0.000 r  clk_IBUF_BUFG_inst/O
                         net (fo=513, routed)         0.745     0.745    datapath/video_inst/mmcm_adv_inst_display_clocks/inst/clk_in1
    MMCME2_ADV_X1Y0      MMCME2_ADV (Prop_mmcme2_adv_CLKIN1_CLKOUT0)
                                                     -1.683    -0.938 r  datapath/video_inst/mmcm_adv_inst_display_clocks/inst/mmcm_adv_inst/CLKOUT0
                         net (fo=1, routed)           0.912    -0.026    datapath/video_inst/mmcm_adv_inst_display_clocks/inst/clk_out1_clk_wiz_0
    BUFGCTRL_X0Y4        BUFG (Prop_bufg_I_O)         0.026    -0.000 r  datapath/video_inst/mmcm_adv_inst_display_clocks/inst/clkout1_buf/O
                         net (fo=64, routed)          0.614     0.614    datapath/video_inst/Inst_vga/vga_signal_generator1/horizontal_counter/clk_out1
    SLICE_X154Y131       FDRE                                         r  datapath/video_inst/Inst_vga/vga_signal_generator1/horizontal_counter/processQ_reg[0]/C
  -------------------------------------------------------------------    -------------------
    SLICE_X154Y131       FDRE (Prop_fdre_C_Q)         0.164     0.778 r  datapath/video_inst/Inst_vga/vga_signal_generator1/horizontal_counter/processQ_reg[0]/Q
                         net (fo=32, routed)          0.715     1.493    datapath/leftChannelMemory/sdp_bl.ramb18_dp_bl.ram18_bl_0[0]
    RAMB18_X8Y50         RAMB18E1                                     r  datapath/leftChannelMemory/sdp_bl.ramb18_dp_bl.ram18_bl/ADDRARDADDR[4]
  -------------------------------------------------------------------    -------------------

Slack:                    inf
  Source:                 datapath/video_inst/Inst_vga/vga_signal_generator1/horizontal_counter/processQ_reg[0]/C
                            (rising edge-triggered cell FDRE clocked by clk_out1_clk_wiz_0  {rise@0.000ns fall@20.000ns period=40.000ns})
  Destination:            datapath/rightChannelMemory/sdp_bl.ramb18_dp_bl.ram18_bl/ADDRARDADDR[4]
  Path Group:             (none)
  Path Type:              Min at Fast Process Corner
  Data Path Delay:        0.879ns  (logic 0.164ns (18.654%)  route 0.715ns (81.346%))
  Logic Levels:           0  
  Clock Uncertainty:      0.190ns  ((TSJ^2 + DJ^2)^1/2) / 2 + PE
    Total System Jitter     (TSJ):    0.050ns
    Discrete Jitter          (DJ):    0.175ns
    Phase Error              (PE):    0.099ns

    Location             Delay type                Incr(ns)  Path(ns)    Netlist Resource(s)
  -------------------------------------------------------------------    -------------------
                         (clock clk_out1_clk_wiz_0 rise edge)
                                                      0.000     0.000 r  
    BUFGCTRL_X0Y2        BUFG                         0.000     0.000 r  clk_IBUF_BUFG_inst/O
                         net (fo=513, routed)         0.745     0.745    datapath/video_inst/mmcm_adv_inst_display_clocks/inst/clk_in1
    MMCME2_ADV_X1Y0      MMCME2_ADV (Prop_mmcme2_adv_CLKIN1_CLKOUT0)
                                                     -1.683    -0.938 r  datapath/video_inst/mmcm_adv_inst_display_clocks/inst/mmcm_adv_inst/CLKOUT0
                         net (fo=1, routed)           0.912    -0.026    datapath/video_inst/mmcm_adv_inst_display_clocks/inst/clk_out1_clk_wiz_0
    BUFGCTRL_X0Y4        BUFG (Prop_bufg_I_O)         0.026    -0.000 r  datapath/video_inst/mmcm_adv_inst_display_clocks/inst/clkout1_buf/O
                         net (fo=64, routed)          0.614     0.614    datapath/video_inst/Inst_vga/vga_signal_generator1/horizontal_counter/clk_out1
    SLICE_X154Y131       FDRE                                         r  datapath/video_inst/Inst_vga/vga_signal_generator1/horizontal_counter/processQ_reg[0]/C
  -------------------------------------------------------------------    -------------------
    SLICE_X154Y131       FDRE (Prop_fdre_C_Q)         0.164     0.778 r  datapath/video_inst/Inst_vga/vga_signal_generator1/horizontal_counter/processQ_reg[0]/Q
                         net (fo=32, routed)          0.715     1.493    datapath/rightChannelMemory/sdp_bl.ramb18_dp_bl.ram18_bl_0[0]
    RAMB18_X8Y51         RAMB18E1                                     r  datapath/rightChannelMemory/sdp_bl.ramb18_dp_bl.ram18_bl/ADDRARDADDR[4]
  -------------------------------------------------------------------    -------------------





--------------------------------------------------------------------------------------
Path Group:  (none)
From Clock:  clk_out1_clk_wiz_1
  To Clock:  

Max Delay             1 Endpoint
Min Delay             1 Endpoint
--------------------------------------------------------------------------------------


Max Delay Paths
--------------------------------------------------------------------------------------
Slack:                    inf
  Source:                 datapath/Audio_Codec/audiocodec_master_clock/inst/mmcm_adv_inst/CLKOUT0
                            (clock source 'clk_out1_clk_wiz_1'  {rise@0.000ns fall@40.688ns period=81.375ns})
  Destination:            ac_mclk
                            (output port)
  Path Group:             (none)
  Path Type:              Max at Slow Process Corner
  Data Path Delay:        8.601ns  (logic 3.632ns (42.233%)  route 4.969ns (57.767%))
  Logic Levels:           2  (BUFG=1 OBUF=1)
  Clock Uncertainty:      0.202ns  ((TSJ^2 + DJ^2)^1/2) / 2 + PE
    Total System Jitter     (TSJ):    0.050ns
    Discrete Jitter          (DJ):    0.201ns
    Phase Error              (PE):    0.099ns

    Location             Delay type                Incr(ns)  Path(ns)    Netlist Resource(s)
  -------------------------------------------------------------------    -------------------
                         (clock clk_out1_clk_wiz_1 fall edge)
                                                     40.688    40.688 f  
    BUFGCTRL_X0Y2        BUFG                         0.000    40.688 f  clk_IBUF_BUFG_inst/O
                         net (fo=513, routed)         1.761    42.449    datapath/Audio_Codec/audiocodec_master_clock/inst/clk_in1
  -------------------------------------------------------------------    -------------------
    MMCME2_ADV_X0Y2      MMCME2_ADV (Prop_mmcme2_adv_CLKIN1_CLKOUT0)
                                                     -3.701    38.748 f  datapath/Audio_Codec/audiocodec_master_clock/inst/mmcm_adv_inst/CLKOUT0
                         net (fo=1, routed)           1.843    40.591    datapath/Audio_Codec/audiocodec_master_clock/inst/clk_out1_clk_wiz_1
    BUFGCTRL_X0Y1        BUFG (Prop_bufg_I_O)         0.096    40.687 f  datapath/Audio_Codec/audiocodec_master_clock/inst/clkout1_buf/O
                         net (fo=1, routed)           3.125    43.813    ac_mclk_OBUF
    U6                   OBUF (Prop_obuf_I_O)         3.536    47.349 f  ac_mclk_OBUF_inst/O
                         net (fo=0)                   0.000    47.349    ac_mclk
    U6                                                                f  ac_mclk (OUT)
  -------------------------------------------------------------------    -------------------





Min Delay Paths
--------------------------------------------------------------------------------------
Slack:                    inf
  Source:                 datapath/Audio_Codec/audiocodec_master_clock/inst/mmcm_adv_inst/CLKOUT0
                            (clock source 'clk_out1_clk_wiz_1'  {rise@0.000ns fall@40.688ns period=81.375ns})
  Destination:            ac_mclk
                            (output port)
  Path Group:             (none)
  Path Type:              Min at Fast Process Corner
  Data Path Delay:        2.605ns  (logic 1.263ns (48.503%)  route 1.341ns (51.497%))
  Logic Levels:           2  (BUFG=1 OBUF=1)
  Clock Uncertainty:      0.202ns  ((TSJ^2 + DJ^2)^1/2) / 2 + PE
    Total System Jitter     (TSJ):    0.050ns
    Discrete Jitter          (DJ):    0.201ns
    Phase Error              (PE):    0.099ns

    Location             Delay type                Incr(ns)  Path(ns)    Netlist Resource(s)
  -------------------------------------------------------------------    -------------------
                         (clock clk_out1_clk_wiz_1 rise edge)
                                                      0.000     0.000 r  
    BUFGCTRL_X0Y2        BUFG                         0.000     0.000 r  clk_IBUF_BUFG_inst/O
                         net (fo=513, routed)         0.610     0.610    datapath/Audio_Codec/audiocodec_master_clock/inst/clk_in1
  -------------------------------------------------------------------    -------------------
    MMCME2_ADV_X0Y2      MMCME2_ADV (Prop_mmcme2_adv_CLKIN1_CLKOUT0)
                                                     -1.180    -0.571 r  datapath/Audio_Codec/audiocodec_master_clock/inst/mmcm_adv_inst/CLKOUT0
                         net (fo=1, routed)           0.545    -0.026    datapath/Audio_Codec/audiocodec_master_clock/inst/clk_out1_clk_wiz_1
    BUFGCTRL_X0Y1        BUFG (Prop_bufg_I_O)         0.026     0.000 r  datapath/Audio_Codec/audiocodec_master_clock/inst/clkout1_buf/O
                         net (fo=1, routed)           0.796     0.796    ac_mclk_OBUF
    U6                   OBUF (Prop_obuf_I_O)         1.237     2.034 r  ac_mclk_OBUF_inst/O
                         net (fo=0)                   0.000     2.034    ac_mclk
    U6                                                                r  ac_mclk (OUT)
  -------------------------------------------------------------------    -------------------





--------------------------------------------------------------------------------------
Path Group:  (none)
From Clock:  clk_out2_clk_wiz_0
  To Clock:  

Max Delay             8 Endpoints
Min Delay             8 Endpoints
--------------------------------------------------------------------------------------


Max Delay Paths
--------------------------------------------------------------------------------------
Slack:                    inf
  Source:                 datapath/video_inst/inst_dvid/ODDR2_red/C
                            (falling edge-triggered cell ODDR clocked by clk_out2_clk_wiz_0  {rise@0.000ns fall@4.000ns period=8.000ns})
  Destination:            tmdsb[2]
                            (output port)
  Path Group:             (none)
  Path Type:              Max at Slow Process Corner
  Data Path Delay:        2.370ns  (logic 2.369ns (99.958%)  route 0.001ns (0.042%))
  Logic Levels:           1  (OBUFDS=1)
  Clock Uncertainty:      0.166ns  ((TSJ^2 + DJ^2)^1/2) / 2 + PE
    Total System Jitter     (TSJ):    0.050ns
    Discrete Jitter          (DJ):    0.125ns
    Phase Error              (PE):    0.099ns

    Location             Delay type                Incr(ns)  Path(ns)    Netlist Resource(s)
  -------------------------------------------------------------------    -------------------
                         (clock clk_out2_clk_wiz_0 fall edge)
                                                      4.000     4.000 f  
    BUFGCTRL_X0Y2        BUFG                         0.000     4.000 f  clk_IBUF_BUFG_inst/O
                         net (fo=513, routed)         2.106     6.106    datapath/video_inst/mmcm_adv_inst_display_clocks/inst/clk_in1
    MMCME2_ADV_X1Y0      MMCME2_ADV (Prop_mmcme2_adv_CLKIN1_CLKOUT1)
                                                     -4.900     1.207 f  datapath/video_inst/mmcm_adv_inst_display_clocks/inst/mmcm_adv_inst/CLKOUT1
                         net (fo=1, routed)           2.697     3.904    datapath/video_inst/mmcm_adv_inst_display_clocks/inst/clk_out2_clk_wiz_0
    BUFGCTRL_X0Y0        BUFG (Prop_bufg_I_O)         0.096     4.000 f  datapath/video_inst/mmcm_adv_inst_display_clocks/inst/clkout2_buf/O
                         net (fo=44, routed)          1.831     5.831    datapath/video_inst/inst_dvid/clk_out2
    OLOGIC_X1Y134        ODDR                                         f  datapath/video_inst/inst_dvid/ODDR2_red/C
  -------------------------------------------------------------------    -------------------
    OLOGIC_X1Y134        ODDR (Prop_oddr_C_Q)         0.472     6.303 r  datapath/video_inst/inst_dvid/ODDR2_red/Q
                         net (fo=1, routed)           0.001     6.304    datapath/video_inst/red_s
    AB3                  OBUFDS (Prop_obufds_I_OB)    1.897     8.201 r  datapath/video_inst/OBUFDS_green/OB
                         net (fo=0)                   0.000     8.201    tmdsb[2]
    AB2                                                               r  tmdsb[2] (OUT)
  -------------------------------------------------------------------    -------------------

Slack:                    inf
  Source:                 datapath/video_inst/inst_dvid/ODDR2_green/C
                            (falling edge-triggered cell ODDR clocked by clk_out2_clk_wiz_0  {rise@0.000ns fall@4.000ns period=8.000ns})
  Destination:            tmdsb[1]
                            (output port)
  Path Group:             (none)
  Path Type:              Max at Slow Process Corner
  Data Path Delay:        2.369ns  (logic 2.368ns (99.958%)  route 0.001ns (0.042%))
  Logic Levels:           1  (OBUFDS=1)
  Clock Uncertainty:      0.166ns  ((TSJ^2 + DJ^2)^1/2) / 2 + PE
    Total System Jitter     (TSJ):    0.050ns
    Discrete Jitter          (DJ):    0.125ns
    Phase Error              (PE):    0.099ns

    Location             Delay type                Incr(ns)  Path(ns)    Netlist Resource(s)
  -------------------------------------------------------------------    -------------------
                         (clock clk_out2_clk_wiz_0 fall edge)
                                                      4.000     4.000 f  
    BUFGCTRL_X0Y2        BUFG                         0.000     4.000 f  clk_IBUF_BUFG_inst/O
                         net (fo=513, routed)         2.106     6.106    datapath/video_inst/mmcm_adv_inst_display_clocks/inst/clk_in1
    MMCME2_ADV_X1Y0      MMCME2_ADV (Prop_mmcme2_adv_CLKIN1_CLKOUT1)
                                                     -4.900     1.207 f  datapath/video_inst/mmcm_adv_inst_display_clocks/inst/mmcm_adv_inst/CLKOUT1
                         net (fo=1, routed)           2.697     3.904    datapath/video_inst/mmcm_adv_inst_display_clocks/inst/clk_out2_clk_wiz_0
    BUFGCTRL_X0Y0        BUFG (Prop_bufg_I_O)         0.096     4.000 f  datapath/video_inst/mmcm_adv_inst_display_clocks/inst/clkout2_buf/O
                         net (fo=44, routed)          1.832     5.832    datapath/video_inst/inst_dvid/clk_out2
    OLOGIC_X1Y136        ODDR                                         f  datapath/video_inst/inst_dvid/ODDR2_green/C
  -------------------------------------------------------------------    -------------------
    OLOGIC_X1Y136        ODDR (Prop_oddr_C_Q)         0.472     6.304 r  datapath/video_inst/inst_dvid/ODDR2_green/Q
                         net (fo=1, routed)           0.001     6.305    datapath/video_inst/green_s
    AA1                  OBUFDS (Prop_obufds_I_OB)    1.896     8.201 r  datapath/video_inst/OBUFDS_red/OB
                         net (fo=0)                   0.000     8.201    tmdsb[1]
    AB1                                                               r  tmdsb[1] (OUT)
  -------------------------------------------------------------------    -------------------

Slack:                    inf
  Source:                 datapath/video_inst/inst_dvid/ODDR2_red/C
                            (falling edge-triggered cell ODDR clocked by clk_out2_clk_wiz_0  {rise@0.000ns fall@4.000ns period=8.000ns})
  Destination:            tmds[2]
                            (output port)
  Path Group:             (none)
  Path Type:              Max at Slow Process Corner
  Data Path Delay:        2.369ns  (logic 2.368ns (99.958%)  route 0.001ns (0.042%))
  Logic Levels:           1  (OBUFDS=1)
  Clock Uncertainty:      0.166ns  ((TSJ^2 + DJ^2)^1/2) / 2 + PE
    Total System Jitter     (TSJ):    0.050ns
    Discrete Jitter          (DJ):    0.125ns
    Phase Error              (PE):    0.099ns

    Location             Delay type                Incr(ns)  Path(ns)    Netlist Resource(s)
  -------------------------------------------------------------------    -------------------
                         (clock clk_out2_clk_wiz_0 fall edge)
                                                      4.000     4.000 f  
    BUFGCTRL_X0Y2        BUFG                         0.000     4.000 f  clk_IBUF_BUFG_inst/O
                         net (fo=513, routed)         2.106     6.106    datapath/video_inst/mmcm_adv_inst_display_clocks/inst/clk_in1
    MMCME2_ADV_X1Y0      MMCME2_ADV (Prop_mmcme2_adv_CLKIN1_CLKOUT1)
                                                     -4.900     1.207 f  datapath/video_inst/mmcm_adv_inst_display_clocks/inst/mmcm_adv_inst/CLKOUT1
                         net (fo=1, routed)           2.697     3.904    datapath/video_inst/mmcm_adv_inst_display_clocks/inst/clk_out2_clk_wiz_0
    BUFGCTRL_X0Y0        BUFG (Prop_bufg_I_O)         0.096     4.000 f  datapath/video_inst/mmcm_adv_inst_display_clocks/inst/clkout2_buf/O
                         net (fo=44, routed)          1.831     5.831    datapath/video_inst/inst_dvid/clk_out2
    OLOGIC_X1Y134        ODDR                                         f  datapath/video_inst/inst_dvid/ODDR2_red/C
  -------------------------------------------------------------------    -------------------
    OLOGIC_X1Y134        ODDR (Prop_oddr_C_Q)         0.472     6.303 r  datapath/video_inst/inst_dvid/ODDR2_red/Q
                         net (fo=1, routed)           0.001     6.304    datapath/video_inst/red_s
    AB3                  OBUFDS (Prop_obufds_I_O)     1.896     8.200 r  datapath/video_inst/OBUFDS_green/O
                         net (fo=0)                   0.000     8.200    tmds[2]
    AB3                                                               r  tmds[2] (OUT)
  -------------------------------------------------------------------    -------------------

Slack:                    inf
  Source:                 datapath/video_inst/inst_dvid/ODDR2_green/C
                            (falling edge-triggered cell ODDR clocked by clk_out2_clk_wiz_0  {rise@0.000ns fall@4.000ns period=8.000ns})
  Destination:            tmds[1]
                            (output port)
  Path Group:             (none)
  Path Type:              Max at Slow Process Corner
  Data Path Delay:        2.368ns  (logic 2.367ns (99.958%)  route 0.001ns (0.042%))
  Logic Levels:           1  (OBUFDS=1)
  Clock Uncertainty:      0.166ns  ((TSJ^2 + DJ^2)^1/2) / 2 + PE
    Total System Jitter     (TSJ):    0.050ns
    Discrete Jitter          (DJ):    0.125ns
    Phase Error              (PE):    0.099ns

    Location             Delay type                Incr(ns)  Path(ns)    Netlist Resource(s)
  -------------------------------------------------------------------    -------------------
                         (clock clk_out2_clk_wiz_0 fall edge)
                                                      4.000     4.000 f  
    BUFGCTRL_X0Y2        BUFG                         0.000     4.000 f  clk_IBUF_BUFG_inst/O
                         net (fo=513, routed)         2.106     6.106    datapath/video_inst/mmcm_adv_inst_display_clocks/inst/clk_in1
    MMCME2_ADV_X1Y0      MMCME2_ADV (Prop_mmcme2_adv_CLKIN1_CLKOUT1)
                                                     -4.900     1.207 f  datapath/video_inst/mmcm_adv_inst_display_clocks/inst/mmcm_adv_inst/CLKOUT1
                         net (fo=1, routed)           2.697     3.904    datapath/video_inst/mmcm_adv_inst_display_clocks/inst/clk_out2_clk_wiz_0
    BUFGCTRL_X0Y0        BUFG (Prop_bufg_I_O)         0.096     4.000 f  datapath/video_inst/mmcm_adv_inst_display_clocks/inst/clkout2_buf/O
                         net (fo=44, routed)          1.832     5.832    datapath/video_inst/inst_dvid/clk_out2
    OLOGIC_X1Y136        ODDR                                         f  datapath/video_inst/inst_dvid/ODDR2_green/C
  -------------------------------------------------------------------    -------------------
    OLOGIC_X1Y136        ODDR (Prop_oddr_C_Q)         0.472     6.304 r  datapath/video_inst/inst_dvid/ODDR2_green/Q
                         net (fo=1, routed)           0.001     6.305    datapath/video_inst/green_s
    AA1                  OBUFDS (Prop_obufds_I_O)     1.895     8.200 r  datapath/video_inst/OBUFDS_red/O
                         net (fo=0)                   0.000     8.200    tmds[1]
    AA1                                                               r  tmds[1] (OUT)
  -------------------------------------------------------------------    -------------------

Slack:                    inf
  Source:                 datapath/video_inst/inst_dvid/ODDR2_blue/C
                            (falling edge-triggered cell ODDR clocked by clk_out2_clk_wiz_0  {rise@0.000ns fall@4.000ns period=8.000ns})
  Destination:            tmdsb[0]
                            (output port)
  Path Group:             (none)
  Path Type:              Max at Slow Process Corner
  Data Path Delay:        2.358ns  (logic 2.357ns (99.958%)  route 0.001ns (0.042%))
  Logic Levels:           1  (OBUFDS=1)
  Clock Uncertainty:      0.166ns  ((TSJ^2 + DJ^2)^1/2) / 2 + PE
    Total System Jitter     (TSJ):    0.050ns
    Discrete Jitter          (DJ):    0.125ns
    Phase Error              (PE):    0.099ns

    Location             Delay type                Incr(ns)  Path(ns)    Netlist Resource(s)
  -------------------------------------------------------------------    -------------------
                         (clock clk_out2_clk_wiz_0 fall edge)
                                                      4.000     4.000 f  
    BUFGCTRL_X0Y2        BUFG                         0.000     4.000 f  clk_IBUF_BUFG_inst/O
                         net (fo=513, routed)         2.106     6.106    datapath/video_inst/mmcm_adv_inst_display_clocks/inst/clk_in1
    MMCME2_ADV_X1Y0      MMCME2_ADV (Prop_mmcme2_adv_CLKIN1_CLKOUT1)
                                                     -4.900     1.207 f  datapath/video_inst/mmcm_adv_inst_display_clocks/inst/mmcm_adv_inst/CLKOUT1
                         net (fo=1, routed)           2.697     3.904    datapath/video_inst/mmcm_adv_inst_display_clocks/inst/clk_out2_clk_wiz_0
    BUFGCTRL_X0Y0        BUFG (Prop_bufg_I_O)         0.096     4.000 f  datapath/video_inst/mmcm_adv_inst_display_clocks/inst/clkout2_buf/O
                         net (fo=44, routed)          1.835     5.835    datapath/video_inst/inst_dvid/clk_out2
    OLOGIC_X1Y140        ODDR                                         f  datapath/video_inst/inst_dvid/ODDR2_blue/C
  -------------------------------------------------------------------    -------------------
    OLOGIC_X1Y140        ODDR (Prop_oddr_C_Q)         0.472     6.307 r  datapath/video_inst/inst_dvid/ODDR2_blue/Q
                         net (fo=1, routed)           0.001     6.308    datapath/video_inst/blue_s
    W1                   OBUFDS (Prop_obufds_I_OB)    1.885     8.193 r  datapath/video_inst/OBUFDS_blue/OB
                         net (fo=0)                   0.000     8.193    tmdsb[0]
    Y1                                                                r  tmdsb[0] (OUT)
  -------------------------------------------------------------------    -------------------

Slack:                    inf
  Source:                 datapath/video_inst/inst_dvid/ODDR2_blue/C
                            (falling edge-triggered cell ODDR clocked by clk_out2_clk_wiz_0  {rise@0.000ns fall@4.000ns period=8.000ns})
  Destination:            tmds[0]
                            (output port)
  Path Group:             (none)
  Path Type:              Max at Slow Process Corner
  Data Path Delay:        2.357ns  (logic 2.356ns (99.958%)  route 0.001ns (0.042%))
  Logic Levels:           1  (OBUFDS=1)
  Clock Uncertainty:      0.166ns  ((TSJ^2 + DJ^2)^1/2) / 2 + PE
    Total System Jitter     (TSJ):    0.050ns
    Discrete Jitter          (DJ):    0.125ns
    Phase Error              (PE):    0.099ns

    Location             Delay type                Incr(ns)  Path(ns)    Netlist Resource(s)
  -------------------------------------------------------------------    -------------------
                         (clock clk_out2_clk_wiz_0 fall edge)
                                                      4.000     4.000 f  
    BUFGCTRL_X0Y2        BUFG                         0.000     4.000 f  clk_IBUF_BUFG_inst/O
                         net (fo=513, routed)         2.106     6.106    datapath/video_inst/mmcm_adv_inst_display_clocks/inst/clk_in1
    MMCME2_ADV_X1Y0      MMCME2_ADV (Prop_mmcme2_adv_CLKIN1_CLKOUT1)
                                                     -4.900     1.207 f  datapath/video_inst/mmcm_adv_inst_display_clocks/inst/mmcm_adv_inst/CLKOUT1
                         net (fo=1, routed)           2.697     3.904    datapath/video_inst/mmcm_adv_inst_display_clocks/inst/clk_out2_clk_wiz_0
    BUFGCTRL_X0Y0        BUFG (Prop_bufg_I_O)         0.096     4.000 f  datapath/video_inst/mmcm_adv_inst_display_clocks/inst/clkout2_buf/O
                         net (fo=44, routed)          1.835     5.835    datapath/video_inst/inst_dvid/clk_out2
    OLOGIC_X1Y140        ODDR                                         f  datapath/video_inst/inst_dvid/ODDR2_blue/C
  -------------------------------------------------------------------    -------------------
    OLOGIC_X1Y140        ODDR (Prop_oddr_C_Q)         0.472     6.307 r  datapath/video_inst/inst_dvid/ODDR2_blue/Q
                         net (fo=1, routed)           0.001     6.308    datapath/video_inst/blue_s
    W1                   OBUFDS (Prop_obufds_I_O)     1.884     8.192 r  datapath/video_inst/OBUFDS_blue/O
                         net (fo=0)                   0.000     8.192    tmds[0]
    W1                                                                r  tmds[0] (OUT)
  -------------------------------------------------------------------    -------------------

Slack:                    inf
  Source:                 datapath/video_inst/inst_dvid/ODDR2_clock/C
                            (falling edge-triggered cell ODDR clocked by clk_out2_clk_wiz_0  {rise@0.000ns fall@4.000ns period=8.000ns})
  Destination:            tmdsb[3]
                            (output port)
  Path Group:             (none)
  Path Type:              Max at Slow Process Corner
  Data Path Delay:        2.341ns  (logic 2.340ns (99.957%)  route 0.001ns (0.043%))
  Logic Levels:           1  (OBUFDS=1)
  Clock Uncertainty:      0.166ns  ((TSJ^2 + DJ^2)^1/2) / 2 + PE
    Total System Jitter     (TSJ):    0.050ns
    Discrete Jitter          (DJ):    0.125ns
    Phase Error              (PE):    0.099ns

    Location             Delay type                Incr(ns)  Path(ns)    Netlist Resource(s)
  -------------------------------------------------------------------    -------------------
                         (clock clk_out2_clk_wiz_0 fall edge)
                                                      4.000     4.000 f  
    BUFGCTRL_X0Y2        BUFG                         0.000     4.000 f  clk_IBUF_BUFG_inst/O
                         net (fo=513, routed)         2.106     6.106    datapath/video_inst/mmcm_adv_inst_display_clocks/inst/clk_in1
    MMCME2_ADV_X1Y0      MMCME2_ADV (Prop_mmcme2_adv_CLKIN1_CLKOUT1)
                                                     -4.900     1.207 f  datapath/video_inst/mmcm_adv_inst_display_clocks/inst/mmcm_adv_inst/CLKOUT1
                         net (fo=1, routed)           2.697     3.904    datapath/video_inst/mmcm_adv_inst_display_clocks/inst/clk_out2_clk_wiz_0
    BUFGCTRL_X0Y0        BUFG (Prop_bufg_I_O)         0.096     4.000 f  datapath/video_inst/mmcm_adv_inst_display_clocks/inst/clkout2_buf/O
                         net (fo=44, routed)          1.838     5.838    datapath/video_inst/inst_dvid/clk_out2
    OLOGIC_X1Y148        ODDR                                         f  datapath/video_inst/inst_dvid/ODDR2_clock/C
  -------------------------------------------------------------------    -------------------
    OLOGIC_X1Y148        ODDR (Prop_oddr_C_Q)         0.472     6.310 r  datapath/video_inst/inst_dvid/ODDR2_clock/Q
                         net (fo=1, routed)           0.001     6.311    datapath/video_inst/clock_s
    T1                   OBUFDS (Prop_obufds_I_OB)    1.868     8.179 r  datapath/video_inst/OBUFDS_clock/OB
                         net (fo=0)                   0.000     8.179    tmdsb[3]
    U1                                                                r  tmdsb[3] (OUT)
  -------------------------------------------------------------------    -------------------

Slack:                    inf
  Source:                 datapath/video_inst/inst_dvid/ODDR2_clock/C
                            (falling edge-triggered cell ODDR clocked by clk_out2_clk_wiz_0  {rise@0.000ns fall@4.000ns period=8.000ns})
  Destination:            tmds[3]
                            (output port)
  Path Group:             (none)
  Path Type:              Max at Slow Process Corner
  Data Path Delay:        2.340ns  (logic 2.339ns (99.957%)  route 0.001ns (0.043%))
  Logic Levels:           1  (OBUFDS=1)
  Clock Uncertainty:      0.166ns  ((TSJ^2 + DJ^2)^1/2) / 2 + PE
    Total System Jitter     (TSJ):    0.050ns
    Discrete Jitter          (DJ):    0.125ns
    Phase Error              (PE):    0.099ns

    Location             Delay type                Incr(ns)  Path(ns)    Netlist Resource(s)
  -------------------------------------------------------------------    -------------------
                         (clock clk_out2_clk_wiz_0 fall edge)
                                                      4.000     4.000 f  
    BUFGCTRL_X0Y2        BUFG                         0.000     4.000 f  clk_IBUF_BUFG_inst/O
                         net (fo=513, routed)         2.106     6.106    datapath/video_inst/mmcm_adv_inst_display_clocks/inst/clk_in1
    MMCME2_ADV_X1Y0      MMCME2_ADV (Prop_mmcme2_adv_CLKIN1_CLKOUT1)
                                                     -4.900     1.207 f  datapath/video_inst/mmcm_adv_inst_display_clocks/inst/mmcm_adv_inst/CLKOUT1
                         net (fo=1, routed)           2.697     3.904    datapath/video_inst/mmcm_adv_inst_display_clocks/inst/clk_out2_clk_wiz_0
    BUFGCTRL_X0Y0        BUFG (Prop_bufg_I_O)         0.096     4.000 f  datapath/video_inst/mmcm_adv_inst_display_clocks/inst/clkout2_buf/O
                         net (fo=44, routed)          1.838     5.838    datapath/video_inst/inst_dvid/clk_out2
    OLOGIC_X1Y148        ODDR                                         f  datapath/video_inst/inst_dvid/ODDR2_clock/C
  -------------------------------------------------------------------    -------------------
    OLOGIC_X1Y148        ODDR (Prop_oddr_C_Q)         0.472     6.310 r  datapath/video_inst/inst_dvid/ODDR2_clock/Q
                         net (fo=1, routed)           0.001     6.311    datapath/video_inst/clock_s
    T1                   OBUFDS (Prop_obufds_I_O)     1.867     8.178 r  datapath/video_inst/OBUFDS_clock/O
                         net (fo=0)                   0.000     8.178    tmds[3]
    T1                                                                r  tmds[3] (OUT)
  -------------------------------------------------------------------    -------------------





Min Delay Paths
--------------------------------------------------------------------------------------
Slack:                    inf
  Source:                 datapath/video_inst/inst_dvid/ODDR2_clock/C
                            (rising edge-triggered cell ODDR clocked by clk_out2_clk_wiz_0  {rise@0.000ns fall@4.000ns period=8.000ns})
  Destination:            tmds[3]
                            (output port)
  Path Group:             (none)
  Path Type:              Min at Fast Process Corner
  Data Path Delay:        0.994ns  (logic 0.993ns (99.899%)  route 0.001ns (0.101%))
  Logic Levels:           1  (OBUFDS=1)
  Clock Uncertainty:      0.166ns  ((TSJ^2 + DJ^2)^1/2) / 2 + PE
    Total System Jitter     (TSJ):    0.050ns
    Discrete Jitter          (DJ):    0.125ns
    Phase Error              (PE):    0.099ns

    Location             Delay type                Incr(ns)  Path(ns)    Netlist Resource(s)
  -------------------------------------------------------------------    -------------------
                         (clock clk_out2_clk_wiz_0 rise edge)
                                                      0.000     0.000 r  
    BUFGCTRL_X0Y2        BUFG                         0.000     0.000 r  clk_IBUF_BUFG_inst/O
                         net (fo=513, routed)         0.745     0.745    datapath/video_inst/mmcm_adv_inst_display_clocks/inst/clk_in1
    MMCME2_ADV_X1Y0      MMCME2_ADV (Prop_mmcme2_adv_CLKIN1_CLKOUT1)
                                                     -1.683    -0.938 r  datapath/video_inst/mmcm_adv_inst_display_clocks/inst/mmcm_adv_inst/CLKOUT1
                         net (fo=1, routed)           0.912    -0.026    datapath/video_inst/mmcm_adv_inst_display_clocks/inst/clk_out2_clk_wiz_0
    BUFGCTRL_X0Y0        BUFG (Prop_bufg_I_O)         0.026    -0.000 r  datapath/video_inst/mmcm_adv_inst_display_clocks/inst/clkout2_buf/O
                         net (fo=44, routed)          0.640     0.640    datapath/video_inst/inst_dvid/clk_out2
    OLOGIC_X1Y148        ODDR                                         r  datapath/video_inst/inst_dvid/ODDR2_clock/C
  -------------------------------------------------------------------    -------------------
    OLOGIC_X1Y148        ODDR (Prop_oddr_C_Q)         0.177     0.817 r  datapath/video_inst/inst_dvid/ODDR2_clock/Q
                         net (fo=1, routed)           0.001     0.818    datapath/video_inst/clock_s
    T1                   OBUFDS (Prop_obufds_I_O)     0.816     1.634 r  datapath/video_inst/OBUFDS_clock/O
                         net (fo=0)                   0.000     1.634    tmds[3]
    T1                                                                r  tmds[3] (OUT)
  -------------------------------------------------------------------    -------------------

Slack:                    inf
  Source:                 datapath/video_inst/inst_dvid/ODDR2_clock/C
                            (rising edge-triggered cell ODDR clocked by clk_out2_clk_wiz_0  {rise@0.000ns fall@4.000ns period=8.000ns})
  Destination:            tmdsb[3]
                            (output port)
  Path Group:             (none)
  Path Type:              Min at Fast Process Corner
  Data Path Delay:        0.995ns  (logic 0.994ns (99.899%)  route 0.001ns (0.101%))
  Logic Levels:           1  (OBUFDS=1)
  Clock Uncertainty:      0.166ns  ((TSJ^2 + DJ^2)^1/2) / 2 + PE
    Total System Jitter     (TSJ):    0.050ns
    Discrete Jitter          (DJ):    0.125ns
    Phase Error              (PE):    0.099ns

    Location             Delay type                Incr(ns)  Path(ns)    Netlist Resource(s)
  -------------------------------------------------------------------    -------------------
                         (clock clk_out2_clk_wiz_0 rise edge)
                                                      0.000     0.000 r  
    BUFGCTRL_X0Y2        BUFG                         0.000     0.000 r  clk_IBUF_BUFG_inst/O
                         net (fo=513, routed)         0.745     0.745    datapath/video_inst/mmcm_adv_inst_display_clocks/inst/clk_in1
    MMCME2_ADV_X1Y0      MMCME2_ADV (Prop_mmcme2_adv_CLKIN1_CLKOUT1)
                                                     -1.683    -0.938 r  datapath/video_inst/mmcm_adv_inst_display_clocks/inst/mmcm_adv_inst/CLKOUT1
                         net (fo=1, routed)           0.912    -0.026    datapath/video_inst/mmcm_adv_inst_display_clocks/inst/clk_out2_clk_wiz_0
    BUFGCTRL_X0Y0        BUFG (Prop_bufg_I_O)         0.026    -0.000 r  datapath/video_inst/mmcm_adv_inst_display_clocks/inst/clkout2_buf/O
                         net (fo=44, routed)          0.640     0.640    datapath/video_inst/inst_dvid/clk_out2
    OLOGIC_X1Y148        ODDR                                         r  datapath/video_inst/inst_dvid/ODDR2_clock/C
  -------------------------------------------------------------------    -------------------
    OLOGIC_X1Y148        ODDR (Prop_oddr_C_Q)         0.177     0.817 r  datapath/video_inst/inst_dvid/ODDR2_clock/Q
                         net (fo=1, routed)           0.001     0.818    datapath/video_inst/clock_s
    T1                   OBUFDS (Prop_obufds_I_OB)    0.817     1.635 r  datapath/video_inst/OBUFDS_clock/OB
                         net (fo=0)                   0.000     1.635    tmdsb[3]
    U1                                                                r  tmdsb[3] (OUT)
  -------------------------------------------------------------------    -------------------

Slack:                    inf
  Source:                 datapath/video_inst/inst_dvid/ODDR2_blue/C
                            (rising edge-triggered cell ODDR clocked by clk_out2_clk_wiz_0  {rise@0.000ns fall@4.000ns period=8.000ns})
  Destination:            tmds[0]
                            (output port)
  Path Group:             (none)
  Path Type:              Min at Fast Process Corner
  Data Path Delay:        1.010ns  (logic 1.009ns (99.901%)  route 0.001ns (0.099%))
  Logic Levels:           1  (OBUFDS=1)
  Clock Uncertainty:      0.166ns  ((TSJ^2 + DJ^2)^1/2) / 2 + PE
    Total System Jitter     (TSJ):    0.050ns
    Discrete Jitter          (DJ):    0.125ns
    Phase Error              (PE):    0.099ns

    Location             Delay type                Incr(ns)  Path(ns)    Netlist Resource(s)
  -------------------------------------------------------------------    -------------------
                         (clock clk_out2_clk_wiz_0 rise edge)
                                                      0.000     0.000 r  
    BUFGCTRL_X0Y2        BUFG                         0.000     0.000 r  clk_IBUF_BUFG_inst/O
                         net (fo=513, routed)         0.745     0.745    datapath/video_inst/mmcm_adv_inst_display_clocks/inst/clk_in1
    MMCME2_ADV_X1Y0      MMCME2_ADV (Prop_mmcme2_adv_CLKIN1_CLKOUT1)
                                                     -1.683    -0.938 r  datapath/video_inst/mmcm_adv_inst_display_clocks/inst/mmcm_adv_inst/CLKOUT1
                         net (fo=1, routed)           0.912    -0.026    datapath/video_inst/mmcm_adv_inst_display_clocks/inst/clk_out2_clk_wiz_0
    BUFGCTRL_X0Y0        BUFG (Prop_bufg_I_O)         0.026    -0.000 r  datapath/video_inst/mmcm_adv_inst_display_clocks/inst/clkout2_buf/O
                         net (fo=44, routed)          0.638     0.638    datapath/video_inst/inst_dvid/clk_out2
    OLOGIC_X1Y140        ODDR                                         r  datapath/video_inst/inst_dvid/ODDR2_blue/C
  -------------------------------------------------------------------    -------------------
    OLOGIC_X1Y140        ODDR (Prop_oddr_C_Q)         0.177     0.815 r  datapath/video_inst/inst_dvid/ODDR2_blue/Q
                         net (fo=1, routed)           0.001     0.816    datapath/video_inst/blue_s
    W1                   OBUFDS (Prop_obufds_I_O)     0.832     1.648 r  datapath/video_inst/OBUFDS_blue/O
                         net (fo=0)                   0.000     1.648    tmds[0]
    W1                                                                r  tmds[0] (OUT)
  -------------------------------------------------------------------    -------------------

Slack:                    inf
  Source:                 datapath/video_inst/inst_dvid/ODDR2_blue/C
                            (rising edge-triggered cell ODDR clocked by clk_out2_clk_wiz_0  {rise@0.000ns fall@4.000ns period=8.000ns})
  Destination:            tmdsb[0]
                            (output port)
  Path Group:             (none)
  Path Type:              Min at Fast Process Corner
  Data Path Delay:        1.011ns  (logic 1.010ns (99.901%)  route 0.001ns (0.099%))
  Logic Levels:           1  (OBUFDS=1)
  Clock Uncertainty:      0.166ns  ((TSJ^2 + DJ^2)^1/2) / 2 + PE
    Total System Jitter     (TSJ):    0.050ns
    Discrete Jitter          (DJ):    0.125ns
    Phase Error              (PE):    0.099ns

    Location             Delay type                Incr(ns)  Path(ns)    Netlist Resource(s)
  -------------------------------------------------------------------    -------------------
                         (clock clk_out2_clk_wiz_0 rise edge)
                                                      0.000     0.000 r  
    BUFGCTRL_X0Y2        BUFG                         0.000     0.000 r  clk_IBUF_BUFG_inst/O
                         net (fo=513, routed)         0.745     0.745    datapath/video_inst/mmcm_adv_inst_display_clocks/inst/clk_in1
    MMCME2_ADV_X1Y0      MMCME2_ADV (Prop_mmcme2_adv_CLKIN1_CLKOUT1)
                                                     -1.683    -0.938 r  datapath/video_inst/mmcm_adv_inst_display_clocks/inst/mmcm_adv_inst/CLKOUT1
                         net (fo=1, routed)           0.912    -0.026    datapath/video_inst/mmcm_adv_inst_display_clocks/inst/clk_out2_clk_wiz_0
    BUFGCTRL_X0Y0        BUFG (Prop_bufg_I_O)         0.026    -0.000 r  datapath/video_inst/mmcm_adv_inst_display_clocks/inst/clkout2_buf/O
                         net (fo=44, routed)          0.638     0.638    datapath/video_inst/inst_dvid/clk_out2
    OLOGIC_X1Y140        ODDR                                         r  datapath/video_inst/inst_dvid/ODDR2_blue/C
  -------------------------------------------------------------------    -------------------
    OLOGIC_X1Y140        ODDR (Prop_oddr_C_Q)         0.177     0.815 r  datapath/video_inst/inst_dvid/ODDR2_blue/Q
                         net (fo=1, routed)           0.001     0.816    datapath/video_inst/blue_s
    W1                   OBUFDS (Prop_obufds_I_OB)    0.833     1.649 r  datapath/video_inst/OBUFDS_blue/OB
                         net (fo=0)                   0.000     1.649    tmdsb[0]
    Y1                                                                r  tmdsb[0] (OUT)
  -------------------------------------------------------------------    -------------------

Slack:                    inf
  Source:                 datapath/video_inst/inst_dvid/ODDR2_green/C
                            (rising edge-triggered cell ODDR clocked by clk_out2_clk_wiz_0  {rise@0.000ns fall@4.000ns period=8.000ns})
  Destination:            tmds[1]
                            (output port)
  Path Group:             (none)
  Path Type:              Min at Fast Process Corner
  Data Path Delay:        1.022ns  (logic 1.021ns (99.902%)  route 0.001ns (0.098%))
  Logic Levels:           1  (OBUFDS=1)
  Clock Uncertainty:      0.166ns  ((TSJ^2 + DJ^2)^1/2) / 2 + PE
    Total System Jitter     (TSJ):    0.050ns
    Discrete Jitter          (DJ):    0.125ns
    Phase Error              (PE):    0.099ns

    Location             Delay type                Incr(ns)  Path(ns)    Netlist Resource(s)
  -------------------------------------------------------------------    -------------------
                         (clock clk_out2_clk_wiz_0 rise edge)
                                                      0.000     0.000 r  
    BUFGCTRL_X0Y2        BUFG                         0.000     0.000 r  clk_IBUF_BUFG_inst/O
                         net (fo=513, routed)         0.745     0.745    datapath/video_inst/mmcm_adv_inst_display_clocks/inst/clk_in1
    MMCME2_ADV_X1Y0      MMCME2_ADV (Prop_mmcme2_adv_CLKIN1_CLKOUT1)
                                                     -1.683    -0.938 r  datapath/video_inst/mmcm_adv_inst_display_clocks/inst/mmcm_adv_inst/CLKOUT1
                         net (fo=1, routed)           0.912    -0.026    datapath/video_inst/mmcm_adv_inst_display_clocks/inst/clk_out2_clk_wiz_0
    BUFGCTRL_X0Y0        BUFG (Prop_bufg_I_O)         0.026    -0.000 r  datapath/video_inst/mmcm_adv_inst_display_clocks/inst/clkout2_buf/O
                         net (fo=44, routed)          0.636     0.636    datapath/video_inst/inst_dvid/clk_out2
    OLOGIC_X1Y136        ODDR                                         r  datapath/video_inst/inst_dvid/ODDR2_green/C
  -------------------------------------------------------------------    -------------------
    OLOGIC_X1Y136        ODDR (Prop_oddr_C_Q)         0.177     0.813 r  datapath/video_inst/inst_dvid/ODDR2_green/Q
                         net (fo=1, routed)           0.001     0.814    datapath/video_inst/green_s
    AA1                  OBUFDS (Prop_obufds_I_O)     0.844     1.657 r  datapath/video_inst/OBUFDS_red/O
                         net (fo=0)                   0.000     1.657    tmds[1]
    AA1                                                               r  tmds[1] (OUT)
  -------------------------------------------------------------------    -------------------

Slack:                    inf
  Source:                 datapath/video_inst/inst_dvid/ODDR2_green/C
                            (rising edge-triggered cell ODDR clocked by clk_out2_clk_wiz_0  {rise@0.000ns fall@4.000ns period=8.000ns})
  Destination:            tmdsb[1]
                            (output port)
  Path Group:             (none)
  Path Type:              Min at Fast Process Corner
  Data Path Delay:        1.023ns  (logic 1.022ns (99.902%)  route 0.001ns (0.098%))
  Logic Levels:           1  (OBUFDS=1)
  Clock Uncertainty:      0.166ns  ((TSJ^2 + DJ^2)^1/2) / 2 + PE
    Total System Jitter     (TSJ):    0.050ns
    Discrete Jitter          (DJ):    0.125ns
    Phase Error              (PE):    0.099ns

    Location             Delay type                Incr(ns)  Path(ns)    Netlist Resource(s)
  -------------------------------------------------------------------    -------------------
                         (clock clk_out2_clk_wiz_0 rise edge)
                                                      0.000     0.000 r  
    BUFGCTRL_X0Y2        BUFG                         0.000     0.000 r  clk_IBUF_BUFG_inst/O
                         net (fo=513, routed)         0.745     0.745    datapath/video_inst/mmcm_adv_inst_display_clocks/inst/clk_in1
    MMCME2_ADV_X1Y0      MMCME2_ADV (Prop_mmcme2_adv_CLKIN1_CLKOUT1)
                                                     -1.683    -0.938 r  datapath/video_inst/mmcm_adv_inst_display_clocks/inst/mmcm_adv_inst/CLKOUT1
                         net (fo=1, routed)           0.912    -0.026    datapath/video_inst/mmcm_adv_inst_display_clocks/inst/clk_out2_clk_wiz_0
    BUFGCTRL_X0Y0        BUFG (Prop_bufg_I_O)         0.026    -0.000 r  datapath/video_inst/mmcm_adv_inst_display_clocks/inst/clkout2_buf/O
                         net (fo=44, routed)          0.636     0.636    datapath/video_inst/inst_dvid/clk_out2
    OLOGIC_X1Y136        ODDR                                         r  datapath/video_inst/inst_dvid/ODDR2_green/C
  -------------------------------------------------------------------    -------------------
    OLOGIC_X1Y136        ODDR (Prop_oddr_C_Q)         0.177     0.813 r  datapath/video_inst/inst_dvid/ODDR2_green/Q
                         net (fo=1, routed)           0.001     0.814    datapath/video_inst/green_s
    AA1                  OBUFDS (Prop_obufds_I_OB)    0.845     1.658 r  datapath/video_inst/OBUFDS_red/OB
                         net (fo=0)                   0.000     1.658    tmdsb[1]
    AB1                                                               r  tmdsb[1] (OUT)
  -------------------------------------------------------------------    -------------------

Slack:                    inf
  Source:                 datapath/video_inst/inst_dvid/ODDR2_red/C
                            (rising edge-triggered cell ODDR clocked by clk_out2_clk_wiz_0  {rise@0.000ns fall@4.000ns period=8.000ns})
  Destination:            tmds[2]
                            (output port)
  Path Group:             (none)
  Path Type:              Min at Fast Process Corner
  Data Path Delay:        1.023ns  (logic 1.022ns (99.902%)  route 0.001ns (0.098%))
  Logic Levels:           1  (OBUFDS=1)
  Clock Uncertainty:      0.166ns  ((TSJ^2 + DJ^2)^1/2) / 2 + PE
    Total System Jitter     (TSJ):    0.050ns
    Discrete Jitter          (DJ):    0.125ns
    Phase Error              (PE):    0.099ns

    Location             Delay type                Incr(ns)  Path(ns)    Netlist Resource(s)
  -------------------------------------------------------------------    -------------------
                         (clock clk_out2_clk_wiz_0 rise edge)
                                                      0.000     0.000 r  
    BUFGCTRL_X0Y2        BUFG                         0.000     0.000 r  clk_IBUF_BUFG_inst/O
                         net (fo=513, routed)         0.745     0.745    datapath/video_inst/mmcm_adv_inst_display_clocks/inst/clk_in1
    MMCME2_ADV_X1Y0      MMCME2_ADV (Prop_mmcme2_adv_CLKIN1_CLKOUT1)
                                                     -1.683    -0.938 r  datapath/video_inst/mmcm_adv_inst_display_clocks/inst/mmcm_adv_inst/CLKOUT1
                         net (fo=1, routed)           0.912    -0.026    datapath/video_inst/mmcm_adv_inst_display_clocks/inst/clk_out2_clk_wiz_0
    BUFGCTRL_X0Y0        BUFG (Prop_bufg_I_O)         0.026    -0.000 r  datapath/video_inst/mmcm_adv_inst_display_clocks/inst/clkout2_buf/O
                         net (fo=44, routed)          0.636     0.636    datapath/video_inst/inst_dvid/clk_out2
    OLOGIC_X1Y134        ODDR                                         r  datapath/video_inst/inst_dvid/ODDR2_red/C
  -------------------------------------------------------------------    -------------------
    OLOGIC_X1Y134        ODDR (Prop_oddr_C_Q)         0.177     0.813 r  datapath/video_inst/inst_dvid/ODDR2_red/Q
                         net (fo=1, routed)           0.001     0.814    datapath/video_inst/red_s
    AB3                  OBUFDS (Prop_obufds_I_O)     0.845     1.659 r  datapath/video_inst/OBUFDS_green/O
                         net (fo=0)                   0.000     1.659    tmds[2]
    AB3                                                               r  tmds[2] (OUT)
  -------------------------------------------------------------------    -------------------

Slack:                    inf
  Source:                 datapath/video_inst/inst_dvid/ODDR2_red/C
                            (rising edge-triggered cell ODDR clocked by clk_out2_clk_wiz_0  {rise@0.000ns fall@4.000ns period=8.000ns})
  Destination:            tmdsb[2]
                            (output port)
  Path Group:             (none)
  Path Type:              Min at Fast Process Corner
  Data Path Delay:        1.024ns  (logic 1.023ns (99.902%)  route 0.001ns (0.098%))
  Logic Levels:           1  (OBUFDS=1)
  Clock Uncertainty:      0.166ns  ((TSJ^2 + DJ^2)^1/2) / 2 + PE
    Total System Jitter     (TSJ):    0.050ns
    Discrete Jitter          (DJ):    0.125ns
    Phase Error              (PE):    0.099ns

    Location             Delay type                Incr(ns)  Path(ns)    Netlist Resource(s)
  -------------------------------------------------------------------    -------------------
                         (clock clk_out2_clk_wiz_0 rise edge)
                                                      0.000     0.000 r  
    BUFGCTRL_X0Y2        BUFG                         0.000     0.000 r  clk_IBUF_BUFG_inst/O
                         net (fo=513, routed)         0.745     0.745    datapath/video_inst/mmcm_adv_inst_display_clocks/inst/clk_in1
    MMCME2_ADV_X1Y0      MMCME2_ADV (Prop_mmcme2_adv_CLKIN1_CLKOUT1)
                                                     -1.683    -0.938 r  datapath/video_inst/mmcm_adv_inst_display_clocks/inst/mmcm_adv_inst/CLKOUT1
                         net (fo=1, routed)           0.912    -0.026    datapath/video_inst/mmcm_adv_inst_display_clocks/inst/clk_out2_clk_wiz_0
    BUFGCTRL_X0Y0        BUFG (Prop_bufg_I_O)         0.026    -0.000 r  datapath/video_inst/mmcm_adv_inst_display_clocks/inst/clkout2_buf/O
                         net (fo=44, routed)          0.636     0.636    datapath/video_inst/inst_dvid/clk_out2
    OLOGIC_X1Y134        ODDR                                         r  datapath/video_inst/inst_dvid/ODDR2_red/C
  -------------------------------------------------------------------    -------------------
    OLOGIC_X1Y134        ODDR (Prop_oddr_C_Q)         0.177     0.813 r  datapath/video_inst/inst_dvid/ODDR2_red/Q
                         net (fo=1, routed)           0.001     0.814    datapath/video_inst/red_s
    AB3                  OBUFDS (Prop_obufds_I_OB)    0.846     1.660 r  datapath/video_inst/OBUFDS_green/OB
                         net (fo=0)                   0.000     1.660    tmdsb[2]
    AB2                                                               r  tmdsb[2] (OUT)
  -------------------------------------------------------------------    -------------------





--------------------------------------------------------------------------------------
Path Group:  (none)
From Clock:  clk_out2_clk_wiz_1
  To Clock:  

Max Delay             2 Endpoints
Min Delay             2 Endpoints
--------------------------------------------------------------------------------------


Max Delay Paths
--------------------------------------------------------------------------------------
Slack:                    inf
  Source:                 datapath/Audio_Codec/initialize_audio/twi_controller/rScl_reg/C
                            (rising edge-triggered cell FDRE clocked by clk_out2_clk_wiz_1  {rise@0.000ns fall@10.000ns period=20.000ns})
  Destination:            scl
                            (output port)
  Path Group:             (none)
  Path Type:              Max at Slow Process Corner
  Data Path Delay:        5.809ns  (logic 4.021ns (69.220%)  route 1.788ns (30.780%))
  Logic Levels:           1  (OBUFT=1)
  Clock Uncertainty:      0.178ns  ((TSJ^2 + DJ^2)^1/2) / 2 + PE
    Total System Jitter     (TSJ):    0.050ns
    Discrete Jitter          (DJ):    0.152ns
    Phase Error              (PE):    0.099ns

    Location             Delay type                Incr(ns)  Path(ns)    Netlist Resource(s)
  -------------------------------------------------------------------    -------------------
                         (clock clk_out2_clk_wiz_1 rise edge)
                                                      0.000     0.000 r  
    BUFGCTRL_X0Y2        BUFG                         0.000     0.000 r  clk_IBUF_BUFG_inst/O
                         net (fo=513, routed)         1.761     1.761    datapath/Audio_Codec/audiocodec_master_clock/inst/clk_in1
    MMCME2_ADV_X0Y2      MMCME2_ADV (Prop_mmcme2_adv_CLKIN1_CLKOUT1)
                                                     -3.701    -1.939 r  datapath/Audio_Codec/audiocodec_master_clock/inst/mmcm_adv_inst/CLKOUT1
                         net (fo=1, routed)           1.843    -0.096    datapath/Audio_Codec/audiocodec_master_clock/inst/clk_out2_clk_wiz_1
    BUFGCTRL_X0Y3        BUFG (Prop_bufg_I_O)         0.096    -0.000 r  datapath/Audio_Codec/audiocodec_master_clock/inst/clkout2_buf/O
                         net (fo=115, routed)         1.823     1.823    datapath/Audio_Codec/initialize_audio/twi_controller/clk_out2
    SLICE_X163Y117       FDRE                                         r  datapath/Audio_Codec/initialize_audio/twi_controller/rScl_reg/C
  -------------------------------------------------------------------    -------------------
    SLICE_X163Y117       FDRE (Prop_fdre_C_Q)         0.456     2.279 f  datapath/Audio_Codec/initialize_audio/twi_controller/rScl_reg/Q
                         net (fo=3, routed)           1.788     4.067    scl_IOBUF_inst/T
    W5                   OBUFT (TriStatE_obuft_T_O)
                                                      3.565     7.632 r  scl_IOBUF_inst/OBUFT/O
                         net (fo=1, unset)            0.000     7.632    scl
    W5                                                                r  scl (INOUT)
  -------------------------------------------------------------------    -------------------

Slack:                    inf
  Source:                 datapath/Audio_Codec/initialize_audio/twi_controller/rSda_reg/C
                            (rising edge-triggered cell FDRE clocked by clk_out2_clk_wiz_1  {rise@0.000ns fall@10.000ns period=20.000ns})
  Destination:            sda
                            (output port)
  Path Group:             (none)
  Path Type:              Max at Slow Process Corner
  Data Path Delay:        5.650ns  (logic 4.004ns (70.867%)  route 1.646ns (29.133%))
  Logic Levels:           1  (OBUFT=1)
  Clock Uncertainty:      0.178ns  ((TSJ^2 + DJ^2)^1/2) / 2 + PE
    Total System Jitter     (TSJ):    0.050ns
    Discrete Jitter          (DJ):    0.152ns
    Phase Error              (PE):    0.099ns

    Location             Delay type                Incr(ns)  Path(ns)    Netlist Resource(s)
  -------------------------------------------------------------------    -------------------
                         (clock clk_out2_clk_wiz_1 rise edge)
                                                      0.000     0.000 r  
    BUFGCTRL_X0Y2        BUFG                         0.000     0.000 r  clk_IBUF_BUFG_inst/O
                         net (fo=513, routed)         1.761     1.761    datapath/Audio_Codec/audiocodec_master_clock/inst/clk_in1
    MMCME2_ADV_X0Y2      MMCME2_ADV (Prop_mmcme2_adv_CLKIN1_CLKOUT1)
                                                     -3.701    -1.939 r  datapath/Audio_Codec/audiocodec_master_clock/inst/mmcm_adv_inst/CLKOUT1
                         net (fo=1, routed)           1.843    -0.096    datapath/Audio_Codec/audiocodec_master_clock/inst/clk_out2_clk_wiz_1
    BUFGCTRL_X0Y3        BUFG (Prop_bufg_I_O)         0.096    -0.000 r  datapath/Audio_Codec/audiocodec_master_clock/inst/clkout2_buf/O
                         net (fo=115, routed)         1.821     1.821    datapath/Audio_Codec/initialize_audio/twi_controller/clk_out2
    SLICE_X163Y118       FDRE                                         r  datapath/Audio_Codec/initialize_audio/twi_controller/rSda_reg/C
  -------------------------------------------------------------------    -------------------
    SLICE_X163Y118       FDRE (Prop_fdre_C_Q)         0.456     2.277 f  datapath/Audio_Codec/initialize_audio/twi_controller/rSda_reg/Q
                         net (fo=4, routed)           1.646     3.923    sda_IOBUF_inst/T
    V5                   OBUFT (TriStatE_obuft_T_O)
                                                      3.548     7.471 r  sda_IOBUF_inst/OBUFT/O
                         net (fo=1, unset)            0.000     7.471    sda
    V5                                                                r  sda (INOUT)
  -------------------------------------------------------------------    -------------------





Min Delay Paths
--------------------------------------------------------------------------------------
Slack:                    inf
  Source:                 datapath/Audio_Codec/initialize_audio/twi_controller/rSda_reg/C
                            (rising edge-triggered cell FDRE clocked by clk_out2_clk_wiz_1  {rise@0.000ns fall@10.000ns period=20.000ns})
  Destination:            sda
                            (output port)
  Path Group:             (none)
  Path Type:              Min at Fast Process Corner
  Data Path Delay:        1.587ns  (logic 0.965ns (60.809%)  route 0.622ns (39.191%))
  Logic Levels:           1  (OBUFT=1)
  Clock Uncertainty:      0.178ns  ((TSJ^2 + DJ^2)^1/2) / 2 + PE
    Total System Jitter     (TSJ):    0.050ns
    Discrete Jitter          (DJ):    0.152ns
    Phase Error              (PE):    0.099ns

    Location             Delay type                Incr(ns)  Path(ns)    Netlist Resource(s)
  -------------------------------------------------------------------    -------------------
                         (clock clk_out2_clk_wiz_1 rise edge)
                                                      0.000     0.000 r  
    BUFGCTRL_X0Y2        BUFG                         0.000     0.000 r  clk_IBUF_BUFG_inst/O
                         net (fo=513, routed)         0.610     0.610    datapath/Audio_Codec/audiocodec_master_clock/inst/clk_in1
    MMCME2_ADV_X0Y2      MMCME2_ADV (Prop_mmcme2_adv_CLKIN1_CLKOUT1)
                                                     -1.180    -0.571 r  datapath/Audio_Codec/audiocodec_master_clock/inst/mmcm_adv_inst/CLKOUT1
                         net (fo=1, routed)           0.545    -0.026    datapath/Audio_Codec/audiocodec_master_clock/inst/clk_out2_clk_wiz_1
    BUFGCTRL_X0Y3        BUFG (Prop_bufg_I_O)         0.026     0.000 r  datapath/Audio_Codec/audiocodec_master_clock/inst/clkout2_buf/O
                         net (fo=115, routed)         0.641     0.641    datapath/Audio_Codec/initialize_audio/twi_controller/clk_out2
    SLICE_X163Y118       FDRE                                         r  datapath/Audio_Codec/initialize_audio/twi_controller/rSda_reg/C
  -------------------------------------------------------------------    -------------------
    SLICE_X163Y118       FDRE (Prop_fdre_C_Q)         0.141     0.782 r  datapath/Audio_Codec/initialize_audio/twi_controller/rSda_reg/Q
                         net (fo=4, routed)           0.622     1.404    sda_IOBUF_inst/T
    V5                   OBUFT (TriStatD_obuft_T_O)
                                                      0.824     2.228 r  sda_IOBUF_inst/OBUFT/O
                         net (fo=1, unset)            0.000     2.228    sda
    V5                                                                r  sda (INOUT)
  -------------------------------------------------------------------    -------------------

Slack:                    inf
  Source:                 datapath/Audio_Codec/initialize_audio/twi_controller/rScl_reg/C
                            (rising edge-triggered cell FDRE clocked by clk_out2_clk_wiz_1  {rise@0.000ns fall@10.000ns period=20.000ns})
  Destination:            scl
                            (output port)
  Path Group:             (none)
  Path Type:              Min at Fast Process Corner
  Data Path Delay:        1.648ns  (logic 0.965ns (58.554%)  route 0.683ns (41.446%))
  Logic Levels:           1  (OBUFT=1)
  Clock Uncertainty:      0.178ns  ((TSJ^2 + DJ^2)^1/2) / 2 + PE
    Total System Jitter     (TSJ):    0.050ns
    Discrete Jitter          (DJ):    0.152ns
    Phase Error              (PE):    0.099ns

    Location             Delay type                Incr(ns)  Path(ns)    Netlist Resource(s)
  -------------------------------------------------------------------    -------------------
                         (clock clk_out2_clk_wiz_1 rise edge)
                                                      0.000     0.000 r  
    BUFGCTRL_X0Y2        BUFG                         0.000     0.000 r  clk_IBUF_BUFG_inst/O
                         net (fo=513, routed)         0.610     0.610    datapath/Audio_Codec/audiocodec_master_clock/inst/clk_in1
    MMCME2_ADV_X0Y2      MMCME2_ADV (Prop_mmcme2_adv_CLKIN1_CLKOUT1)
                                                     -1.180    -0.571 r  datapath/Audio_Codec/audiocodec_master_clock/inst/mmcm_adv_inst/CLKOUT1
                         net (fo=1, routed)           0.545    -0.026    datapath/Audio_Codec/audiocodec_master_clock/inst/clk_out2_clk_wiz_1
    BUFGCTRL_X0Y3        BUFG (Prop_bufg_I_O)         0.026     0.000 r  datapath/Audio_Codec/audiocodec_master_clock/inst/clkout2_buf/O
                         net (fo=115, routed)         0.642     0.642    datapath/Audio_Codec/initialize_audio/twi_controller/clk_out2
    SLICE_X163Y117       FDRE                                         r  datapath/Audio_Codec/initialize_audio/twi_controller/rScl_reg/C
  -------------------------------------------------------------------    -------------------
    SLICE_X163Y117       FDRE (Prop_fdre_C_Q)         0.141     0.783 r  datapath/Audio_Codec/initialize_audio/twi_controller/rScl_reg/Q
                         net (fo=3, routed)           0.683     1.466    scl_IOBUF_inst/T
    W5                   OBUFT (TriStatD_obuft_T_O)
                                                      0.824     2.290 r  scl_IOBUF_inst/OBUFT/O
                         net (fo=1, unset)            0.000     2.290    scl
    W5                                                                r  scl (INOUT)
  -------------------------------------------------------------------    -------------------





--------------------------------------------------------------------------------------
Path Group:  (none)
From Clock:  clkfbout_clk_wiz_0
  To Clock:  

Max Delay             1 Endpoint
Min Delay             1 Endpoint
--------------------------------------------------------------------------------------


Max Delay Paths
--------------------------------------------------------------------------------------
Slack:                    inf
  Source:                 datapath/video_inst/mmcm_adv_inst_display_clocks/inst/mmcm_adv_inst/CLKFBOUT
                            (clock source 'clkfbout_clk_wiz_0'  {rise@0.000ns fall@5.000ns period=10.000ns})
  Destination:            datapath/video_inst/mmcm_adv_inst_display_clocks/inst/mmcm_adv_inst/CLKFBIN
  Path Group:             (none)
  Path Type:              Max at Slow Process Corner
  Data Path Delay:        4.900ns  (logic 0.096ns (1.959%)  route 4.804ns (98.041%))
  Logic Levels:           1  (BUFG=1)
  Clock Uncertainty:      0.148ns  ((TSJ^2 + DJ^2)^1/2) / 2 + PE
    Total System Jitter     (TSJ):    0.050ns
    Discrete Jitter          (DJ):    0.086ns
    Phase Error              (PE):    0.099ns

    Location             Delay type                Incr(ns)  Path(ns)    Netlist Resource(s)
  -------------------------------------------------------------------    -------------------
                         (clock clkfbout_clk_wiz_0 fall edge)
                                                      5.000     5.000 f  
    BUFGCTRL_X0Y2        BUFG                         0.000     5.000 f  clk_IBUF_BUFG_inst/O
                         net (fo=513, routed)         2.106     7.106    datapath/video_inst/mmcm_adv_inst_display_clocks/inst/clk_in1
  -------------------------------------------------------------------    -------------------
    MMCME2_ADV_X1Y0      MMCME2_ADV (Prop_mmcme2_adv_CLKIN1_CLKFBOUT)
                                                     -4.900     2.207 f  datapath/video_inst/mmcm_adv_inst_display_clocks/inst/mmcm_adv_inst/CLKFBOUT
                         net (fo=1, routed)           2.697     4.904    datapath/video_inst/mmcm_adv_inst_display_clocks/inst/clkfbout_clk_wiz_0
    BUFGCTRL_X0Y6        BUFG (Prop_bufg_I_O)         0.096     5.000 f  datapath/video_inst/mmcm_adv_inst_display_clocks/inst/clkf_buf/O
                         net (fo=1, routed)           2.106     7.106    datapath/video_inst/mmcm_adv_inst_display_clocks/inst/clkfbout_buf_clk_wiz_0
    MMCME2_ADV_X1Y0      MMCME2_ADV                                   f  datapath/video_inst/mmcm_adv_inst_display_clocks/inst/mmcm_adv_inst/CLKFBIN
  -------------------------------------------------------------------    -------------------





Min Delay Paths
--------------------------------------------------------------------------------------
Slack:                    inf
  Source:                 datapath/video_inst/mmcm_adv_inst_display_clocks/inst/mmcm_adv_inst/CLKFBOUT
                            (clock source 'clkfbout_clk_wiz_0'  {rise@0.000ns fall@5.000ns period=10.000ns})
  Destination:            datapath/video_inst/mmcm_adv_inst_display_clocks/inst/mmcm_adv_inst/CLKFBIN
  Path Group:             (none)
  Path Type:              Min at Fast Process Corner
  Data Path Delay:        1.683ns  (logic 0.026ns (1.545%)  route 1.657ns (98.455%))
  Logic Levels:           1  (BUFG=1)
  Clock Uncertainty:      0.148ns  ((TSJ^2 + DJ^2)^1/2) / 2 + PE
    Total System Jitter     (TSJ):    0.050ns
    Discrete Jitter          (DJ):    0.086ns
    Phase Error              (PE):    0.099ns

    Location             Delay type                Incr(ns)  Path(ns)    Netlist Resource(s)
  -------------------------------------------------------------------    -------------------
                         (clock clkfbout_clk_wiz_0 rise edge)
                                                      0.000     0.000 r  
    BUFGCTRL_X0Y2        BUFG                         0.000     0.000 r  clk_IBUF_BUFG_inst/O
                         net (fo=513, routed)         0.745     0.745    datapath/video_inst/mmcm_adv_inst_display_clocks/inst/clk_in1
  -------------------------------------------------------------------    -------------------
    MMCME2_ADV_X1Y0      MMCME2_ADV (Prop_mmcme2_adv_CLKIN1_CLKFBOUT)
                                                     -1.683    -0.938 r  datapath/video_inst/mmcm_adv_inst_display_clocks/inst/mmcm_adv_inst/CLKFBOUT
                         net (fo=1, routed)           0.912    -0.026    datapath/video_inst/mmcm_adv_inst_display_clocks/inst/clkfbout_clk_wiz_0
    BUFGCTRL_X0Y6        BUFG (Prop_bufg_I_O)         0.026    -0.000 r  datapath/video_inst/mmcm_adv_inst_display_clocks/inst/clkf_buf/O
                         net (fo=1, routed)           0.745     0.745    datapath/video_inst/mmcm_adv_inst_display_clocks/inst/clkfbout_buf_clk_wiz_0
    MMCME2_ADV_X1Y0      MMCME2_ADV                                   r  datapath/video_inst/mmcm_adv_inst_display_clocks/inst/mmcm_adv_inst/CLKFBIN
  -------------------------------------------------------------------    -------------------





--------------------------------------------------------------------------------------
Path Group:  (none)
From Clock:  clkfbout_clk_wiz_1
  To Clock:  

Max Delay             1 Endpoint
Min Delay             1 Endpoint
--------------------------------------------------------------------------------------


Max Delay Paths
--------------------------------------------------------------------------------------
Slack:                    inf
  Source:                 datapath/Audio_Codec/audiocodec_master_clock/inst/mmcm_adv_inst/CLKFBOUT
                            (clock source 'clkfbout_clk_wiz_1'  {rise@0.000ns fall@5.000ns period=10.000ns})
  Destination:            datapath/Audio_Codec/audiocodec_master_clock/inst/mmcm_adv_inst/CLKFBIN
  Path Group:             (none)
  Path Type:              Max at Slow Process Corner
  Data Path Delay:        3.701ns  (logic 0.096ns (2.594%)  route 3.605ns (97.406%))
  Logic Levels:           1  (BUFG=1)
  Clock Uncertainty:      0.148ns  ((TSJ^2 + DJ^2)^1/2) / 2 + PE
    Total System Jitter     (TSJ):    0.050ns
    Discrete Jitter          (DJ):    0.086ns
    Phase Error              (PE):    0.099ns

    Location             Delay type                Incr(ns)  Path(ns)    Netlist Resource(s)
  -------------------------------------------------------------------    -------------------
                         (clock clkfbout_clk_wiz_1 fall edge)
                                                      5.000     5.000 f  
    BUFGCTRL_X0Y2        BUFG                         0.000     5.000 f  clk_IBUF_BUFG_inst/O
                         net (fo=513, routed)         1.761     6.761    datapath/Audio_Codec/audiocodec_master_clock/inst/clk_in1
  -------------------------------------------------------------------    -------------------
    MMCME2_ADV_X0Y2      MMCME2_ADV (Prop_mmcme2_adv_CLKIN1_CLKFBOUT)
                                                     -3.701     3.061 f  datapath/Audio_Codec/audiocodec_master_clock/inst/mmcm_adv_inst/CLKFBOUT
                         net (fo=1, routed)           1.843     4.904    datapath/Audio_Codec/audiocodec_master_clock/inst/clkfbout_clk_wiz_1
    BUFGCTRL_X0Y5        BUFG (Prop_bufg_I_O)         0.096     5.000 f  datapath/Audio_Codec/audiocodec_master_clock/inst/clkf_buf/O
                         net (fo=1, routed)           1.761     6.761    datapath/Audio_Codec/audiocodec_master_clock/inst/clkfbout_buf_clk_wiz_1
    MMCME2_ADV_X0Y2      MMCME2_ADV                                   f  datapath/Audio_Codec/audiocodec_master_clock/inst/mmcm_adv_inst/CLKFBIN
  -------------------------------------------------------------------    -------------------





Min Delay Paths
--------------------------------------------------------------------------------------
Slack:                    inf
  Source:                 datapath/Audio_Codec/audiocodec_master_clock/inst/mmcm_adv_inst/CLKFBOUT
                            (clock source 'clkfbout_clk_wiz_1'  {rise@0.000ns fall@5.000ns period=10.000ns})
  Destination:            datapath/Audio_Codec/audiocodec_master_clock/inst/mmcm_adv_inst/CLKFBIN
  Path Group:             (none)
  Path Type:              Min at Fast Process Corner
  Data Path Delay:        1.180ns  (logic 0.026ns (2.202%)  route 1.155ns (97.798%))
  Logic Levels:           1  (BUFG=1)
  Clock Uncertainty:      0.148ns  ((TSJ^2 + DJ^2)^1/2) / 2 + PE
    Total System Jitter     (TSJ):    0.050ns
    Discrete Jitter          (DJ):    0.086ns
    Phase Error              (PE):    0.099ns

    Location             Delay type                Incr(ns)  Path(ns)    Netlist Resource(s)
  -------------------------------------------------------------------    -------------------
                         (clock clkfbout_clk_wiz_1 rise edge)
                                                      0.000     0.000 r  
    BUFGCTRL_X0Y2        BUFG                         0.000     0.000 r  clk_IBUF_BUFG_inst/O
                         net (fo=513, routed)         0.610     0.610    datapath/Audio_Codec/audiocodec_master_clock/inst/clk_in1
  -------------------------------------------------------------------    -------------------
    MMCME2_ADV_X0Y2      MMCME2_ADV (Prop_mmcme2_adv_CLKIN1_CLKFBOUT)
                                                     -1.180    -0.571 r  datapath/Audio_Codec/audiocodec_master_clock/inst/mmcm_adv_inst/CLKFBOUT
                         net (fo=1, routed)           0.545    -0.026    datapath/Audio_Codec/audiocodec_master_clock/inst/clkfbout_clk_wiz_1
    BUFGCTRL_X0Y5        BUFG (Prop_bufg_I_O)         0.026     0.000 r  datapath/Audio_Codec/audiocodec_master_clock/inst/clkf_buf/O
                         net (fo=1, routed)           0.610     0.610    datapath/Audio_Codec/audiocodec_master_clock/inst/clkfbout_buf_clk_wiz_1
    MMCME2_ADV_X0Y2      MMCME2_ADV                                   r  datapath/Audio_Codec/audiocodec_master_clock/inst/mmcm_adv_inst/CLKFBIN
  -------------------------------------------------------------------    -------------------





--------------------------------------------------------------------------------------
Path Group:  (none)
From Clock:  
  To Clock:  clk_out1_clk_wiz_0

Max Delay            44 Endpoints
Min Delay            44 Endpoints
--------------------------------------------------------------------------------------


Max Delay Paths
--------------------------------------------------------------------------------------
Slack:                    inf
  Source:                 switch[0]
                            (input port)
  Destination:            datapath/video_inst/inst_dvid/TDMS_encoder_green/encoded_reg[2]/D
                            (rising edge-triggered cell FDSE clocked by clk_out1_clk_wiz_0  {rise@0.000ns fall@20.000ns period=40.000ns})
  Path Group:             (none)
  Path Type:              Setup (Max at Slow Process Corner)
  Data Path Delay:        13.176ns  (logic 1.452ns (11.020%)  route 11.724ns (88.980%))
  Logic Levels:           4  (IBUF=1 LUT6=3)
  Clock Path Skew:        1.711ns (DCD - SCD + CPR)
    Destination Clock Delay (DCD):    1.711ns
    Source Clock Delay      (SCD):    0.000ns
    Clock Pessimism Removal (CPR):    0.000ns
  Clock Uncertainty:      0.190ns  ((TSJ^2 + DJ^2)^1/2) / 2 + PE
    Total System Jitter     (TSJ):    0.050ns
    Discrete Jitter          (DJ):    0.175ns
    Phase Error              (PE):    0.099ns

    Location             Delay type                Incr(ns)  Path(ns)    Netlist Resource(s)
  -------------------------------------------------------------------    -------------------
    E22                                               0.000     0.000 f  switch[0] (IN)
                         net (fo=0)                   0.000     0.000    switch[0]
    E22                  IBUF (Prop_ibuf_I_O)         1.080     1.080 f  switch_IBUF[0]_inst/O
                         net (fo=6, routed)           9.061    10.141    datapath/video_inst/Inst_vga/vga_signal_generator1/vertical_counter/switch_IBUF[0]
    SLICE_X154Y135       LUT6 (Prop_lut6_I5_O)        0.124    10.265 r  datapath/video_inst/Inst_vga/vga_signal_generator1/vertical_counter/dc_bias[3]_i_7/O
                         net (fo=4, routed)           0.978    11.243    datapath/video_inst/Inst_vga/vga_signal_generator1/vertical_counter/processQ_reg[7]_13
    SLICE_X154Y137       LUT6 (Prop_lut6_I0_O)        0.124    11.367 r  datapath/video_inst/Inst_vga/vga_signal_generator1/vertical_counter/dc_bias[3]_i_2/O
                         net (fo=6, routed)           1.098    12.464    datapath/video_inst/inst_dvid/TDMS_encoder_green/pixel[color][0]
    SLICE_X161Y139       LUT6 (Prop_lut6_I4_O)        0.124    12.588 r  datapath/video_inst/inst_dvid/TDMS_encoder_green/encoded[1]_i_1/O
                         net (fo=2, routed)           0.587    13.176    datapath/video_inst/inst_dvid/TDMS_encoder_green/encoded[1]_i_1_n_0
    SLICE_X160Y139       FDSE                                         r  datapath/video_inst/inst_dvid/TDMS_encoder_green/encoded_reg[2]/D
  -------------------------------------------------------------------    -------------------

                         (clock clk_out1_clk_wiz_0 rise edge)
                                                      0.000     0.000 r  
    BUFGCTRL_X0Y2        BUFG                         0.000     0.000 r  clk_IBUF_BUFG_inst/O
                         net (fo=513, routed)         1.972     1.972    datapath/video_inst/mmcm_adv_inst_display_clocks/inst/clk_in1
    MMCME2_ADV_X1Y0      MMCME2_ADV (Prop_mmcme2_adv_CLKIN1_CLKOUT0)
                                                     -4.637    -2.665 r  datapath/video_inst/mmcm_adv_inst_display_clocks/inst/mmcm_adv_inst/CLKOUT0
                         net (fo=1, routed)           2.574    -0.091    datapath/video_inst/mmcm_adv_inst_display_clocks/inst/clk_out1_clk_wiz_0
    BUFGCTRL_X0Y4        BUFG (Prop_bufg_I_O)         0.091     0.000 r  datapath/video_inst/mmcm_adv_inst_display_clocks/inst/clkout1_buf/O
                         net (fo=64, routed)          1.711     1.711    datapath/video_inst/inst_dvid/TDMS_encoder_green/clk_out1
    SLICE_X160Y139       FDSE                                         r  datapath/video_inst/inst_dvid/TDMS_encoder_green/encoded_reg[2]/C

Slack:                    inf
  Source:                 switch[0]
                            (input port)
  Destination:            datapath/video_inst/inst_dvid/TDMS_encoder_green/encoded_reg[1]/D
                            (rising edge-triggered cell FDRE clocked by clk_out1_clk_wiz_0  {rise@0.000ns fall@20.000ns period=40.000ns})
  Path Group:             (none)
  Path Type:              Setup (Max at Slow Process Corner)
  Data Path Delay:        12.992ns  (logic 1.452ns (11.176%)  route 11.540ns (88.824%))
  Logic Levels:           4  (IBUF=1 LUT6=3)
  Clock Path Skew:        1.711ns (DCD - SCD + CPR)
    Destination Clock Delay (DCD):    1.711ns
    Source Clock Delay      (SCD):    0.000ns
    Clock Pessimism Removal (CPR):    0.000ns
  Clock Uncertainty:      0.190ns  ((TSJ^2 + DJ^2)^1/2) / 2 + PE
    Total System Jitter     (TSJ):    0.050ns
    Discrete Jitter          (DJ):    0.175ns
    Phase Error              (PE):    0.099ns

    Location             Delay type                Incr(ns)  Path(ns)    Netlist Resource(s)
  -------------------------------------------------------------------    -------------------
    E22                                               0.000     0.000 f  switch[0] (IN)
                         net (fo=0)                   0.000     0.000    switch[0]
    E22                  IBUF (Prop_ibuf_I_O)         1.080     1.080 f  switch_IBUF[0]_inst/O
                         net (fo=6, routed)           9.061    10.141    datapath/video_inst/Inst_vga/vga_signal_generator1/vertical_counter/switch_IBUF[0]
    SLICE_X154Y135       LUT6 (Prop_lut6_I5_O)        0.124    10.265 r  datapath/video_inst/Inst_vga/vga_signal_generator1/vertical_counter/dc_bias[3]_i_7/O
                         net (fo=4, routed)           0.978    11.243    datapath/video_inst/Inst_vga/vga_signal_generator1/vertical_counter/processQ_reg[7]_13
    SLICE_X154Y137       LUT6 (Prop_lut6_I0_O)        0.124    11.367 r  datapath/video_inst/Inst_vga/vga_signal_generator1/vertical_counter/dc_bias[3]_i_2/O
                         net (fo=6, routed)           1.098    12.464    datapath/video_inst/inst_dvid/TDMS_encoder_green/pixel[color][0]
    SLICE_X161Y139       LUT6 (Prop_lut6_I4_O)        0.124    12.588 r  datapath/video_inst/inst_dvid/TDMS_encoder_green/encoded[1]_i_1/O
                         net (fo=2, routed)           0.404    12.992    datapath/video_inst/inst_dvid/TDMS_encoder_green/encoded[1]_i_1_n_0
    SLICE_X160Y139       FDRE                                         r  datapath/video_inst/inst_dvid/TDMS_encoder_green/encoded_reg[1]/D
  -------------------------------------------------------------------    -------------------

                         (clock clk_out1_clk_wiz_0 rise edge)
                                                      0.000     0.000 r  
    BUFGCTRL_X0Y2        BUFG                         0.000     0.000 r  clk_IBUF_BUFG_inst/O
                         net (fo=513, routed)         1.972     1.972    datapath/video_inst/mmcm_adv_inst_display_clocks/inst/clk_in1
    MMCME2_ADV_X1Y0      MMCME2_ADV (Prop_mmcme2_adv_CLKIN1_CLKOUT0)
                                                     -4.637    -2.665 r  datapath/video_inst/mmcm_adv_inst_display_clocks/inst/mmcm_adv_inst/CLKOUT0
                         net (fo=1, routed)           2.574    -0.091    datapath/video_inst/mmcm_adv_inst_display_clocks/inst/clk_out1_clk_wiz_0
    BUFGCTRL_X0Y4        BUFG (Prop_bufg_I_O)         0.091     0.000 r  datapath/video_inst/mmcm_adv_inst_display_clocks/inst/clkout1_buf/O
                         net (fo=64, routed)          1.711     1.711    datapath/video_inst/inst_dvid/TDMS_encoder_green/clk_out1
    SLICE_X160Y139       FDRE                                         r  datapath/video_inst/inst_dvid/TDMS_encoder_green/encoded_reg[1]/C

Slack:                    inf
  Source:                 switch[0]
                            (input port)
  Destination:            datapath/video_inst/inst_dvid/TDMS_encoder_blue/encoded_reg[1]/D
                            (rising edge-triggered cell FDRE clocked by clk_out1_clk_wiz_0  {rise@0.000ns fall@20.000ns period=40.000ns})
  Path Group:             (none)
  Path Type:              Setup (Max at Slow Process Corner)
  Data Path Delay:        12.780ns  (logic 1.452ns (11.362%)  route 11.328ns (88.638%))
  Logic Levels:           4  (IBUF=1 LUT6=3)
  Clock Path Skew:        1.710ns (DCD - SCD + CPR)
    Destination Clock Delay (DCD):    1.710ns
    Source Clock Delay      (SCD):    0.000ns
    Clock Pessimism Removal (CPR):    0.000ns
  Clock Uncertainty:      0.190ns  ((TSJ^2 + DJ^2)^1/2) / 2 + PE
    Total System Jitter     (TSJ):    0.050ns
    Discrete Jitter          (DJ):    0.175ns
    Phase Error              (PE):    0.099ns

    Location             Delay type                Incr(ns)  Path(ns)    Netlist Resource(s)
  -------------------------------------------------------------------    -------------------
    E22                                               0.000     0.000 f  switch[0] (IN)
                         net (fo=0)                   0.000     0.000    switch[0]
    E22                  IBUF (Prop_ibuf_I_O)         1.080     1.080 f  switch_IBUF[0]_inst/O
                         net (fo=6, routed)           9.061    10.141    datapath/video_inst/Inst_vga/vga_signal_generator1/vertical_counter/switch_IBUF[0]
    SLICE_X154Y135       LUT6 (Prop_lut6_I5_O)        0.124    10.265 r  datapath/video_inst/Inst_vga/vga_signal_generator1/vertical_counter/dc_bias[3]_i_7/O
                         net (fo=4, routed)           0.987    11.252    datapath/video_inst/Inst_vga/color_mapper1/encoded_reg[1]_1
    SLICE_X154Y135       LUT6 (Prop_lut6_I5_O)        0.124    11.376 r  datapath/video_inst/Inst_vga/color_mapper1/dc_bias[3]_i_2__0/O
                         net (fo=10, routed)          1.279    12.656    datapath/video_inst/Inst_vga/vga_signal_generator1/encoded_reg[1]
    SLICE_X158Y142       LUT6 (Prop_lut6_I3_O)        0.124    12.780 r  datapath/video_inst/Inst_vga/vga_signal_generator1/encoded[1]_i_1__0/O
                         net (fo=1, routed)           0.000    12.780    datapath/video_inst/inst_dvid/TDMS_encoder_blue/encoded_reg[4]_0[1]
    SLICE_X158Y142       FDRE                                         r  datapath/video_inst/inst_dvid/TDMS_encoder_blue/encoded_reg[1]/D
  -------------------------------------------------------------------    -------------------

                         (clock clk_out1_clk_wiz_0 rise edge)
                                                      0.000     0.000 r  
    BUFGCTRL_X0Y2        BUFG                         0.000     0.000 r  clk_IBUF_BUFG_inst/O
                         net (fo=513, routed)         1.972     1.972    datapath/video_inst/mmcm_adv_inst_display_clocks/inst/clk_in1
    MMCME2_ADV_X1Y0      MMCME2_ADV (Prop_mmcme2_adv_CLKIN1_CLKOUT0)
                                                     -4.637    -2.665 r  datapath/video_inst/mmcm_adv_inst_display_clocks/inst/mmcm_adv_inst/CLKOUT0
                         net (fo=1, routed)           2.574    -0.091    datapath/video_inst/mmcm_adv_inst_display_clocks/inst/clk_out1_clk_wiz_0
    BUFGCTRL_X0Y4        BUFG (Prop_bufg_I_O)         0.091     0.000 r  datapath/video_inst/mmcm_adv_inst_display_clocks/inst/clkout1_buf/O
                         net (fo=64, routed)          1.710     1.710    datapath/video_inst/inst_dvid/TDMS_encoder_blue/clk_out1
    SLICE_X158Y142       FDRE                                         r  datapath/video_inst/inst_dvid/TDMS_encoder_blue/encoded_reg[1]/C

Slack:                    inf
  Source:                 switch[0]
                            (input port)
  Destination:            datapath/video_inst/inst_dvid/TDMS_encoder_red/dc_bias_reg[1]/D
                            (rising edge-triggered cell FDRE clocked by clk_out1_clk_wiz_0  {rise@0.000ns fall@20.000ns period=40.000ns})
  Path Group:             (none)
  Path Type:              Setup (Max at Slow Process Corner)
  Data Path Delay:        12.776ns  (logic 1.478ns (11.569%)  route 11.298ns (88.431%))
  Logic Levels:           4  (IBUF=1 LUT4=1 LUT6=2)
  Clock Path Skew:        1.710ns (DCD - SCD + CPR)
    Destination Clock Delay (DCD):    1.710ns
    Source Clock Delay      (SCD):    0.000ns
    Clock Pessimism Removal (CPR):    0.000ns
  Clock Uncertainty:      0.190ns  ((TSJ^2 + DJ^2)^1/2) / 2 + PE
    Total System Jitter     (TSJ):    0.050ns
    Discrete Jitter          (DJ):    0.175ns
    Phase Error              (PE):    0.099ns

    Location             Delay type                Incr(ns)  Path(ns)    Netlist Resource(s)
  -------------------------------------------------------------------    -------------------
    E22                                               0.000     0.000 r  switch[0] (IN)
                         net (fo=0)                   0.000     0.000    switch[0]
    E22                  IBUF (Prop_ibuf_I_O)         1.080     1.080 r  switch_IBUF[0]_inst/O
                         net (fo=6, routed)           9.061    10.141    datapath/video_inst/Inst_vga/vga_signal_generator1/vertical_counter/switch_IBUF[0]
    SLICE_X154Y135       LUT6 (Prop_lut6_I5_O)        0.124    10.265 f  datapath/video_inst/Inst_vga/vga_signal_generator1/vertical_counter/dc_bias[3]_i_7/O
                         net (fo=4, routed)           0.962    11.227    datapath/video_inst/Inst_vga/color_mapper1/encoded_reg[1]_1
    SLICE_X154Y137       LUT6 (Prop_lut6_I4_O)        0.124    11.351 r  datapath/video_inst/Inst_vga/color_mapper1/dc_bias[3]_i_2__1/O
                         net (fo=14, routed)          1.275    12.626    datapath/video_inst/inst_dvid/TDMS_encoder_red/pixel[color][0]
    SLICE_X159Y141       LUT4 (Prop_lut4_I3_O)        0.150    12.776 r  datapath/video_inst/inst_dvid/TDMS_encoder_red/dc_bias[1]_i_1__1/O
                         net (fo=1, routed)           0.000    12.776    datapath/video_inst/inst_dvid/TDMS_encoder_red/dc_bias[1]_i_1__1_n_0
    SLICE_X159Y141       FDRE                                         r  datapath/video_inst/inst_dvid/TDMS_encoder_red/dc_bias_reg[1]/D
  -------------------------------------------------------------------    -------------------

                         (clock clk_out1_clk_wiz_0 rise edge)
                                                      0.000     0.000 r  
    BUFGCTRL_X0Y2        BUFG                         0.000     0.000 r  clk_IBUF_BUFG_inst/O
                         net (fo=513, routed)         1.972     1.972    datapath/video_inst/mmcm_adv_inst_display_clocks/inst/clk_in1
    MMCME2_ADV_X1Y0      MMCME2_ADV (Prop_mmcme2_adv_CLKIN1_CLKOUT0)
                                                     -4.637    -2.665 r  datapath/video_inst/mmcm_adv_inst_display_clocks/inst/mmcm_adv_inst/CLKOUT0
                         net (fo=1, routed)           2.574    -0.091    datapath/video_inst/mmcm_adv_inst_display_clocks/inst/clk_out1_clk_wiz_0
    BUFGCTRL_X0Y4        BUFG (Prop_bufg_I_O)         0.091     0.000 r  datapath/video_inst/mmcm_adv_inst_display_clocks/inst/clkout1_buf/O
                         net (fo=64, routed)          1.710     1.710    datapath/video_inst/inst_dvid/TDMS_encoder_red/clk_out1
    SLICE_X159Y141       FDRE                                         r  datapath/video_inst/inst_dvid/TDMS_encoder_red/dc_bias_reg[1]/C

Slack:                    inf
  Source:                 switch[0]
                            (input port)
  Destination:            datapath/video_inst/inst_dvid/TDMS_encoder_red/dc_bias_reg[3]/D
                            (rising edge-triggered cell FDRE clocked by clk_out1_clk_wiz_0  {rise@0.000ns fall@20.000ns period=40.000ns})
  Path Group:             (none)
  Path Type:              Setup (Max at Slow Process Corner)
  Data Path Delay:        12.774ns  (logic 1.478ns (11.571%)  route 11.296ns (88.429%))
  Logic Levels:           4  (IBUF=1 LUT5=1 LUT6=2)
  Clock Path Skew:        1.710ns (DCD - SCD + CPR)
    Destination Clock Delay (DCD):    1.710ns
    Source Clock Delay      (SCD):    0.000ns
    Clock Pessimism Removal (CPR):    0.000ns
  Clock Uncertainty:      0.190ns  ((TSJ^2 + DJ^2)^1/2) / 2 + PE
    Total System Jitter     (TSJ):    0.050ns
    Discrete Jitter          (DJ):    0.175ns
    Phase Error              (PE):    0.099ns

    Location             Delay type                Incr(ns)  Path(ns)    Netlist Resource(s)
  -------------------------------------------------------------------    -------------------
    E22                                               0.000     0.000 r  switch[0] (IN)
                         net (fo=0)                   0.000     0.000    switch[0]
    E22                  IBUF (Prop_ibuf_I_O)         1.080     1.080 r  switch_IBUF[0]_inst/O
                         net (fo=6, routed)           9.061    10.141    datapath/video_inst/Inst_vga/vga_signal_generator1/vertical_counter/switch_IBUF[0]
    SLICE_X154Y135       LUT6 (Prop_lut6_I5_O)        0.124    10.265 f  datapath/video_inst/Inst_vga/vga_signal_generator1/vertical_counter/dc_bias[3]_i_7/O
                         net (fo=4, routed)           0.962    11.227    datapath/video_inst/Inst_vga/color_mapper1/encoded_reg[1]_1
    SLICE_X154Y137       LUT6 (Prop_lut6_I4_O)        0.124    11.351 r  datapath/video_inst/Inst_vga/color_mapper1/dc_bias[3]_i_2__1/O
                         net (fo=14, routed)          1.273    12.624    datapath/video_inst/inst_dvid/TDMS_encoder_red/pixel[color][0]
    SLICE_X159Y141       LUT5 (Prop_lut5_I4_O)        0.150    12.774 r  datapath/video_inst/inst_dvid/TDMS_encoder_red/dc_bias[3]_i_1__1/O
                         net (fo=1, routed)           0.000    12.774    datapath/video_inst/inst_dvid/TDMS_encoder_red/dc_bias[3]_i_1__1_n_0
    SLICE_X159Y141       FDRE                                         r  datapath/video_inst/inst_dvid/TDMS_encoder_red/dc_bias_reg[3]/D
  -------------------------------------------------------------------    -------------------

                         (clock clk_out1_clk_wiz_0 rise edge)
                                                      0.000     0.000 r  
    BUFGCTRL_X0Y2        BUFG                         0.000     0.000 r  clk_IBUF_BUFG_inst/O
                         net (fo=513, routed)         1.972     1.972    datapath/video_inst/mmcm_adv_inst_display_clocks/inst/clk_in1
    MMCME2_ADV_X1Y0      MMCME2_ADV (Prop_mmcme2_adv_CLKIN1_CLKOUT0)
                                                     -4.637    -2.665 r  datapath/video_inst/mmcm_adv_inst_display_clocks/inst/mmcm_adv_inst/CLKOUT0
                         net (fo=1, routed)           2.574    -0.091    datapath/video_inst/mmcm_adv_inst_display_clocks/inst/clk_out1_clk_wiz_0
    BUFGCTRL_X0Y4        BUFG (Prop_bufg_I_O)         0.091     0.000 r  datapath/video_inst/mmcm_adv_inst_display_clocks/inst/clkout1_buf/O
                         net (fo=64, routed)          1.710     1.710    datapath/video_inst/inst_dvid/TDMS_encoder_red/clk_out1
    SLICE_X159Y141       FDRE                                         r  datapath/video_inst/inst_dvid/TDMS_encoder_red/dc_bias_reg[3]/C

Slack:                    inf
  Source:                 switch[0]
                            (input port)
  Destination:            datapath/video_inst/inst_dvid/TDMS_encoder_blue/encoded_reg[2]/D
                            (rising edge-triggered cell FDRE clocked by clk_out1_clk_wiz_0  {rise@0.000ns fall@20.000ns period=40.000ns})
  Path Group:             (none)
  Path Type:              Setup (Max at Slow Process Corner)
  Data Path Delay:        12.772ns  (logic 1.452ns (11.369%)  route 11.320ns (88.631%))
  Logic Levels:           4  (IBUF=1 LUT6=3)
  Clock Path Skew:        1.710ns (DCD - SCD + CPR)
    Destination Clock Delay (DCD):    1.710ns
    Source Clock Delay      (SCD):    0.000ns
    Clock Pessimism Removal (CPR):    0.000ns
  Clock Uncertainty:      0.190ns  ((TSJ^2 + DJ^2)^1/2) / 2 + PE
    Total System Jitter     (TSJ):    0.050ns
    Discrete Jitter          (DJ):    0.175ns
    Phase Error              (PE):    0.099ns

    Location             Delay type                Incr(ns)  Path(ns)    Netlist Resource(s)
  -------------------------------------------------------------------    -------------------
    E22                                               0.000     0.000 f  switch[0] (IN)
                         net (fo=0)                   0.000     0.000    switch[0]
    E22                  IBUF (Prop_ibuf_I_O)         1.080     1.080 f  switch_IBUF[0]_inst/O
                         net (fo=6, routed)           9.061    10.141    datapath/video_inst/Inst_vga/vga_signal_generator1/vertical_counter/switch_IBUF[0]
    SLICE_X154Y135       LUT6 (Prop_lut6_I5_O)        0.124    10.265 r  datapath/video_inst/Inst_vga/vga_signal_generator1/vertical_counter/dc_bias[3]_i_7/O
                         net (fo=4, routed)           0.987    11.252    datapath/video_inst/Inst_vga/color_mapper1/encoded_reg[1]_1
    SLICE_X154Y135       LUT6 (Prop_lut6_I5_O)        0.124    11.376 r  datapath/video_inst/Inst_vga/color_mapper1/dc_bias[3]_i_2__0/O
                         net (fo=10, routed)          1.271    12.648    datapath/video_inst/Inst_vga/vga_signal_generator1/encoded_reg[1]
    SLICE_X158Y142       LUT6 (Prop_lut6_I3_O)        0.124    12.772 r  datapath/video_inst/Inst_vga/vga_signal_generator1/encoded[2]_i_1/O
                         net (fo=1, routed)           0.000    12.772    datapath/video_inst/inst_dvid/TDMS_encoder_blue/encoded_reg[4]_0[2]
    SLICE_X158Y142       FDRE                                         r  datapath/video_inst/inst_dvid/TDMS_encoder_blue/encoded_reg[2]/D
  -------------------------------------------------------------------    -------------------

                         (clock clk_out1_clk_wiz_0 rise edge)
                                                      0.000     0.000 r  
    BUFGCTRL_X0Y2        BUFG                         0.000     0.000 r  clk_IBUF_BUFG_inst/O
                         net (fo=513, routed)         1.972     1.972    datapath/video_inst/mmcm_adv_inst_display_clocks/inst/clk_in1
    MMCME2_ADV_X1Y0      MMCME2_ADV (Prop_mmcme2_adv_CLKIN1_CLKOUT0)
                                                     -4.637    -2.665 r  datapath/video_inst/mmcm_adv_inst_display_clocks/inst/mmcm_adv_inst/CLKOUT0
                         net (fo=1, routed)           2.574    -0.091    datapath/video_inst/mmcm_adv_inst_display_clocks/inst/clk_out1_clk_wiz_0
    BUFGCTRL_X0Y4        BUFG (Prop_bufg_I_O)         0.091     0.000 r  datapath/video_inst/mmcm_adv_inst_display_clocks/inst/clkout1_buf/O
                         net (fo=64, routed)          1.710     1.710    datapath/video_inst/inst_dvid/TDMS_encoder_blue/clk_out1
    SLICE_X158Y142       FDRE                                         r  datapath/video_inst/inst_dvid/TDMS_encoder_blue/encoded_reg[2]/C

Slack:                    inf
  Source:                 switch[0]
                            (input port)
  Destination:            datapath/video_inst/inst_dvid/TDMS_encoder_green/encoded_reg[9]/D
                            (rising edge-triggered cell FDRE clocked by clk_out1_clk_wiz_0  {rise@0.000ns fall@20.000ns period=40.000ns})
  Path Group:             (none)
  Path Type:              Setup (Max at Slow Process Corner)
  Data Path Delay:        12.754ns  (logic 1.480ns (11.604%)  route 11.274ns (88.396%))
  Logic Levels:           4  (IBUF=1 LUT5=1 LUT6=2)
  Clock Path Skew:        1.711ns (DCD - SCD + CPR)
    Destination Clock Delay (DCD):    1.711ns
    Source Clock Delay      (SCD):    0.000ns
    Clock Pessimism Removal (CPR):    0.000ns
  Clock Uncertainty:      0.190ns  ((TSJ^2 + DJ^2)^1/2) / 2 + PE
    Total System Jitter     (TSJ):    0.050ns
    Discrete Jitter          (DJ):    0.175ns
    Phase Error              (PE):    0.099ns

    Location             Delay type                Incr(ns)  Path(ns)    Netlist Resource(s)
  -------------------------------------------------------------------    -------------------
    E22                                               0.000     0.000 f  switch[0] (IN)
                         net (fo=0)                   0.000     0.000    switch[0]
    E22                  IBUF (Prop_ibuf_I_O)         1.080     1.080 f  switch_IBUF[0]_inst/O
                         net (fo=6, routed)           9.061    10.141    datapath/video_inst/Inst_vga/vga_signal_generator1/vertical_counter/switch_IBUF[0]
    SLICE_X154Y135       LUT6 (Prop_lut6_I5_O)        0.124    10.265 r  datapath/video_inst/Inst_vga/vga_signal_generator1/vertical_counter/dc_bias[3]_i_7/O
                         net (fo=4, routed)           0.978    11.243    datapath/video_inst/Inst_vga/vga_signal_generator1/vertical_counter/processQ_reg[7]_13
    SLICE_X154Y137       LUT6 (Prop_lut6_I0_O)        0.124    11.367 r  datapath/video_inst/Inst_vga/vga_signal_generator1/vertical_counter/dc_bias[3]_i_2/O
                         net (fo=6, routed)           1.235    12.602    datapath/video_inst/inst_dvid/TDMS_encoder_green/pixel[color][0]
    SLICE_X161Y139       LUT5 (Prop_lut5_I2_O)        0.152    12.754 r  datapath/video_inst/inst_dvid/TDMS_encoder_green/encoded[9]_i_1/O
                         net (fo=1, routed)           0.000    12.754    datapath/video_inst/inst_dvid/TDMS_encoder_green/encoded[9]_i_1_n_0
    SLICE_X161Y139       FDRE                                         r  datapath/video_inst/inst_dvid/TDMS_encoder_green/encoded_reg[9]/D
  -------------------------------------------------------------------    -------------------

                         (clock clk_out1_clk_wiz_0 rise edge)
                                                      0.000     0.000 r  
    BUFGCTRL_X0Y2        BUFG                         0.000     0.000 r  clk_IBUF_BUFG_inst/O
                         net (fo=513, routed)         1.972     1.972    datapath/video_inst/mmcm_adv_inst_display_clocks/inst/clk_in1
    MMCME2_ADV_X1Y0      MMCME2_ADV (Prop_mmcme2_adv_CLKIN1_CLKOUT0)
                                                     -4.637    -2.665 r  datapath/video_inst/mmcm_adv_inst_display_clocks/inst/mmcm_adv_inst/CLKOUT0
                         net (fo=1, routed)           2.574    -0.091    datapath/video_inst/mmcm_adv_inst_display_clocks/inst/clk_out1_clk_wiz_0
    BUFGCTRL_X0Y4        BUFG (Prop_bufg_I_O)         0.091     0.000 r  datapath/video_inst/mmcm_adv_inst_display_clocks/inst/clkout1_buf/O
                         net (fo=64, routed)          1.711     1.711    datapath/video_inst/inst_dvid/TDMS_encoder_green/clk_out1
    SLICE_X161Y139       FDRE                                         r  datapath/video_inst/inst_dvid/TDMS_encoder_green/encoded_reg[9]/C

Slack:                    inf
  Source:                 switch[0]
                            (input port)
  Destination:            datapath/video_inst/inst_dvid/TDMS_encoder_red/dc_bias_reg[2]/D
                            (rising edge-triggered cell FDRE clocked by clk_out1_clk_wiz_0  {rise@0.000ns fall@20.000ns period=40.000ns})
  Path Group:             (none)
  Path Type:              Setup (Max at Slow Process Corner)
  Data Path Delay:        12.748ns  (logic 1.452ns (11.390%)  route 11.296ns (88.610%))
  Logic Levels:           4  (IBUF=1 LUT5=1 LUT6=2)
  Clock Path Skew:        1.710ns (DCD - SCD + CPR)
    Destination Clock Delay (DCD):    1.710ns
    Source Clock Delay      (SCD):    0.000ns
    Clock Pessimism Removal (CPR):    0.000ns
  Clock Uncertainty:      0.190ns  ((TSJ^2 + DJ^2)^1/2) / 2 + PE
    Total System Jitter     (TSJ):    0.050ns
    Discrete Jitter          (DJ):    0.175ns
    Phase Error              (PE):    0.099ns

    Location             Delay type                Incr(ns)  Path(ns)    Netlist Resource(s)
  -------------------------------------------------------------------    -------------------
    E22                                               0.000     0.000 r  switch[0] (IN)
                         net (fo=0)                   0.000     0.000    switch[0]
    E22                  IBUF (Prop_ibuf_I_O)         1.080     1.080 r  switch_IBUF[0]_inst/O
                         net (fo=6, routed)           9.061    10.141    datapath/video_inst/Inst_vga/vga_signal_generator1/vertical_counter/switch_IBUF[0]
    SLICE_X154Y135       LUT6 (Prop_lut6_I5_O)        0.124    10.265 f  datapath/video_inst/Inst_vga/vga_signal_generator1/vertical_counter/dc_bias[3]_i_7/O
                         net (fo=4, routed)           0.962    11.227    datapath/video_inst/Inst_vga/color_mapper1/encoded_reg[1]_1
    SLICE_X154Y137       LUT6 (Prop_lut6_I4_O)        0.124    11.351 r  datapath/video_inst/Inst_vga/color_mapper1/dc_bias[3]_i_2__1/O
                         net (fo=14, routed)          1.273    12.624    datapath/video_inst/inst_dvid/TDMS_encoder_red/pixel[color][0]
    SLICE_X159Y141       LUT5 (Prop_lut5_I4_O)        0.124    12.748 r  datapath/video_inst/inst_dvid/TDMS_encoder_red/dc_bias[2]_i_1__1/O
                         net (fo=1, routed)           0.000    12.748    datapath/video_inst/inst_dvid/TDMS_encoder_red/dc_bias[2]_i_1__1_n_0
    SLICE_X159Y141       FDRE                                         r  datapath/video_inst/inst_dvid/TDMS_encoder_red/dc_bias_reg[2]/D
  -------------------------------------------------------------------    -------------------

                         (clock clk_out1_clk_wiz_0 rise edge)
                                                      0.000     0.000 r  
    BUFGCTRL_X0Y2        BUFG                         0.000     0.000 r  clk_IBUF_BUFG_inst/O
                         net (fo=513, routed)         1.972     1.972    datapath/video_inst/mmcm_adv_inst_display_clocks/inst/clk_in1
    MMCME2_ADV_X1Y0      MMCME2_ADV (Prop_mmcme2_adv_CLKIN1_CLKOUT0)
                                                     -4.637    -2.665 r  datapath/video_inst/mmcm_adv_inst_display_clocks/inst/mmcm_adv_inst/CLKOUT0
                         net (fo=1, routed)           2.574    -0.091    datapath/video_inst/mmcm_adv_inst_display_clocks/inst/clk_out1_clk_wiz_0
    BUFGCTRL_X0Y4        BUFG (Prop_bufg_I_O)         0.091     0.000 r  datapath/video_inst/mmcm_adv_inst_display_clocks/inst/clkout1_buf/O
                         net (fo=64, routed)          1.710     1.710    datapath/video_inst/inst_dvid/TDMS_encoder_red/clk_out1
    SLICE_X159Y141       FDRE                                         r  datapath/video_inst/inst_dvid/TDMS_encoder_red/dc_bias_reg[2]/C

Slack:                    inf
  Source:                 switch[0]
                            (input port)
  Destination:            datapath/video_inst/inst_dvid/TDMS_encoder_green/encoded_reg[8]/D
                            (rising edge-triggered cell FDRE clocked by clk_out1_clk_wiz_0  {rise@0.000ns fall@20.000ns period=40.000ns})
  Path Group:             (none)
  Path Type:              Setup (Max at Slow Process Corner)
  Data Path Delay:        12.614ns  (logic 1.452ns (11.511%)  route 11.162ns (88.489%))
  Logic Levels:           4  (IBUF=1 LUT2=1 LUT6=2)
  Clock Path Skew:        1.711ns (DCD - SCD + CPR)
    Destination Clock Delay (DCD):    1.711ns
    Source Clock Delay      (SCD):    0.000ns
    Clock Pessimism Removal (CPR):    0.000ns
  Clock Uncertainty:      0.190ns  ((TSJ^2 + DJ^2)^1/2) / 2 + PE
    Total System Jitter     (TSJ):    0.050ns
    Discrete Jitter          (DJ):    0.175ns
    Phase Error              (PE):    0.099ns

    Location             Delay type                Incr(ns)  Path(ns)    Netlist Resource(s)
  -------------------------------------------------------------------    -------------------
    E22                                               0.000     0.000 f  switch[0] (IN)
                         net (fo=0)                   0.000     0.000    switch[0]
    E22                  IBUF (Prop_ibuf_I_O)         1.080     1.080 f  switch_IBUF[0]_inst/O
                         net (fo=6, routed)           9.061    10.141    datapath/video_inst/Inst_vga/vga_signal_generator1/vertical_counter/switch_IBUF[0]
    SLICE_X154Y135       LUT6 (Prop_lut6_I5_O)        0.124    10.265 r  datapath/video_inst/Inst_vga/vga_signal_generator1/vertical_counter/dc_bias[3]_i_7/O
                         net (fo=4, routed)           0.997    11.262    datapath/video_inst/Inst_vga/vga_signal_generator1/vertical_counter/processQ_reg[7]_13
    SLICE_X154Y137       LUT6 (Prop_lut6_I0_O)        0.124    11.386 f  datapath/video_inst/Inst_vga/vga_signal_generator1/vertical_counter/dc_bias[3]_i_3/O
                         net (fo=7, routed)           1.105    12.490    datapath/video_inst/inst_dvid/TDMS_encoder_green/pixel[color][1]
    SLICE_X161Y139       LUT2 (Prop_lut2_I0_O)        0.124    12.614 r  datapath/video_inst/inst_dvid/TDMS_encoder_green/encoded[8]_i_1/O
                         net (fo=1, routed)           0.000    12.614    datapath/video_inst/inst_dvid/TDMS_encoder_green/encoded[8]_i_1_n_0
    SLICE_X161Y139       FDRE                                         r  datapath/video_inst/inst_dvid/TDMS_encoder_green/encoded_reg[8]/D
  -------------------------------------------------------------------    -------------------

                         (clock clk_out1_clk_wiz_0 rise edge)
                                                      0.000     0.000 r  
    BUFGCTRL_X0Y2        BUFG                         0.000     0.000 r  clk_IBUF_BUFG_inst/O
                         net (fo=513, routed)         1.972     1.972    datapath/video_inst/mmcm_adv_inst_display_clocks/inst/clk_in1
    MMCME2_ADV_X1Y0      MMCME2_ADV (Prop_mmcme2_adv_CLKIN1_CLKOUT0)
                                                     -4.637    -2.665 r  datapath/video_inst/mmcm_adv_inst_display_clocks/inst/mmcm_adv_inst/CLKOUT0
                         net (fo=1, routed)           2.574    -0.091    datapath/video_inst/mmcm_adv_inst_display_clocks/inst/clk_out1_clk_wiz_0
    BUFGCTRL_X0Y4        BUFG (Prop_bufg_I_O)         0.091     0.000 r  datapath/video_inst/mmcm_adv_inst_display_clocks/inst/clkout1_buf/O
                         net (fo=64, routed)          1.711     1.711    datapath/video_inst/inst_dvid/TDMS_encoder_green/clk_out1
    SLICE_X161Y139       FDRE                                         r  datapath/video_inst/inst_dvid/TDMS_encoder_green/encoded_reg[8]/C

Slack:                    inf
  Source:                 switch[0]
                            (input port)
  Destination:            datapath/video_inst/inst_dvid/TDMS_encoder_blue/dc_bias_reg[3]/D
                            (rising edge-triggered cell FDRE clocked by clk_out1_clk_wiz_0  {rise@0.000ns fall@20.000ns period=40.000ns})
  Path Group:             (none)
  Path Type:              Setup (Max at Slow Process Corner)
  Data Path Delay:        12.607ns  (logic 1.452ns (11.518%)  route 11.155ns (88.482%))
  Logic Levels:           4  (IBUF=1 LUT6=3)
  Clock Path Skew:        1.710ns (DCD - SCD + CPR)
    Destination Clock Delay (DCD):    1.710ns
    Source Clock Delay      (SCD):    0.000ns
    Clock Pessimism Removal (CPR):    0.000ns
  Clock Uncertainty:      0.190ns  ((TSJ^2 + DJ^2)^1/2) / 2 + PE
    Total System Jitter     (TSJ):    0.050ns
    Discrete Jitter          (DJ):    0.175ns
    Phase Error              (PE):    0.099ns

    Location             Delay type                Incr(ns)  Path(ns)    Netlist Resource(s)
  -------------------------------------------------------------------    -------------------
    E22                                               0.000     0.000 r  switch[0] (IN)
                         net (fo=0)                   0.000     0.000    switch[0]
    E22                  IBUF (Prop_ibuf_I_O)         1.080     1.080 r  switch_IBUF[0]_inst/O
                         net (fo=6, routed)           9.061    10.141    datapath/video_inst/Inst_vga/vga_signal_generator1/vertical_counter/switch_IBUF[0]
    SLICE_X154Y135       LUT6 (Prop_lut6_I5_O)        0.124    10.265 f  datapath/video_inst/Inst_vga/vga_signal_generator1/vertical_counter/dc_bias[3]_i_7/O
                         net (fo=4, routed)           0.962    11.227    datapath/video_inst/Inst_vga/color_mapper1/encoded_reg[1]_1
    SLICE_X154Y137       LUT6 (Prop_lut6_I4_O)        0.124    11.351 r  datapath/video_inst/Inst_vga/color_mapper1/dc_bias[3]_i_2__1/O
                         net (fo=14, routed)          1.132    12.483    datapath/video_inst/inst_dvid/TDMS_encoder_blue/pixel[color][1]
    SLICE_X156Y141       LUT6 (Prop_lut6_I5_O)        0.124    12.607 r  datapath/video_inst/inst_dvid/TDMS_encoder_blue/dc_bias[3]_i_1__0/O
                         net (fo=1, routed)           0.000    12.607    datapath/video_inst/inst_dvid/TDMS_encoder_blue/dc_bias[3]_i_1__0_n_0
    SLICE_X156Y141       FDRE                                         r  datapath/video_inst/inst_dvid/TDMS_encoder_blue/dc_bias_reg[3]/D
  -------------------------------------------------------------------    -------------------

                         (clock clk_out1_clk_wiz_0 rise edge)
                                                      0.000     0.000 r  
    BUFGCTRL_X0Y2        BUFG                         0.000     0.000 r  clk_IBUF_BUFG_inst/O
                         net (fo=513, routed)         1.972     1.972    datapath/video_inst/mmcm_adv_inst_display_clocks/inst/clk_in1
    MMCME2_ADV_X1Y0      MMCME2_ADV (Prop_mmcme2_adv_CLKIN1_CLKOUT0)
                                                     -4.637    -2.665 r  datapath/video_inst/mmcm_adv_inst_display_clocks/inst/mmcm_adv_inst/CLKOUT0
                         net (fo=1, routed)           2.574    -0.091    datapath/video_inst/mmcm_adv_inst_display_clocks/inst/clk_out1_clk_wiz_0
    BUFGCTRL_X0Y4        BUFG (Prop_bufg_I_O)         0.091     0.000 r  datapath/video_inst/mmcm_adv_inst_display_clocks/inst/clkout1_buf/O
                         net (fo=64, routed)          1.710     1.710    datapath/video_inst/inst_dvid/TDMS_encoder_blue/clk_out1
    SLICE_X156Y141       FDRE                                         r  datapath/video_inst/inst_dvid/TDMS_encoder_blue/dc_bias_reg[3]/C





Min Delay Paths
--------------------------------------------------------------------------------------
Slack:                    inf
  Source:                 datapath/leftChannelMemory/sdp_bl.ramb18_dp_bl.ram18_bl/CLKARDCLK
                            (rising edge-triggered cell RAMB18E1)
  Destination:            datapath/video_inst/inst_dvid/TDMS_encoder_green/dc_bias_reg[0]/D
                            (rising edge-triggered cell FDRE clocked by clk_out1_clk_wiz_0  {rise@0.000ns fall@20.000ns period=40.000ns})
  Path Group:             (none)
  Path Type:              Hold (Min at Fast Process Corner)
  Data Path Delay:        2.293ns  (logic 0.880ns (38.369%)  route 1.413ns (61.631%))
  Logic Levels:           6  (CARRY4=1 LUT6=4 RAMB18E1=1)
  Clock Uncertainty:      0.190ns  ((TSJ^2 + DJ^2)^1/2) / 2 + PE
    Total System Jitter     (TSJ):    0.050ns
    Discrete Jitter          (DJ):    0.175ns
    Phase Error              (PE):    0.099ns

    Location             Delay type                Incr(ns)  Path(ns)    Netlist Resource(s)
  -------------------------------------------------------------------    -------------------
    RAMB18_X8Y50         RAMB18E1                     0.000     0.000 r  datapath/leftChannelMemory/sdp_bl.ramb18_dp_bl.ram18_bl/CLKARDCLK
    RAMB18_X8Y50         RAMB18E1 (Prop_ramb18e1_CLKARDCLK_DOADO[14])
                                                      0.585     0.585 r  datapath/leftChannelMemory/sdp_bl.ramb18_dp_bl.ram18_bl/DOADO[14]
                         net (fo=1, routed)           0.210     0.795    datapath/leftChannelMemory/input_vector[14]
    SLICE_X155Y127       LUT6 (Prop_lut6_I3_O)        0.045     0.840 r  datapath/leftChannelMemory/ch1[active]0_carry_i_2/O
                         net (fo=1, routed)           0.000     0.840    datapath/leftChannelMemory_n_3
    SLICE_X155Y127       CARRY4 (Prop_carry4_S[2]_CO[3])
                                                      0.115     0.955 f  datapath/ch1[active]0_carry/CO[3]
                         net (fo=1, routed)           0.533     1.489    datapath/video_inst/Inst_vga/vga_signal_generator1/vertical_counter/dc_bias[3]_i_2__1_3[0]
    SLICE_X154Y135       LUT6 (Prop_lut6_I4_O)        0.045     1.534 r  datapath/video_inst/Inst_vga/vga_signal_generator1/vertical_counter/dc_bias[3]_i_7/O
                         net (fo=4, routed)           0.361     1.894    datapath/video_inst/Inst_vga/vga_signal_generator1/vertical_counter/processQ_reg[7]_13
    SLICE_X154Y137       LUT6 (Prop_lut6_I0_O)        0.045     1.939 r  datapath/video_inst/Inst_vga/vga_signal_generator1/vertical_counter/dc_bias[3]_i_2/O
                         net (fo=6, routed)           0.309     2.248    datapath/video_inst/inst_dvid/TDMS_encoder_green/pixel[color][0]
    SLICE_X160Y139       LUT6 (Prop_lut6_I4_O)        0.045     2.293 r  datapath/video_inst/inst_dvid/TDMS_encoder_green/dc_bias[0]_i_1/O
                         net (fo=1, routed)           0.000     2.293    datapath/video_inst/inst_dvid/TDMS_encoder_green/dc_bias[0]_i_1_n_0
    SLICE_X160Y139       FDRE                                         r  datapath/video_inst/inst_dvid/TDMS_encoder_green/dc_bias_reg[0]/D
  -------------------------------------------------------------------    -------------------

                         (clock clk_out1_clk_wiz_0 rise edge)
                                                      0.000     0.000 r  
    BUFGCTRL_X0Y2        BUFG                         0.000     0.000 r  clk_IBUF_BUFG_inst/O
                         net (fo=513, routed)         1.022     1.022    datapath/video_inst/mmcm_adv_inst_display_clocks/inst/clk_in1
    MMCME2_ADV_X1Y0      MMCME2_ADV (Prop_mmcme2_adv_CLKIN1_CLKOUT0)
                                                     -2.040    -1.018 r  datapath/video_inst/mmcm_adv_inst_display_clocks/inst/mmcm_adv_inst/CLKOUT0
                         net (fo=1, routed)           0.989    -0.029    datapath/video_inst/mmcm_adv_inst_display_clocks/inst/clk_out1_clk_wiz_0
    BUFGCTRL_X0Y4        BUFG (Prop_bufg_I_O)         0.029    -0.000 r  datapath/video_inst/mmcm_adv_inst_display_clocks/inst/clkout1_buf/O
                         net (fo=64, routed)          0.919     0.919    datapath/video_inst/inst_dvid/TDMS_encoder_green/clk_out1
    SLICE_X160Y139       FDRE                                         r  datapath/video_inst/inst_dvid/TDMS_encoder_green/dc_bias_reg[0]/C

Slack:                    inf
  Source:                 datapath/leftChannelMemory/sdp_bl.ramb18_dp_bl.ram18_bl/CLKARDCLK
                            (rising edge-triggered cell RAMB18E1)
  Destination:            datapath/video_inst/inst_dvid/TDMS_encoder_green/dc_bias_reg[3]/D
                            (rising edge-triggered cell FDRE clocked by clk_out1_clk_wiz_0  {rise@0.000ns fall@20.000ns period=40.000ns})
  Path Group:             (none)
  Path Type:              Hold (Min at Fast Process Corner)
  Data Path Delay:        2.294ns  (logic 0.880ns (38.353%)  route 1.414ns (61.647%))
  Logic Levels:           6  (CARRY4=1 LUT6=4 RAMB18E1=1)
  Clock Uncertainty:      0.190ns  ((TSJ^2 + DJ^2)^1/2) / 2 + PE
    Total System Jitter     (TSJ):    0.050ns
    Discrete Jitter          (DJ):    0.175ns
    Phase Error              (PE):    0.099ns

    Location             Delay type                Incr(ns)  Path(ns)    Netlist Resource(s)
  -------------------------------------------------------------------    -------------------
    RAMB18_X8Y50         RAMB18E1                     0.000     0.000 r  datapath/leftChannelMemory/sdp_bl.ramb18_dp_bl.ram18_bl/CLKARDCLK
    RAMB18_X8Y50         RAMB18E1 (Prop_ramb18e1_CLKARDCLK_DOADO[14])
                                                      0.585     0.585 r  datapath/leftChannelMemory/sdp_bl.ramb18_dp_bl.ram18_bl/DOADO[14]
                         net (fo=1, routed)           0.210     0.795    datapath/leftChannelMemory/input_vector[14]
    SLICE_X155Y127       LUT6 (Prop_lut6_I3_O)        0.045     0.840 r  datapath/leftChannelMemory/ch1[active]0_carry_i_2/O
                         net (fo=1, routed)           0.000     0.840    datapath/leftChannelMemory_n_3
    SLICE_X155Y127       CARRY4 (Prop_carry4_S[2]_CO[3])
                                                      0.115     0.955 f  datapath/ch1[active]0_carry/CO[3]
                         net (fo=1, routed)           0.533     1.489    datapath/video_inst/Inst_vga/vga_signal_generator1/vertical_counter/dc_bias[3]_i_2__1_3[0]
    SLICE_X154Y135       LUT6 (Prop_lut6_I4_O)        0.045     1.534 r  datapath/video_inst/Inst_vga/vga_signal_generator1/vertical_counter/dc_bias[3]_i_7/O
                         net (fo=4, routed)           0.361     1.894    datapath/video_inst/Inst_vga/vga_signal_generator1/vertical_counter/processQ_reg[7]_13
    SLICE_X154Y137       LUT6 (Prop_lut6_I0_O)        0.045     1.939 r  datapath/video_inst/Inst_vga/vga_signal_generator1/vertical_counter/dc_bias[3]_i_2/O
                         net (fo=6, routed)           0.310     2.249    datapath/video_inst/inst_dvid/TDMS_encoder_green/pixel[color][0]
    SLICE_X160Y139       LUT6 (Prop_lut6_I4_O)        0.045     2.294 r  datapath/video_inst/inst_dvid/TDMS_encoder_green/dc_bias[3]_i_1/O
                         net (fo=1, routed)           0.000     2.294    datapath/video_inst/inst_dvid/TDMS_encoder_green/dc_bias[3]_i_1_n_0
    SLICE_X160Y139       FDRE                                         r  datapath/video_inst/inst_dvid/TDMS_encoder_green/dc_bias_reg[3]/D
  -------------------------------------------------------------------    -------------------

                         (clock clk_out1_clk_wiz_0 rise edge)
                                                      0.000     0.000 r  
    BUFGCTRL_X0Y2        BUFG                         0.000     0.000 r  clk_IBUF_BUFG_inst/O
                         net (fo=513, routed)         1.022     1.022    datapath/video_inst/mmcm_adv_inst_display_clocks/inst/clk_in1
    MMCME2_ADV_X1Y0      MMCME2_ADV (Prop_mmcme2_adv_CLKIN1_CLKOUT0)
                                                     -2.040    -1.018 r  datapath/video_inst/mmcm_adv_inst_display_clocks/inst/mmcm_adv_inst/CLKOUT0
                         net (fo=1, routed)           0.989    -0.029    datapath/video_inst/mmcm_adv_inst_display_clocks/inst/clk_out1_clk_wiz_0
    BUFGCTRL_X0Y4        BUFG (Prop_bufg_I_O)         0.029    -0.000 r  datapath/video_inst/mmcm_adv_inst_display_clocks/inst/clkout1_buf/O
                         net (fo=64, routed)          0.919     0.919    datapath/video_inst/inst_dvid/TDMS_encoder_green/clk_out1
    SLICE_X160Y139       FDRE                                         r  datapath/video_inst/inst_dvid/TDMS_encoder_green/dc_bias_reg[3]/C

Slack:                    inf
  Source:                 datapath/rightChannelMemory/sdp_bl.ramb18_dp_bl.ram18_bl/CLKARDCLK
                            (rising edge-triggered cell RAMB18E1)
  Destination:            datapath/video_inst/inst_dvid/TDMS_encoder_red/encoded_reg[8]/D
                            (rising edge-triggered cell FDRE clocked by clk_out1_clk_wiz_0  {rise@0.000ns fall@20.000ns period=40.000ns})
  Path Group:             (none)
  Path Type:              Hold (Min at Fast Process Corner)
  Data Path Delay:        2.302ns  (logic 0.941ns (40.871%)  route 1.361ns (59.129%))
  Logic Levels:           6  (CARRY4=1 LUT2=2 LUT6=2 RAMB18E1=1)
  Clock Uncertainty:      0.190ns  ((TSJ^2 + DJ^2)^1/2) / 2 + PE
    Total System Jitter     (TSJ):    0.050ns
    Discrete Jitter          (DJ):    0.175ns
    Phase Error              (PE):    0.099ns

    Location             Delay type                Incr(ns)  Path(ns)    Netlist Resource(s)
  -------------------------------------------------------------------    -------------------
    RAMB18_X8Y51         RAMB18E1                     0.000     0.000 r  datapath/rightChannelMemory/sdp_bl.ramb18_dp_bl.ram18_bl/CLKARDCLK
    RAMB18_X8Y51         RAMB18E1 (Prop_ramb18e1_CLKARDCLK_DOADO[15])
                                                      0.585     0.585 r  datapath/rightChannelMemory/sdp_bl.ramb18_dp_bl.ram18_bl/DOADO[15]
                         net (fo=1, routed)           0.320     0.905    datapath/rightChannelMemory/ch2[from_bram][15]
    SLICE_X158Y130       LUT6 (Prop_lut6_I1_O)        0.045     0.950 r  datapath/rightChannelMemory/ch2[active]0_carry_i_2/O
                         net (fo=1, routed)           0.000     0.950    datapath/rightChannelMemory_n_3
    SLICE_X158Y130       CARRY4 (Prop_carry4_S[2]_CO[3])
                                                      0.111     1.061 r  datapath/ch2[active]0_carry/CO[3]
                         net (fo=2, routed)           0.552     1.613    datapath/video_inst/Inst_vga/vga_signal_generator1/vertical_counter/CO[0]
    SLICE_X154Y135       LUT2 (Prop_lut2_I0_O)        0.044     1.657 r  datapath/video_inst/Inst_vga/vga_signal_generator1/vertical_counter/dc_bias[3]_i_6/O
                         net (fo=3, routed)           0.138     1.796    datapath/video_inst/Inst_vga/color_mapper1/encoded_reg[1]_2
    SLICE_X154Y137       LUT6 (Prop_lut6_I3_O)        0.111     1.907 f  datapath/video_inst/Inst_vga/color_mapper1/dc_bias[3]_i_2__1/O
                         net (fo=14, routed)          0.351     2.257    datapath/video_inst/inst_dvid/TDMS_encoder_red/pixel[color][0]
    SLICE_X161Y141       LUT2 (Prop_lut2_I0_O)        0.045     2.302 r  datapath/video_inst/inst_dvid/TDMS_encoder_red/encoded[8]_i_1/O
                         net (fo=1, routed)           0.000     2.302    datapath/video_inst/inst_dvid/TDMS_encoder_red/encoded[8]_i_1_n_0
    SLICE_X161Y141       FDRE                                         r  datapath/video_inst/inst_dvid/TDMS_encoder_red/encoded_reg[8]/D
  -------------------------------------------------------------------    -------------------

                         (clock clk_out1_clk_wiz_0 rise edge)
                                                      0.000     0.000 r  
    BUFGCTRL_X0Y2        BUFG                         0.000     0.000 r  clk_IBUF_BUFG_inst/O
                         net (fo=513, routed)         1.022     1.022    datapath/video_inst/mmcm_adv_inst_display_clocks/inst/clk_in1
    MMCME2_ADV_X1Y0      MMCME2_ADV (Prop_mmcme2_adv_CLKIN1_CLKOUT0)
                                                     -2.040    -1.018 r  datapath/video_inst/mmcm_adv_inst_display_clocks/inst/mmcm_adv_inst/CLKOUT0
                         net (fo=1, routed)           0.989    -0.029    datapath/video_inst/mmcm_adv_inst_display_clocks/inst/clk_out1_clk_wiz_0
    BUFGCTRL_X0Y4        BUFG (Prop_bufg_I_O)         0.029    -0.000 r  datapath/video_inst/mmcm_adv_inst_display_clocks/inst/clkout1_buf/O
                         net (fo=64, routed)          0.920     0.920    datapath/video_inst/inst_dvid/TDMS_encoder_red/clk_out1
    SLICE_X161Y141       FDRE                                         r  datapath/video_inst/inst_dvid/TDMS_encoder_red/encoded_reg[8]/C

Slack:                    inf
  Source:                 datapath/leftChannelMemory/sdp_bl.ramb18_dp_bl.ram18_bl/CLKARDCLK
                            (rising edge-triggered cell RAMB18E1)
  Destination:            datapath/video_inst/inst_dvid/TDMS_encoder_green/dc_bias_reg[2]/D
                            (rising edge-triggered cell FDRE clocked by clk_out1_clk_wiz_0  {rise@0.000ns fall@20.000ns period=40.000ns})
  Path Group:             (none)
  Path Type:              Hold (Min at Fast Process Corner)
  Data Path Delay:        2.304ns  (logic 0.880ns (38.194%)  route 1.424ns (61.806%))
  Logic Levels:           6  (CARRY4=1 LUT6=4 RAMB18E1=1)
  Clock Uncertainty:      0.190ns  ((TSJ^2 + DJ^2)^1/2) / 2 + PE
    Total System Jitter     (TSJ):    0.050ns
    Discrete Jitter          (DJ):    0.175ns
    Phase Error              (PE):    0.099ns

    Location             Delay type                Incr(ns)  Path(ns)    Netlist Resource(s)
  -------------------------------------------------------------------    -------------------
    RAMB18_X8Y50         RAMB18E1                     0.000     0.000 r  datapath/leftChannelMemory/sdp_bl.ramb18_dp_bl.ram18_bl/CLKARDCLK
    RAMB18_X8Y50         RAMB18E1 (Prop_ramb18e1_CLKARDCLK_DOADO[14])
                                                      0.585     0.585 r  datapath/leftChannelMemory/sdp_bl.ramb18_dp_bl.ram18_bl/DOADO[14]
                         net (fo=1, routed)           0.210     0.795    datapath/leftChannelMemory/input_vector[14]
    SLICE_X155Y127       LUT6 (Prop_lut6_I3_O)        0.045     0.840 r  datapath/leftChannelMemory/ch1[active]0_carry_i_2/O
                         net (fo=1, routed)           0.000     0.840    datapath/leftChannelMemory_n_3
    SLICE_X155Y127       CARRY4 (Prop_carry4_S[2]_CO[3])
                                                      0.115     0.955 f  datapath/ch1[active]0_carry/CO[3]
                         net (fo=1, routed)           0.533     1.489    datapath/video_inst/Inst_vga/vga_signal_generator1/vertical_counter/dc_bias[3]_i_2__1_3[0]
    SLICE_X154Y135       LUT6 (Prop_lut6_I4_O)        0.045     1.534 r  datapath/video_inst/Inst_vga/vga_signal_generator1/vertical_counter/dc_bias[3]_i_7/O
                         net (fo=4, routed)           0.361     1.894    datapath/video_inst/Inst_vga/vga_signal_generator1/vertical_counter/processQ_reg[7]_13
    SLICE_X154Y137       LUT6 (Prop_lut6_I0_O)        0.045     1.939 r  datapath/video_inst/Inst_vga/vga_signal_generator1/vertical_counter/dc_bias[3]_i_2/O
                         net (fo=6, routed)           0.320     2.259    datapath/video_inst/inst_dvid/TDMS_encoder_green/pixel[color][0]
    SLICE_X160Y139       LUT6 (Prop_lut6_I4_O)        0.045     2.304 r  datapath/video_inst/inst_dvid/TDMS_encoder_green/dc_bias[2]_i_1/O
                         net (fo=1, routed)           0.000     2.304    datapath/video_inst/inst_dvid/TDMS_encoder_green/dc_bias[2]_i_1_n_0
    SLICE_X160Y139       FDRE                                         r  datapath/video_inst/inst_dvid/TDMS_encoder_green/dc_bias_reg[2]/D
  -------------------------------------------------------------------    -------------------

                         (clock clk_out1_clk_wiz_0 rise edge)
                                                      0.000     0.000 r  
    BUFGCTRL_X0Y2        BUFG                         0.000     0.000 r  clk_IBUF_BUFG_inst/O
                         net (fo=513, routed)         1.022     1.022    datapath/video_inst/mmcm_adv_inst_display_clocks/inst/clk_in1
    MMCME2_ADV_X1Y0      MMCME2_ADV (Prop_mmcme2_adv_CLKIN1_CLKOUT0)
                                                     -2.040    -1.018 r  datapath/video_inst/mmcm_adv_inst_display_clocks/inst/mmcm_adv_inst/CLKOUT0
                         net (fo=1, routed)           0.989    -0.029    datapath/video_inst/mmcm_adv_inst_display_clocks/inst/clk_out1_clk_wiz_0
    BUFGCTRL_X0Y4        BUFG (Prop_bufg_I_O)         0.029    -0.000 r  datapath/video_inst/mmcm_adv_inst_display_clocks/inst/clkout1_buf/O
                         net (fo=64, routed)          0.919     0.919    datapath/video_inst/inst_dvid/TDMS_encoder_green/clk_out1
    SLICE_X160Y139       FDRE                                         r  datapath/video_inst/inst_dvid/TDMS_encoder_green/dc_bias_reg[2]/C

Slack:                    inf
  Source:                 datapath/rightChannelMemory/sdp_bl.ramb18_dp_bl.ram18_bl/CLKARDCLK
                            (rising edge-triggered cell RAMB18E1)
  Destination:            datapath/video_inst/inst_dvid/TDMS_encoder_red/encoded_reg[9]/D
                            (rising edge-triggered cell FDRE clocked by clk_out1_clk_wiz_0  {rise@0.000ns fall@20.000ns period=40.000ns})
  Path Group:             (none)
  Path Type:              Hold (Min at Fast Process Corner)
  Data Path Delay:        2.305ns  (logic 0.944ns (40.948%)  route 1.361ns (59.052%))
  Logic Levels:           6  (CARRY4=1 LUT2=1 LUT3=1 LUT6=2 RAMB18E1=1)
  Clock Uncertainty:      0.190ns  ((TSJ^2 + DJ^2)^1/2) / 2 + PE
    Total System Jitter     (TSJ):    0.050ns
    Discrete Jitter          (DJ):    0.175ns
    Phase Error              (PE):    0.099ns

    Location             Delay type                Incr(ns)  Path(ns)    Netlist Resource(s)
  -------------------------------------------------------------------    -------------------
    RAMB18_X8Y51         RAMB18E1                     0.000     0.000 r  datapath/rightChannelMemory/sdp_bl.ramb18_dp_bl.ram18_bl/CLKARDCLK
    RAMB18_X8Y51         RAMB18E1 (Prop_ramb18e1_CLKARDCLK_DOADO[15])
                                                      0.585     0.585 r  datapath/rightChannelMemory/sdp_bl.ramb18_dp_bl.ram18_bl/DOADO[15]
                         net (fo=1, routed)           0.320     0.905    datapath/rightChannelMemory/ch2[from_bram][15]
    SLICE_X158Y130       LUT6 (Prop_lut6_I1_O)        0.045     0.950 r  datapath/rightChannelMemory/ch2[active]0_carry_i_2/O
                         net (fo=1, routed)           0.000     0.950    datapath/rightChannelMemory_n_3
    SLICE_X158Y130       CARRY4 (Prop_carry4_S[2]_CO[3])
                                                      0.111     1.061 f  datapath/ch2[active]0_carry/CO[3]
                         net (fo=2, routed)           0.552     1.613    datapath/video_inst/Inst_vga/vga_signal_generator1/vertical_counter/CO[0]
    SLICE_X154Y135       LUT2 (Prop_lut2_I0_O)        0.044     1.657 f  datapath/video_inst/Inst_vga/vga_signal_generator1/vertical_counter/dc_bias[3]_i_6/O
                         net (fo=3, routed)           0.138     1.796    datapath/video_inst/Inst_vga/color_mapper1/encoded_reg[1]_2
    SLICE_X154Y137       LUT6 (Prop_lut6_I3_O)        0.111     1.907 r  datapath/video_inst/Inst_vga/color_mapper1/dc_bias[3]_i_2__1/O
                         net (fo=14, routed)          0.351     2.257    datapath/video_inst/inst_dvid/TDMS_encoder_red/pixel[color][0]
    SLICE_X161Y141       LUT3 (Prop_lut3_I0_O)        0.048     2.305 r  datapath/video_inst/inst_dvid/TDMS_encoder_red/encoded[9]_i_1/O
                         net (fo=1, routed)           0.000     2.305    datapath/video_inst/inst_dvid/TDMS_encoder_red/encoded[9]_i_1_n_0
    SLICE_X161Y141       FDRE                                         r  datapath/video_inst/inst_dvid/TDMS_encoder_red/encoded_reg[9]/D
  -------------------------------------------------------------------    -------------------

                         (clock clk_out1_clk_wiz_0 rise edge)
                                                      0.000     0.000 r  
    BUFGCTRL_X0Y2        BUFG                         0.000     0.000 r  clk_IBUF_BUFG_inst/O
                         net (fo=513, routed)         1.022     1.022    datapath/video_inst/mmcm_adv_inst_display_clocks/inst/clk_in1
    MMCME2_ADV_X1Y0      MMCME2_ADV (Prop_mmcme2_adv_CLKIN1_CLKOUT0)
                                                     -2.040    -1.018 r  datapath/video_inst/mmcm_adv_inst_display_clocks/inst/mmcm_adv_inst/CLKOUT0
                         net (fo=1, routed)           0.989    -0.029    datapath/video_inst/mmcm_adv_inst_display_clocks/inst/clk_out1_clk_wiz_0
    BUFGCTRL_X0Y4        BUFG (Prop_bufg_I_O)         0.029    -0.000 r  datapath/video_inst/mmcm_adv_inst_display_clocks/inst/clkout1_buf/O
                         net (fo=64, routed)          0.920     0.920    datapath/video_inst/inst_dvid/TDMS_encoder_red/clk_out1
    SLICE_X161Y141       FDRE                                         r  datapath/video_inst/inst_dvid/TDMS_encoder_red/encoded_reg[9]/C

Slack:                    inf
  Source:                 datapath/leftChannelMemory/sdp_bl.ramb18_dp_bl.ram18_bl/CLKARDCLK
                            (rising edge-triggered cell RAMB18E1)
  Destination:            datapath/video_inst/inst_dvid/TDMS_encoder_blue/encoded_reg[8]/D
                            (rising edge-triggered cell FDRE clocked by clk_out1_clk_wiz_0  {rise@0.000ns fall@20.000ns period=40.000ns})
  Path Group:             (none)
  Path Type:              Hold (Min at Fast Process Corner)
  Data Path Delay:        2.327ns  (logic 0.880ns (37.824%)  route 1.447ns (62.176%))
  Logic Levels:           6  (CARRY4=1 LUT3=1 LUT6=3 RAMB18E1=1)
  Clock Uncertainty:      0.190ns  ((TSJ^2 + DJ^2)^1/2) / 2 + PE
    Total System Jitter     (TSJ):    0.050ns
    Discrete Jitter          (DJ):    0.175ns
    Phase Error              (PE):    0.099ns

    Location             Delay type                Incr(ns)  Path(ns)    Netlist Resource(s)
  -------------------------------------------------------------------    -------------------
    RAMB18_X8Y50         RAMB18E1                     0.000     0.000 r  datapath/leftChannelMemory/sdp_bl.ramb18_dp_bl.ram18_bl/CLKARDCLK
    RAMB18_X8Y50         RAMB18E1 (Prop_ramb18e1_CLKARDCLK_DOADO[14])
                                                      0.585     0.585 r  datapath/leftChannelMemory/sdp_bl.ramb18_dp_bl.ram18_bl/DOADO[14]
                         net (fo=1, routed)           0.210     0.795    datapath/leftChannelMemory/input_vector[14]
    SLICE_X155Y127       LUT6 (Prop_lut6_I3_O)        0.045     0.840 r  datapath/leftChannelMemory/ch1[active]0_carry_i_2/O
                         net (fo=1, routed)           0.000     0.840    datapath/leftChannelMemory_n_3
    SLICE_X155Y127       CARRY4 (Prop_carry4_S[2]_CO[3])
                                                      0.115     0.955 r  datapath/ch1[active]0_carry/CO[3]
                         net (fo=1, routed)           0.533     1.489    datapath/video_inst/Inst_vga/vga_signal_generator1/vertical_counter/dc_bias[3]_i_2__1_3[0]
    SLICE_X154Y135       LUT6 (Prop_lut6_I4_O)        0.045     1.534 f  datapath/video_inst/Inst_vga/vga_signal_generator1/vertical_counter/dc_bias[3]_i_7/O
                         net (fo=4, routed)           0.333     1.867    datapath/video_inst/Inst_vga/color_mapper1/encoded_reg[1]_1
    SLICE_X154Y135       LUT6 (Prop_lut6_I5_O)        0.045     1.912 f  datapath/video_inst/Inst_vga/color_mapper1/dc_bias[3]_i_2__0/O
                         net (fo=10, routed)          0.369     2.282    datapath/video_inst/inst_dvid/TDMS_encoder_blue/pixel[color][0]
    SLICE_X158Y142       LUT3 (Prop_lut3_I1_O)        0.045     2.327 r  datapath/video_inst/inst_dvid/TDMS_encoder_blue/encoded[8]_i_1/O
                         net (fo=1, routed)           0.000     2.327    datapath/video_inst/inst_dvid/TDMS_encoder_blue/encoded[8]_i_1_n_0
    SLICE_X158Y142       FDRE                                         r  datapath/video_inst/inst_dvid/TDMS_encoder_blue/encoded_reg[8]/D
  -------------------------------------------------------------------    -------------------

                         (clock clk_out1_clk_wiz_0 rise edge)
                                                      0.000     0.000 r  
    BUFGCTRL_X0Y2        BUFG                         0.000     0.000 r  clk_IBUF_BUFG_inst/O
                         net (fo=513, routed)         1.022     1.022    datapath/video_inst/mmcm_adv_inst_display_clocks/inst/clk_in1
    MMCME2_ADV_X1Y0      MMCME2_ADV (Prop_mmcme2_adv_CLKIN1_CLKOUT0)
                                                     -2.040    -1.018 r  datapath/video_inst/mmcm_adv_inst_display_clocks/inst/mmcm_adv_inst/CLKOUT0
                         net (fo=1, routed)           0.989    -0.029    datapath/video_inst/mmcm_adv_inst_display_clocks/inst/clk_out1_clk_wiz_0
    BUFGCTRL_X0Y4        BUFG (Prop_bufg_I_O)         0.029    -0.000 r  datapath/video_inst/mmcm_adv_inst_display_clocks/inst/clkout1_buf/O
                         net (fo=64, routed)          0.919     0.919    datapath/video_inst/inst_dvid/TDMS_encoder_blue/clk_out1
    SLICE_X158Y142       FDRE                                         r  datapath/video_inst/inst_dvid/TDMS_encoder_blue/encoded_reg[8]/C

Slack:                    inf
  Source:                 datapath/leftChannelMemory/sdp_bl.ramb18_dp_bl.ram18_bl/CLKARDCLK
                            (rising edge-triggered cell RAMB18E1)
  Destination:            datapath/video_inst/inst_dvid/TDMS_encoder_blue/dc_bias_reg[3]/D
                            (rising edge-triggered cell FDRE clocked by clk_out1_clk_wiz_0  {rise@0.000ns fall@20.000ns period=40.000ns})
  Path Group:             (none)
  Path Type:              Hold (Min at Fast Process Corner)
  Data Path Delay:        2.340ns  (logic 0.880ns (37.600%)  route 1.460ns (62.400%))
  Logic Levels:           6  (CARRY4=1 LUT6=4 RAMB18E1=1)
  Clock Uncertainty:      0.190ns  ((TSJ^2 + DJ^2)^1/2) / 2 + PE
    Total System Jitter     (TSJ):    0.050ns
    Discrete Jitter          (DJ):    0.175ns
    Phase Error              (PE):    0.099ns

    Location             Delay type                Incr(ns)  Path(ns)    Netlist Resource(s)
  -------------------------------------------------------------------    -------------------
    RAMB18_X8Y50         RAMB18E1                     0.000     0.000 r  datapath/leftChannelMemory/sdp_bl.ramb18_dp_bl.ram18_bl/CLKARDCLK
    RAMB18_X8Y50         RAMB18E1 (Prop_ramb18e1_CLKARDCLK_DOADO[14])
                                                      0.585     0.585 r  datapath/leftChannelMemory/sdp_bl.ramb18_dp_bl.ram18_bl/DOADO[14]
                         net (fo=1, routed)           0.210     0.795    datapath/leftChannelMemory/input_vector[14]
    SLICE_X155Y127       LUT6 (Prop_lut6_I3_O)        0.045     0.840 r  datapath/leftChannelMemory/ch1[active]0_carry_i_2/O
                         net (fo=1, routed)           0.000     0.840    datapath/leftChannelMemory_n_3
    SLICE_X155Y127       CARRY4 (Prop_carry4_S[2]_CO[3])
                                                      0.115     0.955 f  datapath/ch1[active]0_carry/CO[3]
                         net (fo=1, routed)           0.533     1.489    datapath/video_inst/Inst_vga/vga_signal_generator1/vertical_counter/dc_bias[3]_i_2__1_3[0]
    SLICE_X154Y135       LUT6 (Prop_lut6_I4_O)        0.045     1.534 r  datapath/video_inst/Inst_vga/vga_signal_generator1/vertical_counter/dc_bias[3]_i_7/O
                         net (fo=4, routed)           0.333     1.867    datapath/video_inst/Inst_vga/color_mapper1/encoded_reg[1]_1
    SLICE_X154Y135       LUT6 (Prop_lut6_I5_O)        0.045     1.912 r  datapath/video_inst/Inst_vga/color_mapper1/dc_bias[3]_i_2__0/O
                         net (fo=10, routed)          0.383     2.295    datapath/video_inst/inst_dvid/TDMS_encoder_blue/pixel[color][0]
    SLICE_X156Y141       LUT6 (Prop_lut6_I4_O)        0.045     2.340 r  datapath/video_inst/inst_dvid/TDMS_encoder_blue/dc_bias[3]_i_1__0/O
                         net (fo=1, routed)           0.000     2.340    datapath/video_inst/inst_dvid/TDMS_encoder_blue/dc_bias[3]_i_1__0_n_0
    SLICE_X156Y141       FDRE                                         r  datapath/video_inst/inst_dvid/TDMS_encoder_blue/dc_bias_reg[3]/D
  -------------------------------------------------------------------    -------------------

                         (clock clk_out1_clk_wiz_0 rise edge)
                                                      0.000     0.000 r  
    BUFGCTRL_X0Y2        BUFG                         0.000     0.000 r  clk_IBUF_BUFG_inst/O
                         net (fo=513, routed)         1.022     1.022    datapath/video_inst/mmcm_adv_inst_display_clocks/inst/clk_in1
    MMCME2_ADV_X1Y0      MMCME2_ADV (Prop_mmcme2_adv_CLKIN1_CLKOUT0)
                                                     -2.040    -1.018 r  datapath/video_inst/mmcm_adv_inst_display_clocks/inst/mmcm_adv_inst/CLKOUT0
                         net (fo=1, routed)           0.989    -0.029    datapath/video_inst/mmcm_adv_inst_display_clocks/inst/clk_out1_clk_wiz_0
    BUFGCTRL_X0Y4        BUFG (Prop_bufg_I_O)         0.029    -0.000 r  datapath/video_inst/mmcm_adv_inst_display_clocks/inst/clkout1_buf/O
                         net (fo=64, routed)          0.919     0.919    datapath/video_inst/inst_dvid/TDMS_encoder_blue/clk_out1
    SLICE_X156Y141       FDRE                                         r  datapath/video_inst/inst_dvid/TDMS_encoder_blue/dc_bias_reg[3]/C

Slack:                    inf
  Source:                 datapath/leftChannelMemory/sdp_bl.ramb18_dp_bl.ram18_bl/CLKARDCLK
                            (rising edge-triggered cell RAMB18E1)
  Destination:            datapath/video_inst/inst_dvid/TDMS_encoder_blue/dc_bias_reg[0]/D
                            (rising edge-triggered cell FDRE clocked by clk_out1_clk_wiz_0  {rise@0.000ns fall@20.000ns period=40.000ns})
  Path Group:             (none)
  Path Type:              Hold (Min at Fast Process Corner)
  Data Path Delay:        2.342ns  (logic 0.880ns (37.581%)  route 1.462ns (62.419%))
  Logic Levels:           6  (CARRY4=1 LUT6=4 RAMB18E1=1)
  Clock Uncertainty:      0.190ns  ((TSJ^2 + DJ^2)^1/2) / 2 + PE
    Total System Jitter     (TSJ):    0.050ns
    Discrete Jitter          (DJ):    0.175ns
    Phase Error              (PE):    0.099ns

    Location             Delay type                Incr(ns)  Path(ns)    Netlist Resource(s)
  -------------------------------------------------------------------    -------------------
    RAMB18_X8Y50         RAMB18E1                     0.000     0.000 r  datapath/leftChannelMemory/sdp_bl.ramb18_dp_bl.ram18_bl/CLKARDCLK
    RAMB18_X8Y50         RAMB18E1 (Prop_ramb18e1_CLKARDCLK_DOADO[14])
                                                      0.585     0.585 r  datapath/leftChannelMemory/sdp_bl.ramb18_dp_bl.ram18_bl/DOADO[14]
                         net (fo=1, routed)           0.210     0.795    datapath/leftChannelMemory/input_vector[14]
    SLICE_X155Y127       LUT6 (Prop_lut6_I3_O)        0.045     0.840 r  datapath/leftChannelMemory/ch1[active]0_carry_i_2/O
                         net (fo=1, routed)           0.000     0.840    datapath/leftChannelMemory_n_3
    SLICE_X155Y127       CARRY4 (Prop_carry4_S[2]_CO[3])
                                                      0.115     0.955 f  datapath/ch1[active]0_carry/CO[3]
                         net (fo=1, routed)           0.533     1.489    datapath/video_inst/Inst_vga/vga_signal_generator1/vertical_counter/dc_bias[3]_i_2__1_3[0]
    SLICE_X154Y135       LUT6 (Prop_lut6_I4_O)        0.045     1.534 r  datapath/video_inst/Inst_vga/vga_signal_generator1/vertical_counter/dc_bias[3]_i_7/O
                         net (fo=4, routed)           0.333     1.867    datapath/video_inst/Inst_vga/color_mapper1/encoded_reg[1]_1
    SLICE_X154Y135       LUT6 (Prop_lut6_I5_O)        0.045     1.912 r  datapath/video_inst/Inst_vga/color_mapper1/dc_bias[3]_i_2__0/O
                         net (fo=10, routed)          0.385     2.297    datapath/video_inst/inst_dvid/TDMS_encoder_blue/pixel[color][0]
    SLICE_X156Y141       LUT6 (Prop_lut6_I4_O)        0.045     2.342 r  datapath/video_inst/inst_dvid/TDMS_encoder_blue/dc_bias[0]_i_1__0/O
                         net (fo=1, routed)           0.000     2.342    datapath/video_inst/inst_dvid/TDMS_encoder_blue/dc_bias[0]_i_1__0_n_0
    SLICE_X156Y141       FDRE                                         r  datapath/video_inst/inst_dvid/TDMS_encoder_blue/dc_bias_reg[0]/D
  -------------------------------------------------------------------    -------------------

                         (clock clk_out1_clk_wiz_0 rise edge)
                                                      0.000     0.000 r  
    BUFGCTRL_X0Y2        BUFG                         0.000     0.000 r  clk_IBUF_BUFG_inst/O
                         net (fo=513, routed)         1.022     1.022    datapath/video_inst/mmcm_adv_inst_display_clocks/inst/clk_in1
    MMCME2_ADV_X1Y0      MMCME2_ADV (Prop_mmcme2_adv_CLKIN1_CLKOUT0)
                                                     -2.040    -1.018 r  datapath/video_inst/mmcm_adv_inst_display_clocks/inst/mmcm_adv_inst/CLKOUT0
                         net (fo=1, routed)           0.989    -0.029    datapath/video_inst/mmcm_adv_inst_display_clocks/inst/clk_out1_clk_wiz_0
    BUFGCTRL_X0Y4        BUFG (Prop_bufg_I_O)         0.029    -0.000 r  datapath/video_inst/mmcm_adv_inst_display_clocks/inst/clkout1_buf/O
                         net (fo=64, routed)          0.919     0.919    datapath/video_inst/inst_dvid/TDMS_encoder_blue/clk_out1
    SLICE_X156Y141       FDRE                                         r  datapath/video_inst/inst_dvid/TDMS_encoder_blue/dc_bias_reg[0]/C

Slack:                    inf
  Source:                 datapath/leftChannelMemory/sdp_bl.ramb18_dp_bl.ram18_bl/CLKARDCLK
                            (rising edge-triggered cell RAMB18E1)
  Destination:            datapath/video_inst/inst_dvid/TDMS_encoder_blue/encoded_reg[0]/D
                            (rising edge-triggered cell FDRE clocked by clk_out1_clk_wiz_0  {rise@0.000ns fall@20.000ns period=40.000ns})
  Path Group:             (none)
  Path Type:              Hold (Min at Fast Process Corner)
  Data Path Delay:        2.349ns  (logic 0.880ns (37.466%)  route 1.469ns (62.534%))
  Logic Levels:           6  (CARRY4=1 LUT6=4 RAMB18E1=1)
  Clock Uncertainty:      0.190ns  ((TSJ^2 + DJ^2)^1/2) / 2 + PE
    Total System Jitter     (TSJ):    0.050ns
    Discrete Jitter          (DJ):    0.175ns
    Phase Error              (PE):    0.099ns

    Location             Delay type                Incr(ns)  Path(ns)    Netlist Resource(s)
  -------------------------------------------------------------------    -------------------
    RAMB18_X8Y50         RAMB18E1                     0.000     0.000 r  datapath/leftChannelMemory/sdp_bl.ramb18_dp_bl.ram18_bl/CLKARDCLK
    RAMB18_X8Y50         RAMB18E1 (Prop_ramb18e1_CLKARDCLK_DOADO[14])
                                                      0.585     0.585 r  datapath/leftChannelMemory/sdp_bl.ramb18_dp_bl.ram18_bl/DOADO[14]
                         net (fo=1, routed)           0.210     0.795    datapath/leftChannelMemory/input_vector[14]
    SLICE_X155Y127       LUT6 (Prop_lut6_I3_O)        0.045     0.840 r  datapath/leftChannelMemory/ch1[active]0_carry_i_2/O
                         net (fo=1, routed)           0.000     0.840    datapath/leftChannelMemory_n_3
    SLICE_X155Y127       CARRY4 (Prop_carry4_S[2]_CO[3])
                                                      0.115     0.955 f  datapath/ch1[active]0_carry/CO[3]
                         net (fo=1, routed)           0.533     1.489    datapath/video_inst/Inst_vga/vga_signal_generator1/vertical_counter/dc_bias[3]_i_2__1_3[0]
    SLICE_X154Y135       LUT6 (Prop_lut6_I4_O)        0.045     1.534 r  datapath/video_inst/Inst_vga/vga_signal_generator1/vertical_counter/dc_bias[3]_i_7/O
                         net (fo=4, routed)           0.333     1.867    datapath/video_inst/Inst_vga/color_mapper1/encoded_reg[1]_1
    SLICE_X154Y135       LUT6 (Prop_lut6_I5_O)        0.045     1.912 r  datapath/video_inst/Inst_vga/color_mapper1/dc_bias[3]_i_2__0/O
                         net (fo=10, routed)          0.392     2.304    datapath/video_inst/Inst_vga/vga_signal_generator1/encoded_reg[1]
    SLICE_X158Y141       LUT6 (Prop_lut6_I3_O)        0.045     2.349 r  datapath/video_inst/Inst_vga/vga_signal_generator1/encoded[0]_i_1/O
                         net (fo=1, routed)           0.000     2.349    datapath/video_inst/inst_dvid/TDMS_encoder_blue/encoded_reg[4]_0[0]
    SLICE_X158Y141       FDRE                                         r  datapath/video_inst/inst_dvid/TDMS_encoder_blue/encoded_reg[0]/D
  -------------------------------------------------------------------    -------------------

                         (clock clk_out1_clk_wiz_0 rise edge)
                                                      0.000     0.000 r  
    BUFGCTRL_X0Y2        BUFG                         0.000     0.000 r  clk_IBUF_BUFG_inst/O
                         net (fo=513, routed)         1.022     1.022    datapath/video_inst/mmcm_adv_inst_display_clocks/inst/clk_in1
    MMCME2_ADV_X1Y0      MMCME2_ADV (Prop_mmcme2_adv_CLKIN1_CLKOUT0)
                                                     -2.040    -1.018 r  datapath/video_inst/mmcm_adv_inst_display_clocks/inst/mmcm_adv_inst/CLKOUT0
                         net (fo=1, routed)           0.989    -0.029    datapath/video_inst/mmcm_adv_inst_display_clocks/inst/clk_out1_clk_wiz_0
    BUFGCTRL_X0Y4        BUFG (Prop_bufg_I_O)         0.029    -0.000 r  datapath/video_inst/mmcm_adv_inst_display_clocks/inst/clkout1_buf/O
                         net (fo=64, routed)          0.919     0.919    datapath/video_inst/inst_dvid/TDMS_encoder_blue/clk_out1
    SLICE_X158Y141       FDRE                                         r  datapath/video_inst/inst_dvid/TDMS_encoder_blue/encoded_reg[0]/C

Slack:                    inf
  Source:                 datapath/leftChannelMemory/sdp_bl.ramb18_dp_bl.ram18_bl/CLKARDCLK
                            (rising edge-triggered cell RAMB18E1)
  Destination:            datapath/video_inst/inst_dvid/TDMS_encoder_blue/encoded_reg[4]/D
                            (rising edge-triggered cell FDRE clocked by clk_out1_clk_wiz_0  {rise@0.000ns fall@20.000ns period=40.000ns})
  Path Group:             (none)
  Path Type:              Hold (Min at Fast Process Corner)
  Data Path Delay:        2.353ns  (logic 0.880ns (37.402%)  route 1.473ns (62.598%))
  Logic Levels:           6  (CARRY4=1 LUT6=4 RAMB18E1=1)
  Clock Uncertainty:      0.190ns  ((TSJ^2 + DJ^2)^1/2) / 2 + PE
    Total System Jitter     (TSJ):    0.050ns
    Discrete Jitter          (DJ):    0.175ns
    Phase Error              (PE):    0.099ns

    Location             Delay type                Incr(ns)  Path(ns)    Netlist Resource(s)
  -------------------------------------------------------------------    -------------------
    RAMB18_X8Y50         RAMB18E1                     0.000     0.000 r  datapath/leftChannelMemory/sdp_bl.ramb18_dp_bl.ram18_bl/CLKARDCLK
    RAMB18_X8Y50         RAMB18E1 (Prop_ramb18e1_CLKARDCLK_DOADO[14])
                                                      0.585     0.585 r  datapath/leftChannelMemory/sdp_bl.ramb18_dp_bl.ram18_bl/DOADO[14]
                         net (fo=1, routed)           0.210     0.795    datapath/leftChannelMemory/input_vector[14]
    SLICE_X155Y127       LUT6 (Prop_lut6_I3_O)        0.045     0.840 r  datapath/leftChannelMemory/ch1[active]0_carry_i_2/O
                         net (fo=1, routed)           0.000     0.840    datapath/leftChannelMemory_n_3
    SLICE_X155Y127       CARRY4 (Prop_carry4_S[2]_CO[3])
                                                      0.115     0.955 f  datapath/ch1[active]0_carry/CO[3]
                         net (fo=1, routed)           0.533     1.489    datapath/video_inst/Inst_vga/vga_signal_generator1/vertical_counter/dc_bias[3]_i_2__1_3[0]
    SLICE_X154Y135       LUT6 (Prop_lut6_I4_O)        0.045     1.534 r  datapath/video_inst/Inst_vga/vga_signal_generator1/vertical_counter/dc_bias[3]_i_7/O
                         net (fo=4, routed)           0.333     1.867    datapath/video_inst/Inst_vga/color_mapper1/encoded_reg[1]_1
    SLICE_X154Y135       LUT6 (Prop_lut6_I5_O)        0.045     1.912 r  datapath/video_inst/Inst_vga/color_mapper1/dc_bias[3]_i_2__0/O
                         net (fo=10, routed)          0.396     2.308    datapath/video_inst/Inst_vga/vga_signal_generator1/encoded_reg[1]
    SLICE_X158Y141       LUT6 (Prop_lut6_I3_O)        0.045     2.353 r  datapath/video_inst/Inst_vga/vga_signal_generator1/encoded[4]_i_1/O
                         net (fo=1, routed)           0.000     2.353    datapath/video_inst/inst_dvid/TDMS_encoder_blue/encoded_reg[4]_0[3]
    SLICE_X158Y141       FDRE                                         r  datapath/video_inst/inst_dvid/TDMS_encoder_blue/encoded_reg[4]/D
  -------------------------------------------------------------------    -------------------

                         (clock clk_out1_clk_wiz_0 rise edge)
                                                      0.000     0.000 r  
    BUFGCTRL_X0Y2        BUFG                         0.000     0.000 r  clk_IBUF_BUFG_inst/O
                         net (fo=513, routed)         1.022     1.022    datapath/video_inst/mmcm_adv_inst_display_clocks/inst/clk_in1
    MMCME2_ADV_X1Y0      MMCME2_ADV (Prop_mmcme2_adv_CLKIN1_CLKOUT0)
                                                     -2.040    -1.018 r  datapath/video_inst/mmcm_adv_inst_display_clocks/inst/mmcm_adv_inst/CLKOUT0
                         net (fo=1, routed)           0.989    -0.029    datapath/video_inst/mmcm_adv_inst_display_clocks/inst/clk_out1_clk_wiz_0
    BUFGCTRL_X0Y4        BUFG (Prop_bufg_I_O)         0.029    -0.000 r  datapath/video_inst/mmcm_adv_inst_display_clocks/inst/clkout1_buf/O
                         net (fo=64, routed)          0.919     0.919    datapath/video_inst/inst_dvid/TDMS_encoder_blue/clk_out1
    SLICE_X158Y141       FDRE                                         r  datapath/video_inst/inst_dvid/TDMS_encoder_blue/encoded_reg[4]/C





--------------------------------------------------------------------------------------
Path Group:  (none)
From Clock:  
  To Clock:  clk_out2_clk_wiz_1

Max Delay            34 Endpoints
Min Delay            34 Endpoints
--------------------------------------------------------------------------------------


Max Delay Paths
--------------------------------------------------------------------------------------
Slack:                    inf
  Source:                 reset_n
                            (input port)
  Destination:            datapath/Audio_Codec/initialize_audio/initA_reg[0]/R
                            (rising edge-triggered cell FDRE clocked by clk_out2_clk_wiz_1  {rise@0.000ns fall@10.000ns period=20.000ns})
  Path Group:             (none)
  Path Type:              Setup (Max at Slow Process Corner)
  Data Path Delay:        8.857ns  (logic 1.186ns (13.388%)  route 7.671ns (86.612%))
  Logic Levels:           2  (IBUF=1 LUT1=1)
  Clock Path Skew:        1.699ns (DCD - SCD + CPR)
    Destination Clock Delay (DCD):    1.699ns
    Source Clock Delay      (SCD):    0.000ns
    Clock Pessimism Removal (CPR):    0.000ns
  Clock Uncertainty:      0.178ns  ((TSJ^2 + DJ^2)^1/2) / 2 + PE
    Total System Jitter     (TSJ):    0.050ns
    Discrete Jitter          (DJ):    0.152ns
    Phase Error              (PE):    0.099ns

    Location             Delay type                Incr(ns)  Path(ns)    Netlist Resource(s)
  -------------------------------------------------------------------    -------------------
    G4                                                0.000     0.000 f  reset_n (IN)
                         net (fo=0)                   0.000     0.000    reset_n
    G4                   IBUF (Prop_ibuf_I_O)         1.062     1.062 f  reset_n_IBUF_inst/O
                         net (fo=100, routed)         5.821     6.883    datapath/Audio_Codec/audio_inout/reset_n_IBUF
    SLICE_X151Y117       LUT1 (Prop_lut1_I0_O)        0.124     7.007 r  datapath/Audio_Codec/audio_inout/processQ[9]_i_1/O
                         net (fo=144, routed)         1.850     8.857    datapath/Audio_Codec/initialize_audio/SR[0]
    SLICE_X162Y122       FDRE                                         r  datapath/Audio_Codec/initialize_audio/initA_reg[0]/R
  -------------------------------------------------------------------    -------------------

                         (clock clk_out2_clk_wiz_1 rise edge)
                                                      0.000     0.000 r  
    BUFGCTRL_X0Y2        BUFG                         0.000     0.000 r  clk_IBUF_BUFG_inst/O
                         net (fo=513, routed)         1.643     1.643    datapath/Audio_Codec/audiocodec_master_clock/inst/clk_in1
    MMCME2_ADV_X0Y2      MMCME2_ADV (Prop_mmcme2_adv_CLKIN1_CLKOUT1)
                                                     -3.494    -1.851 r  datapath/Audio_Codec/audiocodec_master_clock/inst/mmcm_adv_inst/CLKOUT1
                         net (fo=1, routed)           1.760    -0.091    datapath/Audio_Codec/audiocodec_master_clock/inst/clk_out2_clk_wiz_1
    BUFGCTRL_X0Y3        BUFG (Prop_bufg_I_O)         0.091     0.000 r  datapath/Audio_Codec/audiocodec_master_clock/inst/clkout2_buf/O
                         net (fo=115, routed)         1.699     1.699    datapath/Audio_Codec/initialize_audio/clk_out2
    SLICE_X162Y122       FDRE                                         r  datapath/Audio_Codec/initialize_audio/initA_reg[0]/C

Slack:                    inf
  Source:                 reset_n
                            (input port)
  Destination:            datapath/Audio_Codec/initialize_audio/initA_reg[1]/R
                            (rising edge-triggered cell FDRE clocked by clk_out2_clk_wiz_1  {rise@0.000ns fall@10.000ns period=20.000ns})
  Path Group:             (none)
  Path Type:              Setup (Max at Slow Process Corner)
  Data Path Delay:        8.857ns  (logic 1.186ns (13.388%)  route 7.671ns (86.612%))
  Logic Levels:           2  (IBUF=1 LUT1=1)
  Clock Path Skew:        1.699ns (DCD - SCD + CPR)
    Destination Clock Delay (DCD):    1.699ns
    Source Clock Delay      (SCD):    0.000ns
    Clock Pessimism Removal (CPR):    0.000ns
  Clock Uncertainty:      0.178ns  ((TSJ^2 + DJ^2)^1/2) / 2 + PE
    Total System Jitter     (TSJ):    0.050ns
    Discrete Jitter          (DJ):    0.152ns
    Phase Error              (PE):    0.099ns

    Location             Delay type                Incr(ns)  Path(ns)    Netlist Resource(s)
  -------------------------------------------------------------------    -------------------
    G4                                                0.000     0.000 f  reset_n (IN)
                         net (fo=0)                   0.000     0.000    reset_n
    G4                   IBUF (Prop_ibuf_I_O)         1.062     1.062 f  reset_n_IBUF_inst/O
                         net (fo=100, routed)         5.821     6.883    datapath/Audio_Codec/audio_inout/reset_n_IBUF
    SLICE_X151Y117       LUT1 (Prop_lut1_I0_O)        0.124     7.007 r  datapath/Audio_Codec/audio_inout/processQ[9]_i_1/O
                         net (fo=144, routed)         1.850     8.857    datapath/Audio_Codec/initialize_audio/SR[0]
    SLICE_X162Y122       FDRE                                         r  datapath/Audio_Codec/initialize_audio/initA_reg[1]/R
  -------------------------------------------------------------------    -------------------

                         (clock clk_out2_clk_wiz_1 rise edge)
                                                      0.000     0.000 r  
    BUFGCTRL_X0Y2        BUFG                         0.000     0.000 r  clk_IBUF_BUFG_inst/O
                         net (fo=513, routed)         1.643     1.643    datapath/Audio_Codec/audiocodec_master_clock/inst/clk_in1
    MMCME2_ADV_X0Y2      MMCME2_ADV (Prop_mmcme2_adv_CLKIN1_CLKOUT1)
                                                     -3.494    -1.851 r  datapath/Audio_Codec/audiocodec_master_clock/inst/mmcm_adv_inst/CLKOUT1
                         net (fo=1, routed)           1.760    -0.091    datapath/Audio_Codec/audiocodec_master_clock/inst/clk_out2_clk_wiz_1
    BUFGCTRL_X0Y3        BUFG (Prop_bufg_I_O)         0.091     0.000 r  datapath/Audio_Codec/audiocodec_master_clock/inst/clkout2_buf/O
                         net (fo=115, routed)         1.699     1.699    datapath/Audio_Codec/initialize_audio/clk_out2
    SLICE_X162Y122       FDRE                                         r  datapath/Audio_Codec/initialize_audio/initA_reg[1]/C

Slack:                    inf
  Source:                 reset_n
                            (input port)
  Destination:            datapath/Audio_Codec/initialize_audio/initA_reg[2]/R
                            (rising edge-triggered cell FDRE clocked by clk_out2_clk_wiz_1  {rise@0.000ns fall@10.000ns period=20.000ns})
  Path Group:             (none)
  Path Type:              Setup (Max at Slow Process Corner)
  Data Path Delay:        8.857ns  (logic 1.186ns (13.388%)  route 7.671ns (86.612%))
  Logic Levels:           2  (IBUF=1 LUT1=1)
  Clock Path Skew:        1.699ns (DCD - SCD + CPR)
    Destination Clock Delay (DCD):    1.699ns
    Source Clock Delay      (SCD):    0.000ns
    Clock Pessimism Removal (CPR):    0.000ns
  Clock Uncertainty:      0.178ns  ((TSJ^2 + DJ^2)^1/2) / 2 + PE
    Total System Jitter     (TSJ):    0.050ns
    Discrete Jitter          (DJ):    0.152ns
    Phase Error              (PE):    0.099ns

    Location             Delay type                Incr(ns)  Path(ns)    Netlist Resource(s)
  -------------------------------------------------------------------    -------------------
    G4                                                0.000     0.000 f  reset_n (IN)
                         net (fo=0)                   0.000     0.000    reset_n
    G4                   IBUF (Prop_ibuf_I_O)         1.062     1.062 f  reset_n_IBUF_inst/O
                         net (fo=100, routed)         5.821     6.883    datapath/Audio_Codec/audio_inout/reset_n_IBUF
    SLICE_X151Y117       LUT1 (Prop_lut1_I0_O)        0.124     7.007 r  datapath/Audio_Codec/audio_inout/processQ[9]_i_1/O
                         net (fo=144, routed)         1.850     8.857    datapath/Audio_Codec/initialize_audio/SR[0]
    SLICE_X162Y122       FDRE                                         r  datapath/Audio_Codec/initialize_audio/initA_reg[2]/R
  -------------------------------------------------------------------    -------------------

                         (clock clk_out2_clk_wiz_1 rise edge)
                                                      0.000     0.000 r  
    BUFGCTRL_X0Y2        BUFG                         0.000     0.000 r  clk_IBUF_BUFG_inst/O
                         net (fo=513, routed)         1.643     1.643    datapath/Audio_Codec/audiocodec_master_clock/inst/clk_in1
    MMCME2_ADV_X0Y2      MMCME2_ADV (Prop_mmcme2_adv_CLKIN1_CLKOUT1)
                                                     -3.494    -1.851 r  datapath/Audio_Codec/audiocodec_master_clock/inst/mmcm_adv_inst/CLKOUT1
                         net (fo=1, routed)           1.760    -0.091    datapath/Audio_Codec/audiocodec_master_clock/inst/clk_out2_clk_wiz_1
    BUFGCTRL_X0Y3        BUFG (Prop_bufg_I_O)         0.091     0.000 r  datapath/Audio_Codec/audiocodec_master_clock/inst/clkout2_buf/O
                         net (fo=115, routed)         1.699     1.699    datapath/Audio_Codec/initialize_audio/clk_out2
    SLICE_X162Y122       FDRE                                         r  datapath/Audio_Codec/initialize_audio/initA_reg[2]/C

Slack:                    inf
  Source:                 reset_n
                            (input port)
  Destination:            datapath/Audio_Codec/initialize_audio/initA_reg[3]/R
                            (rising edge-triggered cell FDRE clocked by clk_out2_clk_wiz_1  {rise@0.000ns fall@10.000ns period=20.000ns})
  Path Group:             (none)
  Path Type:              Setup (Max at Slow Process Corner)
  Data Path Delay:        8.857ns  (logic 1.186ns (13.388%)  route 7.671ns (86.612%))
  Logic Levels:           2  (IBUF=1 LUT1=1)
  Clock Path Skew:        1.699ns (DCD - SCD + CPR)
    Destination Clock Delay (DCD):    1.699ns
    Source Clock Delay      (SCD):    0.000ns
    Clock Pessimism Removal (CPR):    0.000ns
  Clock Uncertainty:      0.178ns  ((TSJ^2 + DJ^2)^1/2) / 2 + PE
    Total System Jitter     (TSJ):    0.050ns
    Discrete Jitter          (DJ):    0.152ns
    Phase Error              (PE):    0.099ns

    Location             Delay type                Incr(ns)  Path(ns)    Netlist Resource(s)
  -------------------------------------------------------------------    -------------------
    G4                                                0.000     0.000 f  reset_n (IN)
                         net (fo=0)                   0.000     0.000    reset_n
    G4                   IBUF (Prop_ibuf_I_O)         1.062     1.062 f  reset_n_IBUF_inst/O
                         net (fo=100, routed)         5.821     6.883    datapath/Audio_Codec/audio_inout/reset_n_IBUF
    SLICE_X151Y117       LUT1 (Prop_lut1_I0_O)        0.124     7.007 r  datapath/Audio_Codec/audio_inout/processQ[9]_i_1/O
                         net (fo=144, routed)         1.850     8.857    datapath/Audio_Codec/initialize_audio/SR[0]
    SLICE_X163Y122       FDRE                                         r  datapath/Audio_Codec/initialize_audio/initA_reg[3]/R
  -------------------------------------------------------------------    -------------------

                         (clock clk_out2_clk_wiz_1 rise edge)
                                                      0.000     0.000 r  
    BUFGCTRL_X0Y2        BUFG                         0.000     0.000 r  clk_IBUF_BUFG_inst/O
                         net (fo=513, routed)         1.643     1.643    datapath/Audio_Codec/audiocodec_master_clock/inst/clk_in1
    MMCME2_ADV_X0Y2      MMCME2_ADV (Prop_mmcme2_adv_CLKIN1_CLKOUT1)
                                                     -3.494    -1.851 r  datapath/Audio_Codec/audiocodec_master_clock/inst/mmcm_adv_inst/CLKOUT1
                         net (fo=1, routed)           1.760    -0.091    datapath/Audio_Codec/audiocodec_master_clock/inst/clk_out2_clk_wiz_1
    BUFGCTRL_X0Y3        BUFG (Prop_bufg_I_O)         0.091     0.000 r  datapath/Audio_Codec/audiocodec_master_clock/inst/clkout2_buf/O
                         net (fo=115, routed)         1.699     1.699    datapath/Audio_Codec/initialize_audio/clk_out2
    SLICE_X163Y122       FDRE                                         r  datapath/Audio_Codec/initialize_audio/initA_reg[3]/C

Slack:                    inf
  Source:                 reset_n
                            (input port)
  Destination:            datapath/Audio_Codec/initialize_audio/initA_reg[4]/R
                            (rising edge-triggered cell FDRE clocked by clk_out2_clk_wiz_1  {rise@0.000ns fall@10.000ns period=20.000ns})
  Path Group:             (none)
  Path Type:              Setup (Max at Slow Process Corner)
  Data Path Delay:        8.857ns  (logic 1.186ns (13.388%)  route 7.671ns (86.612%))
  Logic Levels:           2  (IBUF=1 LUT1=1)
  Clock Path Skew:        1.699ns (DCD - SCD + CPR)
    Destination Clock Delay (DCD):    1.699ns
    Source Clock Delay      (SCD):    0.000ns
    Clock Pessimism Removal (CPR):    0.000ns
  Clock Uncertainty:      0.178ns  ((TSJ^2 + DJ^2)^1/2) / 2 + PE
    Total System Jitter     (TSJ):    0.050ns
    Discrete Jitter          (DJ):    0.152ns
    Phase Error              (PE):    0.099ns

    Location             Delay type                Incr(ns)  Path(ns)    Netlist Resource(s)
  -------------------------------------------------------------------    -------------------
    G4                                                0.000     0.000 f  reset_n (IN)
                         net (fo=0)                   0.000     0.000    reset_n
    G4                   IBUF (Prop_ibuf_I_O)         1.062     1.062 f  reset_n_IBUF_inst/O
                         net (fo=100, routed)         5.821     6.883    datapath/Audio_Codec/audio_inout/reset_n_IBUF
    SLICE_X151Y117       LUT1 (Prop_lut1_I0_O)        0.124     7.007 r  datapath/Audio_Codec/audio_inout/processQ[9]_i_1/O
                         net (fo=144, routed)         1.850     8.857    datapath/Audio_Codec/initialize_audio/SR[0]
    SLICE_X163Y122       FDRE                                         r  datapath/Audio_Codec/initialize_audio/initA_reg[4]/R
  -------------------------------------------------------------------    -------------------

                         (clock clk_out2_clk_wiz_1 rise edge)
                                                      0.000     0.000 r  
    BUFGCTRL_X0Y2        BUFG                         0.000     0.000 r  clk_IBUF_BUFG_inst/O
                         net (fo=513, routed)         1.643     1.643    datapath/Audio_Codec/audiocodec_master_clock/inst/clk_in1
    MMCME2_ADV_X0Y2      MMCME2_ADV (Prop_mmcme2_adv_CLKIN1_CLKOUT1)
                                                     -3.494    -1.851 r  datapath/Audio_Codec/audiocodec_master_clock/inst/mmcm_adv_inst/CLKOUT1
                         net (fo=1, routed)           1.760    -0.091    datapath/Audio_Codec/audiocodec_master_clock/inst/clk_out2_clk_wiz_1
    BUFGCTRL_X0Y3        BUFG (Prop_bufg_I_O)         0.091     0.000 r  datapath/Audio_Codec/audiocodec_master_clock/inst/clkout2_buf/O
                         net (fo=115, routed)         1.699     1.699    datapath/Audio_Codec/initialize_audio/clk_out2
    SLICE_X163Y122       FDRE                                         r  datapath/Audio_Codec/initialize_audio/initA_reg[4]/C

Slack:                    inf
  Source:                 reset_n
                            (input port)
  Destination:            datapath/Audio_Codec/initialize_audio/initA_reg[5]/R
                            (rising edge-triggered cell FDRE clocked by clk_out2_clk_wiz_1  {rise@0.000ns fall@10.000ns period=20.000ns})
  Path Group:             (none)
  Path Type:              Setup (Max at Slow Process Corner)
  Data Path Delay:        8.857ns  (logic 1.186ns (13.388%)  route 7.671ns (86.612%))
  Logic Levels:           2  (IBUF=1 LUT1=1)
  Clock Path Skew:        1.699ns (DCD - SCD + CPR)
    Destination Clock Delay (DCD):    1.699ns
    Source Clock Delay      (SCD):    0.000ns
    Clock Pessimism Removal (CPR):    0.000ns
  Clock Uncertainty:      0.178ns  ((TSJ^2 + DJ^2)^1/2) / 2 + PE
    Total System Jitter     (TSJ):    0.050ns
    Discrete Jitter          (DJ):    0.152ns
    Phase Error              (PE):    0.099ns

    Location             Delay type                Incr(ns)  Path(ns)    Netlist Resource(s)
  -------------------------------------------------------------------    -------------------
    G4                                                0.000     0.000 f  reset_n (IN)
                         net (fo=0)                   0.000     0.000    reset_n
    G4                   IBUF (Prop_ibuf_I_O)         1.062     1.062 f  reset_n_IBUF_inst/O
                         net (fo=100, routed)         5.821     6.883    datapath/Audio_Codec/audio_inout/reset_n_IBUF
    SLICE_X151Y117       LUT1 (Prop_lut1_I0_O)        0.124     7.007 r  datapath/Audio_Codec/audio_inout/processQ[9]_i_1/O
                         net (fo=144, routed)         1.850     8.857    datapath/Audio_Codec/initialize_audio/SR[0]
    SLICE_X163Y122       FDRE                                         r  datapath/Audio_Codec/initialize_audio/initA_reg[5]/R
  -------------------------------------------------------------------    -------------------

                         (clock clk_out2_clk_wiz_1 rise edge)
                                                      0.000     0.000 r  
    BUFGCTRL_X0Y2        BUFG                         0.000     0.000 r  clk_IBUF_BUFG_inst/O
                         net (fo=513, routed)         1.643     1.643    datapath/Audio_Codec/audiocodec_master_clock/inst/clk_in1
    MMCME2_ADV_X0Y2      MMCME2_ADV (Prop_mmcme2_adv_CLKIN1_CLKOUT1)
                                                     -3.494    -1.851 r  datapath/Audio_Codec/audiocodec_master_clock/inst/mmcm_adv_inst/CLKOUT1
                         net (fo=1, routed)           1.760    -0.091    datapath/Audio_Codec/audiocodec_master_clock/inst/clk_out2_clk_wiz_1
    BUFGCTRL_X0Y3        BUFG (Prop_bufg_I_O)         0.091     0.000 r  datapath/Audio_Codec/audiocodec_master_clock/inst/clkout2_buf/O
                         net (fo=115, routed)         1.699     1.699    datapath/Audio_Codec/initialize_audio/clk_out2
    SLICE_X163Y122       FDRE                                         r  datapath/Audio_Codec/initialize_audio/initA_reg[5]/C

Slack:                    inf
  Source:                 reset_n
                            (input port)
  Destination:            datapath/Audio_Codec/initialize_audio/initA_reg[6]/R
                            (rising edge-triggered cell FDRE clocked by clk_out2_clk_wiz_1  {rise@0.000ns fall@10.000ns period=20.000ns})
  Path Group:             (none)
  Path Type:              Setup (Max at Slow Process Corner)
  Data Path Delay:        8.857ns  (logic 1.186ns (13.388%)  route 7.671ns (86.612%))
  Logic Levels:           2  (IBUF=1 LUT1=1)
  Clock Path Skew:        1.699ns (DCD - SCD + CPR)
    Destination Clock Delay (DCD):    1.699ns
    Source Clock Delay      (SCD):    0.000ns
    Clock Pessimism Removal (CPR):    0.000ns
  Clock Uncertainty:      0.178ns  ((TSJ^2 + DJ^2)^1/2) / 2 + PE
    Total System Jitter     (TSJ):    0.050ns
    Discrete Jitter          (DJ):    0.152ns
    Phase Error              (PE):    0.099ns

    Location             Delay type                Incr(ns)  Path(ns)    Netlist Resource(s)
  -------------------------------------------------------------------    -------------------
    G4                                                0.000     0.000 f  reset_n (IN)
                         net (fo=0)                   0.000     0.000    reset_n
    G4                   IBUF (Prop_ibuf_I_O)         1.062     1.062 f  reset_n_IBUF_inst/O
                         net (fo=100, routed)         5.821     6.883    datapath/Audio_Codec/audio_inout/reset_n_IBUF
    SLICE_X151Y117       LUT1 (Prop_lut1_I0_O)        0.124     7.007 r  datapath/Audio_Codec/audio_inout/processQ[9]_i_1/O
                         net (fo=144, routed)         1.850     8.857    datapath/Audio_Codec/initialize_audio/SR[0]
    SLICE_X162Y122       FDRE                                         r  datapath/Audio_Codec/initialize_audio/initA_reg[6]/R
  -------------------------------------------------------------------    -------------------

                         (clock clk_out2_clk_wiz_1 rise edge)
                                                      0.000     0.000 r  
    BUFGCTRL_X0Y2        BUFG                         0.000     0.000 r  clk_IBUF_BUFG_inst/O
                         net (fo=513, routed)         1.643     1.643    datapath/Audio_Codec/audiocodec_master_clock/inst/clk_in1
    MMCME2_ADV_X0Y2      MMCME2_ADV (Prop_mmcme2_adv_CLKIN1_CLKOUT1)
                                                     -3.494    -1.851 r  datapath/Audio_Codec/audiocodec_master_clock/inst/mmcm_adv_inst/CLKOUT1
                         net (fo=1, routed)           1.760    -0.091    datapath/Audio_Codec/audiocodec_master_clock/inst/clk_out2_clk_wiz_1
    BUFGCTRL_X0Y3        BUFG (Prop_bufg_I_O)         0.091     0.000 r  datapath/Audio_Codec/audiocodec_master_clock/inst/clkout2_buf/O
                         net (fo=115, routed)         1.699     1.699    datapath/Audio_Codec/initialize_audio/clk_out2
    SLICE_X162Y122       FDRE                                         r  datapath/Audio_Codec/initialize_audio/initA_reg[6]/C

Slack:                    inf
  Source:                 reset_n
                            (input port)
  Destination:            datapath/Audio_Codec/initialize_audio/state_reg[0]/R
                            (rising edge-triggered cell FDRE clocked by clk_out2_clk_wiz_1  {rise@0.000ns fall@10.000ns period=20.000ns})
  Path Group:             (none)
  Path Type:              Setup (Max at Slow Process Corner)
  Data Path Delay:        8.414ns  (logic 1.186ns (14.094%)  route 7.228ns (85.906%))
  Logic Levels:           2  (IBUF=1 LUT1=1)
  Clock Path Skew:        1.702ns (DCD - SCD + CPR)
    Destination Clock Delay (DCD):    1.702ns
    Source Clock Delay      (SCD):    0.000ns
    Clock Pessimism Removal (CPR):    0.000ns
  Clock Uncertainty:      0.178ns  ((TSJ^2 + DJ^2)^1/2) / 2 + PE
    Total System Jitter     (TSJ):    0.050ns
    Discrete Jitter          (DJ):    0.152ns
    Phase Error              (PE):    0.099ns

    Location             Delay type                Incr(ns)  Path(ns)    Netlist Resource(s)
  -------------------------------------------------------------------    -------------------
    G4                                                0.000     0.000 f  reset_n (IN)
                         net (fo=0)                   0.000     0.000    reset_n
    G4                   IBUF (Prop_ibuf_I_O)         1.062     1.062 f  reset_n_IBUF_inst/O
                         net (fo=100, routed)         5.821     6.883    datapath/Audio_Codec/audio_inout/reset_n_IBUF
    SLICE_X151Y117       LUT1 (Prop_lut1_I0_O)        0.124     7.007 r  datapath/Audio_Codec/audio_inout/processQ[9]_i_1/O
                         net (fo=144, routed)         1.407     8.414    datapath/Audio_Codec/initialize_audio/SR[0]
    SLICE_X160Y119       FDRE                                         r  datapath/Audio_Codec/initialize_audio/state_reg[0]/R
  -------------------------------------------------------------------    -------------------

                         (clock clk_out2_clk_wiz_1 rise edge)
                                                      0.000     0.000 r  
    BUFGCTRL_X0Y2        BUFG                         0.000     0.000 r  clk_IBUF_BUFG_inst/O
                         net (fo=513, routed)         1.643     1.643    datapath/Audio_Codec/audiocodec_master_clock/inst/clk_in1
    MMCME2_ADV_X0Y2      MMCME2_ADV (Prop_mmcme2_adv_CLKIN1_CLKOUT1)
                                                     -3.494    -1.851 r  datapath/Audio_Codec/audiocodec_master_clock/inst/mmcm_adv_inst/CLKOUT1
                         net (fo=1, routed)           1.760    -0.091    datapath/Audio_Codec/audiocodec_master_clock/inst/clk_out2_clk_wiz_1
    BUFGCTRL_X0Y3        BUFG (Prop_bufg_I_O)         0.091     0.000 r  datapath/Audio_Codec/audiocodec_master_clock/inst/clkout2_buf/O
                         net (fo=115, routed)         1.702     1.702    datapath/Audio_Codec/initialize_audio/clk_out2
    SLICE_X160Y119       FDRE                                         r  datapath/Audio_Codec/initialize_audio/state_reg[0]/C

Slack:                    inf
  Source:                 reset_n
                            (input port)
  Destination:            datapath/Audio_Codec/initialize_audio/state_reg[1]/S
                            (rising edge-triggered cell FDSE clocked by clk_out2_clk_wiz_1  {rise@0.000ns fall@10.000ns period=20.000ns})
  Path Group:             (none)
  Path Type:              Setup (Max at Slow Process Corner)
  Data Path Delay:        8.414ns  (logic 1.186ns (14.094%)  route 7.228ns (85.906%))
  Logic Levels:           2  (IBUF=1 LUT1=1)
  Clock Path Skew:        1.702ns (DCD - SCD + CPR)
    Destination Clock Delay (DCD):    1.702ns
    Source Clock Delay      (SCD):    0.000ns
    Clock Pessimism Removal (CPR):    0.000ns
  Clock Uncertainty:      0.178ns  ((TSJ^2 + DJ^2)^1/2) / 2 + PE
    Total System Jitter     (TSJ):    0.050ns
    Discrete Jitter          (DJ):    0.152ns
    Phase Error              (PE):    0.099ns

    Location             Delay type                Incr(ns)  Path(ns)    Netlist Resource(s)
  -------------------------------------------------------------------    -------------------
    G4                                                0.000     0.000 f  reset_n (IN)
                         net (fo=0)                   0.000     0.000    reset_n
    G4                   IBUF (Prop_ibuf_I_O)         1.062     1.062 f  reset_n_IBUF_inst/O
                         net (fo=100, routed)         5.821     6.883    datapath/Audio_Codec/audio_inout/reset_n_IBUF
    SLICE_X151Y117       LUT1 (Prop_lut1_I0_O)        0.124     7.007 r  datapath/Audio_Codec/audio_inout/processQ[9]_i_1/O
                         net (fo=144, routed)         1.407     8.414    datapath/Audio_Codec/initialize_audio/SR[0]
    SLICE_X160Y119       FDSE                                         r  datapath/Audio_Codec/initialize_audio/state_reg[1]/S
  -------------------------------------------------------------------    -------------------

                         (clock clk_out2_clk_wiz_1 rise edge)
                                                      0.000     0.000 r  
    BUFGCTRL_X0Y2        BUFG                         0.000     0.000 r  clk_IBUF_BUFG_inst/O
                         net (fo=513, routed)         1.643     1.643    datapath/Audio_Codec/audiocodec_master_clock/inst/clk_in1
    MMCME2_ADV_X0Y2      MMCME2_ADV (Prop_mmcme2_adv_CLKIN1_CLKOUT1)
                                                     -3.494    -1.851 r  datapath/Audio_Codec/audiocodec_master_clock/inst/mmcm_adv_inst/CLKOUT1
                         net (fo=1, routed)           1.760    -0.091    datapath/Audio_Codec/audiocodec_master_clock/inst/clk_out2_clk_wiz_1
    BUFGCTRL_X0Y3        BUFG (Prop_bufg_I_O)         0.091     0.000 r  datapath/Audio_Codec/audiocodec_master_clock/inst/clkout2_buf/O
                         net (fo=115, routed)         1.702     1.702    datapath/Audio_Codec/initialize_audio/clk_out2
    SLICE_X160Y119       FDSE                                         r  datapath/Audio_Codec/initialize_audio/state_reg[1]/C

Slack:                    inf
  Source:                 reset_n
                            (input port)
  Destination:            datapath/Audio_Codec/initialize_audio/state_reg[2]/S
                            (rising edge-triggered cell FDSE clocked by clk_out2_clk_wiz_1  {rise@0.000ns fall@10.000ns period=20.000ns})
  Path Group:             (none)
  Path Type:              Setup (Max at Slow Process Corner)
  Data Path Delay:        8.414ns  (logic 1.186ns (14.094%)  route 7.228ns (85.906%))
  Logic Levels:           2  (IBUF=1 LUT1=1)
  Clock Path Skew:        1.702ns (DCD - SCD + CPR)
    Destination Clock Delay (DCD):    1.702ns
    Source Clock Delay      (SCD):    0.000ns
    Clock Pessimism Removal (CPR):    0.000ns
  Clock Uncertainty:      0.178ns  ((TSJ^2 + DJ^2)^1/2) / 2 + PE
    Total System Jitter     (TSJ):    0.050ns
    Discrete Jitter          (DJ):    0.152ns
    Phase Error              (PE):    0.099ns

    Location             Delay type                Incr(ns)  Path(ns)    Netlist Resource(s)
  -------------------------------------------------------------------    -------------------
    G4                                                0.000     0.000 f  reset_n (IN)
                         net (fo=0)                   0.000     0.000    reset_n
    G4                   IBUF (Prop_ibuf_I_O)         1.062     1.062 f  reset_n_IBUF_inst/O
                         net (fo=100, routed)         5.821     6.883    datapath/Audio_Codec/audio_inout/reset_n_IBUF
    SLICE_X151Y117       LUT1 (Prop_lut1_I0_O)        0.124     7.007 r  datapath/Audio_Codec/audio_inout/processQ[9]_i_1/O
                         net (fo=144, routed)         1.407     8.414    datapath/Audio_Codec/initialize_audio/SR[0]
    SLICE_X160Y119       FDSE                                         r  datapath/Audio_Codec/initialize_audio/state_reg[2]/S
  -------------------------------------------------------------------    -------------------

                         (clock clk_out2_clk_wiz_1 rise edge)
                                                      0.000     0.000 r  
    BUFGCTRL_X0Y2        BUFG                         0.000     0.000 r  clk_IBUF_BUFG_inst/O
                         net (fo=513, routed)         1.643     1.643    datapath/Audio_Codec/audiocodec_master_clock/inst/clk_in1
    MMCME2_ADV_X0Y2      MMCME2_ADV (Prop_mmcme2_adv_CLKIN1_CLKOUT1)
                                                     -3.494    -1.851 r  datapath/Audio_Codec/audiocodec_master_clock/inst/mmcm_adv_inst/CLKOUT1
                         net (fo=1, routed)           1.760    -0.091    datapath/Audio_Codec/audiocodec_master_clock/inst/clk_out2_clk_wiz_1
    BUFGCTRL_X0Y3        BUFG (Prop_bufg_I_O)         0.091     0.000 r  datapath/Audio_Codec/audiocodec_master_clock/inst/clkout2_buf/O
                         net (fo=115, routed)         1.702     1.702    datapath/Audio_Codec/initialize_audio/clk_out2
    SLICE_X160Y119       FDSE                                         r  datapath/Audio_Codec/initialize_audio/state_reg[2]/C





Min Delay Paths
--------------------------------------------------------------------------------------
Slack:                    inf
  Source:                 sda
                            (input port)
  Destination:            datapath/Audio_Codec/initialize_audio/twi_controller/dSda_reg/D
                            (rising edge-triggered cell FDRE clocked by clk_out2_clk_wiz_1  {rise@0.000ns fall@10.000ns period=20.000ns})
  Path Group:             (none)
  Path Type:              Hold (Min at Fast Process Corner)
  Data Path Delay:        0.593ns  (logic 0.246ns (41.418%)  route 0.347ns (58.582%))
  Logic Levels:           1  (IBUF=1)
  Clock Path Skew:        0.913ns (DCD - SCD - CPR)
    Destination Clock Delay (DCD):    0.913ns
    Source Clock Delay      (SCD):    0.000ns
    Clock Pessimism Removal (CPR):    -0.000ns

    Location             Delay type                Incr(ns)  Path(ns)    Netlist Resource(s)
  -------------------------------------------------------------------    -------------------
    V5                                                0.000     0.000 r  sda (INOUT)
                         net (fo=1, unset)            0.000     0.000    sda_IOBUF_inst/IO
    V5                   IBUF (Prop_ibuf_I_O)         0.246     0.246 r  sda_IOBUF_inst/IBUF/O
                         net (fo=1, routed)           0.347     0.593    datapath/Audio_Codec/initialize_audio/twi_controller/sda_IBUF
    SLICE_X163Y117       FDRE                                         r  datapath/Audio_Codec/initialize_audio/twi_controller/dSda_reg/D
  -------------------------------------------------------------------    -------------------

                         (clock clk_out2_clk_wiz_1 rise edge)
                                                      0.000     0.000 r  
    BUFGCTRL_X0Y2        BUFG                         0.000     0.000 r  clk_IBUF_BUFG_inst/O
                         net (fo=513, routed)         0.879     0.879    datapath/Audio_Codec/audiocodec_master_clock/inst/clk_in1
    MMCME2_ADV_X0Y2      MMCME2_ADV (Prop_mmcme2_adv_CLKIN1_CLKOUT1)
                                                     -1.502    -0.624 r  datapath/Audio_Codec/audiocodec_master_clock/inst/mmcm_adv_inst/CLKOUT1
                         net (fo=1, routed)           0.595    -0.029    datapath/Audio_Codec/audiocodec_master_clock/inst/clk_out2_clk_wiz_1
    BUFGCTRL_X0Y3        BUFG (Prop_bufg_I_O)         0.029    -0.000 r  datapath/Audio_Codec/audiocodec_master_clock/inst/clkout2_buf/O
                         net (fo=115, routed)         0.913     0.913    datapath/Audio_Codec/initialize_audio/twi_controller/clk_out2
    SLICE_X163Y117       FDRE                                         r  datapath/Audio_Codec/initialize_audio/twi_controller/dSda_reg/C

Slack:                    inf
  Source:                 scl
                            (input port)
  Destination:            datapath/Audio_Codec/initialize_audio/twi_controller/dScl_reg/D
                            (rising edge-triggered cell FDRE clocked by clk_out2_clk_wiz_1  {rise@0.000ns fall@10.000ns period=20.000ns})
  Path Group:             (none)
  Path Type:              Hold (Min at Fast Process Corner)
  Data Path Delay:        0.610ns  (logic 0.263ns (43.053%)  route 0.347ns (56.947%))
  Logic Levels:           1  (IBUF=1)
  Clock Path Skew:        0.911ns (DCD - SCD - CPR)
    Destination Clock Delay (DCD):    0.911ns
    Source Clock Delay      (SCD):    0.000ns
    Clock Pessimism Removal (CPR):    -0.000ns

    Location             Delay type                Incr(ns)  Path(ns)    Netlist Resource(s)
  -------------------------------------------------------------------    -------------------
    W5                                                0.000     0.000 r  scl (INOUT)
                         net (fo=1, unset)            0.000     0.000    scl_IOBUF_inst/IO
    W5                   IBUF (Prop_ibuf_I_O)         0.263     0.263 r  scl_IOBUF_inst/IBUF/O
                         net (fo=1, routed)           0.347     0.610    datapath/Audio_Codec/initialize_audio/twi_controller/scl_IBUF
    SLICE_X163Y119       FDRE                                         r  datapath/Audio_Codec/initialize_audio/twi_controller/dScl_reg/D
  -------------------------------------------------------------------    -------------------

                         (clock clk_out2_clk_wiz_1 rise edge)
                                                      0.000     0.000 r  
    BUFGCTRL_X0Y2        BUFG                         0.000     0.000 r  clk_IBUF_BUFG_inst/O
                         net (fo=513, routed)         0.879     0.879    datapath/Audio_Codec/audiocodec_master_clock/inst/clk_in1
    MMCME2_ADV_X0Y2      MMCME2_ADV (Prop_mmcme2_adv_CLKIN1_CLKOUT1)
                                                     -1.502    -0.624 r  datapath/Audio_Codec/audiocodec_master_clock/inst/mmcm_adv_inst/CLKOUT1
                         net (fo=1, routed)           0.595    -0.029    datapath/Audio_Codec/audiocodec_master_clock/inst/clk_out2_clk_wiz_1
    BUFGCTRL_X0Y3        BUFG (Prop_bufg_I_O)         0.029    -0.000 r  datapath/Audio_Codec/audiocodec_master_clock/inst/clkout2_buf/O
                         net (fo=115, routed)         0.911     0.911    datapath/Audio_Codec/initialize_audio/twi_controller/clk_out2
    SLICE_X163Y119       FDRE                                         r  datapath/Audio_Codec/initialize_audio/twi_controller/dScl_reg/C

Slack:                    inf
  Source:                 reset_n
                            (input port)
  Destination:            datapath/Audio_Codec/initialize_audio/data_i_reg[2]/CE
                            (rising edge-triggered cell FDRE clocked by clk_out2_clk_wiz_1  {rise@0.000ns fall@10.000ns period=20.000ns})
  Path Group:             (none)
  Path Type:              Hold (Min at Fast Process Corner)
  Data Path Delay:        1.834ns  (logic 0.186ns (10.137%)  route 1.648ns (89.863%))
  Logic Levels:           1  (IBUF=1)
  Clock Path Skew:        0.909ns (DCD - SCD - CPR)
    Destination Clock Delay (DCD):    0.909ns
    Source Clock Delay      (SCD):    0.000ns
    Clock Pessimism Removal (CPR):    -0.000ns

    Location             Delay type                Incr(ns)  Path(ns)    Netlist Resource(s)
  -------------------------------------------------------------------    -------------------
    G4                                                0.000     0.000 r  reset_n (IN)
                         net (fo=0)                   0.000     0.000    reset_n
    G4                   IBUF (Prop_ibuf_I_O)         0.186     0.186 r  reset_n_IBUF_inst/O
                         net (fo=100, routed)         1.648     1.834    datapath/Audio_Codec/initialize_audio/reset_n_IBUF
    SLICE_X160Y121       FDRE                                         r  datapath/Audio_Codec/initialize_audio/data_i_reg[2]/CE
  -------------------------------------------------------------------    -------------------

                         (clock clk_out2_clk_wiz_1 rise edge)
                                                      0.000     0.000 r  
    BUFGCTRL_X0Y2        BUFG                         0.000     0.000 r  clk_IBUF_BUFG_inst/O
                         net (fo=513, routed)         0.879     0.879    datapath/Audio_Codec/audiocodec_master_clock/inst/clk_in1
    MMCME2_ADV_X0Y2      MMCME2_ADV (Prop_mmcme2_adv_CLKIN1_CLKOUT1)
                                                     -1.502    -0.624 r  datapath/Audio_Codec/audiocodec_master_clock/inst/mmcm_adv_inst/CLKOUT1
                         net (fo=1, routed)           0.595    -0.029    datapath/Audio_Codec/audiocodec_master_clock/inst/clk_out2_clk_wiz_1
    BUFGCTRL_X0Y3        BUFG (Prop_bufg_I_O)         0.029    -0.000 r  datapath/Audio_Codec/audiocodec_master_clock/inst/clkout2_buf/O
                         net (fo=115, routed)         0.909     0.909    datapath/Audio_Codec/initialize_audio/clk_out2
    SLICE_X160Y121       FDRE                                         r  datapath/Audio_Codec/initialize_audio/data_i_reg[2]/C

Slack:                    inf
  Source:                 reset_n
                            (input port)
  Destination:            datapath/Audio_Codec/initialize_audio/data_i_reg[3]/CE
                            (rising edge-triggered cell FDRE clocked by clk_out2_clk_wiz_1  {rise@0.000ns fall@10.000ns period=20.000ns})
  Path Group:             (none)
  Path Type:              Hold (Min at Fast Process Corner)
  Data Path Delay:        1.834ns  (logic 0.186ns (10.137%)  route 1.648ns (89.863%))
  Logic Levels:           1  (IBUF=1)
  Clock Path Skew:        0.909ns (DCD - SCD - CPR)
    Destination Clock Delay (DCD):    0.909ns
    Source Clock Delay      (SCD):    0.000ns
    Clock Pessimism Removal (CPR):    -0.000ns

    Location             Delay type                Incr(ns)  Path(ns)    Netlist Resource(s)
  -------------------------------------------------------------------    -------------------
    G4                                                0.000     0.000 r  reset_n (IN)
                         net (fo=0)                   0.000     0.000    reset_n
    G4                   IBUF (Prop_ibuf_I_O)         0.186     0.186 r  reset_n_IBUF_inst/O
                         net (fo=100, routed)         1.648     1.834    datapath/Audio_Codec/initialize_audio/reset_n_IBUF
    SLICE_X160Y121       FDRE                                         r  datapath/Audio_Codec/initialize_audio/data_i_reg[3]/CE
  -------------------------------------------------------------------    -------------------

                         (clock clk_out2_clk_wiz_1 rise edge)
                                                      0.000     0.000 r  
    BUFGCTRL_X0Y2        BUFG                         0.000     0.000 r  clk_IBUF_BUFG_inst/O
                         net (fo=513, routed)         0.879     0.879    datapath/Audio_Codec/audiocodec_master_clock/inst/clk_in1
    MMCME2_ADV_X0Y2      MMCME2_ADV (Prop_mmcme2_adv_CLKIN1_CLKOUT1)
                                                     -1.502    -0.624 r  datapath/Audio_Codec/audiocodec_master_clock/inst/mmcm_adv_inst/CLKOUT1
                         net (fo=1, routed)           0.595    -0.029    datapath/Audio_Codec/audiocodec_master_clock/inst/clk_out2_clk_wiz_1
    BUFGCTRL_X0Y3        BUFG (Prop_bufg_I_O)         0.029    -0.000 r  datapath/Audio_Codec/audiocodec_master_clock/inst/clkout2_buf/O
                         net (fo=115, routed)         0.909     0.909    datapath/Audio_Codec/initialize_audio/clk_out2
    SLICE_X160Y121       FDRE                                         r  datapath/Audio_Codec/initialize_audio/data_i_reg[3]/C

Slack:                    inf
  Source:                 reset_n
                            (input port)
  Destination:            datapath/Audio_Codec/initialize_audio/data_i_reg[5]/CE
                            (rising edge-triggered cell FDRE clocked by clk_out2_clk_wiz_1  {rise@0.000ns fall@10.000ns period=20.000ns})
  Path Group:             (none)
  Path Type:              Hold (Min at Fast Process Corner)
  Data Path Delay:        1.834ns  (logic 0.186ns (10.137%)  route 1.648ns (89.863%))
  Logic Levels:           1  (IBUF=1)
  Clock Path Skew:        0.909ns (DCD - SCD - CPR)
    Destination Clock Delay (DCD):    0.909ns
    Source Clock Delay      (SCD):    0.000ns
    Clock Pessimism Removal (CPR):    -0.000ns

    Location             Delay type                Incr(ns)  Path(ns)    Netlist Resource(s)
  -------------------------------------------------------------------    -------------------
    G4                                                0.000     0.000 r  reset_n (IN)
                         net (fo=0)                   0.000     0.000    reset_n
    G4                   IBUF (Prop_ibuf_I_O)         0.186     0.186 r  reset_n_IBUF_inst/O
                         net (fo=100, routed)         1.648     1.834    datapath/Audio_Codec/initialize_audio/reset_n_IBUF
    SLICE_X160Y121       FDRE                                         r  datapath/Audio_Codec/initialize_audio/data_i_reg[5]/CE
  -------------------------------------------------------------------    -------------------

                         (clock clk_out2_clk_wiz_1 rise edge)
                                                      0.000     0.000 r  
    BUFGCTRL_X0Y2        BUFG                         0.000     0.000 r  clk_IBUF_BUFG_inst/O
                         net (fo=513, routed)         0.879     0.879    datapath/Audio_Codec/audiocodec_master_clock/inst/clk_in1
    MMCME2_ADV_X0Y2      MMCME2_ADV (Prop_mmcme2_adv_CLKIN1_CLKOUT1)
                                                     -1.502    -0.624 r  datapath/Audio_Codec/audiocodec_master_clock/inst/mmcm_adv_inst/CLKOUT1
                         net (fo=1, routed)           0.595    -0.029    datapath/Audio_Codec/audiocodec_master_clock/inst/clk_out2_clk_wiz_1
    BUFGCTRL_X0Y3        BUFG (Prop_bufg_I_O)         0.029    -0.000 r  datapath/Audio_Codec/audiocodec_master_clock/inst/clkout2_buf/O
                         net (fo=115, routed)         0.909     0.909    datapath/Audio_Codec/initialize_audio/clk_out2
    SLICE_X160Y121       FDRE                                         r  datapath/Audio_Codec/initialize_audio/data_i_reg[5]/C

Slack:                    inf
  Source:                 reset_n
                            (input port)
  Destination:            datapath/Audio_Codec/initialize_audio/data_i_reg[1]/CE
                            (rising edge-triggered cell FDRE clocked by clk_out2_clk_wiz_1  {rise@0.000ns fall@10.000ns period=20.000ns})
  Path Group:             (none)
  Path Type:              Hold (Min at Fast Process Corner)
  Data Path Delay:        1.842ns  (logic 0.186ns (10.090%)  route 1.657ns (89.910%))
  Logic Levels:           1  (IBUF=1)
  Clock Path Skew:        0.908ns (DCD - SCD - CPR)
    Destination Clock Delay (DCD):    0.908ns
    Source Clock Delay      (SCD):    0.000ns
    Clock Pessimism Removal (CPR):    -0.000ns

    Location             Delay type                Incr(ns)  Path(ns)    Netlist Resource(s)
  -------------------------------------------------------------------    -------------------
    G4                                                0.000     0.000 r  reset_n (IN)
                         net (fo=0)                   0.000     0.000    reset_n
    G4                   IBUF (Prop_ibuf_I_O)         0.186     0.186 r  reset_n_IBUF_inst/O
                         net (fo=100, routed)         1.657     1.842    datapath/Audio_Codec/initialize_audio/reset_n_IBUF
    SLICE_X159Y121       FDRE                                         r  datapath/Audio_Codec/initialize_audio/data_i_reg[1]/CE
  -------------------------------------------------------------------    -------------------

                         (clock clk_out2_clk_wiz_1 rise edge)
                                                      0.000     0.000 r  
    BUFGCTRL_X0Y2        BUFG                         0.000     0.000 r  clk_IBUF_BUFG_inst/O
                         net (fo=513, routed)         0.879     0.879    datapath/Audio_Codec/audiocodec_master_clock/inst/clk_in1
    MMCME2_ADV_X0Y2      MMCME2_ADV (Prop_mmcme2_adv_CLKIN1_CLKOUT1)
                                                     -1.502    -0.624 r  datapath/Audio_Codec/audiocodec_master_clock/inst/mmcm_adv_inst/CLKOUT1
                         net (fo=1, routed)           0.595    -0.029    datapath/Audio_Codec/audiocodec_master_clock/inst/clk_out2_clk_wiz_1
    BUFGCTRL_X0Y3        BUFG (Prop_bufg_I_O)         0.029    -0.000 r  datapath/Audio_Codec/audiocodec_master_clock/inst/clkout2_buf/O
                         net (fo=115, routed)         0.908     0.908    datapath/Audio_Codec/initialize_audio/clk_out2
    SLICE_X159Y121       FDRE                                         r  datapath/Audio_Codec/initialize_audio/data_i_reg[1]/C

Slack:                    inf
  Source:                 reset_n
                            (input port)
  Destination:            datapath/Audio_Codec/initialize_audio/data_i_reg[6]/CE
                            (rising edge-triggered cell FDRE clocked by clk_out2_clk_wiz_1  {rise@0.000ns fall@10.000ns period=20.000ns})
  Path Group:             (none)
  Path Type:              Hold (Min at Fast Process Corner)
  Data Path Delay:        1.842ns  (logic 0.186ns (10.090%)  route 1.657ns (89.910%))
  Logic Levels:           1  (IBUF=1)
  Clock Path Skew:        0.908ns (DCD - SCD - CPR)
    Destination Clock Delay (DCD):    0.908ns
    Source Clock Delay      (SCD):    0.000ns
    Clock Pessimism Removal (CPR):    -0.000ns

    Location             Delay type                Incr(ns)  Path(ns)    Netlist Resource(s)
  -------------------------------------------------------------------    -------------------
    G4                                                0.000     0.000 r  reset_n (IN)
                         net (fo=0)                   0.000     0.000    reset_n
    G4                   IBUF (Prop_ibuf_I_O)         0.186     0.186 r  reset_n_IBUF_inst/O
                         net (fo=100, routed)         1.657     1.842    datapath/Audio_Codec/initialize_audio/reset_n_IBUF
    SLICE_X159Y121       FDRE                                         r  datapath/Audio_Codec/initialize_audio/data_i_reg[6]/CE
  -------------------------------------------------------------------    -------------------

                         (clock clk_out2_clk_wiz_1 rise edge)
                                                      0.000     0.000 r  
    BUFGCTRL_X0Y2        BUFG                         0.000     0.000 r  clk_IBUF_BUFG_inst/O
                         net (fo=513, routed)         0.879     0.879    datapath/Audio_Codec/audiocodec_master_clock/inst/clk_in1
    MMCME2_ADV_X0Y2      MMCME2_ADV (Prop_mmcme2_adv_CLKIN1_CLKOUT1)
                                                     -1.502    -0.624 r  datapath/Audio_Codec/audiocodec_master_clock/inst/mmcm_adv_inst/CLKOUT1
                         net (fo=1, routed)           0.595    -0.029    datapath/Audio_Codec/audiocodec_master_clock/inst/clk_out2_clk_wiz_1
    BUFGCTRL_X0Y3        BUFG (Prop_bufg_I_O)         0.029    -0.000 r  datapath/Audio_Codec/audiocodec_master_clock/inst/clkout2_buf/O
                         net (fo=115, routed)         0.908     0.908    datapath/Audio_Codec/initialize_audio/clk_out2
    SLICE_X159Y121       FDRE                                         r  datapath/Audio_Codec/initialize_audio/data_i_reg[6]/C

Slack:                    inf
  Source:                 reset_n
                            (input port)
  Destination:            datapath/Audio_Codec/initialize_audio/data_i_reg[7]/CE
                            (rising edge-triggered cell FDRE clocked by clk_out2_clk_wiz_1  {rise@0.000ns fall@10.000ns period=20.000ns})
  Path Group:             (none)
  Path Type:              Hold (Min at Fast Process Corner)
  Data Path Delay:        1.842ns  (logic 0.186ns (10.090%)  route 1.657ns (89.910%))
  Logic Levels:           1  (IBUF=1)
  Clock Path Skew:        0.908ns (DCD - SCD - CPR)
    Destination Clock Delay (DCD):    0.908ns
    Source Clock Delay      (SCD):    0.000ns
    Clock Pessimism Removal (CPR):    -0.000ns

    Location             Delay type                Incr(ns)  Path(ns)    Netlist Resource(s)
  -------------------------------------------------------------------    -------------------
    G4                                                0.000     0.000 r  reset_n (IN)
                         net (fo=0)                   0.000     0.000    reset_n
    G4                   IBUF (Prop_ibuf_I_O)         0.186     0.186 r  reset_n_IBUF_inst/O
                         net (fo=100, routed)         1.657     1.842    datapath/Audio_Codec/initialize_audio/reset_n_IBUF
    SLICE_X159Y121       FDRE                                         r  datapath/Audio_Codec/initialize_audio/data_i_reg[7]/CE
  -------------------------------------------------------------------    -------------------

                         (clock clk_out2_clk_wiz_1 rise edge)
                                                      0.000     0.000 r  
    BUFGCTRL_X0Y2        BUFG                         0.000     0.000 r  clk_IBUF_BUFG_inst/O
                         net (fo=513, routed)         0.879     0.879    datapath/Audio_Codec/audiocodec_master_clock/inst/clk_in1
    MMCME2_ADV_X0Y2      MMCME2_ADV (Prop_mmcme2_adv_CLKIN1_CLKOUT1)
                                                     -1.502    -0.624 r  datapath/Audio_Codec/audiocodec_master_clock/inst/mmcm_adv_inst/CLKOUT1
                         net (fo=1, routed)           0.595    -0.029    datapath/Audio_Codec/audiocodec_master_clock/inst/clk_out2_clk_wiz_1
    BUFGCTRL_X0Y3        BUFG (Prop_bufg_I_O)         0.029    -0.000 r  datapath/Audio_Codec/audiocodec_master_clock/inst/clkout2_buf/O
                         net (fo=115, routed)         0.908     0.908    datapath/Audio_Codec/initialize_audio/clk_out2
    SLICE_X159Y121       FDRE                                         r  datapath/Audio_Codec/initialize_audio/data_i_reg[7]/C

Slack:                    inf
  Source:                 reset_n
                            (input port)
  Destination:            datapath/Audio_Codec/initialize_audio/data_i_reg[0]/CE
                            (rising edge-triggered cell FDRE clocked by clk_out2_clk_wiz_1  {rise@0.000ns fall@10.000ns period=20.000ns})
  Path Group:             (none)
  Path Type:              Hold (Min at Fast Process Corner)
  Data Path Delay:        1.846ns  (logic 0.186ns (10.069%)  route 1.660ns (89.931%))
  Logic Levels:           1  (IBUF=1)
  Clock Path Skew:        0.910ns (DCD - SCD - CPR)
    Destination Clock Delay (DCD):    0.910ns
    Source Clock Delay      (SCD):    0.000ns
    Clock Pessimism Removal (CPR):    -0.000ns

    Location             Delay type                Incr(ns)  Path(ns)    Netlist Resource(s)
  -------------------------------------------------------------------    -------------------
    G4                                                0.000     0.000 r  reset_n (IN)
                         net (fo=0)                   0.000     0.000    reset_n
    G4                   IBUF (Prop_ibuf_I_O)         0.186     0.186 r  reset_n_IBUF_inst/O
                         net (fo=100, routed)         1.660     1.846    datapath/Audio_Codec/initialize_audio/reset_n_IBUF
    SLICE_X160Y120       FDRE                                         r  datapath/Audio_Codec/initialize_audio/data_i_reg[0]/CE
  -------------------------------------------------------------------    -------------------

                         (clock clk_out2_clk_wiz_1 rise edge)
                                                      0.000     0.000 r  
    BUFGCTRL_X0Y2        BUFG                         0.000     0.000 r  clk_IBUF_BUFG_inst/O
                         net (fo=513, routed)         0.879     0.879    datapath/Audio_Codec/audiocodec_master_clock/inst/clk_in1
    MMCME2_ADV_X0Y2      MMCME2_ADV (Prop_mmcme2_adv_CLKIN1_CLKOUT1)
                                                     -1.502    -0.624 r  datapath/Audio_Codec/audiocodec_master_clock/inst/mmcm_adv_inst/CLKOUT1
                         net (fo=1, routed)           0.595    -0.029    datapath/Audio_Codec/audiocodec_master_clock/inst/clk_out2_clk_wiz_1
    BUFGCTRL_X0Y3        BUFG (Prop_bufg_I_O)         0.029    -0.000 r  datapath/Audio_Codec/audiocodec_master_clock/inst/clkout2_buf/O
                         net (fo=115, routed)         0.910     0.910    datapath/Audio_Codec/initialize_audio/clk_out2
    SLICE_X160Y120       FDRE                                         r  datapath/Audio_Codec/initialize_audio/data_i_reg[0]/C

Slack:                    inf
  Source:                 reset_n
                            (input port)
  Destination:            datapath/Audio_Codec/initialize_audio/data_i_reg[4]/CE
                            (rising edge-triggered cell FDRE clocked by clk_out2_clk_wiz_1  {rise@0.000ns fall@10.000ns period=20.000ns})
  Path Group:             (none)
  Path Type:              Hold (Min at Fast Process Corner)
  Data Path Delay:        1.905ns  (logic 0.186ns (9.761%)  route 1.719ns (90.239%))
  Logic Levels:           1  (IBUF=1)
  Clock Path Skew:        0.909ns (DCD - SCD - CPR)
    Destination Clock Delay (DCD):    0.909ns
    Source Clock Delay      (SCD):    0.000ns
    Clock Pessimism Removal (CPR):    -0.000ns

    Location             Delay type                Incr(ns)  Path(ns)    Netlist Resource(s)
  -------------------------------------------------------------------    -------------------
    G4                                                0.000     0.000 r  reset_n (IN)
                         net (fo=0)                   0.000     0.000    reset_n
    G4                   IBUF (Prop_ibuf_I_O)         0.186     0.186 r  reset_n_IBUF_inst/O
                         net (fo=100, routed)         1.719     1.905    datapath/Audio_Codec/initialize_audio/reset_n_IBUF
    SLICE_X159Y120       FDRE                                         r  datapath/Audio_Codec/initialize_audio/data_i_reg[4]/CE
  -------------------------------------------------------------------    -------------------

                         (clock clk_out2_clk_wiz_1 rise edge)
                                                      0.000     0.000 r  
    BUFGCTRL_X0Y2        BUFG                         0.000     0.000 r  clk_IBUF_BUFG_inst/O
                         net (fo=513, routed)         0.879     0.879    datapath/Audio_Codec/audiocodec_master_clock/inst/clk_in1
    MMCME2_ADV_X0Y2      MMCME2_ADV (Prop_mmcme2_adv_CLKIN1_CLKOUT1)
                                                     -1.502    -0.624 r  datapath/Audio_Codec/audiocodec_master_clock/inst/mmcm_adv_inst/CLKOUT1
                         net (fo=1, routed)           0.595    -0.029    datapath/Audio_Codec/audiocodec_master_clock/inst/clk_out2_clk_wiz_1
    BUFGCTRL_X0Y3        BUFG (Prop_bufg_I_O)         0.029    -0.000 r  datapath/Audio_Codec/audiocodec_master_clock/inst/clkout2_buf/O
                         net (fo=115, routed)         0.909     0.909    datapath/Audio_Codec/initialize_audio/clk_out2
    SLICE_X159Y120       FDRE                                         r  datapath/Audio_Codec/initialize_audio/data_i_reg[4]/C





